us,Red,IR,Ratio,Ambient,drdt,ddrdt,Notes
1745434851181,73837,141846,0.5205
1745434851221,73774,141619,0.5209
1745434851229,73786,141675,0.5208
1745434851281,73864,141978,0.5202
1745434851315,74026,142587,0.5192
1745434851319,74341,143707,0.5173
1745434851377,74902,145619,0.5144
1745434851379,75766,148482,0.5103
1745434851444,76898,152154,0.5054
1745434851459,78156,156162,0.5005
1745434851495,79326,159832,0.4963
1745434851545,80196,162501,0.4935
1745434851546,80629,163754,0.4924
1745434851666,80622,163604,0.4928
1745434851692,80321,162526,0.4942
1745434851694,79980,161314,0.4958
1745434851694,79865,160777,0.4967
1745434851722,80141,161417,0.4965
1745434851724,80813,163233,0.4951
1745434851760,81722,165760,0.4930
1745434851848,82618,168273,0.4910
1745434851869,83261,170080,0.4895
1745434851882,83505,170765,0.4890
1745434851889,83349,170323,0.4894
1745434851935,82930,169134,0.4903
1745434851977,82463,167796,0.4914
1745434851979,82162,166893,0.4923
1745434852009,82166,166794,0.4926
1745434852042,82501,167557,0.4924
1745434852076,83085,168955,0.4918
1745434852109,83766,170591,0.4910
1745434852164,84378,172045,0.4904
1745434852194,84794,173004,0.4901
1745434852220,84958,173342,0.4901
1745434852267,84893,173123,0.4904
1745434852326,84680,172553,0.4907
1745434852326,84418,171879,0.4911
1745434852328,84192,171306,0.4915
1745434852364,84043,170930,0.4917
1745434852392,83969,170737,0.4918
1745434852426,83935,170646,0.4919
1745434852472,83905,170567,0.4919
1745434852475,83858,170452,0.4920
1745434852509,83798,170309,0.4920
1745434852570,83751,170199,0.4921
1745434852579,83754,170203,0.4921
1745434852680,83837,170388,0.4920
1745434852698,84009,170778,0.4919
1745434852703,84257,171336,0.4918
1745434852730,84539,171963,0.4916
1745434852730,84802,172531,0.4915
1745434852759,84999,172930,0.4915
1745434852799,85110,173104,0.4917
1745434852841,85141,173060,0.4920
1745434852874,85114,172852,0.4924
1745434852913,85062,172550,0.4930
1745434852989,85014,172233,0.4936
1745434852990,84997,171980,0.4942
1745434852992,85039,171876,0.4948
1745434853024,85169,171996,0.4952
1745434853055,85408,172400,0.4954
1745434853093,85763,173098,0.4955
1745434853166,86219,174040,0.4954
1745434853167,86732,175118,0.4953
1745434853168,87249,176200,0.4952
1745434853217,87727,177188,0.4951
1745434853238,88147,178047,0.4951
1745434853315,88518,178805,0.4951
1745434853372,88859,179515,0.4950
1745434853374,89183,180216,0.4949
1745434853375,89491,180906,0.4947
1745434853415,89770,181558,0.4944
1745434853420,90006,182132,0.4942
1745434853465,90188,182600,0.4939
1745434853484,90313,182947,0.4937
1745434853528,90382,183176,0.4934
1745434853720,90404,183302,0.4932
1745434853721,90390,183352,0.4930
1745434853721,90355,183353,0.4928
1745434853721,90315,183336,0.4926
1745434853722,90284,183325,0.4925
1745434853722,90270,183338,0.4924
1745434853766,90283,183390,0.4923
1745434853771,90324,183486,0.4923
1745434853829,90391,183625,0.4923
1745434853832,90476,183794,0.4923
1745434853900,90568,183982,0.4923
1745434853903,90662,184187,0.4922
1745434853913,90773,184441,0.4922
1745434853946,90935,184808,0.4921
1745434853991,91183,185357,0.4919
1745434854050,91538,186129,0.4918
1745434854064,91990,187103,0.4917
1745434854195,92497,188196,0.4915
1745434854208,93001,189287,0.4913
1745434854208,93442,190244,0.4912
1745434854209,93770,190961,0.4910
1745434854209,93960,191382,0.4910
1745434854243,94017,191513,0.4909
1745434854268,93967,191413,0.4909
1745434854293,93855,191176,0.4909
1745434854397,93725,190895,0.4910
1745434854398,93608,190641,0.4910
1745434854398,93523,190452,0.4911
1745434854427,93476,190342,0.4911
1745434854455,93465,190306,0.4911
1745434854486,93488,190334,0.4912
1745434854563,93536,190410,0.4912
1745434854564,93600,190511,0.4913
1745434854680,93666,190611,0.4914
1745434854692,93720,190689,0.4915
1745434854693,93755,190731,0.4916
1745434854693,93768,190737,0.4916
1745434854694,93762,190714,0.4916
1745434854723,93740,190666,0.4916
1745434854812,93698,190588,0.4916
1745434854812,93634,190469,0.4916
1745434854871,93549,190309,0.4916
1745434854871,93456,190126,0.4915
1745434854911,93373,189953,0.4916
1745434854946,93315,189821,0.4916
1745434854949,93290,189746,0.4917
1745434854979,93294,189729,0.4917
1745434855008,93318,189755,0.4918
1745434855170,93351,189805,0.4918
1745434855191,93382,189859,0.4918
1745434855191,93404,189900,0.4919
1745434855192,93411,189915,0.4919
1745434855193,93403,189904,0.4918
1745434855218,93381,189870,0.4918
1745434855258,93347,189825,0.4918
1745434855263,93307,189777,0.4917
1745434855297,93266,189736,0.4916
1745434855354,93225,189704,0.4914
1745434855355,93181,189667,0.4913
1745434855401,93127,189613,0.4911
1745434855413,93062,189539,0.4910
1745434855446,92997,189470,0.4908
1745434855489,92948,189446,0.4906
1745434855746,92931,189501,0.4904
1745434855754,92951,189642,0.4901
1745434855754,92998,189847,0.4899
1745434855755,93055,190073,0.4896
1745434855755,93102,190270,0.4893
1745434855755,93119,190395,0.4891
1745434855755,93092,190414,0.4889
1745434855755,93012,190312,0.4887
1745434855759,92877,190089,0.4886
1745434855793,92695,189762,0.4885
1745434855830,92482,189367,0.4884
1745434855878,92257,188950,0.4883
1745434855911,92047,188566,0.4881
1745434856078,91874,188263,0.4880
1745434856079,91754,188071,0.4879
1745434856079,91686,187984,0.4877
1745434856080,91651,187959,0.4876
1745434856080,91616,187930,0.4875
1745434856088,91545,187823,0.4874
1745434856142,91408,187584,0.4873
1745434856147,91195,187196,0.4872
1745434856181,90918,186682,0.4870
1745434856304,90603,186094,0.4869
1745434856317,90280,185489,0.4867
1745434856317,89971,184907,0.4866
1745434856318,89678,184352,0.4865
1745434856329,89386,183790,0.4863
1745434856365,89065,183168,0.4862
1745434856407,88692,182441,0.4861
1745434856426,88261,181598,0.4860
1745434856495,87792,180677,0.4859
1745434856496,87321,179752,0.4858
1745434856521,86895,178911,0.4857
1745434856558,86554,178232,0.4856
1745434856593,86322,177766,0.4856
1745434856625,86206,177521,0.4856
1745434856696,86188,177470,0.4857
1745434856773,86241,177557,0.4857
1745434856791,86329,177722,0.4858
1745434856796,86429,177919,0.4858
1745434856796,86526,178129,0.4857
1745434856820,86623,178361,0.4857
1745434856823,86736,178643,0.4855
1745434856855,86886,179010,0.4854
1745434856890,87088,179484,0.4852
1745434856924,87346,180056,0.4851
1745434857013,87645,180686,0.4851
1745434857037,87955,181308,0.4851
1745434857038,88242,181853,0.4852
1745434857078,88476,182270,0.4854
1745434857079,88642,182533,0.4856
1745434857109,88732,182632,0.4859
1745434857143,88739,182539,0.4861
1745434857170,88641,182192,0.4865
1745434857315,88409,181511,0.4871
1745434857324,88028,180459,0.4878
1745434857325,87520,179096,0.4887
1745434857326,86946,177591,0.4896
1745434857342,86396,176181,0.4904
1745434857378,85961,175100,0.4909
1745434857406,85704,174508,0.4911
1745434857430,85647,174448,0.4910
1745434857465,85764,174844,0.4905
1745434857526,85993,175522,0.4899
1745434857527,86254,176273,0.4893
1745434857555,86467,176891,0.4888
1745434857594,86564,177211,0.4885
1745434857626,86500,177121,0.4884
1745434857659,86253,176573,0.4885
1745434857794,85838,175599,0.4888
1745434857805,85302,174314,0.4894
1745434857805,84719,172893,0.4900
1745434857806,84166,171527,0.4907
1745434857806,83708,170374,0.4913
1745434857838,83383,169530,0.4918
1745434857867,83201,169022,0.4922
1745434857909,83145,168816,0.4925
1745434857949,83183,168837,0.4927
1745434858017,83277,168997,0.4928
1745434858039,83395,169219,0.4928
1745434858040,83514,169455,0.4928
1745434858040,83627,169691,0.4928
1745434858106,83739,169937,0.4928
1745434858144,83857,170217,0.4926
1745434858145,83992,170557,0.4925
1745434858277,84157,170991,0.4922
1745434858278,84375,171572,0.4918
1745434858278,84677,172371,0.4912
1745434858278,85094,173451,0.4906
1745434858310,85639,174829,0.4898
1745434858336,86291,176442,0.4891
1745434858372,86995,178148,0.4883
1745434858410,87673,179758,0.4877
1745434858436,88243,181086,0.4873
1745434858474,88632,181969,0.4871
1745434858507,88779,182279,0.4870
1745434858537,88638,181927,0.4872
1745434858597,88197,180892,0.4876
1745434858598,87492,179260,0.4881
1745434858630,86612,177233,0.4887
1745434858660,85679,175087,0.4894
1745434858694,84816,173100,0.4900
1745434858714,84115,171485,0.4905
1745434858734,83622,170352,0.4909
1745434858766,83333,169695,0.4911
1745434858834,83207,169411,0.4912
1745434858895,83177,169336,0.4912
1745434858898,83173,169307,0.4913
1745434858912,83154,169241,0.4913
1745434858951,83125,169179,0.4913
1745434858978,83128,169255,0.4911
1745434858983,83210,169607,0.4906
1745434859024,83394,170288,0.4897
1745434859059,83666,171239,0.4886
1745434859094,83985,172320,0.4874
1745434859175,84296,173363,0.4862
1745434859197,84546,174204,0.4853
1745434859217,84690,174723,0.4847
1745434859218,84705,174861,0.4844
1745434859259,84601,174650,0.4844
1745434859289,84416,174196,0.4846
1745434859299,84196,173633,0.4849
1745434859350,83972,173043,0.4853
1745434859358,83728,172387,0.4857
1745434859392,83401,171479,0.4864
1745434859430,82902,170059,0.4875
1745434859455,82167,167926,0.4893
1745434859494,81195,165050,0.4919
1745434859520,80042,161573,0.4954
1745434859558,78797,157698,0.4997
1745434859589,77537,153563,0.5049
1745434859626,76314,149193,0.5115
1745434859659,75150,144535,0.5199
1745434859704,74046,139518,0.5307
1745434859705,72980,134097,0.5442
1745434859740,71909,128260,0.5606
1745434859778,70786,122055,0.5800
1745434859810,69583,115615,0.6018
1745434859868,68310,109175,0.6257
1745434859917,67018,103034,0.6504
1745434859918,65786,97495,0.6748
1745434859928,64700,92803,0.6972
1745434859969,63844,89138,0.7162
1745434860009,63288,86618,0.7307
1745434860039,63079,85298,0.7395
1745434860192,63231,85167,0.7424
1745434860206,63724,86163,0.7396
1745434860207,64519,88220,0.7313
1745434860207,65578,91285,0.7184
1745434860209,66856,95271,0.7018
1745434860209,68289,99961,0.6832
1745434860257,69770,104945,0.6648
1745434860262,71156,109651,0.6489
1745434860323,72295,113454,0.6372
1745434860361,73052,115778,0.6310
1745434860395,73324,116190,0.6311
1745434860396,73059,114475,0.6382
1745434860429,72263,110711,0.6527
1745434860459,71005,105259,0.6746
1745434860490,69396,98681,0.7032
1745434860528,67572,91619,0.7375
1745434860551,65680,84704,0.7754
1745434860601,63870,78497,0.8137
1745434860609,62274,73405,0.8484
1745434860725,60969,69576,0.8763
1745434860726,59957,66858,0.8968
1745434860755,59171,64870,0.9121
1745434860764,58515,63173,0.9263
1745434860776,57906,61433,0.9426
1745434860804,57295,59493,0.9631
1745434860844,56669,57358,0.9880
1745434860873,56037,55116,1.0167
1745434860903,55416,52884,1.0479
1745434860927,54828,50768,1.0800
1745434860979,54291,48856,1.1113
1745434860980,53826,47230,1.1397
1745434861044,53456,45986,1.1625
1745434861074,53214,45254,1.1759
1745434861097,53149,45225,1.1752
1745434861125,53340,46153,1.1557
1745434861170,53891,48352,1.1146
1745434861189,54917,52141,1.0533
1745434861225,56507,57762,0.9783
1745434861255,58690,65280,0.8991
1745434861263,61416,74519,0.8242
1745434861294,64563,85062,0.7590
1745434861345,67963,96307,0.7057
1745434861421,71426,107557,0.6641
1745434861423,74762,118122,0.6329
1745434861428,77801,127425,0.6106
1745434861460,80423,135099,0.5953
1745434861488,82590,141063,0.5855
1745434861524,84357,145532,0.5796
1745434861556,85860,148943,0.5765
1745434861689,87265,151800,0.5749
1745434861690,88704,154525,0.5740
1745434861691,90250,157358,0.5735
1745434861691,91900,160345,0.5731
1745434861698,93592,163385,0.5728
1745434861729,95229,166298,0.5726
1745434861775,96710,168909,0.5726
1745434861806,97973,171124,0.5725
1745434861883,99030,172989,0.5725
1745434861921,99977,174699,0.5723
1745434861921,100964,176543,0.5719
1745434861926,102142,178801,0.5713
1745434861959,103604,181635,0.5704
1745434861987,105343,185018,0.5694
1745434862022,107253,188730,0.5683
1745434862175,109161,192431,0.5673
1745434862190,110892,195770,0.5664
1745434862191,112320,198498,0.5658
1745434862191,113400,200523,0.5655
1745434862192,114149,201893,0.5654
1745434862219,114608,202710,0.5654
1745434862255,114798,203049,0.5654
1745434862288,114730,202946,0.5653
1745434862298,114430,202463,0.5652
1745434862329,113984,201753,0.5650
1745434862359,113527,201060,0.5646
1745434862389,113198,200629,0.5642
1745434862444,113089,200617,0.5637
1745434862448,113233,201059,0.5632
1745434862506,113610,201907,0.5627
1745434862508,114185,203078,0.5623
1745434862571,114920,204499,0.5620
1745434862622,115785,206114,0.5618
1745434862643,116759,207879,0.5617
1745434862644,117823,209747,0.5617
1745434862709,118954,211662,0.5620
1745434862713,120121,213556,0.5625
1745434862746,121282,215366,0.5631
1745434862782,122399,217052,0.5639
1745434862794,123442,218608,0.5647
1745434862830,124382,220033,0.5653
1745434862880,125160,221272,0.5656
1745434862905,125681,222187,0.5657
1745434862959,125837,222594,0.5653
1745434862960,125567,222367,0.5647
1745434862993,124907,221533,0.5638
1745434863023,123995,220286,0.5629
1745434863073,123019,218911,0.5620
1745434863090,122156,217687,0.5612
1745434863123,121525,216807,0.5605
1745434863158,121188,216375,0.5601
1745434863187,121164,216424,0.5598
1745434863198,121446,216944,0.5598
1745434863260,122010,217885,0.5600
1745434863288,122811,219171,0.5603
1745434863316,123788,220702,0.5609
1745434863336,124857,222348,0.5615
1745434863406,125905,223949,0.5622
1745434863407,126803,225319,0.5628
1745434863459,127430,226287,0.5631
1745434863460,127712,226749,0.5632
1745434863507,127646,226707,0.5630
1745434863533,127305,226270,0.5626
1745434863570,126797,225600,0.5620
1745434863573,126227,224848,0.5614
1745434863639,125666,224106,0.5607
1745434863648,125145,223408,0.5602
1745434863681,124673,222757,0.5597
1745434863784,124246,222146,0.5593
1745434863785,123859,221572,0.5590
1745434863785,123507,221036,0.5588
1745434863798,123189,220545,0.5586
1745434863835,122903,220108,0.5584
1745434863878,122655,219734,0.5582
1745434863902,122448,219430,0.5580
1745434863950,122283,219196,0.5579
1745434863961,122153,219020,0.5577
1745434864030,122045,218878,0.5576
1745434864047,121944,218744,0.5575
1745434864094,121837,218595,0.5574
1745434864094,121718,218422,0.5573
1745434864130,121588,218230,0.5572
1745434864163,121455,218032,0.5570
1745434864178,121326,217848,0.5569
1745434864206,121210,217693,0.5568
1745434864240,121113,217576,0.5566
1745434864274,121034,217494,0.5565
1745434864330,120967,217437,0.5563
1745434864330,120906,217388,0.5562
1745434864381,120846,217341,0.5560
1745434864452,120791,217298,0.5559
1745434864466,120743,217266,0.5557
1745434864494,120705,217248,0.5556
1745434864494,120671,217240,0.5555
1745434864523,120639,217235,0.5553
1745434864582,120610,217238,0.5552
1745434864582,120587,217256,0.5550
1745434864630,120574,217292,0.5549
1745434864666,120571,217347,0.5547
1745434864676,120592,217430,0.5546
1745434864710,120679,217590,0.5546
1745434864744,120916,217936,0.5548
1745434864785,121433,218660,0.5553
1745434864920,122391,220026,0.5563
1745434864935,123932,222291,0.5575
1745434864936,126098,225577,0.5590
1745434864936,128772,229733,0.5605
1745434864937,131661,234302,0.5619
1745434864974,134343,238594,0.5631
1745434865008,136374,241865,0.5638
1745434865013,137406,243531,0.5642
1745434865095,137313,243390,0.5642
1745434865095,136277,241752,0.5637
1745434865148,134813,239474,0.5630
1745434865149,133738,237875,0.5622
1745434865178,134066,238529,0.5621
1745434865223,136806,242915,0.5632
1745434865266,142690,251929,0.5664
1745434865274,151968,265503,0.5724
1745434865308,164401,282551,0.5818
1745434865427,179420,301341,0.5954
1745434865428,196255,320056,0.6132
1745434865429,213979,337294,0.6344
1745434865429,231527,352309,0.6572
1745434865464,247823,364974,0.6790
1745434865511,261994,375598,0.6975
1745434865542,273593,384703,0.7112
1745434865564,282694,392854,0.7196
1745434865634,289779,400528,0.7235
1745434865665,295502,408022,0.7242
1745434865669,300436,415405,0.7232
1745434865678,304930,422531,0.7217
1745434865711,309118,429125,0.7203
1745434865741,313008,434942,0.7197
1745434865780,316587,439897,0.7197
1745434865803,319846,444071,0.7203
1745434865961,322769,447618,0.7211
1745434865973,325310,450649,0.7219
1745434865973,327391,453180,0.7224
1745434865974,328945,455166,0.7227
1745434865974,329940,456556,0.7227
1745434866005,330383,457335,0.7224
1745434866038,330281,457526,0.7219
1745434866048,329629,457172,0.7210
1745434866082,328428,456333,0.7197
1745434866124,326736,455104,0.7179
1745434866158,324695,453612,0.7158
1745434866194,322486,451983,0.7135
1745434866305,320243,450278,0.7112
1745434866306,318013,448477,0.7091
1745434866306,315756,446497,0.7072
1745434866348,313411,444252,0.7055
1745434866351,310933,441691,0.7040
1745434866363,308333,438832,0.7026
1745434866431,305678,435764,0.7015
1745434866478,303090,432656,0.7005
1745434866480,300736,429741,0.6998
1745434866498,298786,427271,0.6993
1745434866556,297370,425443,0.6990
1745434866556,296527,424334,0.6988
1745434866595,296190,423873,0.6988
1745434866622,296210,423876,0.6988
1745434866648,296414,424123,0.6989
1745434866681,296673,424444,0.6990
1745434866716,296928,424771,0.6990
1745434866856,297192,425119,0.6991
1745434866873,297503,425541,0.6991
1745434866874,297890,426068,0.6992
1745434866874,298337,426666,0.6992
1745434866875,298772,427225,0.6993
1745434866909,299078,427574,0.6995
1745434866997,299122,427528,0.6997
1745434867059,298807,426954,0.6999
1745434867065,298114,425831,0.7001
1745434867066,297120,424271,0.7003
1745434867094,295969,422486,0.7005
1745434867095,294813,420705,0.7008
1745434867127,293756,419084,0.7009
1745434867167,292815,417659,0.7011
1745434867173,291933,416353,0.7012
1745434867229,291018,415037,0.7012
1745434867268,290003,413605,0.7012
1745434867279,288874,412032,0.7011
1745434867328,287679,410370,0.7010
1745434867362,286491,408710,0.7010
1745434867408,285369,407128,0.7009
1745434867409,284333,405647,0.7009
1745434867464,283354,404231,0.7010
1745434867464,282366,402793,0.7010
1745434867515,281283,401221,0.7011
1745434867560,280022,399398,0.7011
1745434867560,278529,397238,0.7012
1745434867605,276789,394703,0.7013
1745434867634,274830,391825,0.7014
1745434867638,272723,388694,0.7016
1745434867704,270565,385456,0.7019
1745434867713,268486,382303,0.7023
1745434867814,266638,379466,0.7027
1745434867850,265192,377198,0.7031
1745434867851,264306,375732,0.7034
1745434867886,264087,375218,0.7038
1745434867887,264543,375663,0.7042
1745434867953,265563,376903,0.7046
1745434867957,266937,378638,0.7050
1745434867999,268419,380522,0.7054
1745434868006,269822,382277,0.7058
1745434868013,271093,383790,0.7064
1745434868106,272338,385135,0.7071
1745434868107,273772,386543,0.7083
1745434868158,275623,388312,0.7098
1745434868158,278007,390673,0.7116
1745434868336,280848,393659,0.7134
1745434868338,283872,397050,0.7150
1745434868339,286690,400433,0.7160
1745434868340,288922,403339,0.7163
1745434868341,290284,405378,0.7161
1745434868342,290627,406290,0.7153
1745434868381,289911,405951,0.7142
1745434868396,288190,404336,0.7127
1745434868455,285604,401535,0.7113
1745434868491,282395,397776,0.7099
1745434868511,278904,393438,0.7089
1745434868540,275509,388998,0.7083
1745434868611,272542,384907,0.7081
1745434868612,270178,381438,0.7083
1745434868613,268385,378590,0.7089
1745434868648,266947,376121,0.7097
1745434868681,265571,373690,0.7107
1745434868723,264010,371054,0.7115
1745434868760,262158,368172,0.7121
1745434868790,260055,365193,0.7121
1745434868862,257848,362337,0.7116
1745434868863,255699,359759,0.7108
1745434868962,253720,357479,0.7097
1745434868981,251916,355381,0.7089
1745434868983,250184,353276,0.7082
1745434868983,248350,350988,0.7076
1745434869005,246254,348429,0.7068
1745434869042,243859,345661,0.7055
1745434869048,241288,342899,0.7037
1745434869098,238780,340446,0.7014
1745434869147,236588,338610,0.6987
1745434869187,234987,337675,0.6959
1745434869188,234354,337956,0.6934
1745434869229,235178,339797,0.6921
1745434869257,237879,343430,0.6927
1745434869310,242504,348739,0.6954
1745434869311,248522,355106,0.6999
1745434869342,254889,361481,0.7051
1745434869390,260349,366674,0.7100
1745434869425,263826,369730,0.7136
1745434869425,264730,370234,0.7150
1745434869461,263086,368422,0.7141
1745434869488,259492,365074,0.7108
1745434869528,254924,361230,0.7057
1745434869563,250464,357852,0.6999
1745434869615,246983,355530,0.6947
1745434869679,244905,354357,0.6911
1745434869679,244132,354002,0.6896
1745434869680,244201,353951,0.6899
1745434869709,244567,353789,0.6913
1745434869741,244835,353351,0.6929
1745434869771,244823,352670,0.6942
1745434869932,244462,351814,0.6949
1745434869945,243699,350764,0.6948
1745434869946,242512,349447,0.6940
1745434869946,241005,347868,0.6928
1745434869946,239479,346208,0.6917
1745434869980,238352,344783,0.6913
1745434869995,237967,343884,0.6920
1745434870030,238420,343622,0.6938
1745434870065,239529,343902,0.6965
1745434870114,240934,344498,0.6994
1745434870115,242273,345183,0.7019
1745434870171,243311,345819,0.7036
1745434870221,244007,346396,0.7044
1745434870222,244509,347040,0.7046
1745434870267,245127,348014,0.7044
1745434870278,246276,349714,0.7042
1745434870331,248403,352626,0.7044
1745434870418,251862,357169,0.7052
1745434870437,256731,363442,0.7064
1745434870439,262666,371002,0.7080
1745434870439,268900,378847,0.7098
1745434870485,274432,385676,0.7116
1745434870500,278363,390322,0.7132
1745434870549,280208,392165,0.7145
1745434870567,280072,391376,0.7156
1745434870578,278627,388875,0.7165
1745434870637,276899,386045,0.7173
1745434870679,275944,384294,0.7181
1745434870725,276535,384660,0.7189
1745434870726,278979,387575,0.7198
1745434870798,283088,392823,0.7206
1745434870799,288293,399676,0.7213
1745434870812,293829,407119,0.7217
1745434870845,298927,414116,0.7218
1745434870878,302986,419838,0.7217
1745434870900,305665,423809,0.7212
1745434870934,306919,425943,0.7206
1745434870978,306998,426522,0.7198
1745434871006,306426,426139,0.7191
1745434871053,305923,425610,0.7188
1745434871058,306252,425815,0.7192
1745434871094,307963,427453,0.7205
1745434871130,311157,430780,0.7223
1745434871154,315432,435503,0.7243
1745434871178,320073,440909,0.7259
1745434871213,324382,446167,0.7270
1745434871252,327929,450617,0.7277
1745434871295,330576,453899,0.7283
1745434871300,332339,455926,0.7289
1745434871472,333251,456787,0.7296
1745434871482,333347,456681,0.7299
1745434871483,332726,455883,0.7298
1745434871483,331592,454710,0.7292
1745434871484,330215,453452,0.7282
1745434871508,328835,452315,0.7270
1745434871541,327608,451394,0.7258
1745434871568,326599,450697,0.7247
1745434871598,325800,450179,0.7237
1745434871616,325158,449774,0.7229
1745434871649,324606,449414,0.7223
1745434871684,324108,449071,0.7217
1745434871733,323710,448782,0.7213
1745434871748,323541,448665,0.7211
1745434871778,323772,448898,0.7213
1745434871932,324545,449659,0.7218
1745434871973,325932,451067,0.7226
1745434871973,327940,453132,0.7237
1745434871974,330541,455769,0.7252
1745434871975,333678,458834,0.7272
1745434871975,337241,462158,0.7297
1745434872007,341041,465546,0.7326
1745434872034,344802,468775,0.7355
1745434872048,348178,471603,0.7383
1745434872093,350802,473806,0.7404
1745434872135,352364,475228,0.7415
1745434872163,352713,475826,0.7413
1745434872184,351941,475696,0.7398
1745434872237,350374,475054,0.7375
1745434872243,348474,474173,0.7349
1745434872274,346695,473312,0.7325
1745434872345,345370,472655,0.7307
1745434872462,344682,472298,0.7298
1745434872475,344679,472264,0.7298
1745434872476,345303,472518,0.7308
1745434872477,346408,472984,0.7324
1745434872478,347775,473560,0.7344
1745434872506,349137,474130,0.7364
1745434872542,350241,474589,0.7380
1745434872598,350919,474871,0.7390
1745434872599,351133,474963,0.7393
1745434872681,350971,474902,0.7390
1745434872682,350570,474746,0.7384
1745434872682,350036,474537,0.7376
1745434872750,349413,474293,0.7367
1745434872762,348746,474032,0.7357
1745434872768,348150,473802,0.7348
1745434872830,347839,473705,0.7343
1745434872972,348065,473877,0.7345
1745434872990,348998,474440,0.7356
1745434872990,350619,475436,0.7375
1745434872990,352685,476780,0.7397
1745434872991,354813,478275,0.7419
1745434872993,356630,479689,0.7435
1745434873023,357910,480834,0.7444
1745434873060,358622,481618,0.7446
1745434873087,358873,482045,0.7445
1745434873115,358799,482170,0.7441
1745434873179,358461,482046,0.7436
1745434873180,357810,481686,0.7428
1745434873247,356711,481056,0.7415
1745434873294,355043,480112,0.7395
1745434873294,352803,478859,0.7368
1745434873349,350167,477388,0.7335
1745434873351,347442,475861,0.7301
1745434873468,344917,474422,0.7270
1745434873469,342679,473070,0.7244
1745434873471,340511,471590,0.7220
1745434873471,337975,469609,0.7197
1745434873511,334686,466812,0.7170
1745434873532,330630,463217,0.7138
1745434873556,326364,459330,0.7105
1745434873612,322937,456050,0.7081
1745434873683,321521,454342,0.7077
1745434873684,322921,454837,0.7100
1745434873685,327200,457581,0.7151
1745434873732,333617,462035,0.7221
1745434873754,340889,467292,0.7295
1745434873800,347659,472396,0.7359
1745434873804,352947,476628,0.7405
1745434873963,356427,479678,0.7431
1745434873967,358494,481688,0.7442
1745434873968,360171,483180,0.7454
1745434873968,362923,484916,0.7484
1745434873969,368356,487677,0.7553
1745434874011,377768,492001,0.7678
1745434874033,391615,497952,0.7865
1745434874099,409142,505047,0.8101
1745434874099,428430,512419,0.8361
1745434874147,446988,519118,0.8611
1745434874148,462658,524412,0.8822
1745434874182,474371,527956,0.8985
1745434874222,482387,529804,0.9105
1745434874261,487944,530299,0.9201
1745434874295,492572,529916,0.9295
1745434874298,497358,529115,0.9400
1745434874350,502474,528250,0.9512
1745434874384,507096,527534,0.9613
1745434874406,509656,527043,0.9670
1745434874439,508296,526712,0.9650
1745434874463,501366,526270,0.9527
1745434874498,487812,525085,0.9290
1745434874548,467375,522005,0.8953
1745434874571,440593,515387,0.8549
1745434874606,408760,503523,0.8118
1745434874613,373836,485363,0.7702
1745434874643,338237,461124,0.7335
1745434874710,304414,432396,0.7040
1745434874740,274334,401697,0.6829
1745434874748,249064,371736,0.6700
1745434874805,228614,344703,0.6632
1745434874826,212081,321797,0.6591
1745434874852,198064,303092,0.6535
1745434874872,185193,287772,0.6435
1745434874913,172588,274643,0.6284
1745434874936,160094,262744,0.6093
1745434875049,148219,251773,0.5887
1745434875066,137858,242164,0.5693
1745434875078,129922,234812,0.5533
1745434875078,125025,230638,0.5421
1745434875111,123345,230255,0.5357
1745434875140,124684,233856,0.5332
1745434875174,128631,241284,0.5331
1745434875183,134684,252087,0.5343
1745434875306,142277,265496,0.5359
1745434875307,150733,280377,0.5376
1745434875307,159254,295282,0.5393
1745434875347,167029,308690,0.5411
1745434875350,173440,319365,0.5431
1745434875363,178231,326667,0.5456
1745434875393,181525,330670,0.5490
1745434875459,183673,332025,0.5532
1745434875465,185031,331664,0.5579
1745434875504,185829,330512,0.5622
1745434875563,186230,329336,0.5655
1745434875564,186474,328727,0.5673
1745434875589,186942,329105,0.5680
1745434875630,188023,330661,0.5686
1745434875656,189920,333303,0.5698
1745434875689,192554,336700,0.5719
1745434875784,195677,340430,0.5748
1745434875791,199081,344154,0.5785
1745434875812,202743,347682,0.5831
1745434875813,206756,350920,0.5892
1745434875843,211096,353761,0.5967
1745434875877,215418,356014,0.6051
1745434875915,219057,357422,0.6129
1745434875991,221268,357747,0.6185
1745434875992,221496,356832,0.6207
1745434875993,219523,354601,0.6191
1745434876032,215445,351020,0.6138
1745434876068,209595,346106,0.6056
1745434876117,202481,339995,0.5955
1745434876173,194765,333039,0.5848
1745434876174,187205,325817,0.5746
1745434876214,180530,319028,0.5659
1745434876244,175280,313289,0.5595
1745434876266,171671,308960,0.5556
1745434876289,169572,306058,0.5541
1745434876324,168599,304319,0.5540
1745434876348,168274,303337,0.5547
1745434876397,168181,302722,0.5556
1745434876398,168053,302204,0.5561
1745434876436,167786,301667,0.5562
1745434876483,167425,301137,0.5560
1745434876492,167121,300748,0.5557
1745434876533,167078,300685,0.5557
1745434876632,167474,301102,0.5562
1745434876633,168400,302061,0.5575
1745434876633,169827,303502,0.5596
1745434876723,171628,305280,0.5622
1745434876725,173624,307211,0.5652
1745434876726,175625,309113,0.5682
1745434876761,177456,310823,0.5709
1745434876778,178966,312207,0.5732
1745434876803,180044,313176,0.5749
1745434876841,180655,313705,0.5759
1745434876864,180853,313852,0.5762
1745434876916,180773,313744,0.5762
1745434876940,180592,313540,0.5760
1745434876980,180470,313385,0.5759
1745434877002,180510,313373,0.5760
1745434877046,180741,313531,0.5765
1745434877071,181134,313830,0.5772
1745434877109,181628,314220,0.5780
1745434877140,182179,314659,0.5790
1745434877176,182782,315151,0.5800
1745434877197,183487,315753,0.5811
1745434877219,184396,316565,0.5825
1745434877259,185636,317698,0.5843
1745434877283,187315,319240,0.5868
1745434877348,189480,321234,0.5899
1745434877349,192078,323665,0.5934
1745434877400,194936,326434,0.5972
1745434877416,197779,329341,0.6005
1745434877456,200290,332110,0.6031
1745434877463,202193,334456,0.6045
1745434877494,203326,336164,0.6048
1745434877539,203662,337136,0.6041
1745434877589,203254,337370,0.6025
1745434877603,202152,336895,0.6000
1745434877639,200356,335718,0.5968
1745434877663,197850,333842,0.5926
1745434877688,194690,331331,0.5876
1745434877727,191070,328356,0.5819
1745434877748,187295,325177,0.5760
1745434877778,183694,322064,0.5704
1745434877819,180539,319238,0.5655
1745434877867,178012,316852,0.5618
1745434877883,176226,315023,0.5594
1745434877915,175232,313834,0.5584
1745434877928,174997,313303,0.5586
1745434878112,175369,313327,0.5597
1745434878121,176101,313685,0.5614
1745434878122,176929,314109,0.5633
1745434878123,177670,314377,0.5651
1745434878123,178244,314362,0.5670
1745434878141,178650,314021,0.5689
1745434878174,178924,313367,0.5710
1745434878183,179164,312479,0.5734
1745434878228,179603,311515,0.5765
1745434878259,180651,310713,0.5814
1745434878314,182814,310345,0.5891
1745434878315,186476,310636,0.6003
1745434878336,191667,311666,0.6150
1745434878376,197959,313306,0.6318
1745434878411,204599,315249,0.6490
1745434878442,210789,317129,0.6647
1745434878483,215952,318648,0.6777
1745434878586,219865,319667,0.6878
1745434878594,222644,320244,0.6952
1745434878595,224594,320567,0.7006
1745434878595,225956,320772,0.7044
1745434878622,226698,320740,0.7068
1745434878660,226490,320070,0.7076
1745434878689,224902,318270,0.7066
1745434878734,221707,315069,0.7037
1745434878799,217104,310630,0.6989
1745434878802,211748,305566,0.6930
1745434878823,206582,300748,0.6869
1745434878861,202532,297010,0.6819
1745434878891,200195,294864,0.6789
1745434878948,199675,294369,0.6783
1745434878949,200637,295221,0.6796
1745434878971,202522,296970,0.6820
1745434879031,204760,299219,0.6843
1745434879060,206861,301670,0.6857
1745434879080,208358,304055,0.6853
1745434879083,208726,306052,0.6820
1745434879127,207373,307272,0.6749
1745434879163,203771,307274,0.6632
1745434879188,197655,305614,0.6467
1745434879226,189178,301930,0.6266
1745434879266,178948,296099,0.6044
1745434879297,167974,288440,0.5824
1745434879323,157515,279826,0.5629
1745434879360,148850,271560,0.5481
1745434879392,142950,264968,0.5395
1745434879398,140158,260878,0.5373
1745434879451,140065,259303,0.5402
1745434879580,141683,259526,0.5459
1745434879581,143861,260531,0.5522
1745434879581,145716,261507,0.5572
1745434879582,146896,262147,0.5604
1745434879600,147583,262659,0.5619
1745434879638,148320,263528,0.5628
1745434879676,149784,265226,0.5647
1745434879683,152619,268023,0.5694
1745434879713,157295,271942,0.5784
1745434879743,163959,276796,0.5923
1745434879772,172271,282214,0.6104
1745434879808,181323,287632,0.6304
1745434879859,189708,292278,0.6491
1745434879914,195726,295172,0.6631
1745434879915,197727,295153,0.6699
1745434879968,194539,291050,0.6684
1745434879982,185885,282075,0.6590
1745434880007,172619,268362,0.6432
1745434880034,156596,251256,0.6233
1745434880058,140138,232995,0.6015
1745434880088,125294,215838,0.5805
1745434880121,113274,201237,0.5629
1745434880147,104352,189609,0.5504
1745434880190,98207,180782,0.5432
1745434880233,94391,174630,0.5405
1745434880298,92620,171387,0.5404
1745434880299,92792,171513,0.5410
1745434880337,94862,175349,0.5410
1745434880342,98717,182821,0.5400
1745434880382,104100,193356,0.5384
1745434880434,110609,205995,0.5370
1745434880604,117713,219556,0.5361
1745434880605,124743,232742,0.5360
1745434880606,130903,244179,0.5361
1745434880607,135359,252540,0.5360
1745434880607,137444,256835,0.5351
1745434880608,136897,256734,0.5332
1745434880658,133965,252720,0.5301
1745434880659,129320,245921,0.5259
1745434880720,123834,237723,0.5209
1745434880721,118337,229391,0.5159
1745434880777,113464,221854,0.5114
1745434880778,109600,215662,0.5082
1745434880812,106891,211047,0.5065
1745434880864,105294,208010,0.5062
1745434880964,104646,206418,0.5070
1745434880976,104764,206116,0.5083
1745434880977,105523,207017,0.5097
1745434880978,106871,209102,0.5111
1745434881009,108766,212299,0.5123
1745434881037,111089,216359,0.5134
1745434881077,113636,220851,0.5145
1745434881092,116191,225304,0.5157
1745434881148,118635,229400,0.5172
1745434881182,120990,233066,0.5191
1745434881197,123373,236432,0.5218
1745434881222,125908,239709,0.5253
1745434881256,128655,243084,0.5293
1745434881291,131600,246691,0.5335
1745434881331,134703,250625,0.5375
1745434881500,137956,254963,0.5411
1745434881511,141405,259774,0.5443
1745434881512,145136,265096,0.5475
1745434881512,149212,270892,0.5508
1745434881513,153622,277030,0.5545
1745434881514,158244,283283,0.5586
1745434881546,162860,289344,0.5629
1745434881568,167194,294877,0.5670
1745434881614,170978,299575,0.5707
1745434881632,174017,303225,0.5739
1745434881716,176231,305761,0.5764
1745434881717,177663,307264,0.5782
1745434881726,178445,307931,0.5795
1745434881763,178748,308001,0.5803
1745434881789,178723,307689,0.5809
1745434881815,178460,307138,0.5810
1745434881973,177987,306416,0.5809
1745434881974,177283,305524,0.5803
1745434881975,176303,304423,0.5791
1745434881976,175012,303059,0.5775
1745434881976,173420,301410,0.5754
1745434882014,171603,299515,0.5729
1745434882029,169693,297485,0.5704
1745434882081,167844,295463,0.5681
1745434882111,166165,293556,0.5660
1745434882164,164649,291752,0.5643
1745434882166,163167,289892,0.5629
1745434882203,161543,287773,0.5614
1745434882245,159740,285364,0.5598
1745434882247,158016,283012,0.5583
1745434882280,156937,281462,0.5576
1745434882307,157181,281607,0.5582
1745434882461,159243,284098,0.5605
1745434882470,163195,289031,0.5646
1745434882472,168604,295850,0.5699
1745434882473,174625,303472,0.5754
1745434882474,180215,310575,0.5803
1745434882511,184417,315973,0.5836
1745434882538,186647,318960,0.5852
1745434882575,186890,319532,0.5849
1745434882632,185721,318375,0.5833
1745434882633,184125,316602,0.5816
1745434882724,183156,315345,0.5808
1745434882725,183549,315369,0.5820
1745434882727,185444,316841,0.5853
1745434882760,188349,319351,0.5898
1745434882792,191387,322145,0.5941
1745434882826,193695,324477,0.5969
1745434882934,194801,325917,0.5977
1745434882947,194790,326489,0.5966
1745434882948,194206,326608,0.5946
1745434882948,193774,326856,0.5928
1745434882970,194078,327701,0.5922
1745434883012,195324,329290,0.5932
1745434883045,197276,331380,0.5953
1745434883072,199356,333432,0.5979
1745434883102,200866,334819,0.5999
1745434883132,201236,335043,0.6006
1745434883150,200191,333868,0.5996
1745434883201,197803,331373,0.5969
1745434883241,194486,327955,0.5930
1745434883268,191006,324335,0.5889
1745434883304,188532,321559,0.5863
1745434883312,188595,320930,0.5876
1745434883344,192758,323783,0.5953
1745434883373,202018,331091,0.6102
1745434883413,216211,343005,0.6303
1745434883435,233804,358535,0.6521
1745434883496,252223,375608,0.6715
1745434883497,268592,391553,0.6860
1745434883530,280547,403801,0.6948
1745434883578,286780,410531,0.6986
1745434883607,287187,411022,0.6987
1745434883647,282635,405658,0.6967
1745434883664,274549,395666,0.6939
1745434883694,264489,382752,0.6910
1745434883772,253869,368753,0.6885
1745434883783,243834,355356,0.6862
1745434883783,235218,343900,0.6840
1745434883833,228524,335223,0.6817
1745434883853,223871,329564,0.6793
1745434883896,220970,326582,0.6766
1745434883921,219198,325491,0.6734
1745434883956,217776,325318,0.6694
1745434883979,215982,325165,0.6642
1745434884030,213323,324418,0.6576
1745434884033,209640,322838,0.6494
1745434884090,205151,320574,0.6399
1745434884092,200417,318083,0.6301
1745434884131,196231,315988,0.6210
1745434884161,193389,314881,0.6142
1745434884195,192432,315118,0.6107
1745434884227,193438,316703,0.6108
1745434884258,196019,319313,0.6139
1745434884296,199518,322448,0.6188
1745434884323,203265,325605,0.6243
1745434884367,206727,328398,0.6295
1745434884377,209501,330567,0.6338
1745434884411,211242,331939,0.6364
1745434884442,211659,332400,0.6368
1745434884496,210599,331908,0.6345
1745434884499,208149,330537,0.6297
1745434884528,204657,328495,0.6230
1745434884575,200649,326095,0.6153
1745434884740,196686,323680,0.6077
1745434884759,193226,321547,0.6009
1745434884759,190538,319886,0.5956
1745434884760,188690,318754,0.5920
1745434884761,187583,318096,0.5897
1745434884778,187020,317787,0.5885
1745434884783,186790,317693,0.5880
1745434884812,186734,317730,0.5877
1745434884864,186777,317876,0.5876
1745434884901,186914,318148,0.5875
1745434884915,187153,318559,0.5875
1745434885037,187479,319082,0.5876
1745434885038,187835,319649,0.5876
1745434885039,188153,320176,0.5877
1745434885039,188376,320597,0.5876
1745434885075,188488,320882,0.5874
1745434885243,188495,321032,0.5872
1745434885251,188412,321063,0.5868
1745434885253,188238,320986,0.5864
1745434885253,187959,320802,0.5859
1745434885254,187561,320512,0.5852
1745434885254,187046,320124,0.5843
1745434885295,186446,319666,0.5833
1745434885313,185808,319172,0.5822
1745434885352,185176,318674,0.5811
1745434885400,184579,318193,0.5801
1745434885445,184033,317742,0.5792
1745434885447,183535,317323,0.5784
1745434885474,183067,316925,0.5776
1745434885517,182600,316526,0.5769
1745434885541,182106,316102,0.5761
1745434885578,181571,315637,0.5753
1745434885600,180999,315130,0.5744
1745434885724,180406,314590,0.5735
1745434885740,179808,314026,0.5726
1745434885741,179220,313456,0.5718
1745434885742,178665,312908,0.5710
1745434885777,178171,312424,0.5703
1745434885806,177761,312039,0.5697
1745434885838,177440,311766,0.5691
1745434885863,177192,311587,0.5687
1745434885882,176987,311468,0.5682
1745434885908,176799,311372,0.5678
1745434885970,176613,311274,0.5674
1745434885974,176425,311165,0.5670
1745434886017,176237,311044,0.5666
1745434886028,176052,310914,0.5662
1745434886070,175868,310775,0.5659
1745434886248,175689,310632,0.5656
1745434886259,175523,310495,0.5653
1745434886260,175383,310380,0.5651
1745434886260,175282,310303,0.5649
1745434886261,175221,310268,0.5647
1745434886277,175188,310266,0.5646
1745434886282,175164,310274,0.5645
1745434886312,175135,310273,0.5645
1745434886365,175095,310258,0.5644
1745434886400,175048,310233,0.5642
1745434886450,174997,310203,0.5641
1745434886450,174942,310172,0.5640
1745434886470,174874,310132,0.5639
1745434886515,174783,310073,0.5637
1745434886538,174658,309976,0.5635
1745434886581,174486,309821,0.5632
1745434886722,174258,309585,0.5629
1745434886722,173973,309257,0.5626
1745434886723,173648,308845,0.5622
1745434886724,173315,308388,0.5620
1745434886725,173017,307945,0.5618
1745434886799,172795,307583,0.5618
1745434886813,172673,307356,0.5618
1745434886828,172656,307288,0.5619
1745434886845,172727,307367,0.5620
1745434886883,172862,307563,0.5620
1745434886912,173049,307845,0.5621
1745434886942,173303,308214,0.5623
1745434886995,173665,308703,0.5626
1745434887042,174176,309348,0.5630
1745434887043,174837,310148,0.5637
1745434887075,175601,311050,0.5645
1745434887106,176388,311965,0.5654
1745434887166,177114,312803,0.5662
1745434887197,177718,313502,0.5669
1745434887274,178172,314033,0.5674
1745434887288,178483,314408,0.5677
1745434887289,178682,314664,0.5679
1745434887291,178813,314842,0.5679
1745434887329,178906,314977,0.5680
1745434887353,178978,315087,0.5680
1745434887411,179031,315178,0.5680
1745434887445,179061,315248,0.5680
1745434887473,179055,315288,0.5679
1745434887544,178999,315282,0.5677
1745434887545,178879,315211,0.5675
1745434887546,178692,315065,0.5672
1745434887575,178441,314846,0.5668
1745434887599,178138,314567,0.5663
1745434887633,177800,314246,0.5658
1745434887695,177450,313908,0.5653
1745434887710,177117,313587,0.5648
1745434887883,176832,313319,0.5644
1745434887911,176617,313132,0.5640
1745434887912,176482,313038,0.5638
1745434887912,176419,313032,0.5636
1745434887913,176412,313094,0.5634
1745434887914,176442,313195,0.5634
1745434887914,176491,313312,0.5633
1745434887943,176548,313422,0.5633
1745434888011,176604,313517,0.5633
1745434888012,176655,313589,0.5633
1745434888046,176690,313630,0.5634
1745434888081,176701,313634,0.5634
1745434888104,176686,313600,0.5634
1745434888144,176662,313542,0.5634
1745434888174,176663,313484,0.5635
1745434888218,176752,313463,0.5639
1745434888228,177033,313542,0.5646
1745434888263,177671,313822,0.5662
1745434888282,178939,314459,0.5690
1745434888321,181268,315689,0.5742
1745434888367,185240,317845,0.5828
1745434888385,191434,321342,0.5957
1745434888420,200212,326634,0.6130
1745434888465,211668,334230,0.6333
1745434888481,226006,344812,0.6554
1745434888503,244197,359329,0.6796
1745434888549,268205,378708,0.7082
1745434888571,300052,403136,0.7443
1745434888610,340130,431405,0.7884
1745434888644,386082,460906,0.8377
1745434888671,433172,488377,0.8870
1745434888700,475886,510944,0.9314
1745434888748,509768,526937,0.9674
1745434888811,532616,536156,0.9934
1745434888843,544680,539632,1.0094
1745434888844,548058,539083,1.0166
1745434888982,545730,536343,1.0175
1745434888984,540634,532940,1.0144
1745434888987,535057,529889,1.0098
1745434888988,530405,527679,1.0052
1745434888990,527256,526357,1.0017
1745434889014,525580,525545,1.0001
1745434889066,524918,524275,1.0012
1745434889067,524346,520786,1.0068
1745434889126,522237,512668,1.0187
1745434889132,516214,497573,1.0375
1745434889178,503670,474237,1.0621
1745434889219,482807,443227,1.0893
1745434889376,453569,406981,1.1145
1745434889394,417877,369099,1.1322
1745434889395,379071,333281,1.1374
1745434889396,340891,302370,1.1274
1745434889396,306502,277846,1.1031
1745434889396,277850,259795,1.0695
1745434889422,255477,247242,1.0333
1745434889433,238737,238650,1.0004
1745434889490,226277,232420,0.9736
1745434889533,216590,227271,0.9530
1745434889563,208455,222427,0.9372
1745434889588,201157,217617,0.9244
1745434889605,194466,212941,0.9132
1745434889648,188464,208672,0.9032
1745434889671,183333,205080,0.8940
1745434889718,179206,202323,0.8857
1745434889725,176092,200401,0.8787
1745434889764,173884,199183,0.8730
1745434889866,172387,198459,0.8686
1745434889881,171373,197998,0.8655
1745434889882,170617,197605,0.8634
1745434889884,169943,197160,0.8620
1745434889912,169247,196632,0.8607
1745434889944,168493,196057,0.8594
1745434889974,167684,195493,0.8578
1745434890029,166824,194976,0.8556
1745434890032,165896,194503,0.8529
1745434890080,164891,194052,0.8497
1745434890100,163852,193629,0.8462
1745434890125,162915,193316,0.8427
1745434890161,162299,193263,0.8398
1745434890197,162232,193629,0.8378
1745434890228,162830,194491,0.8372
1745434890359,164008,195759,0.8378
1745434890360,165457,197165,0.8392
1745434890361,166712,198322,0.8406
1745434890361,167276,198831,0.8413
1745434890386,166780,198408,0.8406
1745434890426,165114,196986,0.8382
1745434890452,162501,194757,0.8344
1745434890493,159466,192144,0.8299
1745434890525,156684,189681,0.8260
1745434890527,154749,187839,0.8238
1745434890582,153958,186867,0.8239
1745434890602,154211,186709,0.8259
1745434890650,155078,187048,0.8291
1745434890671,156006,187460,0.8322
1745434890714,156562,187606,0.8345
1745434890875,156587,187368,0.8357
1745434890885,156197,186857,0.8359
1745434890887,155640,186294,0.8355
1745434890888,155117,185848,0.8346
1745434890889,154667,185533,0.8336
1745434890889,154181,185222,0.8324
1745434890910,153517,184747,0.8310
1745434890948,152615,184016,0.8294
1745434890988,151534,183047,0.8278
1745434891022,150387,181913,0.8267
1745434891063,149204,180626,0.8260
1745434891068,147845,179046,0.8257
1745434891097,146023,176910,0.8254
1745434891128,143443,173955,0.8246
1745434891184,139974,170074,0.8230
1745434891224,135736,165403,0.8206
1745434891225,131080,160304,0.8177
1745434891275,126470,155253,0.8146
1745434891301,122341,150696,0.8118
1745434891331,118982,146938,0.8097
1745434891376,116495,144089,0.8085
1745434891382,114824,142097,0.8081
1745434891429,113827,140822,0.8083
1745434891462,113363,140121,0.8090
1745434891494,113337,139898,0.8101
1745434891521,113699,140101,0.8115
1745434891532,114409,140688,0.8132
1745434891567,115395,141584,0.8150
1745434891612,116530,142663,0.8168
1745434891641,117656,143763,0.8184
1745434891677,118616,144730,0.8196
1745434891752,119298,145442,0.8202
1745434891765,119651,145840,0.8204
1745434891766,119687,145920,0.8202
1745434891793,119467,145730,0.8198
1745434891821,119091,145361,0.8193
1745434891864,118678,144930,0.8189
1745434891879,118359,144571,0.8187
1745434891940,118257,144420,0.8188
1745434891950,118482,144604,0.8194
1745434891989,119122,145229,0.8202
1745434891997,120218,146355,0.8214
1745434892060,121742,147971,0.8227
1745434892095,123575,149968,0.8240
1745434892233,125522,152138,0.8251
1745434892251,127350,154214,0.8258
1745434892252,128844,155929,0.8263
1745434892253,129859,157080,0.8267
1745434892254,130342,157571,0.8272
1745434892274,130326,157424,0.8279
1745434892282,129908,156763,0.8287
1745434892312,129219,155771,0.8295
1745434892342,128396,154648,0.8302
1745434892399,127568,153579,0.8306
1745434892448,126862,152722,0.8307
1745434892479,126400,152205,0.8305
1745434892479,126284,152116,0.8302
1745434892508,126576,152493,0.8300
1745434892542,127276,153318,0.8301
1745434892579,128325,154522,0.8305
1745434892612,129608,156002,0.8308
1745434892658,130953,157605,0.8309
1745434892688,132115,159110,0.8303
1745434892689,132817,160236,0.8289
1745434892725,132839,160716,0.8265
1745434892748,132115,160413,0.8236
1745434892794,130780,159385,0.8205
1745434892850,129099,157857,0.8178
1745434892880,127366,156127,0.8158
1745434892884,125803,154468,0.8144
1745434892912,124538,153078,0.8136
1745434892950,123628,152082,0.8129
1745434892987,123116,151567,0.8123
1745434893033,123073,151616,0.8117
1745434893036,123621,152334,0.8115
1745434893129,124950,153869,0.8121
1745434893142,127352,156442,0.8141
1745434893143,131268,160371,0.8185
1745434893176,137318,166087,0.8268
1745434893204,146314,174106,0.8404
1745434893249,159284,185025,0.8609
1745434893269,177593,199610,0.8897
1745434893310,202998,218984,0.9270
1745434893317,237243,244679,0.9696
1745434893347,280965,278131,1.0102
1745434893409,332501,319557,1.0405
1745434893410,387600,366963,1.0562
1745434893442,440391,416109,1.0584
1745434893477,484838,461425,1.0507
1745434893515,515357,496794,1.0374
1745434893647,526383,515538,1.0210
1745434893655,512463,510681,1.0035
1745434893656,470333,477065,0.9859
1745434893657,401911,414685,0.9692
1745434893662,315508,330528,0.9546
1745434893694,223922,237139,0.9443
1745434893724,140469,148653,0.9449
1745434893761,75142,76533,0.9818
1745434893790,32493,26897,1.2081
1745434893826,11654,92,26.202379999999998
1745434893932,26125,7250,1.5892600000000001
1745434893955,37494,19366,1.30842
1745434893989,46938,30967,1.5158
1745434894015,55854,43928,1.2715
1745434894137,69285,63919,1.0839
1745434894146,94621,98223,0.9633
1745434894147,138219,151760,0.9108
1745434894148,201562,223644,0.9013
1745434894176,279579,306622,0.9118
1745434894204,362208,389636,0.9296
1745434894217,438102,461811,0.9487
1745434894264,498349,515768,0.9662
1745434894317,538553,549045,0.9809
1745434894362,558563,563440,0.9913
1745434894365,560155,562735,0.9954
1745434894395,544217,549805,0.9898
1745434894412,509726,524689,0.9715
1745434894447,455460,485048,0.9390
1745434894479,382960,428835,0.8930
1745434894511,298193,357250,0.8347
1745434894564,210679,275930,0.7635
1745434894593,130746,193718,0.6749
1745434894595,66544,119933,0.5548
1745434894645,22159,61634,0.6374799999999999
1745434894732,-9235,-6661,0.78688
1745434894774,-1368,-4178,0.5333399999999999
1745434894799,8043,3163,0.9524799999999999
1745434894817,16327,11653,0.7240599999999999
1745434894849,22250,18977,0.67834
1745434895025,25656,24116,0.65662
1745434895026,27019,26993,0.6440199999999999
1745434895027,27041,28058,0.6365999999999999
1745434895027,26390,27938,0.63276
1745434895029,25559,27216,0.6316599999999999
1745434895065,24842,26320,0.6325999999999999
1745434895079,24359,25507,0.63484
1745434895108,24119,24895,0.6376
1745434895133,24070,24518,0.6401999999999999
1745434895173,24149,24373,0.642
1745434895218,24308,24474,0.6424799999999999
1745434895234,24526,24864,0.64112
1745434895253,24801,25588,0.6376799999999999
1745434895300,25131,26639,0.63252
1745434895312,25493,27898,0.6266
1745434895373,25840,29135,0.6212199999999999
1745434895492,26110,30082,0.61744
1745434895504,26257,30537,0.61582
1745434895505,26270,30440,0.61644
1745434895506,26170,29882,0.619
1745434895507,26006,29057,0.62284
1745434895545,25836,28187,0.6271599999999999
1745434895567,25711,27474,0.631
1745434895609,25668,27057,0.63358
1745434895665,25726,27010,0.63434
1745434895687,25883,27336,0.6332
1745434895691,26118,27976,0.63056
1745434895732,26399,28820,0.6270399999999999
1745434895788,26688,29737,0.62334
1745434895793,26954,30621,0.61988
1745434895842,27186,31430,0.61684
1745434895893,27400,32212,0.61396
1745434895898,27642,33102,0.61086
1745434895949,27979,34271,0.6071199999999999
1745434895982,28473,35866,0.6026199999999999
1745434896013,29165,37931,0.7689
1745434896044,30042,40386,0.7439
1745434896045,31050,43045,0.7213
1745434896074,32112,45698,0.7027
1745434896111,33168,48207,0.6880
1745434896197,34198,50546,0.6766
1745434896198,35209,52775,0.6672
1745434896198,36212,54969,0.6588
1745434896235,37202,57169,0.6508
1745434896269,38161,59369,0.6428
1745434896325,39062,61538,0.6348
1745434896327,39880,63621,0.6268
1745434896365,40591,65539,0.6193
1745434896377,41171,67201,0.6127
1745434896516,41605,68524,0.6072
1745434896520,41898,69491,0.6029
1745434896521,42088,70189,0.5996
1745434896522,42243,70797,0.5967
1745434896544,42437,71529,0.5933
1745434896571,42718,72518,0.5891
1745434896606,43083,73753,0.5842
1745434896643,43485,75085,0.5791
1745434896675,43858,76311,0.5747
1745434896710,44148,77262,0.5714
1745434896737,44329,77862,0.5693
1745434896780,44410,78140,0.5683
1745434896807,44422,78206,0.5680
1745434896813,44413,78204,0.5679
1745434896861,44420,78265,0.5676
1745434896932,44470,78464,0.5668
1745434896937,44565,78814,0.5654
1745434896958,44700,79294,0.5637
1745434897032,44866,79878,0.5617
1745434897039,45067,80580,0.5593
1745434897055,45324,81470,0.5563
1745434897094,45666,82646,0.5526
1745434897100,46111,84162,0.5479
1745434897148,46647,85976,0.5426
1745434897183,47230,87943,0.5370
1745434897234,47801,89869,0.5319
1745434897235,48308,91583,0.5275
1745434897262,48717,92974,0.5240
1745434897295,49016,93998,0.5215
1745434897325,49208,94673,0.5198
1745434897361,49313,95062,0.5187
1745434897398,49358,95246,0.5182
1745434897459,49364,95298,0.5180
1745434897547,49350,95263,0.5180
1745434897558,49328,95171,0.5183
1745434897559,49316,95060,0.5188
1745434897559,49347,95011,0.5194
1745434897593,49474,95166,0.5199
1745434897616,49765,95735,0.5198
1745434897683,50292,96960,0.5187
1745434897685,51107,99018,0.5161
1745434897743,52210,101937,0.5122
1745434897744,53555,105588,0.5072
1745434897779,55085,109831,0.5015
1745434897808,56813,114741,0.4951
1745434897817,58871,120739,0.4876
1745434897847,61483,128443,0.4787
1745434898054,64829,138254,0.4689
1745434898056,68887,149959,0.4594
1745434898056,73384,162647,0.4512
1745434898057,77892,175024,0.4450
1745434898058,81999,185897,0.4411
1745434898058,85445,194528,0.4392
1745434898092,88135,200706,0.4391
1745434898125,90058,204547,0.4403
1745434898132,91172,206203,0.4421
1745434898162,91344,205621,0.4442
1745434898197,90377,202516,0.4463
1745434898222,88119,196574,0.4483
1745434898255,84597,187793,0.4505
1745434898282,80118,176798,0.4532
1745434898369,75276,164969,0.4563
1745434898370,70864,154276,0.4593
1745434898419,67721,146864,0.4611
1745434898426,66539,144498,0.4605
1745434898465,67677,148013,0.4572
1745434898499,71025,156991,0.4524
1745434898605,76000,169830,0.4475
1745434898607,81718,184253,0.4435
1745434898607,87316,198081,0.4408
1745434898608,92274,209937,0.4395
1745434898640,96567,219590,0.4398
1745434898678,100585,227772,0.4416
1745434898710,104823,235581,0.4450
1745434898739,109532,243761,0.4493
1745434898784,114509,252247,0.4540
1745434898831,119184,260246,0.4580
1745434898853,122917,266741,0.4608
1745434898878,125330,271072,0.4623
1745434898882,126445,273229,0.4628
1745434898924,126612,273749,0.4625
1745434898943,126294,273393,0.4620
1745434898972,125893,272829,0.4614
1745434899011,125652,272485,0.4611
1745434899039,125668,272536,0.4611
1745434899084,125928,272973,0.4613
1745434899107,126361,273684,0.4617
1745434899184,126883,274533,0.4622
1745434899185,127429,275412,0.4627
1745434899238,127965,276264,0.4632
1745434899238,128474,277063,0.4637
1745434899280,128944,277793,0.4642
1745434899307,129373,278449,0.4646
1745434899317,129766,279035,0.4651
1745434899347,130145,279571,0.4655
1745434899397,130533,280086,0.4660
1745434899426,130952,280616,0.4667
1745434899467,131427,281216,0.4674
1745434899491,131997,281980,0.4681
1745434899549,132725,283054,0.4689
1745434899550,133695,284615,0.4697
1745434899614,134990,286821,0.4706
1745434899615,136630,289719,0.4716
1745434899642,138525,293164,0.4725
1745434899675,140451,296774,0.4733
1745434899707,142105,300008,0.4737
1745434899741,143194,302317,0.4737
1745434899777,143544,303346,0.4732
1745434899900,143162,303056,0.4724
1745434899912,142230,301728,0.4714
1745434899913,141023,299833,0.4703
1745434899914,139811,297852,0.4694
1745434899917,138782,296133,0.4686
1745434899952,138012,294832,0.4681
1745434899992,137480,293935,0.4677
1745434900022,137118,293333,0.4674
1745434900059,136848,292896,0.4672
1745434900067,136612,292524,0.4670
1745434900097,136375,292157,0.4668
1745434900130,136120,291765,0.4665
1745434900200,135842,291341,0.4663
1745434900217,135539,290888,0.4659
1745434900256,135215,290415,0.4656
1745434900262,134873,289931,0.4652
1745434900308,134514,289438,0.4647
1745434900342,134134,288929,0.4642
1745434900362,133731,288398,0.4637
1745434900390,133309,287847,0.4631
1745434900427,132875,287281,0.4625
1745434900453,132417,286675,0.4619
1745434900492,131884,285937,0.4612
1745434900516,131176,284893,0.4604
1745434900551,130149,283298,0.4594
1745434900584,128638,280869,0.4580
1745434900620,126486,277322,0.4561
1745434900643,123581,272442,0.4536
1745434900676,119914,266186,0.4505
1745434900743,115622,258775,0.4468
1745434900765,110985,250709,0.4427
1745434900800,106370,242657,0.4384
1745434900825,102134,235282,0.4341
1745434900825,98540,229073,0.4302
1745434900859,95726,224281,0.4268
1745434900890,93722,220943,0.4242
1745434900984,92490,218956,0.4224
1745434901010,91955,218153,0.4215
1745434901012,92035,218352,0.4215
1745434901012,92645,219383,0.4223
1745434901057,93699,221087,0.4238
1745434901083,95096,223301,0.4259
1745434901114,96729,225856,0.4283
1745434901132,98484,228582,0.4308
1745434901176,100255,231318,0.4334
1745434901192,101957,233934,0.4358
1745434901240,103540,236349,0.4381
1745434901279,104991,238541,0.4401
1745434901299,106321,240530,0.4420
1745434901352,107549,242363,0.4437
1745434901357,108687,244094,0.4453
1745434901415,109740,245775,0.4465
1745434901417,110712,247446,0.4474
1745434901457,111606,249113,0.4480
1745434901493,112424,250750,0.4484
1745434901524,113171,252307,0.4485
1745434901564,113848,253727,0.4487
1745434901567,114456,254966,0.4489
1745434901597,114995,255998,0.4492
1745434901798,115462,256821,0.4496
1745434901816,115862,257456,0.4500
1745434901819,116209,257949,0.4505
1745434901820,116534,258360,0.4511
1745434901822,116866,258751,0.4517
1745434901824,117226,259162,0.4523
1745434901860,117612,259600,0.4531
1745434901861,118011,260054,0.4538
1745434901900,118397,260497,0.4545
1745434901922,118743,260894,0.4551
1745434901949,119022,261212,0.4557
1745434901990,119220,261431,0.4560
1745434902033,119346,261561,0.4563
1745434902067,119434,261643,0.4565
1745434902091,119534,261752,0.4567
1745434902126,119697,261979,0.4569
1745434902163,119957,262416,0.4571
1745434902167,120320,263114,0.4573
1745434902197,120760,264061,0.4573
1745434902234,121225,265168,0.4572
1745434902402,121659,266295,0.4569
1745434902430,122009,267287,0.4565
1745434902431,122242,268021,0.4561
1745434902431,122348,268432,0.4558
1745434902432,122333,268516,0.4556
1745434902453,122216,268322,0.4555
1745434902454,122027,267935,0.4554
1745434902506,121803,267463,0.4554
1745434902512,121588,267010,0.4554
1745434902551,121410,266648,0.4553
1745434902598,121281,266396,0.4553
1745434902638,121191,266237,0.4552
1745434902639,121130,266144,0.4551
1745434902691,121090,266093,0.4551
1745434902696,121068,266073,0.4550
1745434902728,121059,266073,0.4550
1745434902783,121059,266090,0.4550
1745434902945,121067,266124,0.4549
1745434902957,121087,266179,0.4549
1745434902957,121118,266254,0.4549
1745434902958,121160,266344,0.4549
1745434902959,121210,266441,0.4549
1745434902979,121263,266536,0.4550
1745434902991,121321,266633,0.4550
1745434903030,121394,266745,0.4551
1745434903061,121491,266891,0.4552
1745434903067,121620,267077,0.4554
1745434903114,121774,267301,0.4556
1745434903142,121949,267554,0.4558
1745434903189,122138,267834,0.4560
1745434903229,122335,268132,0.4562
1745434903233,122530,268432,0.4565
1745434903318,122714,268715,0.4567
1745434903341,122880,268967,0.4569
1745434903420,123028,269183,0.4570
1745434903440,123151,269356,0.4572
1745434903441,123242,269479,0.4573
1745434903442,123294,269545,0.4574
1745434903443,123305,269557,0.4574
1745434903500,123279,269523,0.4574
1745434903533,123220,269448,0.4573
1745434903618,123126,269326,0.4572
1745434903640,122990,269141,0.4570
1745434903647,122808,268879,0.4567
1745434903647,122582,268543,0.4565
1745434903705,122329,268154,0.4562
1745434903727,122074,267750,0.4559
1745434903728,121841,267373,0.4557
1745434903819,121655,267065,0.4555
1745434903823,121530,266854,0.4554
1745434903823,121468,266751,0.4554
1745434903895,121460,266740,0.4553
1745434903899,121490,266796,0.4554
1745434903948,121547,266900,0.4554
1745434904014,121632,267046,0.4555
1745434904015,121752,267247,0.4556
1745434904055,121916,267517,0.4557
1745434904066,122133,267868,0.4559
1745434904102,122402,268301,0.4562
1745434904151,122718,268806,0.4565
1745434904193,123067,269359,0.4569
1745434904194,123437,269939,0.4573
1745434904195,123827,270541,0.4577
1745434904242,124253,271182,0.4582
1745434904315,124752,271906,0.4588
1745434904316,125361,272759,0.4596
1745434904351,126103,273767,0.4606
1745434904426,126959,274902,0.4618
1745434904427,127866,276084,0.4631
1745434904514,128730,277187,0.4644
1745434904556,129446,278080,0.4655
1745434904557,129945,278676,0.4663
1745434904558,130210,278963,0.4668
1745434904611,130287,279008,0.4670
1745434904660,130258,278926,0.4670
1745434904661,130204,278829,0.4670
1745434904662,130171,278780,0.4669
1745434904695,130149,278760,0.4669
1745434904754,130063,278665,0.4667
1745434904767,129798,278329,0.4663
1745434904782,129235,277575,0.4656
1745434904801,128313,276303,0.4644
1745434904824,127092,274586,0.4629
1745434904898,125791,272738,0.4612
1745434904901,124764,271293,0.4599
1745434904924,124409,270870,0.4593
1745434904962,125039,271958,0.4598
1745434905012,126778,274756,0.4614
1745434905017,129530,279121,0.4641
1745434905060,133030,284652,0.4673
1745434905107,136933,290835,0.4708
1745434905108,140892,297165,0.4741
1745434905153,144604,303215,0.4769
1745434905167,147822,308625,0.4790
1745434905227,150357,313086,0.4802
1745434905275,152099,316365,0.4808
1745434905306,153053,318378,0.4807
1745434905307,153341,319238,0.4803
1745434905349,153153,319190,0.4798
1745434905367,152639,318448,0.4793
1745434905394,151838,317063,0.4789
1745434905466,150686,314942,0.4785
1745434905467,149130,312017,0.4780
1745434905507,147237,308430,0.4774
1745434905523,145219,304581,0.4768
1745434905561,143361,301001,0.4763
1745434905587,141915,298163,0.4760
1745434905633,141010,296320,0.4759
1745434905665,140621,295453,0.4760
1745434905667,140592,295296,0.4761
1745434905707,140694,295442,0.4762
1745434905763,140705,295489,0.4762
1745434905767,140494,295187,0.4759
1745434905809,140061,294521,0.4756
1745434905841,139523,293681,0.4751
1745434905868,139049,292952,0.4746
1745434905896,138768,292557,0.4743
1745434905929,138711,292550,0.4741
1745434905980,138800,292791,0.4741
1745434905982,138881,293015,0.4740
1745434906024,138800,292953,0.4738
1745434906074,138468,292448,0.4735
1745434906083,137899,291529,0.4730
1745434906120,137213,290397,0.4725
1745434906162,136586,289361,0.4720
1745434906200,136196,288725,0.4717
1745434906229,136159,288685,0.4717
1745434906232,136497,289280,0.4719
1745434906261,137144,290395,0.4723
1745434906329,137988,291841,0.4728
1745434906331,138915,293432,0.4734
1745434906382,139846,295040,0.4740
1745434906433,140742,296606,0.4745
1745434906483,141589,298110,0.4750
1745434906485,142388,299548,0.4753
1745434906513,143137,300913,0.4757
1745434906517,143837,302195,0.4760
1745434906547,144491,303389,0.4763
1745434906611,145103,304489,0.4765
1745434906622,145671,305484,0.4769
1745434906659,146178,306350,0.4772
1745434906666,146603,307055,0.4775
1745434906697,146924,307574,0.4777
1745434906741,147132,307900,0.4779
1745434906780,147229,308047,0.4779
1745434906826,147230,308044,0.4780
1745434906831,147155,307925,0.4779
1745434906865,147035,307740,0.4778
1745434906891,146922,307568,0.4777
1745434906986,146895,307530,0.4777
1745434907007,147040,307758,0.4778
1745434907008,147410,308344,0.4781
1745434907012,147995,309278,0.4785
1745434907063,148706,310430,0.4790
1745434907085,149393,311565,0.4795
1745434907118,149890,312422,0.4798
1745434907135,150073,312799,0.4798
1745434907186,149912,312638,0.4795
1745434907236,149480,312049,0.4790
1745434907246,148922,311256,0.4785
1745434907296,148394,310495,0.4779
1745434907324,148000,309930,0.4775
1745434907327,147777,309615,0.4773
1745434907368,147705,309520,0.4772
1745434907401,147736,309574,0.4772
1745434907421,147829,309713,0.4773
1745434907464,147960,309903,0.4774
1745434907502,148128,310146,0.4776
1745434907519,148347,310463,0.4778
1745434907593,148624,310867,0.4781
1745434907595,148944,311336,0.4784
1745434907622,149268,311817,0.4787
1745434907670,149548,312237,0.4790
1745434907672,149741,312534,0.4791
1745434907708,149830,312678,0.4792
1745434907739,149820,312676,0.4792
1745434907785,149739,312565,0.4791
1745434907836,149623,312395,0.4790
1745434907870,149499,312208,0.4788
1745434907898,149387,312030,0.4788
1745434907901,149292,311876,0.4787
1745434907927,149221,311756,0.4786
1745434907967,149178,311680,0.4786
1745434907995,149158,311644,0.4786
1745434908044,149151,311631,0.4786
1745434908046,149141,311619,0.4786
1745434908094,149120,311593,0.4786
1745434908123,149089,311550,0.4785
1745434908146,149052,311497,0.4785
1745434908190,149017,311443,0.4785
1745434908211,148987,311397,0.4784
1745434908243,148964,311363,0.4784
1745434908270,148948,311341,0.4784
1745434908311,148942,311333,0.4784
1745434908347,148955,311352,0.4784
1745434908376,148997,311407,0.4785
1745434908414,149065,311496,0.4785
1745434908437,149144,311597,0.4786
1745434908452,149215,311681,0.4787
1745434908507,149268,311737,0.4788
1745434908511,149312,311785,0.4789
1745434908547,149366,311857,0.4790
1745434908590,149436,311965,0.4790
1745434908601,149500,312075,0.4791
1745434908665,149517,312124,0.4790
1745434908699,149461,312065,0.4789
1745434908729,149332,311898,0.4788
1745434908762,149162,311668,0.4786
1745434908767,148996,311440,0.4784
1745434908803,148873,311271,0.4783
1745434908857,148816,311197,0.4782
1745434908879,148829,311223,0.4782
1745434908912,148901,311333,0.4783
1745434909041,149012,311495,0.4784
1745434909043,149138,311676,0.4785
1745434909044,149264,311849,0.4786
1745434909044,149383,312005,0.4788
1745434909086,149502,312152,0.4789
1745434909096,149637,312313,0.4791
1745434909136,149809,312524,0.4794
1745434909152,150035,312810,0.4796
1745434909202,150313,313176,0.4800
1745434909212,150620,313587,0.4803
1745434909232,150913,313986,0.4806
1745434909283,151154,314316,0.4809
1745434909328,151322,314549,0.4811
1745434909330,151417,314681,0.4812
1745434909383,151447,314726,0.4812
1745434909401,151428,314703,0.4812
1745434909437,151372,314629,0.4811
1745434909511,151289,314515,0.4810
1745434909512,151186,314369,0.4809
1745434909516,151062,314192,0.4808
1745434909574,150913,313977,0.4807
1745434909590,150735,313718,0.4805
1745434909616,150529,313419,0.4803
1745434909636,150306,313093,0.4801
1745434909672,150080,312759,0.4799
1745434909731,149864,312437,0.4797
1745434909761,149669,312142,0.4795
1745434909809,149499,311884,0.4793
1745434909809,149355,311663,0.4792
1745434909864,149230,311472,0.4791
1745434909893,149124,311310,0.4790
1745434909894,149048,311194,0.4790
1745434909939,149026,311160,0.4789
1745434909951,149087,311250,0.4790
1745434910017,149244,311486,0.4791
1745434910045,149493,311858,0.4794
1745434910046,149804,312322,0.4796
1745434910076,150136,312816,0.4800
1745434910111,150445,313274,0.4802
1745434910147,150702,313652,0.4805
1745434910179,150900,313940,0.4807
1745434910251,151064,314179,0.4808
1745434910271,151250,314470,0.4810
1745434910305,151533,314964,0.4811
1745434910328,151991,315822,0.4813
1745434910328,152669,317136,0.4814
1745434910357,153564,318878,0.4816
1745434910397,154613,320890,0.4818
1745434910417,155711,322934,0.4822
1745434910516,156743,324774,0.4826
1745434910517,157611,326243,0.4831
1745434910542,158265,327287,0.4836
1745434910551,158703,327952,0.4839
1745434910601,158956,328339,0.4841
1745434910624,159075,328557,0.4842
1745434910663,159116,328698,0.4841
1745434910681,159142,328838,0.4840
1745434910829,159218,329042,0.4839
1745434910846,159400,329363,0.4840
1745434910846,159718,329823,0.4843
1745434910847,160162,330407,0.4847
1745434910847,160689,331060,0.4854
1745434910881,161230,331704,0.4861
1745434910933,161713,332260,0.4867
1745434910934,162084,332671,0.4872
1745434910966,162319,332918,0.4876
1745434911003,162429,333019,0.4877
1745434911016,162443,333017,0.4878
1745434911065,162403,332962,0.4878
1745434911095,162350,332904,0.4877
1745434911152,162321,332886,0.4876
1745434911159,162339,332930,0.4876
1745434911166,162407,333036,0.4877
1745434911211,162509,333182,0.4877
1745434911251,162625,333341,0.4879
1745434911334,162739,333491,0.4880
1745434911335,162842,333620,0.4881
1745434911336,162925,333721,0.4882
1745434911401,162983,333791,0.4883
1745434911406,163019,333835,0.4883
1745434911443,163050,333873,0.4884
1745434911486,163101,333926,0.4884
1745434911536,163187,334011,0.4886
1745434911551,163311,334133,0.4888
1745434911557,163467,334302,0.4890
1745434911577,163647,334559,0.4891
1745434911725,163846,334959,0.4892
1745434911727,164053,335544,0.4889
1745434911728,164251,336305,0.4884
1745434911728,164428,337175,0.4877
1745434911762,164581,338058,0.4868
1745434911767,164726,338865,0.4861
1745434911800,164880,339535,0.4856
1745434911840,165049,340038,0.4854
1745434911876,165223,340372,0.4854
1745434911897,165376,340550,0.4856
1745434911937,165478,340594,0.4859
1745434911975,165509,340532,0.4860
1745434911976,165466,340395,0.4861
1745434912061,165356,340212,0.4860
1745434912070,165197,340004,0.4859
1745434912093,165008,339790,0.4856
1745434912195,164813,339587,0.4853
1745434912215,164642,339419,0.4851
1745434912216,164529,339318,0.4849
1745434912235,164511,339320,0.4848
1745434912256,164613,339450,0.4849
1745434912314,164833,339706,0.4852
1745434912325,165144,340054,0.4856
1745434912328,165501,340446,0.4861
1745434912404,165859,340829,0.4866
1745434912416,166182,341166,0.4871
1745434912480,166452,341437,0.4875
1745434912535,166668,341644,0.4878
1745434912536,166846,341808,0.4881
1745434912537,167011,341956,0.4884
1745434912557,167178,342107,0.4887
1745434912592,167345,342264,0.4889
1745434912622,167494,342412,0.4892
1745434912665,167604,342530,0.4893
1745434912669,167661,342602,0.4894
1745434912729,167666,342626,0.4894
1745434912744,167635,342614,0.4893
1745434912803,167594,342598,0.4892
1745434912812,167574,342624,0.4891
1745434912860,167595,342735,0.4890
1745434912864,167657,342946,0.4889
1745434912911,167733,343230,0.4887
1745434912984,167790,343531,0.4884
1745434913009,167808,343795,0.4881
1745434913097,167787,343991,0.4878
1745434913113,167743,344111,0.4875
1745434913114,167693,344167,0.4872
1745434913116,167650,344176,0.4871
1745434913117,167623,344159,0.4871
1745434913162,167617,344137,0.4871
1745434913212,167630,344120,0.4871
1745434913249,167654,344109,0.4872
1745434913275,167679,344099,0.4873
1745434913279,167696,344082,0.4874
1745434913332,167702,344055,0.4874
1745434913358,167701,344023,0.4875
1745434913359,167702,343997,0.4875
1745434913395,167721,343995,0.4876
1745434913436,167786,344050,0.4877
1745434913511,167920,344192,0.4879
1745434913513,168134,344430,0.4882
1745434913574,168405,344738,0.4885
1745434913575,168689,345064,0.4889
1745434913621,168944,345357,0.4892
1745434913625,169143,345585,0.4894
1745434913667,169283,345743,0.4896
1745434913712,169373,345842,0.4897
1745434913716,169426,345900,0.4898
1745434913737,169458,345935,0.4899
1745434913803,169480,345960,0.4899
1745434913812,169492,345975,0.4899
1745434913873,169488,345975,0.4899
1745434913901,169463,345954,0.4898
1745434913902,169419,345913,0.4898
1745434913933,169364,345860,0.4897
1745434914009,169308,345799,0.4896
1745434914010,169258,345735,0.4896
1745434914017,169219,345671,0.4895
1745434914051,169196,345617,0.4895
1745434914098,169201,345589,0.4896
1745434914122,169236,345598,0.4897
1745434914173,169296,345644,0.4898
1745434914181,169368,345712,0.4899
1745434914216,169439,345790,0.4900
1745434914264,169508,345875,0.4901
1745434914291,169579,345969,0.4902
1745434914443,169654,346072,0.4902
1745434914444,169731,346180,0.4903
1745434914445,169806,346287,0.4904
1745434914446,169876,346388,0.4904
1745434914447,169942,346481,0.4905
1745434914451,170004,346564,0.4905
1745434914481,170063,346639,0.4906
1745434914516,170123,346710,0.4907
1745434914596,170191,346784,0.4908
1745434914600,170274,346872,0.4909
1745434914645,170378,346979,0.4910
1745434914648,170506,347112,0.4912
1745434914679,170659,347275,0.4914
1745434914715,170831,347463,0.4917
1745434914759,171004,347657,0.4919
1745434914790,171157,347832,0.4921
1745434914797,171274,347973,0.4922
1745434914851,171354,348074,0.4923
1745434914867,171406,348147,0.4923
1745434914914,171444,348206,0.4924
1745434914948,171478,348261,0.4924
1745434914972,171514,348321,0.4924
1745434915010,171553,348385,0.4924
1745434915052,171590,348446,0.4924
1745434915090,171617,348497,0.4925
1745434915091,171627,348526,0.4924
1745434915163,171613,348525,0.4924
1745434915168,171571,348490,0.4923
1745434915192,171504,348421,0.4922
1745434915230,171424,348331,0.4921
1745434915248,171352,348244,0.4920
1745434915275,171314,348191,0.4920
1745434915315,171335,348200,0.4921
1745434915342,171424,348281,0.4922
1745434915375,171567,348423,0.4924
1745434915411,171730,348591,0.4926
1745434915444,171871,348743,0.4928
1745434915483,171951,348838,0.4929
1745434915508,171945,348848,0.4929
1745434915516,171849,348767,0.4927
1745434915565,171682,348613,0.4925
1745434915585,171477,348419,0.4922
1745434915618,171272,348223,0.4918
1745434915707,171095,348052,0.4916
1745434915722,170963,347923,0.4914
1745434915723,170885,347844,0.4913
1745434915760,170862,347817,0.4912
1745434915789,170885,347834,0.4913
1745434915801,170945,347882,0.4914
1745434915838,171032,347956,0.4915
1745434915878,171151,348061,0.4917
1745434915907,171313,348212,0.4920
1745434915957,171527,348417,0.4923
1745434915958,171794,348678,0.4927
1745434916001,172108,348986,0.4932
1745434916047,172459,349328,0.4937
1745434916102,172831,349687,0.4942
1745434916184,173200,350042,0.4948
1745434916221,173544,350370,0.4953
1745434916223,173844,350656,0.4958
1745434916225,174093,350893,0.4961
1745434916244,174290,351079,0.4964
1745434916260,174438,351216,0.4967
1745434916266,174531,351299,0.4968
1745434916296,174560,351316,0.4969
1745434916336,174516,351256,0.4968
1745434916369,174394,351112,0.4967
1745434916441,174207,350889,0.4965
1745434916442,173984,350617,0.4962
1745434916475,173773,350346,0.4960
1745434916512,173618,350129,0.4959
1745434916545,173552,350004,0.4959
1745434916551,173581,349986,0.4960
1745434916703,173703,350075,0.4962
1745434916734,173910,350260,0.4965
1745434916735,174190,350521,0.4969
1745434916735,174515,350823,0.4974
1745434916737,174844,351123,0.4980
1745434916759,175136,351382,0.4984
1745434916791,175359,351573,0.4988
1745434916827,175495,351687,0.4990
1745434916858,175537,351722,0.4991
1745434916866,175490,351685,0.4990
1745434916902,175370,351588,0.4988
1745434916927,175195,351440,0.4985
1745434916965,174973,351242,0.4982
1745434916986,174704,350985,0.4978
1745434917030,174389,350666,0.4973
1745434917059,174042,350303,0.4968
1745434917107,173692,349929,0.4964
1745434917109,173369,349579,0.4959
1745434917161,173092,349279,0.4956
1745434917191,172872,349044,0.4953
1745434917226,172721,348888,0.4951
1745434917259,172644,348817,0.4949
1745434917286,172647,348836,0.4949
1745434917301,172731,348942,0.4950
1745434917334,172891,349127,0.4952
1745434917369,173113,349373,0.4955
1745434917404,173368,349650,0.4958
1745434917442,173620,349921,0.4962
1745434917451,173836,350153,0.4965
1745434917481,173998,350328,0.4967
1745434917540,174106,350445,0.4968
1745434917684,174175,350516,0.4969
1745434917699,174226,350563,0.4970
1745434917700,174284,350608,0.4971
1745434917700,174371,350670,0.4972
1745434917701,174492,350758,0.4975
1745434917728,174632,350860,0.4977
1745434917757,174763,350956,0.4980
1745434917766,174859,351026,0.4981
1745434917796,174911,351066,0.4982
1745434917828,174928,351083,0.4983
1745434917895,174927,351088,0.4982
1745434917901,174918,351092,0.4982
1745434917931,174910,351098,0.4982
1745434917963,174909,351110,0.4982
1745434917991,174919,351130,0.4982
1745434918031,174943,351161,0.4982
1745434918063,174984,351204,0.4982
1745434918092,175042,351256,0.4983
1745434918146,175105,351309,0.4984
1745434918164,175142,351333,0.4985
1745434918181,175101,351286,0.4985
1745434918203,174928,351123,0.4982
1745434918246,174598,350826,0.4977
1745434918302,174132,350417,0.4969
1745434918315,173593,349954,0.4960
1745434918344,173062,349506,0.4952
1745434918379,172612,349135,0.4944
1745434918409,172292,348882,0.4938
1745434918443,172123,348763,0.4935
1745434918478,172092,348763,0.4934
1745434918513,172162,348849,0.4935
1745434918516,172290,348983,0.4937
1745434918558,172437,349128,0.4939
1745434918589,172576,349264,0.4941
1745434918652,172695,349379,0.4943
1745434918665,172794,349476,0.4944
1745434918687,172887,349568,0.4946
1745434918718,172994,349673,0.4947
1745434918787,173131,349804,0.4949
1745434918806,173306,349968,0.4952
1745434918815,173514,350157,0.4955
1745434918849,173745,350364,0.4959
1745434918875,173997,350582,0.4963
1745434918918,174269,350813,0.4968
1745434918931,174560,351056,0.4972
1745434919093,174857,351303,0.4977
1745434919106,175147,351542,0.4982
1745434919107,175424,351768,0.4987
1745434919108,175697,351984,0.4992
1745434919109,175974,352196,0.4996
1745434919116,176254,352403,0.5001
1745434919146,176524,352597,0.5006
1745434919177,176768,352770,0.5011
1745434919215,176976,352917,0.5015
1745434919250,177149,353053,0.5018
1745434919309,177295,353208,0.5020
1745434919310,177428,353419,0.5020
1745434919345,177560,353714,0.5020
1745434919373,177700,354092,0.5018
1745434919416,177851,354518,0.5017
1745434919431,178001,354938,0.5015
1745434919467,178132,355291,0.5014
1745434919509,178226,355536,0.5013
1745434919545,178269,355655,0.5012
1745434919551,178241,355636,0.5012
1745434919581,178102,355446,0.5011
1745434919611,177786,355022,0.5008
1745434919646,177232,354305,0.5002
1745434919678,176428,353281,0.4994
1745434919747,175425,352014,0.4983
1745434919748,174328,350630,0.4972
1745434919798,173254,349275,0.4960
1745434919822,172306,348075,0.4950
1745434919867,171545,347116,0.4942
1745434919869,171001,346437,0.4936
1745434919916,170672,346041,0.4932
1745434919966,170537,345902,0.4930
1745434919982,170560,345978,0.4930
1745434920007,170704,346219,0.4931
1745434920016,170933,346579,0.4932
1745434920046,171219,347013,0.4934
1745434920104,171535,347481,0.4937
1745434920152,171862,347952,0.4939
1745434920207,172189,348407,0.4942
1745434920211,172505,348833,0.4945
1745434920212,172809,349227,0.4948
1745434920246,173102,349597,0.4951
1745434920275,173394,349955,0.4955
1745434920314,173695,350318,0.4958
1745434920345,174011,350696,0.4962
1745434920425,174333,351081,0.4966
1745434920459,174641,351452,0.4969
1745434920461,174910,351782,0.4972
1745434920467,175125,352052,0.4974
1745434920498,175288,352260,0.4976
1745434920526,175407,352415,0.4977
1745434920560,175495,352529,0.4978
1745434920588,175555,352607,0.4979
1745434920628,175588,352650,0.4979
1745434920660,175597,352663,0.4979
1745434920690,175585,352650,0.4979
1745434920731,175560,352621,0.4979
1745434920751,175537,352596,0.4978
1745434920803,175536,352598,0.4978
1745434920822,175574,352649,0.4979
1745434920869,175657,352754,0.4980
1745434920894,175778,352904,0.4981
1745434920916,175922,353081,0.4982
1745434920944,176081,353276,0.4984
1745434920985,176258,353486,0.4986
1745434921005,176455,353710,0.4989
1745434921070,176665,353934,0.4991
1745434921078,176870,354127,0.4995
1745434921081,177041,354248,0.4998
1745434921115,177156,354267,0.5001
1745434921162,177201,354174,0.5003
1745434921190,177179,353988,0.5005
1745434921235,177102,353745,0.5006
1745434921341,176989,353489,0.5007
1745434921368,176870,353266,0.5007
1745434921370,176773,353112,0.5006
1745434921371,176729,353054,0.5006
1745434921392,176756,353098,0.5006
1745434921396,176863,353230,0.5007
1745434921442,177044,353425,0.5009
1745434921510,177282,353649,0.5013
1745434921515,177558,353873,0.5018
1745434921516,177859,354089,0.5023
1745434921560,178179,354301,0.5029
1745434921600,178514,354527,0.5035
1745434921623,178860,354776,0.5041
1745434921665,179200,355048,0.5047
1745434921681,179519,355335,0.5052
1745434921774,179809,355630,0.5056
1745434921776,180071,355928,0.5059
1745434921855,180313,356226,0.5062
1745434921872,180543,356520,0.5064
1745434921873,180763,356801,0.5066
1745434921874,180970,357068,0.5068
1745434921913,181159,357346,0.5070
1745434921945,181328,357697,0.5069
1745434921979,181481,358200,0.5066
1745434922003,181626,358896,0.5061
1745434922050,181774,359769,0.5053
1745434922078,181938,360739,0.5043
1745434922086,182129,361702,0.5035
1745434922118,182348,362555,0.5030
1745434922146,182581,363230,0.5027
1745434922182,182811,363703,0.5026
1745434922249,183028,363997,0.5028
1745434922251,183229,364163,0.5032
1745434922354,183418,364259,0.5035
1745434922362,183601,364336,0.5039
1745434922363,183787,364430,0.5043
1745434922384,183989,364566,0.5047
1745434922402,184218,364754,0.5050
1745434922431,184478,364990,0.5054
1745434922466,184764,365261,0.5058
1745434922501,185063,365544,0.5063
1745434922535,185357,365817,0.5067
1745434922570,185626,366061,0.5071
1745434922581,185859,366263,0.5074
1745434922620,186049,366419,0.5077
1745434922667,186201,366535,0.5080
1745434922681,186330,366622,0.5082
1745434922728,186462,366700,0.5085
1745434922857,186614,366784,0.5088
1745434922860,186786,366875,0.5091
1745434922861,186952,366961,0.5095
1745434922862,187080,367024,0.5097
1745434922866,187147,367052,0.5099
1745434922904,187147,367043,0.5099
1745434922949,187087,367003,0.5098
1745434922959,186983,366942,0.5096
1745434922997,186852,366872,0.5093
1745434923020,186709,366798,0.5090
1745434923063,186562,366725,0.5087
1745434923095,186415,366654,0.5084
1745434923123,186276,366592,0.5081
1745434923164,186160,366546,0.5079
1745434923191,186080,366525,0.5077
1745434923236,186049,366534,0.5076
1745434923349,186078,366577,0.5076
1745434923375,186167,366650,0.5078
1745434923377,186311,366747,0.5080
1745434923378,186500,366864,0.5084
1745434923395,186730,366999,0.5088
1745434923396,186994,367154,0.5093
1745434923436,187281,367326,0.5098
1745434923485,187572,367507,0.5104
1745434923501,187851,367688,0.5109
1745434923568,188110,367862,0.5114
1745434923572,188351,368029,0.5118
1745434923608,188579,368188,0.5122
1745434923619,188793,368338,0.5126
1745434923653,188986,368474,0.5129
1745434923715,189156,368595,0.5132
1745434923716,189303,368701,0.5134
1745434923853,189435,368809,0.5136
1745434923868,189563,368945,0.5138
1745434923869,189697,369150,0.5139
1745434923870,189845,369458,0.5138
1745434923892,190014,369882,0.5137
1745434923901,190207,370396,0.5135
1745434923968,190418,370946,0.5133
1745434923969,190633,371469,0.5132
1745434924003,190842,371914,0.5131
1745434924048,191034,372254,0.5132
1745434924053,191200,372484,0.5133
1745434924081,191329,372617,0.5135
1745434924117,191418,372672,0.5136
1745434924189,191470,372678,0.5138
1745434924191,191492,372661,0.5139
1745434924230,191490,372636,0.5139
1745434924352,191464,372605,0.5139
1745434924353,191409,372566,0.5138
1745434924354,191328,372513,0.5136
1745434924355,191235,372452,0.5134
1745434924392,191154,372395,0.5133
1745434924396,191117,372362,0.5133
1745434924429,191162,372381,0.5133
1745434924458,191311,372471,0.5136
1745434924495,191562,372636,0.5141
1745434924536,191882,372854,0.5146
1745434924566,192212,373086,0.5152
1745434924623,192494,373292,0.5157
1745434924627,192694,373448,0.5160
1745434924663,192816,373551,0.5162
1745434924717,192884,373618,0.5163
1745434924723,192935,373669,0.5163
1745434924743,192996,373722,0.5164
1745434924777,193076,373783,0.5165
1745434924813,193168,373851,0.5167
1745434924868,193253,373915,0.5168
1745434924873,193308,373963,0.5169
1745434924923,193319,373985,0.5169
1745434924964,193287,373983,0.5168
1745434924966,193226,373964,0.5167
1745434924996,193158,373938,0.5165
1745434925045,193098,373914,0.5164
1745434925083,193058,373896,0.5163
1745434925112,193037,373883,0.5163
1745434925117,193030,373872,0.5163
1745434925223,193028,373860,0.5163
1745434925226,193025,373847,0.5163
1745434925227,193021,373835,0.5163
1745434925236,193021,373831,0.5163
1745434925281,193027,373838,0.5163
1745434925311,193038,373852,0.5163
1745434925350,193045,373869,0.5163
1745434925419,193044,373883,0.5163
1745434925424,193039,373896,0.5163
1745434925458,193033,373908,0.5163
1745434925462,193030,373922,0.5162
1745434925494,193030,373935,0.5162
1745434925543,193031,373945,0.5162
1745434925551,193027,373950,0.5162
1745434925597,193017,373950,0.5162
1745434925744,193002,373949,0.5161
1745434925746,192989,373951,0.5161
1745434925747,192985,373963,0.5161
1745434925748,192998,373987,0.5161
1745434925749,193033,374023,0.5161
1745434925782,193084,374064,0.5162
1745434925819,193140,374102,0.5163
1745434925836,193186,374125,0.5164
1745434925867,193202,374118,0.5164
1745434925935,193168,374070,0.5164
1745434925936,193073,373974,0.5163
1745434925964,192930,373842,0.5161
1745434926001,192769,373701,0.5158
1745434926031,192627,373583,0.5156
1745434926068,192532,373509,0.5155
1745434926091,192496,373489,0.5154
1745434926165,192519,373520,0.5154
1745434926167,192595,373593,0.5155
1745434926194,192713,373700,0.5157
1745434926232,192859,373829,0.5159
1745434926241,193025,373973,0.5161
1745434926280,193206,374127,0.5164
1745434926316,193401,374286,0.5167
1745434926339,193604,374442,0.5170
1745434926396,193804,374587,0.5174
1745434926430,193991,374716,0.5177
1745434926436,194159,374828,0.5180
1745434926502,194306,374926,0.5183
1745434926503,194430,375011,0.5185
1745434926628,194537,375086,0.5186
1745434926642,194640,375161,0.5188
1745434926644,194758,375250,0.5190
1745434926644,194907,375380,0.5192
1745434926646,195102,375599,0.5194
1745434926682,195356,375983,0.5196
1745434926717,195678,376597,0.5196
1745434926766,196068,377457,0.5194
1745434926816,196507,378502,0.5192
1745434926839,196958,379604,0.5189
1745434926841,197381,380618,0.5186
1745434926882,197740,381431,0.5184
1745434926901,198014,381985,0.5184
1745434926945,198202,382288,0.5185
1745434926984,198320,382394,0.5186
1745434927011,198400,382380,0.5189
1745434927053,198480,382327,0.5191
1745434927077,198595,382297,0.5195
1745434927134,198766,382325,0.5199
1745434927135,198992,382415,0.5204
1745434927169,199256,382555,0.5209
1745434927212,199525,382716,0.5213
1745434927234,199755,382864,0.5217
1745434927270,199905,382969,0.5220
1745434927320,199956,383017,0.5221
1745434927339,199911,383009,0.5219
1745434927341,199797,382960,0.5217
1745434927381,199645,382889,0.5214
1745434927407,199487,382813,0.5211
1745434927457,199352,382748,0.5208
1745434927595,199260,382704,0.5207
1745434927597,199216,382684,0.5206
1745434927598,199216,382685,0.5206
1745434927598,199250,382703,0.5206
1745434927599,199317,382738,0.5208
1745434927626,199411,382790,0.5209
1745434927660,199521,382853,0.5211
1745434927694,199622,382913,0.5213
1745434927724,199690,382956,0.5214
1745434927767,199715,382976,0.5215
1745434927788,199698,382974,0.5214
1745434927834,199645,382952,0.5213
1745434927859,199564,382915,0.5212
1745434927900,199457,382864,0.5210
1745434927930,199329,382800,0.5207
1745434927936,199178,382722,0.5204
1745434927972,199005,382629,0.5201
1745434928089,198810,382519,0.5197
1745434928096,198603,382397,0.5194
1745434928096,198398,382271,0.5190
1745434928097,198205,382146,0.5187
1745434928122,198029,382027,0.5184
1745434928160,197872,381917,0.5181
1745434928198,197735,381821,0.5179
1745434928265,197616,381739,0.5177
1745434928267,197502,381664,0.5175
1745434928301,197377,381584,0.5173
1745434928320,197228,381490,0.5170
1745434928343,197060,381384,0.5167
1745434928383,196885,381276,0.5164
1745434928409,196717,381176,0.5161
1745434928470,196565,381090,0.5158
1745434928500,196433,381022,0.5155
1745434928516,196319,380970,0.5153
1745434928538,196217,380928,0.5151
1745434928551,196122,380891,0.5149
1745434928612,196032,380855,0.5147
1745434928644,195952,380820,0.5146
1745434928678,195892,380792,0.5144
1745434928686,195863,380775,0.5144
1745434928716,195872,380778,0.5144
1745434928746,195924,380807,0.5145
1745434928777,196024,380867,0.5147
1745434928824,196168,380959,0.5149
1745434928838,196347,381076,0.5152
1745434928866,196545,381207,0.5156
1745434928968,196749,381344,0.5159
1745434928995,196954,381481,0.5163
1745434929026,197157,381620,0.5166
1745434929027,197355,381758,0.5170
1745434929067,197546,381893,0.5173
1745434929085,197725,382022,0.5176
1745434929223,197890,382143,0.5178
1745434929229,198035,382251,0.5181
1745434929230,198151,382339,0.5183
1745434929230,198230,382401,0.5184
1745434929231,198277,382437,0.5185
1745434929263,198306,382456,0.5185
1745434929293,198336,382469,0.5186
1745434929327,198386,382489,0.5187
1745434929356,198466,382526,0.5188
1745434929398,198580,382582,0.5191
1745434929434,198719,382654,0.5193
1745434929437,198865,382732,0.5196
1745434929509,198995,382802,0.5198
1745434929524,199096,382857,0.5200
1745434929526,199169,382899,0.5202
1745434929569,199229,382935,0.5203
1745434929585,199291,382975,0.5204
1745434929615,199380,383033,0.5205
1745434929646,199522,383123,0.5208
1745434929706,199746,383263,0.5212
1745434929747,200066,383464,0.5217
1745434929751,200482,383738,0.5224
1745434929780,200975,384109,0.5232
1745434929810,201521,384604,0.5240
1745434929843,202093,385233,0.5246
1745434929883,202663,385977,0.5251
1745434930013,203206,386776,0.5254
1745434930025,203712,387559,0.5256
1745434930026,204176,388260,0.5259
1745434930027,204600,388835,0.5262
1745434930029,204977,389266,0.5266
1745434930069,205298,389557,0.5270
1745434930108,205556,389730,0.5274
1745434930146,205755,389821,0.5278
1745434930175,205917,389871,0.5282
1745434930186,206068,389918,0.5285
1745434930236,206229,389984,0.5288
1745434930281,206408,390078,0.5291
1745434930284,206602,390195,0.5295
1745434930320,206798,390324,0.5298
1745434930346,206982,390452,0.5301
1745434930383,207147,390572,0.5304
1745434930423,207292,390680,0.5306
1745434930452,207427,390780,0.5308
1745434930485,207566,390878,0.5310
1745434930518,207728,390983,0.5313
1745434930544,207920,391098,0.5316
1745434930579,208141,391222,0.5320
1745434930612,208378,391352,0.5325
1745434930646,208615,391480,0.5329
1745434930651,208830,391598,0.5333
1745434930681,209007,391699,0.5336
1745434930712,209138,391779,0.5338
1745434930745,209230,391840,0.5340
1745434930776,209304,391893,0.5341
1745434930816,209389,391952,0.5342
1745434930846,209504,392026,0.5344
1745434930903,209653,392116,0.5347
1745434930945,209820,392215,0.5350
1745434930946,209983,392310,0.5352
1745434930999,210116,392389,0.5355
1745434931000,210198,392438,0.5356
1745434931215,210209,392449,0.5356
1745434931219,210143,392419,0.5355
1745434931221,210006,392353,0.5352
1745434931222,209823,392264,0.5349
1745434931223,209625,392168,0.5345
1745434931225,209441,392079,0.5342
1745434931300,209287,392004,0.5339
1745434931301,209162,391943,0.5337
1745434931303,209060,391891,0.5335
1745434931338,208974,391845,0.5333
1745434931361,208904,391808,0.5332
1745434931445,208852,391782,0.5331
1745434931449,208814,391765,0.5330
1745434931451,208781,391752,0.5329
1745434931493,208748,391741,0.5329
1745434931500,208715,391733,0.5328
1745434931581,208688,391729,0.5327
1745434931635,208669,391733,0.5327
1745434931723,208658,391744,0.5326
1745434931725,208652,391759,0.5326
1745434931726,208647,391775,0.5326
1745434931728,208638,391787,0.5325
1745434931728,208615,391789,0.5325
1745434931827,208570,391776,0.5324
1745434931831,208501,391748,0.5322
1745434931833,208412,391710,0.5321
1745434931840,208312,391665,0.5319
1745434931866,208213,391621,0.5317
1745434931926,208130,391583,0.5315
1745434931953,208074,391558,0.5314
1745434932000,208053,391547,0.5314
1745434932001,208064,391550,0.5314
1745434932087,208098,391562,0.5315
1745434932098,208146,391581,0.5316
1745434932099,208201,391607,0.5317
1745434932162,208258,391638,0.5318
1745434932163,208307,391671,0.5318
1745434932197,208352,391704,0.5319
1745434932224,208401,391740,0.5320
1745434932325,208471,391785,0.5321
1745434932326,208573,391846,0.5323
1745434932343,208699,391918,0.5325
1745434932346,208835,391997,0.5327
1745434932380,208964,392076,0.5330
1745434932408,209076,392148,0.5332
1745434932444,209167,392210,0.5333
1745434932477,209240,392263,0.5334
1745434932535,209306,392311,0.5335
1745434932536,209380,392359,0.5336
1745434932560,209473,392413,0.5338
1745434932599,209585,392475,0.5340
1745434932627,209706,392540,0.5342
1745434932661,209821,392603,0.5344
1745434932699,209920,392658,0.5346
1745434932863,209999,392702,0.5348
1745434932867,210060,392735,0.5349
1745434932868,210111,392761,0.5350
1745434932869,210162,392784,0.5351
1745434932871,210221,392811,0.5352
1745434933001,210283,392840,0.5353
1745434933011,210333,392863,0.5354
1745434933012,210356,392876,0.5354
1745434933013,210349,392878,0.5354
1745434933034,210323,392874,0.5353
1745434933062,210283,392865,0.5353
1745434933065,210230,392852,0.5351
1745434933103,210161,392831,0.5350
1745434933147,210074,392800,0.5348
1745434933190,209971,392761,0.5346
1745434933191,209854,392714,0.5344
1745434933226,209728,392663,0.5341
1745434933266,209603,392611,0.5339
1745434933321,209489,392566,0.5336
1745434933323,209395,392528,0.5335
1745434933396,209320,392499,0.5333
1745434933412,209262,392474,0.5332
1745434933413,209219,392453,0.5331
1745434933446,209187,392433,0.5331
1745434933502,209164,392415,0.5330
1745434933504,209148,392401,0.5330
1745434933548,209139,392392,0.5330
1745434933596,209129,392386,0.5330
1745434933597,209110,392378,0.5329
1745434933628,209074,392363,0.5329
1745434933664,209028,392345,0.5328
1745434933691,208981,392328,0.5327
1745434933732,208939,392315,0.5326
1745434933761,208894,392303,0.5325
1745434933885,208818,392277,0.5323
1745434933896,208671,392218,0.5320
1745434933897,208415,392106,0.5315
1745434933898,208036,391935,0.5308
1745434933940,207559,391714,0.5299
1745434933948,207042,391472,0.5289
1745434933987,206561,391244,0.5280
1745434934210,206180,391061,0.5272
1745434934212,205934,390942,0.5268
1745434934212,205822,390884,0.5266
1745434934213,205813,390870,0.5265
1745434934214,205858,390879,0.5267
1745434934215,205917,390892,0.5268
1745434934216,205967,390900,0.5269
1745434934287,206002,390905,0.5270
1745434934343,206023,390911,0.5270
1745434934344,206034,390918,0.5271
1745434934373,206037,390925,0.5271
1745434934374,206042,390935,0.5270
1745434934375,206056,390950,0.5271
1745434934417,206086,390974,0.5271
1745434934469,206128,391007,0.5272
1745434934470,206180,391050,0.5272
1745434934540,206241,391100,0.5273
1745434934577,206314,391159,0.5274
1745434934631,206399,391226,0.5276
1745434934651,206493,391299,0.5277
1745434934652,206594,391376,0.5279
1745434934677,206702,391456,0.5280
1745434934686,206823,391537,0.5282
1745434934725,206962,391620,0.5285
1745434934778,207127,391707,0.5288
1745434934782,207324,391800,0.5292
1745434934820,207562,391908,0.5296
1745434934835,207852,392041,0.5302
1745434934881,208195,392203,0.5308
1745434934933,208573,392388,0.5315
1745434934987,208955,392589,0.5322
1745434934989,209314,392820,0.5328
1745434935017,209643,393132,0.5333
1745434935058,209952,393601,0.5334
1745434935084,210249,394281,0.5332
1745434935091,210533,395160,0.5328
1745434935163,210797,396156,0.5321
1745434935167,211034,397146,0.5314
1745434935191,211243,398014,0.5307
1745434935233,211426,398681,0.5303
1745434935265,211585,399123,0.5301
1745434935319,211718,399358,0.5301
1745434935320,211827,399436,0.5303
1745434935361,211921,399418,0.5306
1745434935396,212015,399364,0.5309
1745434935407,212123,399317,0.5312
1745434935449,212256,399301,0.5316
1745434935473,212418,399326,0.5319
1745434935603,212609,399389,0.5323
1745434935618,212824,399480,0.5328
1745434935619,213049,399585,0.5332
1745434935623,213264,399688,0.5336
1745434935636,213455,399779,0.5339
1745434935667,213612,399853,0.5342
1745434935695,213732,399911,0.5345
1745434935731,213816,399951,0.5346
1745434935760,213861,399977,0.5347
1745434935791,213871,399988,0.5347
1745434935834,213847,399986,0.5346
1745434935855,213796,399972,0.5345
1745434935891,213726,399950,0.5344
1745434935914,213647,399924,0.5342
1745434936007,213568,399896,0.5341
1745434936020,213497,399870,0.5339
1745434936022,213439,399846,0.5338
1745434936043,213394,399825,0.5337
1745434936077,213362,399805,0.5337
1745434936109,213342,399787,0.5336
1745434936148,213337,399777,0.5336
1745434936235,213349,399777,0.5337
1745434936239,213372,399786,0.5337
1745434936241,213400,399802,0.5338
1745434936263,213424,399821,0.5338
1745434936275,213437,399840,0.5338
1745434936315,213431,399853,0.5338
1745434936352,213395,399854,0.5337
1745434936495,213315,399835,0.5335
1745434936497,213179,399788,0.5332
1745434936498,212980,399709,0.5328
1745434936499,212724,399602,0.5323
1745434936517,212427,399473,0.5318
1745434936538,212117,399336,0.5312
1745434936574,211830,399209,0.5306
1745434936613,211591,399102,0.5302
1745434936665,211409,399019,0.5298
1745434936668,211272,398953,0.5296
1745434936739,211160,398896,0.5294
1745434936740,211064,398845,0.5292
1745434936783,210989,398803,0.5291
1745434936786,210939,398772,0.5290
1745434936815,210916,398754,0.5289
1745434936850,210914,398749,0.5289
1745434936995,210930,398755,0.5290
1745434936997,210961,398774,0.5290
1745434936998,211004,398806,0.5291
1745434936999,211060,398849,0.5292
1745434937000,211128,398901,0.5293
1745434937026,211210,398960,0.5294
1745434937089,211306,399024,0.5296
1745434937100,211413,399090,0.5297
1745434937151,211528,399156,0.5299
1745434937198,211647,399219,0.5302
1745434937230,211768,399279,0.5304
1745434937231,211892,399335,0.5306
1745434937262,212019,399388,0.5309
1745434937297,212155,399442,0.5311
1745434937331,212311,399505,0.5314
1745434937367,212496,399585,0.5318
1745434937386,212706,399682,0.5322
1745434937400,212927,399787,0.5326
1745434937454,213142,399892,0.5330
1745434937492,213343,399991,0.5334
1745434937521,213532,400082,0.5337
1745434937571,213707,400165,0.5340
1745434937573,213859,400236,0.5343
1745434937615,213979,400290,0.5346
1745434937638,214059,400328,0.5347
1745434937681,214098,400350,0.5348
1745434937685,214103,400360,0.5348
1745434937715,214087,400362,0.5347
1745434937841,214067,400362,0.5347
1745434937842,214069,400369,0.5347
1745434937843,214111,400388,0.5348
1745434937860,214208,400429,0.5349
1745434937892,214361,400504,0.5352
1745434937930,214561,400637,0.5355
1745434937958,214787,400862,0.5358
1745434937994,215011,401208,0.5359
1745434938051,215199,401676,0.5358
1745434938052,215330,402226,0.5353
1745434938099,215400,402793,0.5348
1745434938100,215415,403305,0.5341
1745434938123,215394,403705,0.5335
1745434938160,215352,403970,0.5331
1745434938196,215308,404106,0.5328
1745434938228,215272,404142,0.5327
1745434938350,215248,404116,0.5326
1745434938365,215231,404057,0.5327
1745434938366,215215,403989,0.5327
1745434938367,215197,403926,0.5328
1745434938398,215179,403875,0.5328
1745434938421,215162,403834,0.5328
1745434938435,215139,403795,0.5328
1745434938465,215103,403750,0.5328
1745434938502,215054,403697,0.5327
1745434938552,215001,403642,0.5327
1745434938586,214962,403599,0.5326
1745434938628,214959,403585,0.5326
1745434938634,215014,403616,0.5327
1745434938661,215143,403704,0.5329
1745434938714,215345,403848,0.5332
1745434938747,215596,404032,0.5336
1745434938771,215853,404225,0.5340
1745434938787,216067,404395,0.5343
1745434938826,216198,404514,0.5345
1745434938865,216221,404565,0.5345
1745434938894,216135,404546,0.5343
1745434938929,215962,404467,0.5339
1745434938959,215732,404344,0.5335
1745434938998,215470,404191,0.5331
1745434939055,215189,404016,0.5326
1745434939073,214903,403830,0.5322
1745434939086,214630,403649,0.5317
1745434939110,214396,403496,0.5313
1745434939154,214216,403383,0.5310
1745434939155,214092,403312,0.5308
1745434939191,214014,403272,0.5307
1745434939230,213967,403254,0.5306
1745434939284,213941,403247,0.5305
1745434939305,213926,403246,0.5305
1745434939382,213920,403251,0.5305
1745434939384,213923,403264,0.5305
1745434939385,213941,403290,0.5305
1745434939424,213974,403330,0.5305
1745434939451,214023,403380,0.5306
1745434939475,214085,403437,0.5307
1745434939500,214162,403498,0.5308
1745434939547,214252,403561,0.5309
1745434939574,214354,403625,0.5311
1745434939611,214465,403691,0.5313
1745434939644,214592,403770,0.5315
1745434939683,214749,403871,0.5317
1745434939707,214939,403997,0.5320
1745434939744,215157,404144,0.5324
1745434939803,215391,404302,0.5327
1745434939805,215631,404463,0.5331
1745434939869,215871,404623,0.5335
1745434939870,216108,404780,0.5339
1745434939885,216334,404929,0.5343
1745434939909,216542,405066,0.5346
1745434939951,216730,405191,0.5349
1745434939982,216892,405301,0.5351
1745434940027,217026,405394,0.5353
1745434940067,217131,405470,0.5355
1745434940087,217211,405528,0.5356
1745434940100,217281,405576,0.5357
1745434940137,217363,405625,0.5359
1745434940170,217481,405691,0.5361
1745434940233,217657,405787,0.5364
1745434940234,217900,405922,0.5368
1745434940259,218198,406091,0.5373
1745434940301,218527,406280,0.5379
1745434940319,218857,406469,0.5384
1745434940348,219164,406644,0.5390
1745434940386,219429,406791,0.5394
1745434940442,219635,406904,0.5398
1745434940471,219772,406978,0.5400
1745434940483,219843,407015,0.5401
1745434940508,219862,407023,0.5402
1745434940551,219849,407014,0.5402
1745434940574,219825,406998,0.5401
1745434940610,219805,406983,0.5401
1745434940638,219798,406973,0.5401
1745434940683,219808,406969,0.5401
1745434940685,219834,406970,0.5402
1745434940735,219874,406977,0.5403
1745434940776,219930,406992,0.5404
1745434940790,220012,407023,0.5405
1745434940844,220131,407080,0.5408
1745434940892,220290,407164,0.5410
1745434940894,220477,407272,0.5414
1745434940937,220678,407394,0.5417
1745434940952,220885,407523,0.5420
1745434940972,221098,407655,0.5424
1745434941035,221321,407792,0.5427
1745434941037,221560,407934,0.5431
1745434941083,221815,408082,0.5436
1745434941102,222084,408235,0.5440
1745434941135,222360,408393,0.5445
1745434941167,222639,408550,0.5449
1745434941196,222923,408706,0.5454
1745434941237,223221,408862,0.5460
1745434941310,223545,409019,0.5465
1745434941333,223905,409182,0.5472
1745434941334,224297,409349,0.5479
1745434941366,224704,409518,0.5487
1745434941393,225105,409694,0.5494
1745434941432,225487,409912,0.5501
1745434941462,225849,410239,0.5505
1745434941465,226184,410755,0.5507
1745434941535,226482,411494,0.5504
1745434941570,226738,412423,0.5498
1745434941574,226957,413440,0.5489
1745434941609,227152,414420,0.5481
1745434941653,227336,415248,0.5475
1745434941675,227513,415856,0.5471
1745434941702,227673,416228,0.5470
1745434941796,227804,416393,0.5471
1745434941852,227895,416405,0.5473
1745434941855,227948,416328,0.5475
1745434941894,227979,416223,0.5477
1745434941896,228018,416133,0.5479
1745434941897,228099,416089,0.5482
1745434941945,228247,416101,0.5485
1745434941947,228469,416166,0.5490
1745434941977,228756,416270,0.5495
1745434942009,229092,416398,0.5502
1745434942048,229462,416537,0.5509
1745434942074,229851,416679,0.5516
1745434942117,230238,416814,0.5524
1745434942143,230596,416938,0.5531
1745434942173,230903,417067,0.5536
1745434942202,231158,417245,0.5540
1745434942271,231375,417531,0.5542
1745434942291,231572,417967,0.5540
1745434942292,231760,418549,0.5537
1745434942328,231942,419220,0.5533
1745434942366,232113,419894,0.5528
1745434942401,232269,420487,0.5524
1745434942423,232410,420944,0.5521
1745434942470,232538,421249,0.5520
1745434942472,232660,421418,0.5521
1745434942531,232779,421486,0.5523
1745434942532,232895,421493,0.5525
1745434942568,233012,421476,0.5528
1745434942617,233138,421462,0.5532
1745434942678,233283,421471,0.5535
1745434942695,233456,421512,0.5539
1745434942696,233651,421581,0.5542
1745434942729,233845,421664,0.5546
1745434942787,234005,421739,0.5549
1745434942887,234108,421793,0.5550
1745434942894,234169,421838,0.5551
1745434942895,234236,421905,0.5552
1745434942896,234369,422030,0.5553
1745434942937,234604,422232,0.5556
1745434942947,234934,422502,0.5561
1745434942987,235321,422813,0.5566
1745434943124,235712,423127,0.5571
1745434943146,236054,423410,0.5575
1745434943148,236309,423636,0.5578
1745434943149,236453,423789,0.5580
1745434943171,236481,423865,0.5579
1745434943188,236402,423868,0.5577
1745434943191,236237,423808,0.5574
1745434943230,236012,423699,0.5570
1745434943254,235752,423553,0.5566
1745434943280,235478,423378,0.5562
1745434943337,235207,423187,0.5558
1745434943378,234949,422993,0.5554
1745434943385,234712,422806,0.5551
1745434943428,234496,422638,0.5548
1745434943462,234305,422498,0.5546
1745434943490,234151,422397,0.5543
1745434943534,234048,422339,0.5542
1745434943621,233999,422321,0.5541
1745434943642,233990,422330,0.5540
1745434943644,233995,422345,0.5540
1745434943645,233989,422351,0.5540
1745434943678,233955,422337,0.5540
1745434943685,233878,422297,0.5538
1745434943747,233746,422225,0.5536
1745434943768,233564,422125,0.5533
1745434943803,233359,422015,0.5530
1745434943853,233181,421920,0.5527
1745434943868,233078,421868,0.5525
1745434943882,233092,421879,0.5525
1745434943980,233237,421965,0.5527
1745434943991,233509,422122,0.5532
1745434943992,233879,422333,0.5538
1745434944026,234299,422569,0.5545
1745434944058,234709,422792,0.5551
1745434944071,235062,422973,0.5557
1745434944126,235334,423094,0.5562
1745434944161,235536,423163,0.5566
1745434944165,235693,423197,0.5569
1745434944200,235825,423214,0.5572
1745434944237,235935,423225,0.5575
1745434944260,236011,423233,0.5576
1745434944298,236041,423236,0.5577
1745434944326,236019,423231,0.5577
1745434944361,235944,423216,0.5575
1745434944456,235818,423187,0.5572
1745434944458,235647,423140,0.5569
1745434944532,235442,423077,0.5565
1745434944547,235224,423000,0.5561
1745434944548,235016,422918,0.5557
1745434944550,234843,422842,0.5554
1745434944570,234720,422781,0.5552
1745434944600,234652,422742,0.5551
1745434944631,234644,422730,0.5551
1745434944660,234692,422744,0.5552
1745434944698,234784,422782,0.5553
1745434944728,234907,422839,0.5555
1745434944763,235055,422916,0.5558
1745434944786,235232,423018,0.5561
1745434944837,235446,423148,0.5564
1745434944875,235689,423302,0.5568
1745434944885,235938,423465,0.5572
1745434944963,236163,423616,0.5575
1745434944977,236342,423738,0.5578
1745434944979,236471,423824,0.5579
1745434945016,236572,423882,0.5581
1745434945050,236680,423926,0.5583
1745434945087,236827,423974,0.5586
1745434945103,237019,424033,0.5590
1745434945125,237232,424095,0.5594
1745434945159,237424,424148,0.5598
1745434945201,237561,424179,0.5600
1745434945244,237633,424188,0.5602
1745434945273,237666,424186,0.5603
1745434945430,237703,424193,0.5604
1745434945438,237779,424220,0.5605
1745434945439,237909,424270,0.5607
1745434945441,238079,424336,0.5611
1745434945442,238266,424406,0.5614
1745434945466,238463,424478,0.5618
1745434945470,238691,424558,0.5622
1745434945503,238990,424663,0.5628
1745434945551,239398,424810,0.5635
1745434945602,239937,425013,0.5645
1745434945624,240603,425290,0.5657
1745434945636,241375,425678,0.5670
1745434945665,242224,426239,0.5683
1745434945695,243125,427037,0.5693
1745434945730,244061,428092,0.5701
1745434945763,245016,429345,0.5707
1745434945792,245964,430666,0.5711
1745434945892,246869,431902,0.5716
1745434945903,247697,432930,0.5721
1745434945904,248440,433706,0.5728
1745434945930,249129,434280,0.5737
1745434945977,249831,434779,0.5746
1745434945985,250614,435349,0.5757
1745434946033,251506,436081,0.5767
1745434946070,252466,436967,0.5778
1745434946102,253385,437909,0.5786
1745434946103,254114,438762,0.5792
1745434946140,254505,439389,0.5792
1745434946183,254474,439706,0.5787
1745434946190,254036,439713,0.5777
1745434946227,253301,439479,0.5764
1745434946266,252428,439109,0.5749
1745434946416,251559,438705,0.5734
1745434946417,250793,438339,0.5721
1745434946418,250190,438061,0.5711
1745434946419,249788,437897,0.5704
1745434946420,249604,437857,0.5701
1745434946445,249625,437932,0.5700
1745434946487,249814,438097,0.5702
1745434946515,250125,438322,0.5706
1745434946542,250509,438577,0.5712
1745434946565,250915,438834,0.5718
1745434946595,251293,439067,0.5723
1745434946627,251607,439259,0.5728
1745434946683,251852,439410,0.5732
1745434946737,252059,439535,0.5735
1745434946739,252278,439656,0.5738
1745434946761,252552,439791,0.5743
1745434946816,252899,439949,0.5748
1745434946845,253301,440121,0.5755
1745434946851,253706,440288,0.5762
1745434946914,254059,440425,0.5768
1745434946924,254330,440522,0.5773
1745434946971,254528,440582,0.5777
1745434946975,254646,440599,0.5780
1745434947003,254590,440534,0.5779
1745434947046,254162,440302,0.5772
1745434947076,253138,439807,0.5756
1745434947117,251406,439001,0.5727
1745434947135,249060,437931,0.5687
1745434947165,246358,436707,0.5641
1745434947195,243581,435433,0.5594
1745434947229,240898,434140,0.5549
1745434947274,238344,432804,0.5507
1745434947294,235913,431413,0.5468
1745434947332,233653,430030,0.5433
1745434947362,231680,428777,0.5403
1745434947390,230108,427765,0.5379
1745434947500,228971,427031,0.5362
1745434947533,228200,426527,0.5350
1745434947534,227681,426171,0.5342
1745434947536,227319,425902,0.5337
1745434947540,227068,425701,0.5334
1745434947578,226906,425563,0.5332
1745434947608,226814,425475,0.5331
1745434947783,226763,425410,0.5330
1745434947797,226729,425348,0.5330
1745434947798,226692,425280,0.5330
1745434947799,226638,425216,0.5330
1745434947800,226569,425180,0.5329
1745434947800,226506,425203,0.5327
1745434947825,226480,425310,0.5325
1745434947862,226518,425504,0.5324
1745434947917,226626,425762,0.5323
1745434947918,226794,426051,0.5323
1745434948004,226999,426334,0.5324
1745434948022,227213,426580,0.5326
1745434948023,227403,426764,0.5329
1745434948045,227546,426878,0.5330
1745434948065,227630,426935,0.5332
1745434948102,227650,426959,0.5332
1745434948262,227607,426980,0.5331
1745434948277,227542,427040,0.5328
1745434948279,227581,427217,0.5327
1745434948280,227940,427622,0.5330
1745434948281,228840,428358,0.5342
1745434948305,230369,429441,0.5364
1745434948320,232378,430756,0.5395
1745434948350,234536,432095,0.5428
1745434948380,236505,433266,0.5459
1745434948437,238116,434178,0.5484
1745434948486,239426,434870,0.5506
1745434948502,240622,435449,0.5526
1745434948530,241872,436011,0.5547
1745434948564,243218,436587,0.5571
1745434948602,244555,437139,0.5594
1745434948616,245685,437579,0.5615
1745434948750,246396,437815,0.5628
1745434948751,246525,437773,0.5631
1745434948752,245987,437418,0.5624
1745434948753,244773,436755,0.5604
1745434948776,242950,435825,0.5574
1745434948785,240657,434704,0.5536
1745434948815,238101,433495,0.5493
1745434948845,235535,432315,0.5448
1745434948903,233218,431285,0.5408
1745434948920,231381,430520,0.5374
1745434949014,230204,430115,0.5352
1745434949015,229797,430139,0.5342
1745434949017,230173,430606,0.5345
1745434949054,231202,431442,0.5359
1745434949098,232600,432481,0.5378
1745434949102,233965,433491,0.5397
1745434949140,234851,434222,0.5409
1745434949236,234849,434455,0.5406
1745434949243,233647,434003,0.5384
1745434949244,231073,432712,0.5340
1745434949265,227127,430451,0.5276
1745434949299,222012,427168,0.5197
1745434949325,216145,422972,0.5110
1745434949361,210120,418192,0.5024
1745434949405,204597,413348,0.4950
1745434949421,200136,408998,0.4893
1745434949452,197036,405559,0.4858
1745434949500,195252,403174,0.4843
1745434949528,194418,401678,0.4840
1745434949535,193968,400663,0.4841
1745434949565,193312,399612,0.4837
1745434949614,192007,398064,0.4824
1745434949778,189885,395758,0.4798
1745434949780,187086,392721,0.4764
1745434949780,183997,389254,0.4727
1745434949782,181120,385835,0.4694
1745434949783,178909,382942,0.4672
1745434949810,177641,380902,0.4664
1745434949820,177372,379818,0.4670
1745434949850,177993,379597,0.4689
1745434949880,179337,380066,0.4719
1745434949920,181272,381075,0.4757
1745434949987,183721,382537,0.4803
1745434949993,186617,384392,0.4855
1745434950028,189833,386546,0.4911
1745434950063,193165,388838,0.4968
1745434950098,196382,391078,0.5022
1745434950126,199304,393101,0.5070
1745434950135,201856,394808,0.5113
1745434950186,204054,396173,0.5151
1745434950204,205956,397214,0.5185
1745434950267,207601,397967,0.5217
1745434950272,208979,398469,0.5245
1745434950285,210048,398757,0.5268
1745434950316,210765,398872,0.5284
1745434950380,211118,398856,0.5293
1745434950413,211138,398754,0.5295
1745434950543,210891,398597,0.5291
1745434950551,210456,398400,0.5283
1745434950552,209898,398156,0.5272
1745434950554,209253,397831,0.5260
1745434950555,208518,397380,0.5247
1745434950579,207671,396752,0.5234
1745434950617,206678,395912,0.5220
1745434950650,205529,394855,0.5205
1745434950677,204266,393633,0.5189
1745434950712,203015,392367,0.5174
1745434950746,201977,391227,0.5163
1745434950783,201371,390385,0.5158
1745434950804,201343,389955,0.5163
1745434950869,201908,389957,0.5178
1745434950870,202924,390305,0.5199
1745434950892,204143,390849,0.5223
1745434950935,205291,391421,0.5245
1745434950971,206174,391900,0.5261
1745434951007,206734,392248,0.5271
1745434951025,207057,392506,0.5275
1745434951035,207310,392762,0.5278
1745434951067,207656,393090,0.5283
1745434951135,208193,393523,0.5290
1745434951144,208927,394039,0.5302
1745434951183,209798,394584,0.5317
1745434951210,210715,395101,0.5333
1745434951246,211592,395545,0.5349
1745434951273,212369,395899,0.5364
1745434951313,213017,396166,0.5377
1745434951338,213532,396365,0.5387
1745434951350,213932,396524,0.5395
1745434951533,214252,396678,0.5401
1745434951546,214549,396865,0.5406
1745434951550,214891,397123,0.5411
1745434951551,215352,397481,0.5418
1745434951552,215991,397962,0.5427
1745434951553,216840,398583,0.5440
1745434951579,217880,399373,0.5456
1745434951608,219049,400361,0.5471
1745434951648,220260,401555,0.5485
1745434951670,221423,402908,0.5496
1745434951733,222464,404317,0.5502
1745434951776,223336,405647,0.5506
1745434951780,224025,406776,0.5507
1745434951785,224555,407633,0.5509
1745434951829,224978,408214,0.5511
1745434951881,225353,408563,0.5516
1745434952046,225721,408752,0.5522
1745434952050,226094,408846,0.5530
1745434952052,226447,408893,0.5538
1745434952054,226740,408918,0.5545
1745434952055,226941,408929,0.5550
1745434952059,227042,408930,0.5552
1745434952094,227070,408929,0.5553
1745434952100,227074,408934,0.5553
1745434952144,227105,408958,0.5553
1745434952188,227206,409006,0.5555
1745434952228,227404,409084,0.5559
1745434952235,227709,409192,0.5565
1745434952268,228120,409332,0.5573
1745434952297,228625,409503,0.5583
1745434952325,229207,409717,0.5594
1745434952368,229850,410002,0.5606
1745434952385,230535,410400,0.5617
1745434952538,231230,410944,0.5627
1745434952550,231892,411626,0.5634
1745434952553,232476,412394,0.5637
1745434952554,232957,413163,0.5638
1745434952556,233336,413855,0.5638
1745434952580,233628,414410,0.5638
1745434952610,233855,414805,0.5638
1745434952655,234028,415048,0.5639
1745434952688,234159,415169,0.5640
1745434952700,234253,415206,0.5642
1745434952737,234322,415199,0.5644
1745434952776,234379,415180,0.5645
1745434952816,234439,415169,0.5647
1745434952820,234516,415178,0.5649
1745434952852,234626,415214,0.5651
1745434952894,234774,415275,0.5653
1745434952933,234958,415356,0.5657
1745434952957,235163,415446,0.5660
1745434953001,235371,415535,0.5664
1745434953021,235562,415612,0.5668
1745434953045,235721,415670,0.5671
1745434953079,235842,415708,0.5673
1745434953119,235934,415730,0.5675
1745434953141,236006,415745,0.5677
1745434953167,236071,415762,0.5678
1745434953195,236141,415802,0.5679
1745434953227,236232,415913,0.5680
1745434953266,236360,416174,0.5679
1745434953287,236532,416660,0.5677
1745434953441,236741,417395,0.5672
1745434953442,236972,418328,0.5665
1745434953443,237209,419344,0.5657
1745434953444,237438,420306,0.5649
1745434953450,237647,421097,0.5644
1745434953480,237823,421655,0.5640
1745434953520,237965,421974,0.5639
1745434953555,238080,422099,0.5640
1745434953574,238184,422098,0.5643
1745434953654,238294,422042,0.5646
1745434953665,238414,421983,0.5650
1745434953666,238539,421949,0.5653
1745434953719,238655,421945,0.5656
1745434953749,238745,421963,0.5658
1745434953776,238796,421987,0.5659
1745434953816,238800,422002,0.5659
1745434953860,238754,421997,0.5658
1745434953890,238653,421965,0.5656
1745434953913,238492,421902,0.5653
1745434953926,238271,421810,0.5649
1745434953987,238004,421695,0.5644
1745434953990,237719,421573,0.5639
1745434954023,237447,421460,0.5634
1745434954070,237214,421368,0.5630
1745434954080,237031,421303,0.5626
1745434954112,236901,421265,0.5624
1745434954151,236818,421251,0.5622
1745434954170,236776,421254,0.5621
1745434954200,236770,421269,0.5620
1745434954230,236808,421298,0.5621
1745434954263,236908,421351,0.5623
1745434954362,237084,421436,0.5626
1745434954373,237332,421553,0.5630
1745434954395,237622,421690,0.5635
1745434954398,237903,421824,0.5640
1745434954425,238123,421931,0.5644
1745434954459,238240,421992,0.5646
1745434954496,238241,422000,0.5646
1745434954527,238146,421966,0.5644
1745434954567,238003,421910,0.5641
1745434954602,237865,421858,0.5639
1745434954621,237768,421825,0.5637
1745434954663,237726,421817,0.5636
1745434954665,237733,421831,0.5636
1745434954733,237782,421863,0.5636
1745434954752,237860,421904,0.5638
1745434954786,237954,421947,0.5639
1745434954808,238048,421987,0.5641
1745434954848,238129,422020,0.5643
1745434954876,238191,422044,0.5644
1745434954916,238233,422063,0.5644
1745434954920,238256,422078,0.5645
1745434954950,238264,422092,0.5645
1745434954980,238261,422105,0.5645
1745434955010,238246,422117,0.5644
1745434955055,238214,422124,0.5643
1745434955070,238159,422122,0.5642
1745434955157,238083,422106,0.5640
1745434955175,237990,422077,0.5639
1745434955215,237886,422036,0.5637
1745434955240,237775,421985,0.5635
1745434955242,237662,421928,0.5633
1745434955267,237555,421871,0.5631
1745434955337,237457,421820,0.5629
1745434955342,237369,421777,0.5628
1745434955374,237288,421743,0.5626
1745434955410,237216,421720,0.5625
1745434955418,237163,421712,0.5624
1745434955445,237141,421724,0.5623
1745434955483,237154,421758,0.5623
1745434955509,237203,421814,0.5623
1745434955550,237290,421891,0.5624
1745434955697,237421,421991,0.5626
1745434955715,237610,422119,0.5629
1745434955716,237875,422279,0.5633
1745434955717,238230,422474,0.5639
1745434955718,238681,422705,0.5647
1745434955750,239213,422966,0.5656
1745434955772,239788,423240,0.5666
1745434955809,240348,423505,0.5675
1745434955820,240833,423736,0.5684
1745434955854,241188,423911,0.5690
1745434955901,241383,424015,0.5693
1745434955929,241413,424047,0.5693
1745434955966,241303,424018,0.5691
1745434955984,241101,423948,0.5687
1745434956020,240860,423861,0.5683
1745434956058,240628,423775,0.5678
1745434956186,240437,423706,0.5675
1745434956195,240306,423660,0.5672
1745434956196,240238,423636,0.5671
1745434956197,240218,423629,0.5670
1745434956198,240210,423624,0.5670
1745434956236,240174,423606,0.5670
1745434956277,240078,423565,0.5668
1745434956306,239915,423501,0.5665
1745434956345,239696,423417,0.5661
1745434956380,239443,423323,0.5656
1745434956408,239182,423224,0.5651
1745434956450,238931,423128,0.5647
1745434956454,238697,423033,0.5643
1745434956502,238470,422935,0.5638
1745434956530,238232,422827,0.5634
1745434956540,237967,422701,0.5630
1745434956581,237667,422554,0.5625
1745434956625,237333,422386,0.5619
1745434956645,236979,422205,0.5613
1745434956684,236629,422022,0.5607
1745434956710,236300,421847,0.5602
1745434956751,236000,421685,0.5597
1745434956781,235723,421536,0.5592
1745434956810,235463,421399,0.5588
1745434956852,235226,421279,0.5584
1745434956900,235024,421182,0.5580
1745434956904,234868,421114,0.5577
1745434956932,234763,421075,0.5575
1745434956961,234707,421063,0.5574
1745434956999,234691,421073,0.5574
1745434957028,234700,421095,0.5574
1745434957125,234722,421123,0.5574
1745434957132,234748,421152,0.5574
1745434957164,234778,421180,0.5574
1745434957165,234812,421207,0.5575
1745434957169,234850,421234,0.5575
1745434957230,234894,421259,0.5576
1745434957232,234942,421282,0.5577
1745434957262,234992,421301,0.5578
1745434957318,235036,421313,0.5579
1745434957320,235073,421320,0.5579
1745434957352,235098,421322,0.5580
1745434957388,235106,421318,0.5580
1745434957437,235085,421303,0.5580
1745434957470,235022,421274,0.5579
1745434957513,234916,421229,0.5577
1745434957552,234775,421172,0.5574
1745434957553,234611,421108,0.5571
1745434957580,234435,421042,0.5568
1745434957611,234255,420977,0.5565
1745434957648,234081,420917,0.5561
1745434957686,233927,420868,0.5558
1745434957754,233813,420838,0.5556
1745434957755,233752,420831,0.5555
1745434957787,233755,420852,0.5554
1745434957812,233818,420897,0.5555
1745434957844,233922,420958,0.5557
1745434957879,234042,421020,0.5559
1745434957906,234146,421069,0.5561
1745434957950,234202,421089,0.5562
1745434957976,234189,421073,0.5562
1745434957997,234101,421020,0.5560
1745434958028,233954,420941,0.5558
1745434958062,233771,420848,0.5555
1745434958120,233573,420750,0.5551
1745434958165,233373,420655,0.5548
1745434958169,233186,420568,0.5545
1745434958192,233027,420495,0.5542
1745434958212,232909,420441,0.5540
1745434958252,232839,420410,0.5538
1745434958265,232814,420396,0.5538
1745434958300,232826,420393,0.5538
1745434958424,232869,420393,0.5539
1745434958425,232942,420391,0.5541
1745434958426,233049,420388,0.5544
1745434958427,233198,420392,0.5547
1745434958465,233386,420410,0.5551
1745434958504,233602,420449,0.5556
1745434958529,233825,420508,0.5561
1745434958555,234039,420585,0.5565
1745434958603,234232,420673,0.5568
1745434958638,234402,420770,0.5571
1745434958662,234559,420874,0.5573
1745434958670,234715,420988,0.5575
1745434958709,234878,421110,0.5578
1745434958753,235044,421234,0.5580
1745434958767,235201,421352,0.5582
1745434958949,235344,421462,0.5584
1745434958953,235474,421561,0.5586
1745434958954,235595,421652,0.5587
1745434958956,235708,421735,0.5589
1745434958957,235813,421811,0.5590
1745434958971,235913,421881,0.5592
1745434958993,236013,421949,0.5593
1745434959027,236116,422017,0.5595
1745434959068,236219,422084,0.5596
1745434959083,236315,422148,0.5598
1745434959162,236397,422204,0.5599
1745434959165,236462,422250,0.5600
1745434959166,236515,422284,0.5601
1745434959210,236566,422312,0.5602
1745434959248,236628,422339,0.5603
1745434959277,236717,422374,0.5604
1745434959328,236835,422423,0.5607
1745434959366,236976,422485,0.5609
1745434959367,237121,422555,0.5612
1745434959397,237257,422629,0.5614
1745434959428,237381,422704,0.5616
1745434959470,237497,422783,0.5617
1745434959483,237611,422870,0.5619
1745434959511,237726,422964,0.5620
1745434959553,237836,423064,0.5622
1745434959618,237936,423168,0.5623
1745434959622,238022,423275,0.5623
1745434959661,238094,423384,0.5624
1745434959701,238158,423495,0.5624
1745434959705,238227,423608,0.5624
1745434959749,238317,423723,0.5624
1745434959786,238433,423836,0.5626
1745434959821,238570,423938,0.5627
1745434959841,238716,424022,0.5630
1745434959855,238863,424087,0.5632
1745434959884,239016,424138,0.5635
1745434959921,239180,424187,0.5639
1745434960037,239347,424235,0.5642
1745434960038,239497,424281,0.5645
1745434960040,239608,424318,0.5647
1745434960062,239675,424344,0.5648
1745434960080,239713,424363,0.5649
1745434960136,239744,424384,0.5649
1745434960156,239781,424410,0.5650
1745434960193,239823,424442,0.5650
1745434960215,239856,424473,0.5651
1745434960239,239866,424495,0.5651
1745434960275,239847,424506,0.5650
1745434960333,239803,424504,0.5649
1745434960337,239742,424492,0.5648
1745434960400,239675,424473,0.5646
1745434960401,239614,424450,0.5645
1745434960439,239575,424430,0.5645
1745434960456,239572,424417,0.5645
1745434960485,239614,424417,0.5646
1745434960514,239697,424432,0.5647
1745434960552,239806,424457,0.5650
1745434960589,239917,424486,0.5652
1745434960625,240005,424511,0.5654
1745434960634,240059,424528,0.5655
1745434960668,240085,424539,0.5655
1745434960719,240102,424548,0.5655
1745434960770,240134,424562,0.5656
1745434960771,240199,424587,0.5657
1745434960800,240309,424627,0.5659
1745434960839,240469,424685,0.5662
1745434960881,240677,424761,0.5666
1745434960915,240925,424853,0.5671
1745434961050,241199,424954,0.5676
1745434961069,241486,425060,0.5681
1745434961070,241770,425163,0.5687
1745434961071,242039,425259,0.5692
1745434961073,242286,425344,0.5696
1745434961096,242510,425419,0.5700
1745434961126,242712,425484,0.5704
1745434961162,242892,425539,0.5708
1745434961190,243040,425582,0.5711
1745434961205,243144,425610,0.5713
1745434961300,243206,425622,0.5714
1745434961301,243243,425626,0.5715
1745434961302,243289,425632,0.5716
1745434961333,243378,425651,0.5718
1745434961356,243526,425690,0.5721
1745434961398,243723,425746,0.5725
1745434961472,243935,425807,0.5729
1745434961490,244124,425862,0.5732
1745434961582,244275,425906,0.5735
1745434961583,244393,425940,0.5738
1745434961585,244487,425966,0.5740
1745434961586,244546,425978,0.5741
1745434961618,244539,425966,0.5741
1745434961663,244442,425921,0.5739
1745434961669,244266,425846,0.5736
1745434961700,244053,425754,0.5732
1745434961754,243846,425662,0.5729
1745434961788,243663,425575,0.5725
1745434961807,243486,425491,0.5722
1745434961843,243278,425402,0.5719
1745434961887,243010,425302,0.5714
1745434961900,242679,425192,0.5708
1745434961950,242316,425080,0.5700
1745434961955,241964,424976,0.5694
1745434962010,241657,424883,0.5688
1745434962030,241393,424793,0.5683
1745434962051,241146,424692,0.5678
1745434962077,240865,424564,0.5673
1745434962115,240471,424385,0.5666
1745434962142,239846,424120,0.5655
1745434962215,238871,423730,0.5637
1745434962218,237502,423202,0.5612
1745434962247,235859,422587,0.5581
1745434962285,234220,421998,0.5550
1745434962317,232892,421552,0.5525
1745434962353,232018,421287,0.5507
1745434962381,231477,421124,0.5497
1745434962442,230972,420923,0.5487
1745434962459,230254,420593,0.5475
1745434962461,229323,420179,0.5458
1745434962511,228432,419842,0.5441
1745434962525,227888,419735,0.5429
1745434962589,227797,419873,0.5425
1745434962604,227957,420094,0.5426
1745434962616,227992,420169,0.5426
1745434962649,227616,419954,0.5420
1745434962676,226805,419482,0.5407
1745434962720,225775,418921,0.5389
1745434962749,224798,418443,0.5372
1745434962777,224031,418122,0.5358
1745434962806,223463,417920,0.5347
1745434962856,222989,417751,0.5338
1745434962864,222498,417550,0.5329
1745434962903,221934,417298,0.5318
1745434962976,221282,416999,0.5307
1745434963081,220546,416663,0.5293
1745434963094,219735,416293,0.5278
1745434963095,218855,415890,0.5262
1745434963096,217913,415460,0.5245
1745434963097,216920,415011,0.5227
1745434963129,215901,414556,0.5208
1745434963156,214885,414106,0.5189
1745434963169,213902,413666,0.5171
1745434963205,212972,413239,0.5154
1745434963252,212118,412834,0.5138
1745434963298,211378,412480,0.5125
1745434963304,210812,412231,0.5114
1745434963334,210499,412150,0.5107
1745434963369,210532,412303,0.5106
1745434963396,211013,412757,0.5112
1745434963571,212024,413547,0.5127
1745434963590,213564,414640,0.5151
1745434963592,215491,415903,0.5181
1745434963593,217507,417115,0.5215
1745434963594,219231,418034,0.5244
1745434963597,220350,418496,0.5265
1745434963604,220752,418493,0.5275
1745434963658,220570,418174,0.5275
1745434963701,220107,417771,0.5269
1745434963722,219687,417486,0.5262
1745434963764,219526,417423,0.5259
1745434963769,219685,417573,0.5261
1745434963799,220087,417853,0.5267
1745434963834,220593,418160,0.5275
1745434963869,221056,418410,0.5283
1745434963903,221381,418563,0.5289
1745434963941,221537,418616,0.5292
1745434963954,221556,418600,0.5293
1745434964002,221501,418556,0.5292
1745434964067,221438,418521,0.5291
1745434964085,221414,418517,0.5290
1745434964110,221452,418554,0.5291
1745434964131,221552,418631,0.5292
1745434964165,221699,418737,0.5294
1745434964196,221873,418854,0.5297
1745434964204,222059,418971,0.5300
1745434964236,222262,419086,0.5303
1745434964268,222495,419206,0.5308
1745434964305,222768,419341,0.5312
1745434964383,223074,419492,0.5318
1745434964387,223387,419651,0.5323
1745434964449,223675,419803,0.5328
1745434964475,223914,419935,0.5332
1745434964492,224091,420039,0.5335
1745434964557,224214,420116,0.5337
1745434964558,224305,420173,0.5338
1745434964560,224390,420222,0.5340
1745434964617,224491,420273,0.5342
1745434964619,224625,420337,0.5344
1745434964650,224802,420419,0.5347
1745434964689,225021,420523,0.5351
1745434964717,225273,420646,0.5355
1745434964785,225540,420777,0.5360
1745434964787,225800,420908,0.5365
1745434964820,226044,421031,0.5369
1745434964834,226270,421147,0.5373
1745434964875,226480,421257,0.5376
1745434964923,226676,421363,0.5380
1745434964965,226856,421463,0.5383
1745434964968,227022,421557,0.5385
1745434965095,227180,421644,0.5388
1745434965098,227335,421727,0.5391
1745434965099,227488,421805,0.5393
1745434965100,227639,421874,0.5396
1745434965120,227791,421935,0.5399
1745434965153,227949,421989,0.5402
1745434965240,228118,422040,0.5405
1745434965243,228293,422090,0.5409
1745434965246,228461,422137,0.5412
1745434965303,228600,422177,0.5415
1745434965304,228690,422205,0.5417
1745434965341,228723,422218,0.5417
1745434965380,228706,422220,0.5417
1745434965401,228664,422219,0.5416
1745434965443,228624,422227,0.5415
1745434965455,228609,422251,0.5414
1745434965605,228630,422296,0.5414
1745434965621,228687,422357,0.5415
1745434965622,228770,422428,0.5416
1745434965624,228863,422500,0.5417
1745434965625,228950,422564,0.5418
1745434965651,229021,422612,0.5419
1745434965677,229069,422641,0.5420
1745434965717,229089,422649,0.5420
1745434965738,229075,422636,0.5420
1745434965785,229021,422603,0.5419
1745434965821,228923,422549,0.5418
1745434965872,228773,422475,0.5415
1745434965873,228567,422377,0.5411
1745434965942,228313,422258,0.5407
1745434965965,228037,422127,0.5402
1745434966002,227767,421996,0.5397
1745434966004,227524,421870,0.5393
1745434966024,227300,421744,0.5390
1745434966049,227066,421599,0.5386
1745434966101,226787,421416,0.5382
1745434966119,226439,421183,0.5376
1745434966178,226018,420897,0.5370
1745434966184,225539,420567,0.5363
1745434966229,225030,420211,0.5355
1745434966263,224528,419853,0.5348
1745434966300,224072,419517,0.5341
1745434966304,223698,419230,0.5336
1745434966334,223437,419016,0.5332
1745434966367,223313,418895,0.5331
1745434966410,223335,418875,0.5332
1745434966439,223490,418949,0.5335
1745434966464,223743,419096,0.5339
1745434966498,224050,419286,0.5344
1745434966530,224376,419493,0.5349
1745434966562,224700,419700,0.5354
1745434966698,225021,419904,0.5359
1745434966699,225346,420105,0.5364
1745434966700,225688,420308,0.5370
1745434966702,226061,420519,0.5376
1745434966728,226482,420744,0.5383
1745434966739,226965,420989,0.5391
1745434966771,227520,421256,0.5401
1745434966799,228161,421550,0.5412
1745434966946,228903,421872,0.5426
1745434966948,229755,422226,0.5442
1745434966950,230712,422609,0.5459
1745434966953,231740,423008,0.5478
1745434966954,232774,423400,0.5498
1745434967005,233723,423753,0.5516
1745434967043,234485,424031,0.5530
1745434967083,234982,424205,0.5539
1745434967085,235185,424266,0.5543
1745434967114,235136,424232,0.5543
1745434967151,234917,424135,0.5539
1745434967178,234621,424012,0.5533
1745434967212,234314,423890,0.5528
1745434967254,234035,423782,0.5523
1745434967320,233806,423698,0.5518
1745434967360,233650,423643,0.5515
1745434967362,233578,423620,0.5514
1745434967369,233586,423623,0.5514
1745434967402,233655,423644,0.5515
1745434967463,233769,423677,0.5518
1745434967472,233933,423728,0.5521
1745434967514,234163,423805,0.5525
1745434967519,234468,423915,0.5531
1745434967570,234842,424053,0.5538
1745434967591,235263,424203,0.5546
1745434967641,235697,424348,0.5554
1745434967647,236104,424466,0.5562
1745434967683,236443,424542,0.5569
1745434967823,236698,424573,0.5575
1745434967843,236876,424570,0.5579
1745434967844,237008,424550,0.5583
1745434967845,237124,424533,0.5586
1745434967847,237237,424527,0.5588
1745434967879,237338,424531,0.5591
1745434967910,237406,424536,0.5592
1745434967951,237425,424534,0.5593
1745434967955,237395,424519,0.5592
1745434967984,237333,424493,0.5591
1745434968014,237259,424461,0.5590
1745434968045,237183,424422,0.5588
1745434968103,237100,424376,0.5587
1745434968138,236996,424316,0.5585
1745434968149,236857,424241,0.5583
1745434968189,236675,424150,0.5580
1745434968235,236457,424046,0.5576
1745434968316,236207,423933,0.5572
1745434968341,235931,423811,0.5567
1745434968344,235620,423673,0.5561
1745434968366,235253,423501,0.5555
1745434968369,234792,423264,0.5547
1745434968402,234168,422911,0.5537
1745434968419,233297,422368,0.5524
1745434968487,232106,421567,0.5506
1745434968515,230580,420465,0.5484
1745434968549,228782,419074,0.5459
1745434968556,226840,417452,0.5434
1745434968584,224900,415687,0.5410
1745434968616,223093,413875,0.5390
1745434968685,221496,412101,0.5375
1745434968694,220123,410422,0.5363
1745434968704,218923,408861,0.5354
1745434968749,217811,407419,0.5346
1745434968787,216705,406079,0.5337
1745434968814,215554,404831,0.5325
1745434968841,214349,403659,0.5310
1745434968879,213111,402543,0.5294
1745434968918,211872,401449,0.5278
1745434968948,210677,400344,0.5262
1745434969038,209571,399209,0.5250
1745434969054,208582,398027,0.5240
1745434969058,207685,396762,0.5234
1745434969080,206793,395344,0.5231
1745434969081,205793,393696,0.5227
1745434969114,204617,391802,0.5222
1745434969153,203317,389775,0.5216
1745434969200,202096,387886,0.5210
1745434969298,201272,386522,0.5207
1745434969300,201182,386069,0.5211
1745434969302,202070,386778,0.5224
1745434969304,203998,388672,0.5249
1745434969334,206823,391523,0.5283
1745434969364,210224,394924,0.5323
1745434969396,213793,398406,0.5366
1745434969431,217133,401551,0.5407
1745434969473,219946,404079,0.5443
1745434969518,222076,405878,0.5472
1745434969519,223511,406982,0.5492
1745434969598,224349,407527,0.5505
1745434969611,224747,407691,0.5513
1745434969621,224869,407643,0.5516
1745434969649,224852,407516,0.5518
1745434969685,224796,407397,0.5518
1745434969720,224768,407331,0.5518
1745434969754,224803,407334,0.5519
1745434969770,224914,407401,0.5521
1745434969820,225089,407512,0.5524
1745434969842,225300,407637,0.5527
1745434969887,225512,407748,0.5531
1745434969901,225700,407830,0.5534
1745434969937,225853,407876,0.5537
1745434969979,225972,407897,0.5540
1745434970019,226070,407907,0.5542
1745434970056,226159,407923,0.5544
1745434970068,226252,407956,0.5546
1745434970106,226350,408009,0.5548
1745434970153,226446,408075,0.5549
1745434970154,226524,408144,0.5550
1745434970198,226568,408205,0.5550
1745434970206,226563,408247,0.5550
1745434970234,226501,408266,0.5548
1745434970264,226380,408257,0.5545
1745434970325,226206,408219,0.5541
1745434970339,225999,408156,0.5537
1745434970370,225786,408078,0.5533
1745434970418,225598,407995,0.5529
1745434970451,225462,407918,0.5527
1745434970479,225398,407855,0.5526
1745434970497,225412,407816,0.5527
1745434970527,225507,407806,0.5530
1745434970558,225679,407834,0.5534
1745434970600,225920,407903,0.5539
1745434970625,226218,408014,0.5544
1745434970667,226556,408161,0.5551
1745434970695,226916,408332,0.5557
1745434970736,227265,408509,0.5563
1745434970758,227559,408669,0.5568
1745434970800,227734,408782,0.5571
1745434970804,227736,408824,0.5571
1745434970974,227557,408791,0.5567
1745434970987,227260,408703,0.5561
1745434970988,226959,408602,0.5555
1745434970990,226779,408532,0.5551
1745434970991,226799,408519,0.5552
1745434970992,227037,408569,0.5557
1745434971041,227443,408663,0.5566
1745434971081,227934,408776,0.5576
1745434971094,228419,408882,0.5586
1745434971148,228828,408965,0.5595
1745434971150,229125,409021,0.5602
1745434971200,229304,409050,0.5606
1745434971229,229371,409056,0.5607
1745434971261,229339,409039,0.5607
1745434971269,229221,409000,0.5604
1745434971302,229036,408944,0.5601
1745434971330,228819,408878,0.5596
1745434971386,228613,408819,0.5592
1745434971415,228466,408784,0.5589
1745434971442,228410,408784,0.5588
1745434971472,228457,408821,0.5588
1745434971506,228603,408890,0.5591
1745434971549,228835,408980,0.5595
1745434971554,229124,409078,0.5601
1745434971584,229424,409166,0.5607
1745434971619,229677,409226,0.5612
1745434971663,229837,409246,0.5616
1745434971698,229884,409225,0.5618
1745434971704,229823,409167,0.5617
1745434971737,229670,409075,0.5614
1745434971799,229451,408959,0.5611
1745434971833,229206,408830,0.5606
1745434971870,228993,408710,0.5603
1745434971872,228863,408622,0.5601
1745434971909,228837,408576,0.5601
1745434971929,228896,408572,0.5602
1745434971979,228995,408597,0.5604
1745434971989,229099,408641,0.5606
1745434972023,229198,408700,0.5608
1745434972066,229307,408777,0.5610
1745434972095,229447,408874,0.5612
1745434972135,229631,408991,0.5615
1745434972161,229858,409121,0.5618
1745434972197,230130,409268,0.5623
1745434972338,230485,409463,0.5629
1745434972351,231039,409811,0.5638
1745434972352,232015,410506,0.5652
1745434972354,233694,411795,0.5675
1745434972355,236276,413870,0.5709
1745434972382,239706,416746,0.5752
1745434972411,243590,420194,0.5797
1745434972443,247306,423793,0.5836
1745434972454,250287,427087,0.5860
1745434972506,252271,429747,0.5870
1745434972539,253329,431628,0.5869
1745434972580,253656,432714,0.5862
1745434972596,253305,432990,0.5850
1745434972635,252084,432380,0.5830
1745434972681,249691,430782,0.5796
1745434972692,245967,428178,0.5745
1745434972716,241075,424731,0.5676
1745434972764,235491,420779,0.5597
1745434972802,229850,416748,0.5515
1745434972819,224743,413035,0.5441
1745434972847,220569,409920,0.5381
1745434972882,217462,407509,0.5336
1745434972910,215307,405744,0.5306
1745434972958,213817,404442,0.5287
1745434972969,212658,403381,0.5272
1745434973020,211546,402380,0.5257
1745434973068,210306,401341,0.5240
1745434973070,208880,400244,0.5219
1745434973093,207310,399121,0.5194
1745434973135,205704,398014,0.5168
1745434973163,204178,396911,0.5144
1745434973201,202742,395642,0.5124
1745434973204,201202,393815,0.5109
1745434973283,199172,390892,0.5095
1745434973299,196223,386389,0.5078
1745434973325,192072,380085,0.5053
1745434973355,186705,372118,0.5017
1745434973369,180383,362935,0.4970
1745434973403,173556,353154,0.4914
1745434973456,166750,343452,0.4855
1745434973467,160474,334513,0.4797
1745434973494,155150,326997,0.4745
1745434973534,151035,321422,0.4699
1745434973558,148175,318008,0.4659
1745434973593,146454,316634,0.4625
1745434973739,145755,316977,0.4598
1745434973754,146088,318711,0.4584
1745434973755,147541,321529,0.4589
1745434973756,150052,324978,0.4617
1745434973757,153189,328270,0.4667
1745434973779,156108,330252,0.4727
1745434973812,157710,329586,0.4785
1745434973843,156965,325128,0.4828
1745434973870,153343,316475,0.4845
1745434973958,147219,304502,0.4835
1745434973959,140011,291509,0.4803
1745434973969,133839,280694,0.4768
1745434974008,130765,275041,0.4754
1745434974050,131965,276150,0.4779
1745434974079,137222,283540,0.4840
1745434974233,144968,294729,0.4919
1745434974237,152820,306014,0.4994
1745434974239,158364,313618,0.5050
1745434974241,159835,314742,0.5078
1745434974243,156471,308169,0.5077
1745434974269,148516,294307,0.5046
1745434974271,136985,274782,0.4985
1745434974333,123333,251852,0.4897
1745434974356,109142,227894,0.4789
1745434974400,95893,205163,0.4674
1745434974432,84833,185716,0.4568
1745434974436,76845,171270,0.4487
1745434974473,72312,162844,0.4441
1745434974521,71028,160419,0.4428
1745434974571,72265,162895,0.4436
1745434974592,74973,168377,0.4453
1745434974606,78041,174628,0.4469
1745434974636,80520,179540,0.4485
1745434974678,81804,181605,0.4504
1745434974680,81714,180279,0.4533
1745434974737,80482,176083,0.4571
1745434974755,78632,170384,0.4615
1745434974802,76787,164903,0.4656
1745434974849,75478,161147,0.4684
1745434974851,74996,159944,0.4689
1745434974878,75345,161259,0.4672
1745434974916,76288,164310,0.4643
1745434974950,77449,167883,0.4613
1745434975006,78426,170703,0.4594
1745434975027,78886,171734,0.4593
1745434975113,78607,170336,0.4615
1745434975133,77489,166282,0.4660
1745434975134,75555,159725,0.4730
1745434975155,72947,151176,0.4825
1745434975177,69935,141491,0.4943
1745434975184,66893,131817,0.5075
1745434975253,64249,123449,0.5205
1745434975254,62408,117612,0.5306
1745434975320,61677,115264,0.5351
1745434975367,62249,116981,0.5321
1745434975375,64240,122956,0.5225
1745434975378,67781,133058,0.5094
1745434975403,73106,146971,0.4974
1745434975435,80613,164355,0.4905
1745434975486,90814,184973,0.4910
1745434975527,104184,208640,0.4993
1745434975532,120973,234974,0.5148
1745434975617,141039,263073,0.5361
1745434975620,163684,291351,0.5618
1745434975622,187522,317677,0.5903
1745434975687,210498,339783,0.6195
1745434975688,230183,355794,0.6470
1745434975729,244341,364708,0.6700
1745434975739,251558,366679,0.6860
1745434975779,251625,362966,0.6932
1745434975836,245533,355547,0.6906
1745434975884,235117,346560,0.6784
1745434975888,222568,337791,0.6589
1745434975916,210002,330394,0.6356
1745434975951,199122,324838,0.6130
1745434975983,191005,321012,0.5950
1745434976015,186017,318408,0.5842
1745434976048,183926,316363,0.5814
1745434976054,184184,314328,0.5860
1745434976211,186254,312095,0.5968
1745434976229,189816,309897,0.6125
1745434976231,194768,308334,0.6317
1745434976232,201071,308152,0.6525
1745434976233,208612,309978,0.6730
1745434976256,217191,314181,0.6913
1745434976298,226651,320894,0.7063
1745434976329,236992,330081,0.7180
1745434976339,248334,341503,0.7272
1745434976399,260744,354597,0.7353
1745434976434,274065,368412,0.7439
1745434976450,287920,381746,0.7542
1745434976479,301918,393482,0.7673
1745434976489,315870,402923,0.7839
1745434976519,329759,409899,0.8045
1745434976580,343448,414622,0.8283
1745434976719,356426,417433,0.8539
1745434976735,367817,418611,0.8787
1745434976736,376654,418311,0.9004
1745434976739,382189,416592,0.9174
1745434976746,384071,413467,0.9289
1745434976766,382336,408936,0.9350
1745434976790,377313,403031,0.9362
1745434976804,369570,395907,0.9335
1745434976834,359902,387926,0.9278
1745434976867,349252,379629,0.9200
1745434976901,338520,371583,0.9110
1745434976939,328352,364180,0.9016
1745434976988,318988,357477,0.8923
1745434977007,310225,351123,0.8835
1745434977038,301469,344349,0.8755
1745434977095,291936,336144,0.8685
1745434977142,281045,325704,0.8629
1745434977160,268794,312928,0.8590
1745434977162,255782,298540,0.8568
1745434977183,242815,283673,0.8560
1745434977256,230393,269238,0.8557
1745434977271,218447,255538,0.8549
1745434977291,206480,242322,0.8521
1745434977313,194002,229176,0.8465
1745434977353,180948,215954,0.8379
1745434977380,167836,202993,0.8268
1745434977428,155598,191026,0.8145
1745434977434,145218,180888,0.8028
1745434977466,137385,173198,0.7932
1745434977500,132292,168143,0.7868
1745434977625,129641,165457,0.7835
1745434977640,128804,164538,0.7828
1745434977642,129036,164654,0.7837
1745434977643,129670,165121,0.7853
1745434977663,130226,165427,0.7872
1745434977696,130442,165272,0.7893
1745434977734,130247,164555,0.7915
1745434977765,129707,163339,0.7941
1745434977794,128968,161805,0.7971
1745434977827,128201,160192,0.8003
1745434977839,127561,158748,0.8035
1745434977873,127165,157676,0.8065
1745434977979,127077,157101,0.8089
1745434977981,127301,157044,0.8106
1745434977982,127787,157425,0.8117
1745434977997,128444,158096,0.8124
1745434978045,129162,158881,0.8130
1745434978081,129836,159626,0.8134
1745434978139,130385,160223,0.8138
1745434978141,130766,160617,0.8141
1745434978204,130974,160790,0.8146
1745434978206,131039,160740,0.8152
1745434978226,131005,160462,0.8164
1745434978251,130932,159945,0.8186
1745434978288,130887,159189,0.8222
1745434978317,130958,158218,0.8277
1745434978343,131247,157096,0.8355
1745434978509,131876,155934,0.8457
1745434978511,132970,154883,0.8585
1745434978512,134644,154126,0.8736
1745434978513,136974,153845,0.8903
1745434978516,139973,154182,0.9078
1745434978545,143563,155192,0.9251
1745434978581,147563,156821,0.9410
1745434978589,151715,158913,0.9547
1745434978670,155734,161253,0.9658
1745434978723,159375,163621,0.9741
1745434978730,162486,165842,0.9798
1745434978731,165028,167808,0.9834
1745434978740,167062,169472,0.9858
1745434978789,168681,170816,0.9875
1745434978838,169941,171819,0.9891
1745434978986,170819,172435,0.9906
1745434978988,171224,172603,0.9920
1745434978990,171061,172292,0.9929
1745434978992,170312,171536,0.9929
1745434978998,169086,170467,0.9919
1745434979025,167620,169301,0.9901
1745434979029,166239,168301,0.9877
1745434979060,165282,167724,0.9854
1745434979096,165029,167760,0.9837
1745434979120,165629,168484,0.9831
1745434979172,167054,169824,0.9837
1745434979222,169099,171574,0.9856
1745434979230,171441,173451,0.9884
1745434979271,173745,175182,0.9918
1745434979286,175761,176576,0.9954
1745434979320,177377,177567,0.9989
1745434979357,178607,178192,1.0023
1745434979389,179522,178541,1.0055
1745434979419,180184,178697,1.0083
1745434979436,180593,178695,1.0106
1745434979463,180699,178528,1.0122
1745434979505,180445,178173,1.0127
1745434979554,179814,177627,1.0123
1745434979588,178859,176922,1.0109
1745434979610,177688,176120,1.0089
1745434979646,176424,175283,1.0065
1745434979654,175166,174454,1.0041
1745434979684,173973,173645,1.0019
1745434979714,172869,172852,1.0001
1745434979880,171871,172072,0.9988
1745434979882,171020,171333,0.9982
1745434979883,170390,170695,0.9982
1745434979884,170073,170246,0.9990
1745434979887,170149,170070,1.0005
1745434979912,170638,170213,1.0025
1745434979946,171455,170641,1.0048
1745434979982,172409,171234,1.0069
1745434980021,173246,171812,1.0083
1745434980089,173726,172189,1.0089
1745434980116,173707,172237,1.0085
1745434980118,173196,171932,1.0074
1745434980122,172341,171354,1.0058
1745434980152,171381,170664,1.0042
1745434980189,170568,170039,1.0031
1745434980230,170093,169627,1.0027
1745434980334,170046,169503,1.0032
1745434980346,170414,169667,1.0044
1745434980348,171102,170055,1.0062
1745434980349,171979,170573,1.0082
1745434980382,172927,171140,1.0104
1745434980412,173886,171711,1.0127
1745434980447,174866,172305,1.0149
1745434980488,175943,172986,1.0171
1745434980522,177212,173837,1.0194
1745434980586,178752,174923,1.0219
1745434980589,180576,176260,1.0245
1745434980591,182624,177807,1.0271
1745434980651,184764,179468,1.0295
1745434980679,186833,181123,1.0315
1745434980689,188678,182649,1.0330
1745434980758,190191,183953,1.0339
1745434980781,191333,184987,1.0343
1745434980783,192132,185752,1.0343
1745434980810,192669,186293,1.0342
1745434980848,193045,186674,1.0341
1745434980871,193361,186968,1.0342
1745434980964,193693,187235,1.0345
1745434980967,194079,187511,1.0350
1745434980969,194511,187800,1.0357
1745434981004,194952,188081,1.0365
1745434981069,195366,188332,1.0373
1745434981071,195760,188564,1.0382
1745434981104,196226,188848,1.0391
1745434981247,196943,189328,1.0402
1745434981265,198158,190211,1.0418
1745434981267,200108,191719,1.0438
1745434981268,202953,194021,1.0460
1745434981269,206722,197169,1.0485
1745434981289,211308,201067,1.0509
1745434981304,216482,205468,1.0536
1745434981334,221910,210005,1.0567
1745434981395,227178,214252,1.0603
1745434981468,231852,217805,1.0645
1745434981469,235557,220371,1.0689
1745434981472,238068,221828,1.0732
1745434981513,239352,222250,1.0769
1745434981572,239577,221880,1.0798
1745434981578,239068,221064,1.0814
1745434981588,238231,220167,1.0820
1745434981636,237440,219487,1.0818
1745434981660,236939,219196,1.0809
1745434981701,236795,219321,1.0797
1745434981738,236930,219781,1.0780
1745434981758,237204,220439,1.0761
1745434981795,237498,221164,1.0739
1745434981835,237755,221856,1.0717
1745434981858,237971,222449,1.0698
1745434981901,238163,222898,1.0685
1745434981904,238318,223161,1.0679
1745434981934,238371,223197,1.0680
1745434981968,238221,222975,1.0684
1745434982005,237773,222495,1.0687
1745434982039,236991,221798,1.0685
1745434982056,235922,220955,1.0677
1745434982129,234680,220052,1.0665
1745434982161,233411,219162,1.0650
1745434982175,232246,218337,1.0637
1745434982189,231274,217598,1.0628
1745434982219,230521,216935,1.0626
1745434982254,229952,216312,1.0631
1745434982305,229485,215682,1.0640
1745434982358,229028,215007,1.0652
1745434982359,228517,214283,1.0664
1745434982369,227943,213545,1.0674
1745434982404,227346,212856,1.0681
1745434982432,226788,212276,1.0684
1745434982489,226331,211842,1.0684
1745434982504,226035,211573,1.0684
1745434982558,225968,211483,1.0685
1745434982602,226212,211597,1.0691
1745434982604,226865,211954,1.0703
1745434982631,228008,212596,1.0725
1745434982663,229672,213537,1.0756
1745434982692,231806,214749,1.0794
1745434982737,234272,216158,1.0838
1745434982769,236866,217653,1.0883
1745434982788,239351,219108,1.0924
1745434982820,241502,220403,1.0957
1745434982860,243137,221435,1.0980
1745434982911,244140,222137,1.0991
1745434982914,244476,222479,1.0989
1745434982951,244182,222469,1.0976
1745434982971,243342,222143,1.0954
1745434982999,242063,221544,1.0926
1745434983033,240438,220705,1.0894
1745434983086,238526,219634,1.0860
1745434983124,236362,218333,1.0826
1745434983138,233985,216819,1.0792
1745434983162,231489,215164,1.0759
1745434983230,229058,213512,1.0728
1745434983269,226945,212063,1.0702
1745434983272,225420,211024,1.0682
1745434983355,224675,210543,1.0671
1745434983356,224758,210656,1.0669
1745434983359,225543,211258,1.0676
1745434983376,226764,212136,1.0690
1745434983407,228097,213042,1.0707
1745434983449,229275,213779,1.0725
1745434983500,230170,214265,1.0742
1745434983517,230807,214545,1.0758
1745434983543,231313,214746,1.0771
1745434983553,231837,215006,1.0783
1745434983607,232488,215422,1.0792
1745434983703,233306,216024,1.0800
1745434983705,234284,216789,1.0807
1745434983706,235391,217664,1.0814
1745434983732,236599,218592,1.0824
1745434983771,237884,219519,1.0837
1745434983796,239217,220395,1.0854
1745434983835,240552,221169,1.0876
1745434983840,241831,221797,1.0903
1745434984001,243002,222257,1.0933
1745434984008,244065,222572,1.0966
1745434984011,245105,222831,1.1000
1745434984012,246317,223190,1.1036
1745434984021,247985,223860,1.1078
1745434984038,250401,225042,1.1127
1745434984068,253757,226858,1.1186
1745434984094,258044,229282,1.1254
1745434984140,263010,232124,1.1331
1745434984153,268176,235058,1.1409
1745434984189,272933,237700,1.1482
1745434984234,276681,239699,1.1543
1745434984270,278981,240829,1.1584
1745434984274,279689,241049,1.1603
1745434984399,278996,240522,1.1600
1745434984413,277392,239581,1.1578
1745434984414,275535,238641,1.1546
1745434984416,274063,238074,1.1512
1745434984446,273400,238088,1.1483
1745434984481,273612,238652,1.1465
1745434984498,274373,239504,1.1456
1745434984538,275075,240241,1.1450
1745434984589,275056,240465,1.1439
1745434984603,273854,239929,1.1414
1745434984630,271374,238622,1.1373
1745434984670,267914,236767,1.1315
1745434984715,264047,234732,1.1249
1745434984744,260427,232909,1.1181
1745434984754,257583,231593,1.1122
1745434984788,255793,230909,1.1078
1745434984834,255054,230810,1.1050
1745434984854,255157,231126,1.1040
1745434984884,255808,231648,1.1043
1745434984922,256744,232204,1.1057
1745434984996,257794,232697,1.1078
1745434984997,258876,233105,1.1106
1745434984998,259954,233450,1.1135
1745434985038,260977,233760,1.1164
1745434985069,261849,234041,1.1188
1745434985098,262447,234270,1.1203
1745434985132,262676,234421,1.1205
1745434985168,262525,234486,1.1196
1745434985273,262074,234479,1.1177
1745434985288,261467,234435,1.1153
1745434985289,260855,234384,1.1129
1745434985291,260349,234342,1.1110
1745434985318,259998,234306,1.1097
1745434985353,259793,234269,1.1090
1745434985380,259698,234225,1.1088
1745434985407,259680,234186,1.1089
1745434985448,259721,234170,1.1091
1745434985483,259820,234197,1.1094
1745434985521,259983,234273,1.1097
1745434985539,260207,234387,1.1102
1745434985589,260480,234514,1.1107
1745434985610,260784,234634,1.1115
1745434985624,261098,234734,1.1123
1745434985672,261405,234821,1.1132
1745434985716,261687,234904,1.1140
1745434985731,261921,234992,1.1146
1745434985764,262077,235080,1.1148
1745434985801,262125,235155,1.1147
1745434985830,262054,235197,1.1142
1745434985862,261872,235194,1.1134
1745434985923,261615,235148,1.1126
1745434985928,261336,235078,1.1117
1745434985989,261100,235012,1.1110
1745434985994,260965,234986,1.1106
1745434986010,260969,235028,1.1104
1745434986050,261117,235152,1.1104
1745434986080,261380,235351,1.1106
1745434986147,261696,235597,1.1108
1745434986163,261985,235843,1.1108
1745434986165,262170,236038,1.1107
1745434986203,262196,236141,1.1103
1745434986231,262058,236136,1.1098
1745434986263,261823,236045,1.1092
1745434986297,261635,235943,1.1089
1745434986327,261701,235940,1.1092
1745434986373,262238,236154,1.1105
1745434986391,263393,236672,1.1129
1745434986404,265181,237510,1.1165
1745434986434,267454,238598,1.1209
1745434986476,269931,239802,1.1256
1745434986536,272279,240953,1.1300
1745434986538,274195,241898,1.1335
1745434986650,275484,242531,1.1359
1745434986656,276088,242818,1.1370
1745434986658,276078,242797,1.1371
1745434986686,275615,242555,1.1363
1745434986689,274897,242205,1.1350
1745434986718,274103,241843,1.1334
1745434986750,273351,241523,1.1318
1745434986786,272674,241242,1.1303
1745434986824,272008,240945,1.1289
1745434986839,271208,240541,1.1275
1745434986887,270102,239942,1.1257
1745434986986,268570,239104,1.1232
1745434986990,266616,238060,1.1200
1745434986992,264390,236917,1.1160
1745434987014,262164,235839,1.1116
1745434987086,260262,234999,1.1075
1745434987105,258985,234531,1.1043
1745434987106,258524,234495,1.1025
1745434987139,258896,234849,1.1024
1745434987187,259920,235463,1.1039
1745434987206,261278,236162,1.1064
1745434987253,262617,236787,1.1091
1745434987255,263662,237245,1.1113
1745434987289,264288,237528,1.1127
1745434987319,264558,237707,1.1130
1745434987348,264689,237899,1.1126
1745434987381,264964,238220,1.1123
1745434987419,265631,238741,1.1126
1745434987453,266804,239461,1.1142
1745434987485,268450,240318,1.1171
1745434987614,270417,241220,1.1210
1745434987617,272519,242089,1.1257
1745434987618,274632,242908,1.1306
1745434987620,276776,243749,1.1355
1745434987653,279159,244774,1.1405
1745434987676,282196,246223,1.1461
1745434987716,286560,248409,1.1536
1745434987724,293229,251741,1.1648
1745434987757,303411,256705,1.1819
1745434987797,318182,263722,1.2065
1745434987830,337911,272909,1.2382
1745434987862,361789,283871,1.2745
1745434987873,387801,295697,1.3115
1745434988034,413282,307200,1.3453
1745434988046,435789,317322,1.3733
1745434988047,453876,325469,1.3945
1745434988048,467393,331643,1.4093
1745434988050,477235,336307,1.4190
1745434988081,484732,340101,1.4253
1745434988107,490969,343522,1.4292
1745434988151,496328,346698,1.4316
1745434988181,500423,349368,1.4324
1745434988188,502407,351039,1.4312
1745434988218,501440,351214,1.4277
1745434988252,497012,349560,1.4218
1745434988284,489027,345937,1.4136
1745434988311,477696,340354,1.4035
1745434988380,463443,332936,1.3920
1745434988525,446888,323927,1.3796
1745434988528,428847,313708,1.3670
1745434988529,410241,302758,1.3550
1745434988530,391919,291575,1.3441
1745434988532,374485,280580,1.3347
1745434988533,358220,270062,1.3264
1745434988570,343098,260171,1.3187
1745434988610,328849,250927,1.3105
1745434988641,315047,242255,1.3005
1745434988653,301201,234020,1.2871
1745434988687,286897,226085,1.2690
1745434988758,271967,218380,1.2454
1745434988773,256615,210955,1.2164
1745434988807,241426,203987,1.1835
1745434988818,227226,197726,1.1492
1745434988852,214835,192412,1.1165
1745434988905,204846,188193,1.0885
1745434989044,197519,185103,1.0671
1745434989046,192844,183092,1.0533
1745434989047,190722,182120,1.0472
1745434989048,191074,182225,1.0486
1745434989049,193734,183518,1.0557
1745434989087,198165,186070,1.0650
1745434989104,203311,189837,1.0710
1745434989139,207848,194708,1.0675
1745434989174,210740,200619,1.0504
1745434989222,211674,207555,1.0198
1745434989239,211038,215340,0.9800
1745434989258,209549,223428,0.9379
1745434989304,207879,230937,0.9002
1745434989326,206571,236975,0.8717
1745434989370,206201,241053,0.8554
1745434989386,207639,243360,0.8532
1745434989426,212215,244760,0.8670
1745434989459,221660,246547,0.8991
1745434989494,237744,250080,0.9507
1745434989521,261595,256362,1.0204
1745434989570,292876,265697,1.1023
1745434989575,329342,277546,1.1866
1745434989621,367284,290756,1.2632
1745434989643,402808,304086,1.3246
1745434989685,433182,316707,1.3678
1745434989690,457485,328427,1.3930
1745434989735,476352,339535,1.4030
1745434989794,491130,350388,1.4017
1745434989796,503038,360968,1.3936
1745434989899,512722,370720,1.3830
1745434989921,520293,378751,1.3737
1745434989922,525643,384308,1.3678
1745434989924,528792,387214,1.3656
1745434989974,530051,388016,1.3661
1745434989982,529974,387737,1.3668
1745434990022,529184,387419,1.3659
1745434990038,528209,387695,1.3624
1745434990072,527388,388615,1.3571
1745434990113,526863,389784,1.3517
1745434990150,526634,390695,1.3479
1745434990153,526618,391041,1.3467
1745434990201,526718,390851,1.3476
1745434990232,526851,390400,1.3495
1745434990268,526965,390010,1.3512
1745434990321,527040,389870,1.3518
1745434990342,527075,389995,1.3515
1745434990382,527081,390305,1.3504
1745434990401,527072,390735,1.3489
1745434990427,527056,391288,1.3470
1745434990438,527042,391990,1.3445
1745434990490,527033,392811,1.3417
1745434990513,527027,393611,1.3390
1745434990548,527026,394158,1.3371
1745434990583,527027,394222,1.3369
1745434990614,527028,393686,1.3387
1745434990643,527029,392596,1.3424
1745434990672,527028,391139,1.3474
1745434990785,527014,389541,1.3529
1745434990805,526949,387956,1.3583
1745434990807,526747,386408,1.3632
1745434990809,526275,384793,1.3677
1745434990837,525362,382943,1.3719
1745434990852,523789,380665,1.3760
1745434990882,521237,377750,1.3798
1745434990916,517284,373984,1.3832
1745434990953,511530,369218,1.3854
1745434990983,503822,363460,1.3862
1745434991026,494428,356946,1.3852
1745434991039,484032,350098,1.3826
1745434991082,473545,343416,1.3789
1745434991114,463786,337305,1.3750
1745434991155,455186,331950,1.3712
1745434991167,447699,327281,1.3679
1745434991192,440967,323087,1.3649
1745434991247,434666,319199,1.3617
1745434991286,428809,315642,1.3585
1745434991301,423835,312668,1.3555
1745434991335,420431,310645,1.3534
1745434991371,419175,309863,1.3528
1745434991401,420200,310367,1.3539
1745434991440,423061,311899,1.3564
1745434991488,426886,313982,1.3596
1745434991489,430690,316088,1.3626
1745434991517,433716,317807,1.3647
1745434991552,435610,318937,1.3658
1745434991579,436398,319475,1.3660
1745434991622,436327,319539,1.3655
1745434991638,435684,319278,1.3646
1745434991724,434704,318824,1.3635
1745434991735,433564,318279,1.3622
1745434991762,432423,317733,1.3610
1745434991765,431434,317264,1.3599
1745434991801,430713,316930,1.3590
1745434991829,430291,316744,1.3585
1745434991866,430097,316669,1.3582
1745434991922,430005,316645,1.3580
1745434991926,429899,316614,1.3578
1745434992006,429734,316553,1.3575
1745434992015,429536,316475,1.3573
1745434992017,429359,316402,1.3570
1745434992028,429231,316350,1.3568
1745434992099,429137,316312,1.3567
1745434992122,429038,316271,1.3566
1745434992181,428914,316219,1.3564
1745434992183,428787,316168,1.3562
1745434992217,428709,316143,1.3561
1745434992223,428726,316165,1.3560
1745434992253,428836,316232,1.3561
1745434992283,428991,316320,1.3562
1745434992322,429125,316396,1.3563
1745434992395,429197,316440,1.3563
1745434992402,429211,316452,1.3563
1745434992426,429206,316452,1.3563
1745434992467,429220,316457,1.3563
1745434992499,429261,316472,1.3564
1745434992624,429309,316488,1.3565
1745434992641,429333,316493,1.3565
1745434992642,429326,316484,1.3565
1745434992644,429307,316472,1.3565
1745434992646,429311,316473,1.3565
1745434992682,429352,316492,1.3566
1745434992688,429415,316522,1.3567
1745434992718,429464,316546,1.3567
1745434992752,429472,316551,1.3567
1745434992822,429438,316538,1.3567
1745434992855,429391,316519,1.3566
1745434992856,429357,316507,1.3565
1745434992904,429346,316507,1.3565
1745434992918,429339,316508,1.3565
1745434992982,429308,316500,1.3564
1745434992985,429240,316473,1.3563
1745434993034,429147,316434,1.3562
1745434993036,429058,316395,1.3561
1745434993084,429001,316371,1.3560
1745434993126,428987,316365,1.3560
1745434993148,429012,316379,1.3560
1745434993182,429079,316414,1.3561
1745434993211,429219,316487,1.3562
1745434993249,429497,316629,1.3565
1745434993277,429983,316874,1.3570
1745434993303,430722,317243,1.3577
1745434993324,431696,317726,1.3587
1745434993357,432826,318286,1.3599
1745434993379,433994,318865,1.3611
1745434993417,435081,319403,1.3622
1745434993442,436001,319857,1.3631
1745434993482,436708,320204,1.3638
1745434993519,437198,320439,1.3644
1745434993581,437488,320573,1.3647
1745434993596,437615,320623,1.3649
1745434993637,437628,320617,1.3650
1745434993640,437592,320585,1.3650
1745434993663,437581,320563,1.3650
1745434993698,437667,320584,1.3652
1745434993733,437904,320674,1.3656
1745434993763,438321,320845,1.3661
1745434993799,438917,321097,1.3669
1745434993832,439671,321420,1.3679
1745434993862,440549,321798,1.3690
1745434993922,441512,322210,1.3703
1745434993923,442504,322631,1.3715
1745434994014,443465,323036,1.3728
1745434994016,444334,323398,1.3740
1745434994017,445073,323704,1.3749
1745434994066,445671,323948,1.3757
1745434994071,446147,324141,1.3764
1745434994098,446535,324296,1.3769
1745434994132,446867,324428,1.3774
1745434994171,447165,324546,1.3778
1745434994207,447438,324654,1.3782
1745434994240,447688,324753,1.3785
1745434994266,447908,324838,1.3789
1745434994300,448027,324874,1.3791
1745434994352,447771,324728,1.3789
1745434994356,446499,324082,1.3777
1745434994384,443202,322429,1.3746
1745434994542,436797,319213,1.3684
1745434994545,426603,314071,1.3583
1745434994547,412730,307041,1.3442
1745434994550,396182,298615,1.3267
1745434994552,378648,289650,1.3073
1745434994583,362064,281132,1.2879
1745434994620,348091,273923,1.2708
1745434994638,337727,268547,1.2576
1745434994677,331196,265137,1.2492
1745434994722,328106,263504,1.2452
1745434994741,327766,263304,1.2448
1745434994759,329493,264185,1.2472
1745434994805,332777,265883,1.2516
1745434994832,337298,268221,1.2575
1745434994871,342830,271071,1.2647
1745434994886,349145,274302,1.2728
1745434994955,355961,277754,1.2816
1745434994976,362956,281244,1.2905
1745434994996,369815,284590,1.2995
1745434995026,376258,287639,1.3081
1745434995055,382045,290271,1.3162
1745434995090,386982,292413,1.3234
1745434995136,390941,294038,1.3296
1745434995140,393898,295187,1.3344
1745434995177,395949,295972,1.3378
1745434995214,397293,296559,1.3397
1745434995223,398169,297122,1.3401
1745434995253,398783,297778,1.3392
1745434995413,399264,298544,1.3374
1745434995425,399662,299358,1.3351
1745434995426,399987,300121,1.3328
1745434995428,400244,300750,1.3308
1745434995429,400459,301209,1.3295
1745434995472,400664,301506,1.3289
1745434995486,400883,301678,1.3288
1745434995520,401116,301766,1.3292
1745434995574,401350,301808,1.3298
1745434995579,401571,301833,1.3304
1745434995637,401781,301865,1.3310
1745434995639,401991,301918,1.3315
1745434995677,402210,301998,1.3318
1745434995688,402431,302097,1.3321
1745434995747,402636,302200,1.3324
1745434995779,402806,302292,1.3325
1745434995809,402932,302365,1.3326
1745434995835,403025,302422,1.3327
1745434995858,403102,302471,1.3327
1745434995892,403179,302517,1.3327
1745434995939,403258,302563,1.3328
1745434996022,403331,302606,1.3329
1745434996035,403393,302644,1.3329
1745434996036,403449,302677,1.3329
1745434996038,403508,302711,1.3330
1745434996071,403580,302749,1.3331
1745434996108,403665,302791,1.3331
1745434996163,403752,302832,1.3333
1745434996173,403830,302868,1.3334
1745434996300,403892,302896,1.3334
1745434996324,403942,302917,1.3335
1745434996325,403987,302934,1.3336
1745434996326,404032,302952,1.3337
1745434996344,404082,302972,1.3337
1745434996348,404134,302994,1.3338
1745434996381,404184,303016,1.3339
1745434996413,404228,303037,1.3339
1745434996453,404259,303056,1.3339
1745434996490,404273,303071,1.3339
1745434996540,404267,303079,1.3339
1745434996557,404243,303081,1.3338
1745434996580,404203,303079,1.3337
1745434996618,404161,303077,1.3335
1745434996643,404130,303083,1.3334
1745434996681,404124,303100,1.3333
1745434996718,404146,303130,1.3332
1745434996773,404195,303170,1.3332
1745434996813,404263,303217,1.3332
1745434996815,404344,303267,1.3333
1745434996850,404437,303320,1.3334
1745434996877,404543,303378,1.3335
1745434996888,404659,303439,1.3336
1745434996922,404782,303502,1.3337
1745434997022,404912,303567,1.3338
1745434997033,405050,303633,1.3340
1745434997034,405200,303702,1.3342
1745434997039,405355,303770,1.3344
1745434997068,405504,303836,1.3346
1745434997099,405629,303892,1.3348
1745434997128,405717,303934,1.3349
1745434997269,405765,303960,1.3349
1745434997281,405783,303974,1.3349
1745434997282,405788,303982,1.3349
1745434997284,405795,303988,1.3349
1745434997310,405814,303996,1.3349
1745434997323,405841,304004,1.3350
1745434997353,405867,304008,1.3351
1745434997392,405882,304004,1.3351
1745434997440,405883,303993,1.3352
1745434997474,405874,303977,1.3352
1745434997488,405866,303963,1.3352
1745434997524,405869,303956,1.3353
1745434997548,405891,303959,1.3353
1745434997582,405929,303972,1.3354
1745434997617,405977,303992,1.3355
1745434997639,406021,304011,1.3355
1745434997788,406050,304024,1.3356
1745434997790,406058,304030,1.3356
1745434997791,406047,304028,1.3356
1745434997793,406027,304024,1.3355
1745434997796,406005,304021,1.3355
1745434997818,405987,304020,1.3354
1745434997852,405972,304022,1.3353
1745434997884,405958,304024,1.3353
1745434997922,405948,304027,1.3352
1745434997974,405943,304031,1.3352
1745434998019,405944,304037,1.3352
1745434998020,405946,304042,1.3352
1745434998050,405940,304043,1.3351
1745434998081,405921,304036,1.3351
1745434998130,405888,304023,1.3351
1745434998152,405850,304005,1.3350
1745434998181,405819,303990,1.3350
1745434998213,405805,303982,1.3350
1745434998248,405812,303984,1.3350
1745434998253,405834,303992,1.3350
1745434998310,405859,304001,1.3351
1745434998342,405881,304008,1.3351
1745434998377,405897,304013,1.3351
1745434998388,405911,304018,1.3352
1745434998418,405931,304029,1.3352
1745434998448,405973,304052,1.3352
1745434998481,406061,304100,1.3353
1745434998519,406236,304186,1.3355
1745434998619,406542,304330,1.3359
1745434998630,407031,304551,1.3365
1745434998634,407757,304866,1.3375
1745434998642,408787,305294,1.3390
1745434998686,410214,305859,1.3412
1745434998707,412144,306589,1.3443
1745434998746,414650,307516,1.3484
1745434998777,417729,308674,1.3533
1745434998820,421254,310085,1.3585
1745434998823,424995,311727,1.3634
1745434998856,428677,313519,1.3673
1745434998883,432076,315340,1.3702
1745434999030,435085,317063,1.3722
1745434999074,437731,318596,1.3739
1745434999076,440106,319891,1.3758
1745434999079,442260,320925,1.3781
1745434999096,444099,321665,1.3806
1745434999100,445364,322049,1.3829
1745434999129,445706,321996,1.3842
1745434999138,444825,321438,1.3839
1745434999168,442609,320366,1.3816
1745434999198,439215,318853,1.3775
1745434999264,435046,317057,1.3721
1745434999269,430643,315187,1.3663
1745434999306,426527,313443,1.3608
1745434999324,423071,311971,1.3561
1745434999357,420433,310832,1.3526
1745434999389,418575,310009,1.3502
1745434999423,417351,309445,1.3487
1745434999486,416593,309076,1.3479
1745434999518,416170,308858,1.3474
1745434999519,415997,308759,1.3473
1745434999551,416004,308752,1.3474
1745434999583,416114,308802,1.3475
1745434999617,416243,308865,1.3477
1745434999647,416326,308910,1.3477
1745434999671,416346,308925,1.3477
1745434999706,416327,308922,1.3477
1745434999723,416305,308918,1.3476
1745434999780,416300,308921,1.3476
1745434999815,416299,308924,1.3476
1745434999856,416276,308913,1.3476
1745434999900,416219,308883,1.3475
1745434999931,416141,308841,1.3474
1745435000019,416073,308803,1.3474
1745435000020,416040,308784,1.3474
1745435000022,416038,308782,1.3474
1745435000023,416044,308786,1.3474
1745435000049,416028,308781,1.3473
1745435000084,415978,308760,1.3473
1745435000115,415903,308728,1.3472
1745435000145,415824,308695,1.3470
1745435000186,415756,308668,1.3469
1745435000222,415698,308648,1.3468
1745435000257,415639,308627,1.3467
1745435000275,415573,308603,1.3466
1745435000324,415508,308579,1.3465
1745435000333,415461,308563,1.3464
1745435000372,415445,308561,1.3464
1745435000407,415460,308573,1.3464
1745435000437,415504,308598,1.3464
1745435000465,415596,308644,1.3465
1745435000473,415794,308741,1.3467
1745435000537,416184,308931,1.3472
1745435000590,416845,309254,1.3479
1745435000592,417794,309718,1.3489
1745435000625,418950,310286,1.3502
1745435000654,420152,310877,1.3515
1745435000682,421204,311396,1.3526
1745435000736,421951,311767,1.3534
1745435000740,422322,311958,1.3538
1745435000760,422331,311976,1.3537
1745435000914,422042,311853,1.3533
1745435000916,421526,311624,1.3527
1745435000918,420843,311316,1.3518
1745435000919,420054,310955,1.3509
1745435000923,419231,310576,1.3499
1745435000953,418464,310221,1.3489
1745435000983,417834,309931,1.3482
1745435001016,417384,309726,1.3476
1745435001053,417102,309601,1.3472
1745435001089,416942,309534,1.3470
1745435001139,416848,309498,1.3469
1745435001156,416785,309477,1.3467
1745435001170,416742,309467,1.3466
1745435001206,416722,309470,1.3466
1745435001233,416717,309481,1.3465
1745435001279,416708,309490,1.3464
1745435001317,416677,309486,1.3464
1745435001334,416620,309466,1.3463
1745435001365,416553,309440,1.3462
1745435001398,416506,309420,1.3461
1745435001429,416493,309415,1.3461
1745435001463,416506,309421,1.3461
1745435001496,416517,309425,1.3461
1745435001527,416497,309412,1.3461
1745435001540,416432,309375,1.3460
1745435001589,416332,309321,1.3460
1745435001623,416219,309259,1.3459
1745435001654,416112,309201,1.3458
1745435001677,416017,309150,1.3457
1745435001722,415932,309105,1.3456
1745435001747,415854,309064,1.3455
1745435001784,415786,309028,1.3455
1745435001804,415737,309004,1.3454
1745435001837,415715,308994,1.3454
1745435001891,415718,308998,1.3454
1745435001892,415739,309011,1.3454
1745435001920,415764,309026,1.3454
1745435001950,415789,309040,1.3454
1745435001988,415814,309053,1.3454
1745435002018,415842,309069,1.3455
1745435002058,415874,309087,1.3455
1745435002193,415905,309105,1.3455
1745435002208,415925,309119,1.3455
1745435002210,415931,309126,1.3455
1745435002211,415928,309127,1.3455
1745435002237,415924,309126,1.3455
1745435002239,415928,309128,1.3455
1745435002261,415943,309134,1.3455
1745435002298,415967,309145,1.3455
1745435002322,415997,309160,1.3456
1745435002371,416033,309178,1.3456
1745435002405,416073,309201,1.3456
1745435002423,416113,309224,1.3457
1745435002453,416142,309244,1.3457
1745435002516,416151,309253,1.3457
1745435002518,416135,309249,1.3456
1745435002550,416098,309235,1.3456
1745435002595,416056,309217,1.3455
1745435002629,416023,309203,1.3455
1745435002638,416007,309199,1.3454
1745435002683,416006,309203,1.3454
1745435002746,416015,309212,1.3454
1745435002751,416026,309222,1.3454
1745435002780,416042,309233,1.3454
1745435002819,416066,309248,1.3454
1745435002841,416107,309271,1.3454
1745435002868,416165,309302,1.3455
1745435002897,416239,309341,1.3456
1745435003069,416319,309386,1.3456
1745435003087,416401,309433,1.3457
1745435003089,416483,309484,1.3457
1745435003091,416564,309538,1.3458
1745435003093,416643,309593,1.3458
1745435003094,416713,309646,1.3458
1745435003126,416769,309692,1.3458
1745435003144,416808,309731,1.3457
1745435003306,416833,309763,1.3457
1745435003307,416849,309790,1.3456
1745435003309,416860,309816,1.3455
1745435003311,416864,309838,1.3454
1745435003315,416854,309853,1.3453
1745435003323,416825,309858,1.3452
1745435003373,416772,309848,1.3451
1745435003389,416698,309827,1.3449
1745435003413,416610,309797,1.3448
1745435003534,416517,309764,1.3446
1745435003554,416428,309733,1.3445
1745435003555,416352,309711,1.3443
1745435003572,416295,309700,1.3442
1745435003595,416260,309701,1.3441
1745435003634,416244,309711,1.3440
1745435003638,416240,309727,1.3439
1745435003669,416235,309739,1.3438
1745435003723,416219,309743,1.3438
1745435003739,416187,309737,1.3437
1745435003774,416145,309722,1.3436
1745435003795,416102,309705,1.3435
1745435003833,416070,309691,1.3435
1745435003870,416057,309687,1.3435
1745435003900,416063,309690,1.3435
1745435003948,416079,309697,1.3435
1745435003980,416090,309699,1.3435
1745435004002,416079,309690,1.3435
1745435004027,416042,309666,1.3435
1745435004063,415982,309632,1.3435
1745435004073,415914,309596,1.3434
1745435004123,415857,309569,1.3433
1745435004157,415820,309554,1.3433
1745435004166,415805,309552,1.3433
1745435004208,415807,309559,1.3432
1745435004242,415823,309574,1.3432
1745435004283,415854,309596,1.3432
1745435004455,415903,309626,1.3432
1745435004459,415967,309664,1.3433
1745435004460,416038,309704,1.3433
1745435004463,416098,309738,1.3434
1745435004465,416133,309760,1.3434
1745435004467,416142,309769,1.3434
1745435004482,416132,309769,1.3434
1745435004512,416118,309767,1.3433
1745435004586,416106,309766,1.3433
1745435004588,416095,309765,1.3433
1745435004623,416075,309757,1.3432
1745435004659,416041,309740,1.3432
1745435004673,415996,309717,1.3431
1745435004703,415950,309693,1.3431
1745435004733,415917,309677,1.3431
1745435004774,415898,309669,1.3430
1745435004843,415883,309666,1.3430
1745435004861,415858,309660,1.3429
1745435004863,415814,309647,1.3429
1745435004897,415759,309629,1.3428
1745435005040,415711,309615,1.3427
1745435005044,415692,309615,1.3426
1745435005046,415710,309633,1.3426
1745435005048,415756,309664,1.3426
1745435005050,415810,309698,1.3426
1745435005081,415852,309725,1.3426
1745435005116,415873,309742,1.3426
1745435005149,415876,309749,1.3426
1745435005303,415873,309754,1.3426
1745435005326,415874,309760,1.3426
1745435005327,415882,309768,1.3426
1745435005329,415893,309777,1.3426
1745435005334,415903,309785,1.3426
1745435005335,415910,309790,1.3426
1745435005368,415913,309792,1.3426
1745435005403,415907,309789,1.3425
1745435005431,415882,309776,1.3425
1745435005463,415828,309750,1.3425
1745435005500,415741,309707,1.3424
1745435005533,415627,309653,1.3422
1745435005561,415501,309593,1.3421
1745435005573,415375,309533,1.3419
1745435005607,415248,309473,1.3418
1745435005657,415101,309400,1.3416
1745435005719,414906,309300,1.3414
1745435005738,414643,309163,1.3412
1745435005740,414319,308992,1.3409
1745435005796,413969,308807,1.3405
1745435005855,413647,308637,1.3402
1745435005857,413407,308510,1.3400
1745435005860,413282,308444,1.3399
1745435005933,413289,308447,1.3399
1745435005948,413428,308519,1.3400
1745435005952,413695,308657,1.3403
1745435005987,414075,308854,1.3407
1745435006048,414535,309091,1.3411
1745435006075,415014,309338,1.3416
1745435006193,415433,309554,1.3420
1745435006207,415721,309702,1.3423
1745435006209,415834,309760,1.3424
1745435006210,415777,309730,1.3424
1745435006212,415588,309631,1.3422
1745435006233,415320,309491,1.3419
1745435006264,415016,309330,1.3417
1745435006299,414694,309161,1.3414
1745435006332,414358,308985,1.3410
1745435006365,414009,308802,1.3407
1745435006403,413656,308618,1.3403
1745435006434,413323,308444,1.3400
1745435006465,413035,308291,1.3398
1745435006500,412807,308167,1.3396
1745435006529,412637,308070,1.3394
1745435006574,412510,307995,1.3393
1745435006704,412405,307932,1.3393
1745435006713,412311,307877,1.3392
1745435006715,412228,307829,1.3391
1745435006716,412168,307794,1.3391
1745435006717,412148,307778,1.3391
1745435006751,412184,307788,1.3392
1745435006774,412277,307826,1.3393
1745435006841,412415,307884,1.3395
1745435006845,412566,307949,1.3397
1745435006931,412688,308000,1.3399
1745435006933,412746,308022,1.3400
1745435006934,412729,308008,1.3400
1745435006974,412656,307969,1.3399
1745435006988,412574,307927,1.3398
1745435007018,412528,307904,1.3398
1745435007196,412545,307914,1.3398
1745435007198,412619,307953,1.3399
1745435007200,412722,308005,1.3400
1745435007202,412824,308056,1.3401
1745435007203,412908,308098,1.3402
1745435007208,412979,308134,1.3403
1745435007239,413049,308172,1.3403
1745435007283,413129,308217,1.3404
1745435007339,413218,308269,1.3404
1745435007359,413304,308321,1.3405
1745435007405,413371,308365,1.3405
1745435007407,413404,308394,1.3405
1745435007430,413395,308402,1.3404
1745435007469,413341,308390,1.3403
1745435007496,413253,308363,1.3402
1745435007535,413155,308330,1.3400
1745435007681,413078,308306,1.3398
1745435007691,413054,308308,1.3397
1745435007693,413103,308344,1.3397
1745435007695,413227,308415,1.3398
1745435007696,413406,308513,1.3400
1745435007722,413610,308622,1.3402
1745435007742,413806,308726,1.3404
1745435007784,413972,308815,1.3405
1745435007816,414106,308889,1.3406
1745435007823,414238,308964,1.3407
1745435007890,414432,309075,1.3409
1745435007934,414772,309268,1.3411
1745435007940,415328,309582,1.3416
1745435007969,416124,310026,1.3422
1745435007998,417110,310573,1.3430
1745435008036,418173,311158,1.3439
1745435008171,419168,311703,1.3448
1745435008195,419970,312142,1.3454
1745435008198,420512,312438,1.3459
1745435008200,420791,312591,1.3461
1745435008204,420850,312623,1.3462
1745435008205,420736,312562,1.3461
1745435008264,420451,312406,1.3458
1745435008272,419908,312111,1.3454
1745435008303,418917,311575,1.3445
1745435008373,417189,310642,1.3430
1745435008378,414390,309135,1.3405
1745435008394,410234,306904,1.3367
1745435008423,404594,303882,1.3314
1745435008459,397571,300130,1.3247
1745435008507,389493,295828,1.3166
1745435008515,380845,291239,1.3077
1745435008552,372192,286666,1.2983
1745435008617,364139,282431,1.2893
1745435008636,357354,278879,1.2814
1745435008654,352588,276386,1.2757
1745435008681,350578,275301,1.2734
1745435008719,351727,275794,1.2753
1745435008743,355681,277659,1.2810
1745435008790,361104,280227,1.2886
1745435008808,365882,282466,1.2953
1745435008890,367744,283278,1.2982
1745435008909,365077,281881,1.2951
1745435008934,357632,278159,1.2857
1745435008938,346821,272806,1.2713
1745435008979,335397,267174,1.2553
1745435009007,326562,262835,1.2425
1745435009049,322748,260984,1.2367
1745435009069,324602,261935,1.2392
1745435009096,330746,265007,1.2481
1745435009122,338484,268867,1.2589
1745435009151,345086,272170,1.2679
1745435009187,348977,274147,1.2730
1745435009210,350214,274831,1.2743
1745435009251,350074,274853,1.2737
1745435009278,350101,274964,1.2733
1745435009316,351231,275612,1.2744
1745435009339,353469,276791,1.2770
1745435009373,356167,278186,1.2803
1745435009458,358606,279454,1.2832
1745435009467,360423,280423,1.2853
1745435009468,361661,281107,1.2866
1745435009498,362501,281576,1.2874
1745435009528,362985,281831,1.2880
1745435009567,362946,281788,1.2880
1745435009603,362195,281367,1.2873
1745435009622,360754,280605,1.2856
1745435009655,358979,279698,1.2835
1745435009682,357484,278952,1.2815
1745435009720,356932,278687,1.2808
1745435009750,357863,279165,1.2819
1745435009782,360688,280590,1.2855
1745435009956,365836,283196,1.2918
1745435009972,373889,287308,1.3014
1745435009973,385524,293298,1.3144
1745435009974,401136,301390,1.3310
1745435009977,420285,311377,1.3498
1745435009978,441333,322435,1.3688
1745435010000,461635,333230,1.3853
1745435010031,478359,342321,1.3974
1745435010062,489566,348689,1.4040
1745435010103,494940,352104,1.4057
1745435010124,495764,353120,1.4040
1745435010171,494160,352722,1.4010
1745435010197,492051,351845,1.3985
1745435010208,490430,351026,1.3971
1745435010238,489297,350348,1.3966
1745435010267,488158,349659,1.3961
1745435010299,486663,348846,1.3951
1745435010394,484952,347994,1.3936
1745435010406,483535,347335,1.3921
1745435010443,482867,347059,1.3913
1745435010445,482994,347168,1.3912
1745435010489,483512,347458,1.3916
1745435010501,483856,347660,1.3918
1745435010535,483670,347606,1.3914
1745435010562,483011,347327,1.3907
1745435010594,482256,346998,1.3898
1745435010635,481799,346804,1.3893
1745435010660,481785,346810,1.3892
1745435010672,482044,346937,1.3894
1745435010722,482257,347036,1.3896
1745435010752,482201,347006,1.3896
1745435010826,481896,346860,1.3893
1745435010830,481556,346698,1.3890
1745435010831,481399,346624,1.3888
1745435010871,481481,346664,1.3889
1745435010913,481671,346756,1.3891
1745435010963,481771,346809,1.3892
1745435010972,481672,346773,1.3890
1745435011003,481439,346676,1.3887
1745435011032,481245,346600,1.3885
1745435011063,481235,346611,1.3884
1745435011107,481423,346714,1.3885
1745435011111,481690,346853,1.3887
1745435011153,481882,346955,1.3889
1745435011182,481926,346986,1.3889
1745435011222,481861,346965,1.3888
1745435011273,481786,346938,1.3887
1745435011279,481754,346931,1.3886
1745435011323,481725,346923,1.3886
1745435011370,481590,346863,1.3884
1745435011374,481270,346716,1.3881
1745435011409,480797,346498,1.3876
1745435011432,480312,346277,1.3871
1745435011470,479985,346132,1.3867
1745435011497,479916,346110,1.3866
1745435011537,480077,346197,1.3867
1745435011591,480350,346336,1.3869
1745435011593,480615,346471,1.3872
1745435011690,480824,346580,1.3873
1745435011708,481012,346679,1.3875
1745435011710,481236,346796,1.3877
1745435011740,481510,346939,1.3879
1745435011742,481782,347083,1.3881
1745435011780,481970,347192,1.3882
1745435011823,482028,347241,1.3882
1745435011836,481978,347241,1.3880
1745435011868,481895,347224,1.3879
1745435011898,481858,347223,1.3877
1745435011955,481893,347253,1.3877
1745435011974,481969,347298,1.3878
1745435012004,482035,347336,1.3878
1745435012029,482060,347355,1.3878
1745435012059,482055,347360,1.3878
1745435012218,482051,347365,1.3877
1745435012227,482064,347378,1.3877
1745435012229,482074,347390,1.3877
1745435012230,482035,347378,1.3876
1745435012233,481914,347326,1.3875
1745435012251,481716,347238,1.3873
1745435012281,481489,347133,1.3870
1745435012312,481290,347041,1.3868
1745435012355,481155,346976,1.3867
1745435012393,481081,346939,1.3866
1745435012403,481039,346914,1.3866
1745435012468,481006,346892,1.3866
1745435012470,480977,346871,1.3866
1745435012560,480965,346856,1.3866
1745435012567,480983,346855,1.3867
1745435012569,481023,346866,1.3868
1745435012626,481058,346877,1.3868
1745435012647,481059,346876,1.3868
1745435012670,481015,346856,1.3868
1745435012723,480939,346824,1.3867
1745435012734,480863,346793,1.3866
1745435012769,480818,346777,1.3865
1745435012772,480816,346781,1.3865
1745435012802,480850,346800,1.3865
1745435012874,480908,346830,1.3866
1745435012879,480978,346864,1.3866
1745435012956,481057,346904,1.3867
1745435012961,481148,346948,1.3868
1745435012962,481246,346995,1.3869
1745435013015,481342,347040,1.3870
1745435013055,481423,347077,1.3871
1745435013074,481488,347105,1.3872
1745435013216,481543,347129,1.3872
1745435013218,481599,347153,1.3873
1745435013219,481660,347181,1.3873
1745435013222,481716,347209,1.3874
1745435013225,481751,347229,1.3874
1745435013250,481754,347234,1.3874
1745435013284,481725,347226,1.3874
1745435013316,481678,347210,1.3873
1745435013341,481628,347191,1.3872
1745435013357,481578,347173,1.3871
1745435013427,481518,347149,1.3871
1745435013459,481436,347116,1.3870
1745435013472,481329,347071,1.3868
1745435013542,481210,347022,1.3867
1745435013564,481102,346978,1.3865
1745435013565,481026,346949,1.3864
1745435013609,480983,346934,1.3864
1745435013615,480960,346926,1.3863
1745435013678,480943,346919,1.3863
1745435013704,480927,346912,1.3863
1745435013729,480919,346908,1.3863
1745435013732,480930,346914,1.3863
1745435013798,480955,346928,1.3863
1745435013807,480976,346942,1.3863
1745435013837,480968,346945,1.3863
1745435013867,480923,346933,1.3862
1745435013897,480858,346913,1.3861
1745435013943,480808,346902,1.3860
1745435013958,480801,346911,1.3859
1745435013988,480842,346941,1.3859
1745435014034,480905,346980,1.3860
1745435014065,480956,347010,1.3860
1745435014177,480971,347021,1.3860
1745435014187,480956,347015,1.3860
1745435014191,480937,347005,1.3860
1745435014192,480940,347003,1.3860
1745435014213,480969,347013,1.3860
1745435014253,481008,347027,1.3861
1745435014272,481036,347036,1.3861
1745435014302,481049,347040,1.3861
1745435014338,481070,347049,1.3862
1745435014372,481130,347078,1.3862
1745435014409,481241,347132,1.3863
1745435014449,481384,347201,1.3865
1745435014452,481515,347265,1.3866
1745435014506,481594,347304,1.3867
1745435014540,481605,347313,1.3867
1745435014567,481570,347299,1.3866
1745435014603,481526,347282,1.3866
1745435014628,481501,347274,1.3865
1745435014696,481502,347278,1.3865
1745435014701,481508,347285,1.3865
1745435014707,481498,347284,1.3865
1745435014738,481461,347271,1.3864
1745435014767,481410,347252,1.3863
1745435014831,481374,347239,1.3863
1745435014839,481375,347242,1.3863
1745435014980,481416,347262,1.3863
1745435014998,481481,347292,1.3864
1745435015000,481552,347322,1.3865
1745435015001,481624,347351,1.3866
1745435015003,481704,347384,1.3867
1745435015028,481808,347428,1.3868
1745435015069,481939,347488,1.3869
1745435015087,482090,347558,1.3871
1745435015141,482241,347631,1.3872
1745435015168,482371,347695,1.3873
1745435015173,482467,347745,1.3874
1745435015202,482531,347779,1.3875
1745435015264,482569,347800,1.3875
1745435015303,482598,347813,1.3875
1745435015308,482638,347827,1.3876
1745435015449,482707,347851,1.3877
1745435015460,482822,347893,1.3878
1745435015464,482984,347955,1.3881
1745435015465,483183,348034,1.3883
1745435015467,483401,348121,1.3886
1745435015502,483618,348210,1.3889
1745435015528,483819,348292,1.3891
1745435015571,484000,348365,1.3893
1745435015600,484166,348433,1.3896
1745435015607,484328,348499,1.3898
1745435015660,484491,348565,1.3900
1745435015700,484644,348628,1.3901
1745435015730,484768,348679,1.3903
1745435015765,484845,348713,1.3904
1745435015772,484872,348726,1.3904
1745435015802,484860,348727,1.3904
1745435015832,484833,348723,1.3903
1745435015869,484805,348722,1.3902
1745435015954,484780,348726,1.3901
1745435015956,484747,348730,1.3900
1745435015975,484692,348727,1.3899
1745435016005,484607,348711,1.3897
1745435016032,484498,348685,1.3895
1745435016068,484382,348654,1.3893
1745435016141,484285,348629,1.3891
1745435016159,484224,348620,1.3890
1745435016171,484214,348630,1.3889
1745435016206,484256,348663,1.3889
1745435016234,484346,348715,1.3889
1745435016241,484470,348781,1.3890
1745435016270,484610,348851,1.3892
1745435016311,484740,348915,1.3893
1745435016449,484842,348965,1.3894
1745435016451,484910,349001,1.3894
1745435016452,484961,349029,1.3895
1745435016454,485023,349064,1.3895
1745435016496,485126,349120,1.3896
1745435016506,485287,349203,1.3897
1745435016535,485495,349308,1.3899
1745435016566,485728,349422,1.3901
1745435016598,485960,349534,1.3903
1745435016657,486176,349637,1.3905
1745435016670,486378,349731,1.3907
1745435016703,486579,349824,1.3909
1745435016721,486794,349924,1.3911
1745435016863,487029,350033,1.3914
1745435016865,487279,350152,1.3916
1745435016867,487523,350270,1.3918
1745435016868,487736,350377,1.3920
1745435016870,487883,350457,1.3921
1745435016905,487927,350493,1.3921
1745435016948,487831,350468,1.3919
1745435016986,487571,350371,1.3916
1745435016991,487152,350204,1.3911
1745435017041,486618,349986,1.3904
1745435017080,486033,349746,1.3897
1745435017121,485463,349511,1.3890
1745435017151,484946,349299,1.3883
1745435017155,484489,349112,1.3878
1745435017184,484080,348943,1.3873
1745435017217,483712,348789,1.3868
1745435017266,483392,348653,1.3865
1745435017297,483138,348543,1.3862
1745435017302,482966,348467,1.3860
1745435017339,482877,348427,1.3859
1745435017372,482857,348416,1.3859
1745435017422,482882,348427,1.3859
1745435017443,482941,348454,1.3860
1745435017491,483057,348510,1.3861
1745435017504,483299,348627,1.3863
1745435017529,483778,348853,1.3868
1745435017572,484626,349244,1.3876
1745435017595,485953,349845,1.3891
1745435017640,487809,350669,1.3911
1745435017653,490134,351683,1.3937
1745435017690,492737,352800,1.3966
1745435017818,495310,353887,1.3996
1745435017820,497501,354801,1.4022
1745435017822,499025,355428,1.4040
1745435017824,499775,355731,1.4049
1745435017846,499878,355764,1.4051
1745435017880,499649,355654,1.4049
1745435017915,499470,355551,1.4048
1745435017948,499664,355579,1.4052
1745435017980,500422,355810,1.4064
1745435018020,501806,356282,1.4084
1745435018038,503795,357044,1.4110
1745435018065,506336,358190,1.4136
1745435018101,509352,359836,1.4155
1745435018131,512724,362040,1.4162
1745435018179,516257,364718,1.4155
1745435018216,519688,367637,1.4136
1745435018240,522740,370479,1.4110
1745435018258,525183,372945,1.4082
1745435018297,526900,374846,1.4056
1745435018307,527902,376136,1.4035
1745435018340,528303,376894,1.4017
1745435018375,528282,377258,1.4003
1745435018424,528017,377359,1.3992
1745435018448,527644,377267,1.3986
1745435018457,527209,376980,1.3985
1745435018487,526658,376436,1.3991
1745435018551,525868,375564,1.4002
1745435018597,524718,374328,1.4018
1745435018621,523168,372770,1.4035
1745435018641,521288,371007,1.4051
1745435018669,519236,369198,1.4064
1745435018696,517181,367482,1.4074
1745435018727,515225,365936,1.4080
1745435018742,513372,364561,1.4082
1745435018787,511553,363309,1.4080
1745435018824,509702,362134,1.4075
1745435018839,507816,361024,1.4066
1745435018864,505966,360004,1.4054
1745435018907,504248,359112,1.4042
1745435018942,502730,358367,1.4028
1745435018982,501424,357760,1.4016
1745435019020,500308,357263,1.4004
1745435019057,499363,356854,1.3994
1745435019075,498598,356528,1.3985
1745435019089,498033,356292,1.3978
1745435019118,497669,356146,1.3974
1745435019148,497466,356072,1.3971
1745435019189,497349,356032,1.3969
1745435019218,497243,355992,1.3968
1745435019249,497109,355934,1.3966
1745435019305,496951,355863,1.3965
1745435019335,496790,355791,1.3963
1745435019367,496633,355721,1.3961
1745435019373,496455,355640,1.3959
1745435019402,496215,355526,1.3957
1745435019453,495893,355368,1.3954
1745435019482,495510,355176,1.3951
1745435019501,495116,354975,1.3948
1745435019532,494763,354793,1.3945
1745435019565,494466,354640,1.3943
1745435019593,494199,354504,1.3941
1745435019637,493912,354359,1.3938
1745435019691,493565,354187,1.3935
1745435019713,493161,353988,1.3932
1745435019718,492737,353781,1.3928
1745435019752,492346,353594,1.3924
1745435019780,492021,353442,1.3921
1745435019818,491761,353328,1.3918
1745435019980,491548,353242,1.3915
1745435019985,491364,353180,1.3913
1745435019993,491222,353149,1.3910
1745435020018,491161,353171,1.3907
1745435020020,491227,353269,1.3905
1745435020062,491443,353454,1.3904
1745435020093,491798,353715,1.3904
1745435020096,492258,354030,1.3904
1745435020136,492790,354380,1.3906
1745435020175,493384,354752,1.3908
1745435020186,494049,355151,1.3911
1745435020191,494792,355576,1.3915
1745435020224,495586,356016,1.3920
1745435020242,496373,356440,1.3926
1745435020274,497076,356814,1.3931
1745435020325,497637,357110,1.3935
1745435020352,498041,357324,1.3938
1745435020495,498312,357468,1.3940
1745435020512,498489,357566,1.3941
1745435020514,498597,357630,1.3942
1745435020515,498638,357664,1.3942
1745435020517,498599,357658,1.3941
1745435020558,498462,357606,1.3939
1745435020573,498216,357501,1.3936
1745435020599,497852,357337,1.3932
1745435020628,497355,357107,1.3927
1745435020689,496724,356811,1.3921
1745435020691,495990,356463,1.3914
1745435020717,495241,356110,1.3907
1745435020752,494606,355818,1.3901
1745435020782,494211,355651,1.3896
1745435020815,494125,355644,1.3894
1745435020855,494318,355783,1.3894
1745435020894,494677,356007,1.3895
1745435020935,495054,356240,1.3897
1745435020937,495341,356427,1.3897
1745435020964,495505,356550,1.3897
1745435021008,495576,356625,1.3896
1745435021022,495604,356676,1.3895
1745435021052,495617,356719,1.3894
1745435021089,495609,356749,1.3892
1745435021142,495557,356756,1.3891
1745435021188,495451,356734,1.3889
1745435021205,495304,356689,1.3886
1745435021237,495137,356631,1.3884
1745435021266,494959,356564,1.3881
1745435021302,494764,356484,1.3879
1745435021338,494543,356384,1.3877
1745435021363,494304,356269,1.3874
1745435021383,494083,356159,1.3873
1745435021412,493923,356077,1.3871
1745435021452,493855,356039,1.3871
1745435021479,493866,356042,1.3871
1745435021521,493914,356064,1.3872
1745435021596,493950,356080,1.3872
1745435021601,493951,356079,1.3872
1745435021603,493930,356069,1.3872
1745435021636,493921,356066,1.3872
1745435021665,493952,356084,1.3872
1745435021699,494019,356121,1.3872
1745435021731,494094,356161,1.3873
1745435021742,494144,356190,1.3873
1745435021859,494159,356199,1.3873
1745435021879,494157,356201,1.3873
1745435021880,494179,356214,1.3873
1745435021882,494262,356259,1.3874
1745435021917,494419,356341,1.3875
1745435021948,494633,356453,1.3877
1745435022021,494871,356578,1.3878
1745435022023,495096,356696,1.3880
1745435022101,495281,356794,1.3881
1745435022102,495408,356860,1.3882
1745435022104,495468,356892,1.3883
1745435022134,495458,356888,1.3883
1745435022165,495383,356851,1.3882
1745435022196,495260,356791,1.3881
1745435022339,495118,356720,1.3880
1745435022349,494984,356653,1.3879
1745435022351,494880,356601,1.3878
1745435022353,494809,356564,1.3877
1745435022354,494761,356536,1.3877
1745435022382,494721,356509,1.3877
1745435022410,494683,356479,1.3877
1745435022449,494653,356452,1.3877
1745435022480,494642,356433,1.3878
1745435022509,494659,356431,1.3878
1745435022557,494702,356444,1.3879
1745435022599,494761,356470,1.3879
1745435022604,494827,356502,1.3880
1745435022648,494895,356537,1.3881
1745435022657,494965,356575,1.3881
1745435022703,495037,356614,1.3882
1745435022870,495104,356650,1.3882
1745435022872,495150,356675,1.3882
1745435022874,495162,356683,1.3882
1745435022877,495133,356672,1.3882
1745435022879,495073,356646,1.3881
1745435022880,495002,356616,1.3881
1745435022897,494943,356594,1.3880
1745435022942,494910,356585,1.3879
1745435022974,494902,356587,1.3879
1745435023024,494915,356598,1.3879
1745435023075,494942,356615,1.3879
1745435023100,494988,356639,1.3879
1745435023102,495060,356676,1.3880
1745435023137,495163,356729,1.3881
1745435023169,495296,356796,1.3882
1745435023199,495445,356871,1.3883
1745435023342,495593,356946,1.3884
1745435023352,495724,357011,1.3885
1745435023357,495829,357064,1.3886
1745435023358,495905,357103,1.3887
1745435023360,495953,357130,1.3887
1745435023386,495980,357147,1.3887
1745435023413,495993,357160,1.3887
1745435023453,496004,357170,1.3887
1745435023489,496021,357184,1.3887
1745435023526,496049,357202,1.3887
1745435023542,496085,357222,1.3887
1745435023597,496118,357239,1.3888
1745435023602,496135,357247,1.3888
1745435023617,496125,357240,1.3888
1745435023688,496091,357220,1.3888
1745435023751,496042,357194,1.3887
1745435023753,495994,357169,1.3887
1745435023788,495959,357153,1.3886
1745435023790,495942,357147,1.3886
1745435023815,495940,357149,1.3886
1745435023873,495946,357156,1.3886
1745435023875,495949,357163,1.3886
1745435023910,495942,357164,1.3886
1745435023965,495915,357156,1.3885
1745435023969,495859,357134,1.3884
1745435024002,495765,357093,1.3883
1745435024032,495629,357031,1.3882
1745435024071,495459,356952,1.3880
1745435024102,495270,356863,1.3878
1745435024151,495084,356774,1.3877
1745435024167,494920,356694,1.3875
1745435024201,494788,356628,1.3874
1745435024226,494685,356575,1.3873
1745435024270,494603,356532,1.3873
1745435024309,494533,356493,1.3872
1745435024341,494468,356457,1.3872
1745435024352,494406,356422,1.3871
1745435024384,494340,356384,1.3871
1745435024414,494261,356338,1.3871
1745435024454,494157,356279,1.3870
1745435024490,494021,356202,1.3869
1745435024518,493860,356110,1.3868
1745435024549,493688,356013,1.3867
1745435024591,493517,355918,1.3866
1745435024621,493346,355823,1.3865
1745435024623,493152,355719,1.3864
1745435024652,492901,355586,1.3862
1745435024711,492567,355411,1.3859
1745435024756,492146,355191,1.3856
1745435024784,491661,354936,1.3852
1745435024787,491154,354670,1.3848
1745435024825,490671,354414,1.3845
1745435024852,490236,354182,1.3841
1745435024884,489843,353970,1.3839
1745435024918,489457,353761,1.3836
1745435024983,489025,353529,1.3833
1745435025002,488507,353254,1.3829
1745435025006,487900,352939,1.3824
1745435025027,487252,352611,1.3818
1745435025072,486650,352315,1.3813
1745435025102,486191,352102,1.3808
1745435025135,485941,352000,1.3805
1745435025208,485888,352001,1.3804
1745435025232,485944,352052,1.3803
1745435025234,485964,352075,1.3803
1745435025269,485807,351994,1.3802
1745435025300,485381,351761,1.3799
1745435025331,484662,351364,1.3794
1745435025342,483681,350827,1.3787
1745435025477,482499,350184,1.3778
1745435025492,481188,349480,1.3769
1745435025496,479843,348767,1.3758
1745435025498,478599,348118,1.3748
1745435025506,477643,347626,1.3740
1745435025539,477173,347392,1.3736
1745435025578,477334,347487,1.3737
1745435025622,478149,347920,1.3743
1745435025660,479483,348620,1.3754
1745435025669,481079,349450,1.3767
1745435025704,482629,350251,1.3780
1745435025727,483871,350889,1.3790
1745435025777,484655,351285,1.3797
1745435025791,484950,351427,1.3799
1745435025823,484824,351354,1.3799
1745435025860,484394,351127,1.3795
1745435025909,483789,350818,1.3790
1745435025933,483130,350487,1.3785
1745435025942,482517,350188,1.3779
1745435025976,482030,349958,1.3774
1745435026022,481721,349821,1.3771
1745435026043,481605,349780,1.3769
1745435026079,481657,349822,1.3769
1745435026093,481816,349912,1.3770
1745435026143,481996,350007,1.3771
1745435026152,482116,350067,1.3772
1745435026189,482117,350063,1.3772
1745435026239,481986,349989,1.3771
1745435026360,481754,349864,1.3770
1745435026368,481483,349719,1.3768
1745435026371,481240,349588,1.3766
1745435026373,481068,349493,1.3765
1745435026387,480974,349436,1.3764
1745435026426,480930,349402,1.3764
1745435026437,480902,349374,1.3765
1745435026469,480864,349341,1.3765
1745435026504,480817,349305,1.3765
1745435026588,480782,349278,1.3765
1745435026593,480779,349272,1.3765
1745435026595,480820,349292,1.3766
1745435026652,480905,349338,1.3766
1745435026686,481039,349411,1.3767
1745435026748,481243,349523,1.3769
1745435026749,481553,349694,1.3771
1745435026752,482002,349939,1.3774
1745435026790,482599,350263,1.3778
1745435026835,483320,350655,1.3783
1745435026842,484117,351087,1.3789
1745435026873,484942,351535,1.3795
1745435026980,485763,351981,1.3801
1745435026986,486579,352425,1.3807
1745435026987,487394,352872,1.3812
1745435027040,488197,353317,1.3818
1745435027042,488946,353740,1.3822
1745435027086,489585,354110,1.3826
1745435027117,490069,354402,1.3828
1745435027219,490400,354610,1.3829
1745435027221,490619,354751,1.3830
1745435027222,490780,354851,1.3831
1745435027223,490926,354931,1.3832
1745435027278,491081,355003,1.3833
1745435027282,491275,355090,1.3835
1745435027318,491584,355233,1.3838
1745435027352,492141,355502,1.3844
1745435027387,493086,355969,1.3852
1745435027418,494496,356668,1.3864
1745435027449,496311,357567,1.3880
1745435027508,498330,358566,1.3898
1745435027560,500277,359532,1.3915
1745435027577,501921,360352,1.3929
1745435027637,503170,360977,1.3939
1745435027658,504097,361432,1.3947
1745435027660,504882,361795,1.3955
1745435027680,505706,362147,1.3964
1745435027682,506661,362539,1.3975
1745435027746,507728,362975,1.3988
1745435027757,508807,363426,1.4000
1745435027787,509779,363852,1.4011
1745435027818,510558,364219,1.4018
1745435027858,511109,364510,1.4022
1745435027893,511442,364718,1.4023
1745435027943,511590,364848,1.4022
1745435027986,511599,364908,1.4020
1745435027990,511517,364913,1.4017
1745435028017,511392,364886,1.4015
1745435028058,511270,364853,1.4013
1745435028060,511186,364836,1.4011
1745435028102,511165,364856,1.4010
1745435028138,511233,364935,1.4009
1745435028203,511424,365112,1.4007
1745435028207,511784,365449,1.4004
1745435028232,512366,366016,1.3998
1745435028273,513205,366864,1.3989
1745435028309,514312,367993,1.3976
1745435028322,515673,369351,1.3962
1745435028351,517253,370856,1.3948
1745435028388,519001,372446,1.3935
1745435028413,520835,374119,1.3922
1745435028470,522645,375930,1.3903
1745435028572,524299,377935,1.3873
1745435028576,525674,380134,1.3829
1745435028591,526691,382434,1.3772
1745435028593,527334,384682,1.3708
1745435028617,527643,386731,1.3644
1745435028647,527701,388503,1.3583
1745435028657,527602,390019,1.3528
1745435028687,527434,391385,1.3476
1745435028742,527262,392731,1.3426
1745435028790,527123,394143,1.3374
1745435028794,527031,395612,1.3322
1745435028886,526984,397047,1.3273
1745435028901,526971,398319,1.3230
1745435028903,526978,399321,1.3197
1745435028945,526993,400001,1.3175
1745435028947,527010,400373,1.3163
1745435029021,527023,400494,1.3159
1745435029025,527031,400442,1.3161
1745435029058,527035,400281,1.3167
1745435029102,527036,400037,1.3175
1745435029105,527035,399688,1.3186
1745435029144,527034,399158,1.3204
1745435029152,527030,398332,1.3231
1745435029212,527014,397086,1.3272
1745435029252,526958,395334,1.3329
1745435029355,526812,393068,1.3403
1745435029371,526514,390389,1.3487
1745435029374,526021,387503,1.3575
1745435029376,525335,384671,1.3657
1745435029401,524512,382151,1.3725
1745435029407,523650,380133,1.3775
1745435029437,522851,378701,1.3806
1745435029475,522190,377831,1.3821
1745435029504,521703,377418,1.3823
1745435029532,521390,377323,1.3818
1745435029572,521233,377420,1.3810
1745435029623,521209,377618,1.3803
1745435029677,521298,377867,1.3796
1745435029756,521469,378139,1.3790
1745435029768,521686,378409,1.3786
1745435029770,521906,378651,1.3783
1745435029772,522094,378847,1.3781
1745435029802,522235,378992,1.3780
1745435029828,522338,379103,1.3778
1745435029842,522420,379198,1.3777
1745435029883,522493,379288,1.3776
1745435029926,522553,379368,1.3774
1745435029973,522589,379423,1.3773
1745435030001,522596,379443,1.3773
1745435030008,522577,379436,1.3772
1745435030038,522547,379417,1.3772
1745435030073,522521,379402,1.3772
1745435030232,522502,379395,1.3772
1745435030248,522481,379385,1.3772
1745435030250,522446,379360,1.3772
1745435030252,522391,379311,1.3772
1745435030255,522317,379241,1.3773
1745435030257,522230,379154,1.3774
1745435030292,522128,379049,1.3775
1745435030322,522000,378916,1.3776
1745435030357,521833,378741,1.3778
1745435030389,521624,378524,1.3780
1745435030441,521389,378280,1.3783
1745435030461,521159,378043,1.3786
1745435030481,520966,377846,1.3788
1745435030525,520829,377706,1.3789
1745435030536,520746,377622,1.3790
1745435030570,520704,377577,1.3791
1745435030612,520686,377553,1.3791
1745435030650,520684,377546,1.3791
1745435030673,520700,377556,1.3791
1745435030710,520731,377585,1.3791
1745435030749,520765,377624,1.3791
1745435030775,520783,377649,1.3790
1745435030824,520763,377640,1.3790
1745435030828,520703,377590,1.3790
1745435030867,520624,377520,1.3791
1745435030903,520568,377475,1.3791
1745435030907,520597,377516,1.3790
1745435030937,520774,377711,1.3788
1745435030972,521161,378143,1.3782
1745435031128,521795,378899,1.3771
1745435031138,522666,380057,1.3752
1745435031142,523702,381645,1.3722
1745435031143,524781,383608,1.3680
1745435031145,525771,385797,1.3628
1745435031177,526565,387999,1.3571
1745435031192,527109,390001,1.3516
1745435031222,527405,391650,1.3466
1745435031259,527499,392891,1.3426
1745435031307,527458,393769,1.3395
1745435031325,527348,394396,1.3371
1745435031349,527224,394899,1.3351
1745435031389,527117,395374,1.3332
1745435031417,527043,395834,1.3315
1745435031456,527002,396191,1.3302
1745435031515,526988,396273,1.3299
1745435031518,526985,395886,1.3312
1745435031560,526973,394880,1.3345
1745435031570,526923,393222,1.3400
1745435031597,526810,391049,1.3472
1745435031643,526640,388688,1.3549
1745435031690,526453,386611,1.3617
1745435031692,526311,385317,1.3659
1745435031723,526261,385191,1.3662
1745435031787,526318,386395,1.3621
1745435031798,526459,388814,1.3540
1745435031839,526644,392084,1.3432
1745435031875,526827,395673,1.3315
1745435031992,526975,399004,1.3207
1745435032006,527071,401593,1.3125
1745435032008,527118,403154,1.3075
1745435032012,527125,403646,1.3059
1745435032015,527109,403246,1.3072
1745435032040,527083,402269,1.3103
1745435032066,527058,401051,1.3142
1745435032106,527039,399847,1.3181
1745435032137,527027,398768,1.3216
1745435032169,527022,397773,1.3249
1745435032237,527022,396725,1.3284
1745435032271,527020,395462,1.3327
1745435032273,527006,393887,1.3380
1745435032295,526954,392001,1.3443
1745435032341,526824,389903,1.3512
1745435032366,526565,387748,1.3580
1745435032401,526135,385685,1.3642
1745435032425,525509,383819,1.3692
1745435032440,524684,382186,1.3728
1745435032467,523685,380767,1.3753
1745435032523,522555,379506,1.3769
1745435032608,521357,378351,1.3780
1745435032614,520162,377271,1.3787
1745435032617,519041,376265,1.3795
1745435032633,518044,375341,1.3802
1745435032667,517193,374505,1.3810
1745435032706,516472,373749,1.3819
1745435032736,515848,373057,1.3828
1745435032767,515286,372417,1.3836
1745435032802,514771,371834,1.3844
1745435032832,514310,371328,1.3851
1745435032872,513923,370920,1.3855
1745435032900,513625,370620,1.3859
1745435032940,513414,370420,1.3860
1745435032954,513275,370294,1.3861
1745435032980,513181,370215,1.3862
1745435033071,513108,370153,1.3862
1745435033083,513038,370090,1.3863
1745435033084,512956,370008,1.3863
1745435033120,512850,369896,1.3865
1745435033148,512715,369751,1.3867
1745435033160,512552,369574,1.3869
1745435033208,512372,369379,1.3871
1745435033332,512193,369185,1.3874
1745435033342,512034,369013,1.3876
1745435033344,511908,368877,1.3877
1745435033379,511817,368777,1.3879
1745435033381,511754,368707,1.3880
1745435033383,511710,368655,1.3880
1745435033417,511676,368614,1.3881
1745435033446,511653,368585,1.3882
1745435033488,511642,368568,1.3882
1745435033522,511638,368561,1.3882
1745435033574,511636,368556,1.3882
1745435033575,511626,368545,1.3882
1745435033614,511602,368520,1.3883
1745435033657,511565,368482,1.3883
1745435033667,511518,368435,1.3884
1745435033703,511464,368380,1.3884
1745435033748,511402,368314,1.3885
1745435033774,511324,368230,1.3886
1745435033802,511224,368117,1.3888
1745435033842,511094,367967,1.3890
1745435033859,510927,367776,1.3892
1745435033921,510714,367540,1.3895
1745435033923,510443,367261,1.3899
1745435033963,510108,366946,1.3901
1745435034000,509708,366608,1.3903
1745435034025,509262,366267,1.3904
1745435034043,508796,365940,1.3904
1745435034071,508339,365645,1.3903
1745435034119,507915,365390,1.3901
1745435034156,507534,365175,1.3898
1745435034166,507203,364997,1.3896
1745435034223,506919,364854,1.3894
1745435034225,506683,364741,1.3892
1745435034269,506490,364655,1.3890
1745435034281,506334,364589,1.3888
1745435034326,506209,364538,1.3886
1745435034357,506114,364499,1.3885
1745435034407,506058,364477,1.3884
1745435034426,506053,364481,1.3884
1745435034461,506110,364518,1.3884
1745435034507,506225,364589,1.3885
1745435034517,506379,364687,1.3885
1745435034553,506547,364798,1.3886
1745435034582,506711,364911,1.3886
1745435034619,506864,365021,1.3886
1745435034748,507006,365123,1.3886
1745435034762,507133,365211,1.3886
1745435034764,507232,365278,1.3886
1745435034766,507286,365315,1.3886
1745435034768,507285,365320,1.3886
1745435034800,507242,365301,1.3886
1745435034831,507185,365275,1.3885
1745435034865,507145,365261,1.3884
1745435034897,507143,365268,1.3884
1745435035000,507173,365292,1.3884
1745435035004,507212,365322,1.3884
1745435035006,507235,365340,1.3884
1745435035008,507226,365341,1.3884
1745435035035,507191,365326,1.3883
1745435035100,507146,365305,1.3883
1745435035107,507104,365285,1.3882
1745435035256,507074,365271,1.3882
1745435035271,507052,365260,1.3882
1745435035273,507035,365251,1.3882
1745435035275,507022,365244,1.3882
1745435035276,507020,365242,1.3882
1745435035301,507033,365248,1.3882
1745435035328,507063,365265,1.3882
1745435035367,507105,365289,1.3882
1745435035392,507152,365318,1.3882
1745435035426,507197,365346,1.3883
1745435035494,507241,365374,1.3883
1745435035504,507289,365401,1.3883
1745435035537,507342,365430,1.3883
1745435035541,507398,365460,1.3884
1745435035572,507452,365487,1.3884
1745435035621,507499,365510,1.3885
1745435035662,507542,365534,1.3885
1745435035664,507592,365564,1.3885
1745435035703,507656,365603,1.3885
1745435035733,507739,365654,1.3886
1745435035773,507833,365710,1.3886
1745435035865,507930,365768,1.3887
1745435035867,508024,365822,1.3887
1745435035869,508114,365872,1.3888
1745435035929,508197,365917,1.3888
1745435035949,508264,365952,1.3889
1745435035951,508291,365965,1.3889
1745435035993,508249,365940,1.3889
1745435036095,508117,365867,1.3888
1745435036105,507902,365750,1.3887
1745435036107,507639,365610,1.3885
1745435036144,507384,365477,1.3883
1745435036146,507188,365379,1.3881
1745435036196,507084,365333,1.3880
1745435036201,507073,365340,1.3879
1745435036234,507138,365389,1.3879
1745435036274,507248,365460,1.3880
1745435036307,507371,365537,1.3880
1745435036356,507481,365603,1.3881
1745435036358,507556,365646,1.3881
1745435036386,507579,365660,1.3881
1745435036419,507542,365642,1.3881
1745435036451,507450,365596,1.3880
1745435036492,507317,365533,1.3879
1745435036520,507165,365464,1.3877
1745435036546,507010,365396,1.3876
1745435036590,506855,365329,1.3874
1745435036613,506691,365254,1.3872
1745435036641,506502,365162,1.3871
1745435036708,506280,365046,1.3869
1745435036710,506031,364909,1.3867
1745435036746,505771,364761,1.3866
1745435036756,505521,364614,1.3865
1745435036794,505290,364476,1.3863
1745435036838,505078,364348,1.3863
1745435036868,504878,364228,1.3862
1745435036916,504690,364117,1.3861
1745435036944,504522,364019,1.3860
1745435036951,504389,363943,1.3859
1745435036988,504306,363894,1.3859
1745435037015,504273,363874,1.3858
1745435037053,504282,363878,1.3859
1745435037072,504315,363895,1.3859
1745435037107,504356,363919,1.3859
1745435037143,504387,363940,1.3859
1745435037164,504395,363949,1.3859
1745435037211,504362,363936,1.3859
1745435037224,504277,363891,1.3858
1745435037261,504138,363815,1.3857
1745435037303,503958,363716,1.3856
1745435037343,503759,363606,1.3855
1745435037381,503563,363499,1.3853
1745435037386,503379,363400,1.3852
1745435037423,503205,363308,1.3851
1745435037453,503030,363219,1.3849
1745435037484,502841,363127,1.3848
1745435037516,502631,363030,1.3845
1745435037547,502397,362925,1.3843
1745435037587,502146,362816,1.3840
1745435037612,501897,362710,1.3837
1745435037642,501681,362621,1.3835
1745435037679,501532,362564,1.3833
1745435037721,501475,362550,1.3832
1745435037745,501511,362580,1.3832
1745435037790,501610,362640,1.3832
1745435037808,501727,362707,1.3833
1745435037854,501816,362760,1.3833
1745435037870,501857,362789,1.3833
1745435037898,501860,362799,1.3833
1745435037932,501845,362800,1.3833
1745435037991,501824,362797,1.3832
1745435037996,501790,362786,1.3832
1745435038033,501720,362756,1.3831
1745435038067,501608,362701,1.3830
1745435038076,501469,362629,1.3829
1745435038107,501341,362563,1.3828
1745435038150,501260,362521,1.3827
1745435038183,501238,362508,1.3827
1745435038217,501256,362516,1.3827
1745435038227,501289,362528,1.3828
1745435038370,501320,362538,1.3828
1745435038372,501361,362552,1.3829
1745435038374,501440,362587,1.3830
1745435038375,501584,362656,1.3831
1745435038405,501795,362763,1.3833
1745435038424,502056,362898,1.3835
1745435038463,502335,363046,1.3837
1745435038502,502609,363195,1.3839
1745435038524,502866,363336,1.3840
1745435038543,503096,363465,1.3842
1745435038593,503288,363574,1.3843
1745435038617,503425,363653,1.3844
1745435038654,503491,363695,1.3844
1745435038678,503494,363702,1.3844
1745435038692,503459,363688,1.3843
1745435038768,503427,363675,1.3843
1745435038786,503429,363681,1.3843
1745435038816,503479,363711,1.3843
1745435038826,503565,363761,1.3843
1745435038856,503665,363817,1.3844
1745435038889,503762,363870,1.3845
1745435039002,503850,363916,1.3845
1745435039013,503929,363959,1.3846
1745435039015,504000,363997,1.3846
1745435039019,504051,364025,1.3847
1745435039059,504068,364035,1.3847
1745435039069,504043,364025,1.3846
1745435039226,503984,363997,1.3846
1745435039274,503911,363962,1.3845
1745435039292,503841,363930,1.3844
1745435039293,503778,363901,1.3844
1745435039296,503711,363868,1.3843
1745435039301,503619,363820,1.3843
1745435039325,503488,363749,1.3842
1745435039328,503321,363659,1.3840
1745435039362,503133,363559,1.3839
1745435039395,502939,363456,1.3838
1745435039442,502741,363354,1.3836
1745435039443,502530,363248,1.3834
1745435039492,502290,363128,1.3832
1745435039517,502020,362994,1.3830
1745435039557,501736,362853,1.3828
1745435039602,501472,362722,1.3825
1745435039621,501260,362617,1.3823
1745435039655,501111,362543,1.3822
1745435039682,501017,362496,1.3821
1745435039724,500953,362463,1.3821
1745435039731,500905,362439,1.3820
1745435039763,500878,362427,1.3820
1745435039804,500893,362439,1.3820
1745435039852,500973,362489,1.3820
1745435039886,501121,362577,1.3821
1745435039892,501311,362690,1.3822
1745435039934,501495,362800,1.3823
1745435039968,501625,362879,1.3823
1745435039998,501672,362911,1.3824
1745435040126,501644,362902,1.3823
1745435040144,501574,362872,1.3822
1745435040151,501512,362846,1.3822
1745435040153,501496,362849,1.3821
1745435040165,501547,362888,1.3821
1745435040183,501656,362959,1.3821
1745435040220,501792,363045,1.3822
1745435040251,501915,363125,1.3822
1745435040268,501994,363182,1.3822
1745435040324,502015,363206,1.3822
1745435040340,501988,363202,1.3821
1745435040388,501944,363187,1.3821
1745435040414,501919,363181,1.3820
1745435040422,501936,363199,1.3820
1745435040484,501998,363240,1.3820
1745435040498,502085,363296,1.3820
1745435040534,502169,363347,1.3821
1745435040570,502220,363379,1.3821
1745435040624,502221,363382,1.3821
1745435040646,502170,363354,1.3820
1745435040650,502073,363300,1.3820
1745435040678,501944,363227,1.3819
1745435040719,501797,363144,1.3818
1745435040746,501650,363063,1.3817
1745435040802,501521,362994,1.3816
1745435040805,501426,362948,1.3815
1745435040835,501370,362926,1.3815
1745435040874,501340,362920,1.3814
1745435040900,501307,362912,1.3813
1745435040940,501233,362879,1.3813
1745435040972,501088,362802,1.3812
1745435040990,500861,362676,1.3810
1745435041143,500567,362510,1.3808
1745435041159,500239,362326,1.3806
1745435041161,499916,362147,1.3804
1745435041164,499628,361989,1.3802
1745435041170,499388,361859,1.3801
1745435041191,499196,361757,1.3799
1745435041215,499049,361680,1.3798
1745435041226,498941,361623,1.3797
1745435041273,498868,361584,1.3797
1745435041307,498824,361560,1.3796
1745435041380,498791,361541,1.3796
1745435041387,498740,361512,1.3796
1745435041392,498636,361453,1.3795
1745435041423,498455,361350,1.3794
1745435041451,498197,361203,1.3793
1745435041488,497891,361030,1.3791
1745435041624,497592,360860,1.3789
1745435041626,497356,360728,1.3788
1745435041628,497222,360655,1.3787
1745435041632,497200,360647,1.3786
1745435041651,497280,360699,1.3787
1745435041679,497442,360801,1.3787
1745435041721,497673,360945,1.3788
1745435041747,497963,361121,1.3789
1745435041787,498295,361318,1.3791
1745435041813,498642,361518,1.3793
1745435041826,498964,361699,1.3795
1745435041880,499225,361844,1.3797
1745435041920,499407,361944,1.3798
1745435041924,499510,362002,1.3799
1745435041956,499547,362027,1.3799
1745435041980,499532,362027,1.3798
1745435042028,499470,362005,1.3797
1745435042073,499358,361961,1.3796
1745435042097,499193,361888,1.3794
1745435042135,498970,361783,1.3792
1745435042167,498689,361642,1.3790
1745435042172,498353,361466,1.3787
1745435042210,497962,361253,1.3784
1745435042251,497521,361008,1.3781
1745435042261,497041,360740,1.3778
1745435042307,496546,360461,1.3775
1745435042325,496067,360192,1.3772
1745435042351,495638,359950,1.3770
1745435042520,495280,359748,1.3767
1745435042525,494996,359586,1.3766
1745435042527,494778,359462,1.3764
1745435042529,494614,359367,1.3763
1745435042531,494492,359298,1.3763
1745435042555,494404,359247,1.3762
1745435042576,494335,359208,1.3762
1745435042606,494260,359167,1.3761
1745435042642,494150,359107,1.3761
1745435042692,493978,359012,1.3759
1745435042710,493736,358878,1.3758
1745435042757,493431,358708,1.3756
1745435042759,493079,358508,1.3754
1745435042813,492673,358273,1.3751
1745435042863,492165,357975,1.3749
1745435042871,491471,357569,1.3745
1745435043016,490499,357007,1.3739
1745435043034,489190,356260,1.3731
1745435043036,487540,355328,1.3721
1745435043037,485609,354244,1.3708
1745435043040,483510,353065,1.3695
1745435043043,481381,351866,1.3681
1745435043071,479353,350718,1.3668
1745435043101,477532,349683,1.3656
1745435043174,475984,348800,1.3646
1745435043265,474742,348092,1.3638
1745435043270,473810,347563,1.3632
1745435043272,473164,347200,1.3628
1745435043306,472762,346977,1.3625
1745435043308,472552,346863,1.3624
1745435043339,472489,346831,1.3623
1745435043369,472541,346863,1.3623
1745435043428,472688,346948,1.3624
1745435043444,472918,347078,1.3626
1745435043469,473222,347250,1.3628
1745435043476,473592,347460,1.3630
1745435043574,474030,347708,1.3633
1745435043625,474556,348007,1.3636
1745435043627,475217,348381,1.3641
1745435043629,476065,348860,1.3646
1745435043661,477141,349467,1.3653
1745435043671,478446,350201,1.3662
1745435043703,479921,351029,1.3672
1745435043733,481454,351890,1.3682
1745435043918,482903,352704,1.3691
1745435043921,484130,353395,1.3699
1745435043929,485038,353908,1.3705
1745435043931,485589,354219,1.3709
1745435043934,485805,354342,1.3710
1745435043958,485761,354317,1.3710
1745435043989,485554,354200,1.3708
1745435043994,485277,354043,1.3707
1745435044023,485002,353887,1.3705
1745435044074,484766,353755,1.3703
1745435044085,484578,353652,1.3702
1745435044132,484427,353571,1.3701
1745435044139,484297,353503,1.3700
1745435044171,484176,353440,1.3699
1745435044198,484057,353378,1.3698
1745435044267,483939,353316,1.3697
1745435044271,483822,353252,1.3696
1745435044303,483710,353190,1.3695
1745435044354,483612,353135,1.3695
1745435044383,483543,353098,1.3694
1745435044400,483518,353085,1.3694
1745435044421,483545,353101,1.3694
1745435044484,483617,353142,1.3695
1745435044488,483714,353194,1.3695
1745435044519,483812,353246,1.3696
1745435044551,483893,353287,1.3697
1745435044593,483957,353318,1.3697
1745435044636,484017,353349,1.3698
1745435044727,484091,353390,1.3698
1745435044819,484185,353445,1.3699
1745435044835,484294,353510,1.3700
1745435044837,484403,353578,1.3700
1745435044842,484495,353637,1.3700
1745435044844,484565,353683,1.3701
1745435044847,484617,353720,1.3701
1745435044873,484660,353749,1.3701
1745435044930,484700,353775,1.3701
1745435044936,484740,353799,1.3701
1745435044994,484774,353820,1.3701
1745435045011,484800,353835,1.3701
1745435045021,484818,353845,1.3701
1745435045057,484831,353853,1.3701
1745435045083,484846,353861,1.3702
1745435045121,484866,353869,1.3702
1745435045304,484891,353879,1.3702
1745435045316,484922,353891,1.3703
1745435045318,484960,353906,1.3703
1745435045320,485010,353927,1.3704
1745435045322,485080,353959,1.3704
1745435045325,485172,354005,1.3705
1745435045326,485282,354061,1.3706
1745435045374,485395,354119,1.3707
1745435045412,485491,354169,1.3708
1745435045460,485554,354201,1.3708
1745435045477,485570,354208,1.3709
1745435045515,485529,354186,1.3708
1745435045517,485422,354131,1.3707
1745435045558,485244,354037,1.3706
1745435045579,484994,353905,1.3704
1745435045625,484685,353742,1.3702
1745435045769,484347,353564,1.3699
1745435045771,484018,353391,1.3696
1745435045773,483733,353243,1.3694
1745435045774,483513,353130,1.3692
1745435045778,483355,353051,1.3691
1745435045801,483245,352998,1.3690
1745435045835,483160,352958,1.3689
1745435045863,483083,352919,1.3688
1745435045908,483004,352876,1.3688
1745435045957,482923,352830,1.3687
1745435045994,482842,352781,1.3687
1745435046026,482761,352733,1.3686
1745435046048,482678,352685,1.3686
1745435046059,482583,352633,1.3685
1745435046088,482471,352573,1.3684
1745435046134,482339,352503,1.3683
1745435046261,482189,352425,1.3682
1745435046278,482030,352342,1.3681
1745435046280,481868,352257,1.3679
1745435046283,481710,352175,1.3678
1745435046285,481563,352099,1.3677
1745435046321,481433,352033,1.3676
1745435046326,481326,351979,1.3675
1745435046356,481247,351940,1.3674
1745435046386,481196,351915,1.3674
1745435046422,481170,351903,1.3673
1745435046486,481168,351903,1.3673
1745435046491,481185,351914,1.3673
1745435046545,481219,351934,1.3674
1745435046588,481264,351961,1.3674
1745435046592,481317,351992,1.3674
1745435046683,481374,352024,1.3674
1745435046691,481431,352057,1.3675
1745435046693,481489,352090,1.3675
1745435046702,481547,352124,1.3675
1745435046733,481605,352160,1.3676
1745435046806,481663,352196,1.3676
1745435046807,481716,352231,1.3676
1745435046837,481760,352262,1.3676
1745435046889,481790,352285,1.3676
1745435046915,481803,352300,1.3676
1745435046927,481801,352305,1.3676
1745435046956,481789,352305,1.3675
1745435047002,481777,352306,1.3675
1745435047055,481779,352315,1.3675
1745435047074,481809,352339,1.3675
1745435047110,481875,352384,1.3675
1745435047135,481979,352448,1.3675
1745435047139,482111,352525,1.3676
1745435047166,482253,352606,1.3677
1745435047233,482386,352681,1.3678
1745435047241,482494,352740,1.3678
1745435047292,482572,352782,1.3679
1745435047327,482625,352809,1.3679
1745435047379,482664,352828,1.3680
1745435047383,482701,352844,1.3680
1745435047422,482738,352861,1.3681
1745435047427,482772,352878,1.3681
1745435047460,482796,352889,1.3681
1745435047481,482803,352894,1.3681
1745435047524,482793,352892,1.3681
1745435047654,482769,352884,1.3681
1745435047667,482738,352873,1.3680
1745435047671,482703,352861,1.3680
1745435047673,482662,352846,1.3679
1745435047676,482613,352826,1.3678
1745435047706,482552,352800,1.3678
1745435047736,482477,352768,1.3677
1745435047766,482387,352729,1.3676
1745435047798,482286,352682,1.3675
1745435047828,482176,352631,1.3674
1745435047869,482065,352578,1.3673
1745435047898,481962,352528,1.3672
1745435047937,481875,352485,1.3671
1745435047977,481809,352449,1.3670
1745435048044,481763,352422,1.3670
1745435048054,481736,352400,1.3670
1745435048077,481726,352386,1.3670
1745435048096,481729,352378,1.3671
1745435048111,481741,352377,1.3671
1745435048173,481754,352380,1.3671
1745435048226,481756,352380,1.3671
1745435048261,481733,352369,1.3671
1745435048287,481679,352342,1.3671
1745435048292,481596,352300,1.3670
1745435048308,481500,352251,1.3669
1745435048337,481408,352203,1.3668
1745435048391,481335,352165,1.3668
1745435048527,481285,352139,1.3667
1745435048543,481252,352123,1.3667
1745435048545,481221,352108,1.3667
1745435048547,481183,352088,1.3667
1745435048551,481130,352061,1.3666
1745435048575,481066,352026,1.3666
1745435048599,480993,351987,1.3665
1745435048606,480911,351942,1.3665
1745435048660,480817,351888,1.3664
1745435048676,480709,351826,1.3663
1745435048725,480592,351759,1.3663
1745435048761,480483,351697,1.3662
1745435048787,480402,351652,1.3661
1745435048821,480362,351631,1.3661
1745435048856,480362,351633,1.3661
1745435048869,480390,351652,1.3661
1745435049002,480429,351677,1.3661
1745435049042,480467,351701,1.3661
1745435049044,480501,351724,1.3661
1745435049047,480538,351749,1.3661
1745435049049,480587,351781,1.3662
1745435049073,480650,351821,1.3662
1745435049098,480724,351868,1.3662
1745435049138,480805,351918,1.3662
1745435049193,480888,351968,1.3663
1745435049195,480973,352017,1.3663
1745435049260,481060,352066,1.3664
1745435049282,481151,352114,1.3665
1745435049287,481245,352161,1.3665
1745435049324,481338,352206,1.3666
1745435049335,481430,352249,1.3667
1745435049400,481525,352292,1.3668
1745435049428,481632,352341,1.3669
1745435049446,481759,352403,1.3671
1745435049479,481909,352479,1.3672
1745435049491,482080,352567,1.3673
1745435049559,482261,352663,1.3675
1745435049561,482440,352760,1.3676
1745435049643,482609,352852,1.3677
1745435049657,482761,352935,1.3678
1745435049659,482894,353010,1.3679
1745435049692,483009,353077,1.3680
1745435049705,483107,353137,1.3680
1745435049762,483189,353189,1.3681
1745435049777,483254,353234,1.3681
1745435049902,483306,353272,1.3681
1745435049906,483346,353303,1.3681
1745435049909,483378,353329,1.3681
1745435049910,483405,353349,1.3681
1745435049957,483424,353364,1.3681
1745435049963,483433,353370,1.3681
1745435049994,483431,353368,1.3681
1745435050017,483420,353360,1.3681
1745435050060,483412,353353,1.3681
1745435050108,483414,353353,1.3681
1745435050151,483433,353363,1.3681
1745435050153,483467,353383,1.3681
1745435050200,483506,353407,1.3681
1745435050242,483543,353431,1.3681
1745435050256,483571,353450,1.3681
1745435050320,483592,353466,1.3681
1745435050332,483609,353480,1.3681
1745435050344,483625,353494,1.3681
1745435050376,483637,353507,1.3681
1745435050396,483641,353517,1.3681
1745435050442,483631,353522,1.3680
1745435050457,483608,353523,1.3680
1745435050512,483578,353520,1.3679
1745435050539,483546,353515,1.3678
1745435050566,483511,353506,1.3678
1745435050597,483465,353490,1.3677
1745435050639,483399,353459,1.3676
1745435050709,483309,353413,1.3675
1745435050742,483204,353357,1.3675
1745435050751,483098,353300,1.3674
1745435050762,483008,353251,1.3673
1745435050766,482940,353215,1.3673
1745435050800,482890,353189,1.3672
1745435050827,482842,353166,1.3672
1745435050877,482785,353136,1.3671
1745435050901,482709,353098,1.3671
1745435050948,482616,353050,1.3670
1745435050961,482510,352998,1.3669
1745435050991,482404,352947,1.3668
1745435051037,482319,352911,1.3667
1745435051185,482285,352904,1.3666
1745435051189,482336,352946,1.3666
1745435051191,482497,353050,1.3667
1745435051192,482771,353216,1.3668
1745435051194,483129,353425,1.3670
1745435051229,483520,353649,1.3672
1745435051266,483887,353857,1.3675
1745435051276,484196,354028,1.3677
1745435051311,484445,354163,1.3679
1745435051357,484659,354276,1.3680
1745435051394,484867,354388,1.3682
1745435051416,485086,354506,1.3683
1745435051426,485306,354628,1.3685
1745435051456,485504,354741,1.3686
1745435051486,485668,354839,1.3687
1745435051520,485801,354921,1.3688
1745435051660,485924,354999,1.3688
1745435051677,486056,355080,1.3689
1745435051681,486200,355168,1.3689
1745435051685,486341,355253,1.3690
1745435051707,486461,355329,1.3690
1745435051724,486551,355389,1.3691
1745435051747,486622,355440,1.3691
1745435051788,486688,355489,1.3691
1745435051816,486763,355542,1.3691
1745435051854,486841,355596,1.3691
1745435051881,486909,355643,1.3691
1745435051897,486958,355680,1.3691
1745435051946,486997,355712,1.3691
1745435051958,487063,355760,1.3691
1745435052008,487207,355853,1.3691
1745435052052,487470,356014,1.3692
1745435052084,487871,356252,1.3695
1745435052087,488396,356558,1.3698
1745435052121,489008,356912,1.3701
1745435052151,489661,357286,1.3705
1745435052191,490309,357654,1.3709
1745435052242,490907,357991,1.3713
1745435052246,491420,358278,1.3716
1745435052282,491819,358499,1.3719
1745435052297,492090,358648,1.3721
1745435052341,492234,358728,1.3722
1745435052371,492267,358748,1.3722
1745435052530,492207,358718,1.3721
1745435052553,492070,358649,1.3720
1745435052555,491868,358546,1.3718
1745435052559,491614,358417,1.3716
1745435052561,491329,358273,1.3714
1745435052563,491046,358130,1.3711
1745435052587,490799,358006,1.3709
1745435052617,490613,357912,1.3708
1745435052648,490487,357850,1.3706
1745435052686,490398,357806,1.3706
1745435052719,490309,357763,1.3705
1745435052750,490194,357705,1.3704
1745435052783,490046,357628,1.3703
1745435052823,489881,357541,1.3701
1745435052838,489719,357455,1.3700
1745435052874,489572,357376,1.3699
1745435052898,489436,357303,1.3698
1745435053037,489300,357231,1.3697
1745435053051,489160,357157,1.3696
1745435053053,489023,357085,1.3695
1745435053054,488908,357022,1.3694
1745435053084,488830,356978,1.3694
1745435053091,488789,356951,1.3693
1745435053121,488774,356936,1.3694
1745435053153,488765,356925,1.3694
1745435053226,488751,356912,1.3694
1745435053231,488731,356898,1.3694
1745435053277,488712,356888,1.3694
1745435053300,488699,356882,1.3694
1745435053304,488688,356879,1.3693
1745435053342,488671,356873,1.3693
1745435053361,488641,356860,1.3693
1745435053392,488598,356838,1.3692
1745435053463,488550,356813,1.3692
1745435053479,488508,356790,1.3692
1745435053519,488472,356770,1.3692
1745435053574,488438,356751,1.3691
1745435053579,488400,356730,1.3691
1745435053624,488356,356707,1.3691
1745435053626,488316,356685,1.3690
1745435053658,488287,356669,1.3690
1745435053684,488270,356657,1.3690
1745435053723,488260,356648,1.3690
1745435053739,488244,356634,1.3690
1745435053800,488216,356613,1.3690
1745435053804,488183,356590,1.3690
1745435053841,488154,356571,1.3690
1745435053905,488142,356561,1.3690
1745435054030,488145,356559,1.3690
1745435054039,488148,356557,1.3691
1745435054041,488136,356546,1.3691
1745435054042,488101,356524,1.3691
1745435054044,488053,356494,1.3690
1745435054073,488006,356465,1.3690
1745435054098,487972,356444,1.3690
1745435054111,487950,356429,1.3690
1745435054156,487928,356416,1.3690
1745435054203,487894,356398,1.3690
1745435054253,487847,356374,1.3689
1745435054279,487792,356346,1.3689
1745435054302,487736,356314,1.3688
1745435054307,487678,356279,1.3688
1745435054361,487608,356236,1.3688
1745435054381,487518,356178,1.3687
1745435054419,487404,356108,1.3687
1745435054426,487280,356033,1.3686
1745435054488,487162,355962,1.3686
1745435054490,487062,355903,1.3685
1745435054548,486977,355855,1.3685
1745435054561,486897,355810,1.3684
1745435054591,486809,355764,1.3683
1745435054621,486715,355717,1.3683
1745435054655,486628,355676,1.3682
1745435054682,486566,355648,1.3681
1745435054717,486538,355639,1.3681
1745435054823,486544,355647,1.3681
1745435054834,486569,355665,1.3681
1745435054836,486599,355686,1.3681
1745435054839,486624,355704,1.3681
1745435054867,486642,355719,1.3681
1745435054906,486653,355731,1.3680
1745435054943,486657,355738,1.3680
1745435054977,486654,355741,1.3680
1745435055027,486645,355740,1.3680
1745435055049,486636,355738,1.3680
1745435055056,486634,355741,1.3679
1745435055086,486646,355753,1.3679
1745435055123,486668,355771,1.3679
1745435055154,486692,355792,1.3679
1745435055193,486707,355808,1.3679
1745435055224,486705,355816,1.3679
1745435055267,486690,355815,1.3678
1745435055299,486668,355809,1.3678
1745435055311,486646,355802,1.3677
1745435055414,486626,355794,1.3677
1745435055416,486606,355784,1.3677
1745435055418,486582,355773,1.3677
1745435055431,486555,355758,1.3677
1745435055469,486525,355741,1.3676
1745435055502,486492,355722,1.3676
1745435055538,486458,355698,1.3676
1745435055567,486432,355671,1.3676
1745435055604,486452,355654,1.3678
1745435055650,486595,355672,1.3681
1745435055683,486973,355768,1.3688
1745435055686,487710,355983,1.3700
1745435055719,488915,356364,1.3720
1745435055749,490676,356963,1.3746
1745435055788,493032,357834,1.3778
1745435055827,495960,359020,1.3814
1745435055912,499372,360526,1.3851
1745435055917,503115,362292,1.3887
1745435055919,506960,364159,1.3921
1745435055926,510594,365876,1.3955
1745435055962,513669,367164,1.3990
1745435056004,515894,367812,1.4026
1745435056040,517126,367751,1.4062
1745435056167,517389,367060,1.4096
1745435056181,516817,365892,1.4125
1745435056183,515527,364385,1.4148
1745435056185,513513,362572,1.4163
1745435056187,510601,360372,1.4169
1745435056218,506539,357648,1.4163
1745435056256,501189,354320,1.4145
1745435056282,494710,350473,1.4116
1745435056310,487615,346379,1.4077
1745435056398,480636,342423,1.4036
1745435056401,474482,338962,1.3998
1745435056407,469610,336214,1.3968
1745435056444,466133,334217,1.3947
1745435056486,463895,332875,1.3936
1745435056516,462633,332053,1.3933
1745435056526,462135,331651,1.3934
1745435056572,462302,331631,1.3940
1745435056616,463093,331982,1.3949
1745435056638,464422,332662,1.3961
1745435056667,466097,333566,1.3973
1745435056703,467859,334553,1.3985
1745435056706,469501,335505,1.3994
1745435056774,470968,336384,1.4001
1745435056798,472362,337228,1.4007
1745435056839,473845,338107,1.4015
1745435056844,475493,339045,1.4024
1745435056871,477221,339991,1.4036
1745435056914,478798,340824,1.4048
1745435056969,479970,341417,1.4058
1745435056972,480581,341698,1.4064
1745435057006,480643,341679,1.4067
1745435057079,480315,341444,1.4067
1745435057093,479823,341106,1.4067
1745435057115,479366,340765,1.4067
1745435057126,479064,340480,1.4070
1745435057156,478958,340279,1.4075
1745435057193,479037,340168,1.4082
1745435057241,479268,340148,1.4090
1745435057294,479619,340221,1.4097
1745435057305,480058,340387,1.4103
1745435057307,480562,340642,1.4108
1745435057339,481109,340974,1.4110
1745435057376,481683,341362,1.4111
1745435057396,482267,341776,1.4111
1745435057440,482842,342180,1.4111
1745435057492,483388,342537,1.4112
1745435057521,483887,342820,1.4115
1745435057544,484341,343023,1.4120
1745435057563,484775,343164,1.4127
1745435057606,485236,343284,1.4135
1745435057629,485781,343430,1.4145
1745435057663,486441,343642,1.4155
1745435057708,487202,343929,1.4166
1745435057711,487992,344269,1.4175
1745435057741,488713,344618,1.4181
1745435057771,489282,344935,1.4185
1745435057802,489668,345195,1.4185
1745435057868,489895,345396,1.4184
1745435057913,490018,345546,1.4181
1745435057945,490083,345654,1.4178
1745435057969,490107,345720,1.4176
1745435057973,490088,345741,1.4175
1745435058001,490029,345723,1.4174
1745435058030,489964,345690,1.4174
1745435058065,489956,345678,1.4174
1745435058111,490071,345726,1.4175
1745435058158,490350,345855,1.4178
1745435058161,490786,346065,1.4182
1745435058187,491332,346334,1.4187
1745435058224,491927,346632,1.4192
1745435058269,492519,346931,1.4196
1745435058313,493081,347214,1.4201
1745435058342,493606,347473,1.4206
1745435058385,494090,347702,1.4210
1745435058392,494525,347898,1.4215
1745435058413,494899,348057,1.4219
1745435058458,495217,348189,1.4223
1745435058460,495512,348317,1.4226
1745435058491,495842,348485,1.4228
1745435058521,496275,348748,1.4230
1745435058592,496858,349154,1.4230
1745435058607,497590,349718,1.4228
1745435058644,498428,350412,1.4224
1745435058676,499301,351168,1.4218
1745435058693,500144,351912,1.4212
1745435058729,500920,352580,1.4207
1745435058764,501624,353138,1.4205
1745435058785,502263,353575,1.4205
1745435058844,502830,353889,1.4209
1745435058870,503292,354079,1.4214
1745435058872,503591,354139,1.4220
1745435058931,503660,354067,1.4225
1745435058944,503451,353874,1.4227
1745435058971,502972,353591,1.4225
1745435059005,502301,353278,1.4218
1745435059034,501582,353010,1.4209
1745435059064,500990,352857,1.4198
1745435059105,500674,352861,1.4189
1745435059213,500719,353030,1.4183
1745435059215,501127,353332,1.4183
1745435059217,501824,353718,1.4187
1745435059219,502696,354133,1.4195
1745435059255,503625,354538,1.4205
1745435059291,504534,354916,1.4216
1745435059327,505387,355267,1.4226
1745435059410,506184,355601,1.4235
1745435059442,506919,355923,1.4242
1745435059443,507563,356220,1.4249
1745435059446,508062,356470,1.4253
1745435059466,508360,356646,1.4254
1745435059516,508426,356730,1.4252
1745435059526,508271,356719,1.4248
1745435059558,507946,356626,1.4243
1745435059693,507518,356473,1.4237
1745435059704,507051,356284,1.4232
1745435059709,506578,356075,1.4227
1745435059711,506102,355852,1.4222
1745435059730,505593,355610,1.4218
1745435059772,505003,355335,1.4212
1745435059794,504276,355007,1.4205
1745435059832,503372,354607,1.4195
1745435059840,502274,354126,1.4183
1745435059875,500995,353563,1.4170
1745435059913,499563,352925,1.4155
1745435059967,498016,352225,1.4139
1745435059969,496396,351483,1.4123
1745435060004,494749,350720,1.4107
1745435060074,493134,349968,1.4091
1745435060093,491634,349269,1.4076
1745435060117,490371,348679,1.4064
1745435060125,489492,348262,1.4055
1745435060155,489127,348064,1.4053
1745435060206,489308,348079,1.4057
1745435060263,489887,348203,1.4069
1745435060265,490504,348234,1.4085
1745435060303,490657,347907,1.4103
1745435060306,489842,346971,1.4118
1745435060335,487694,345252,1.4126
1745435060372,484029,342666,1.4125
1745435060411,478738,339155,1.4116
1745435060474,471625,334595,1.4095
1745435060497,462299,328738,1.4063
1745435060522,450191,321225,1.4015
1745435060546,434676,311659,1.3947
1745435060578,415196,299721,1.3853
1745435060610,391408,285287,1.3720
1745435060629,363376,268562,1.3530
1745435060676,331808,250178,1.3263
1745435060702,298179,231181,1.2898
1745435060711,264606,212868,1.2431
1745435060766,233454,196511,1.1880
1745435060805,206837,183083,1.1297
1745435060857,186165,173068,1.0757
1745435060860,171861,166419,1.0327
1745435060948,163316,162635,1.0042
1745435060951,159116,160951,0.9886
1745435060953,157465,160568,0.9807
1745435060997,156676,160861,0.9740
1745435061011,155581,161520,0.9632
1745435061026,153735,162575,0.9456
1745435061056,151398,164308,0.9214
1745435061085,149289,167065,0.8936
1745435061151,148189,170999,0.8666
1745435061160,148550,175879,0.8446
1745435061190,150306,181078,0.8301
1745435061223,152975,185792,0.8234
1745435061251,155958,189347,0.8237
1745435061288,158817,191435,0.8296
1745435061327,161379,192149,0.8399
1745435061426,163666,191842,0.8531
1745435061456,165774,190945,0.8682
1745435061458,167849,189864,0.8840
1745435061461,170181,189000,0.9004
1745435061506,173408,188868,0.9181
1745435061508,178784,190261,0.9397
1745435061536,188413,194437,0.9690
1745435061590,205226,203289,1.0095
1745435061618,232254,219326,1.0589
1745435061660,271129,245092,1.1062
1745435061662,320584,281923,1.1371
1745435061686,376098,328620,1.1445
1745435061723,431097,381066,1.1313
1745435061753,479057,433217,1.1058
1745435061786,515407,478982,1.0760
1745435061814,538378,513993,1.0474
1745435061933,548532,536487,1.0225
1745435061965,547409,547079,1.0006
1745435061967,536468,547876,0.9792
1745435061972,517445,541682,0.9553
1745435062018,493696,531638,0.9286
1745435062020,470654,520973,0.9034
1745435062057,454322,512474,0.8865
1745435062076,448794,507853,0.8837
1745435062172,454495,507402,0.8957
1745435062174,467817,510048,0.9172
1745435062176,481863,513620,0.9382
1745435062181,488118,515143,0.9475
1745435062225,478984,511256,0.9369
1745435062255,450445,498850,0.9030
1745435062286,403617,475967,0.8480
1745435062327,344508,442806,0.7780
1745435062457,282259,402336,0.7015
1745435062470,226546,359921,0.6294
1745435062472,185060,321857,0.5750
1745435062473,162062,293688,0.5518
1745435062476,158600,279280,0.5679
1745435062511,173836,280691,0.6193
1745435062525,206145,298180,0.6913
1745435062576,253044,329910,0.7670
1745435062611,310387,371748,0.8349
1745435062644,372100,417789,0.8906
1745435062678,431122,461685,0.9338
1745435062690,481086,498186,0.9657
1745435062724,517546,523928,0.9878
1745435062751,537674,536726,1.0018
1745435062791,538673,533767,1.0092
1745435062810,516990,510800,1.0121
1745435062867,470080,464119,1.0128
1745435062930,399604,394159,1.0138
1745435062957,313069,307571,1.0179
1745435062962,222382,216114,1.0290
1745435062983,140417,133490,1.0519
1745435063029,77770,72252,1.0764
1745435063041,41056,41755,0.9833
1745435063111,32728,46842,0.6987
1745435063132,51563,86860,0.88078
1745435063162,93177,155340,0.5998
1745435063181,150473,241042,0.6243
1745435063186,214371,330426,0.6488
1745435063228,275042,410754,0.6696
1745435063277,323511,472637,0.6845
1745435063302,353229,511157,0.6910
1745435063342,361149,525499,0.6872
1745435063370,347980,517700,0.6722
1745435063407,317618,491405,0.6463
1745435063435,275985,451098,0.6118
1745435063440,229621,401704,0.5716
1745435063474,184397,348185,0.5296
1745435063505,144607,294999,0.4902
1745435063535,112590,245547,0.4585
1745435063594,88848,201870,0.4401
1745435063640,72492,164646,0.4403
1745435063645,61824,133465,0.4632
1745435063685,54931,107313,0.5119
1745435063724,50178,85153,0.5893
1745435063741,46501,66364,0.7007
1745435063778,43430,50851,0.62384
1745435063799,40933,38858,0.7111999999999999
1745435063837,39248,30834,0.7928599999999999
1745435063862,38981,27710,0.84192
1745435063875,41499,31497,0.82408
1745435063905,49371,45542,0.77738
1745435064084,66345,73800,0.8990
1745435064087,96404,119142,0.8092
1745435064091,141920,181416,0.7823
1745435064094,201578,256147,0.7870
1745435064099,269022,334367,0.8046
1745435064145,333016,403528,0.8253
1745435064157,379735,449705,0.8444
1745435064161,397133,461391,0.8607
1745435064217,379648,433851,0.8751
1745435064246,330621,371560,0.8898
1745435064270,261015,287012,0.9094
1745435064297,185338,196507,0.9432
1745435064333,116959,115103,1.0161
1745435064340,64780,52915,1.2242
1745435064372,32096,13762,1.2850000000000001
1745435064505,22707,2537,2.6715600000000004
1745435064524,32354,14551,1.3824400000000001
1745435064577,41547,26083,1.5929
1745435064579,48457,34721,1.3956
1745435064595,52611,39752,1.3235
1745435064628,54408,41632,1.3069
1745435064671,54633,41386,1.3201
1745435064709,54081,40135,1.3475
1745435064736,53351,38794,1.3752
1745435064760,52767,37943,1.3907
1745435064775,52408,37814,1.3859
1745435064842,52188,38348,1.3609
1745435064911,51960,39295,1.3223
1745435064915,51600,40327,1.2795
1745435064919,51068,41150,1.2410
1745435065087,50407,41579,1.2123
1745435065090,49723,41570,1.1961
1745435065093,49134,41203,1.1925
1745435065095,48728,40618,1.1997
1745435065097,48539,39952,1.2150
1745435065100,48550,39283,1.2359
1745435065150,48712,38626,1.2611
1745435065185,48970,37966,1.2898
1745435065279,49291,37348,1.3198
1745435065290,49770,37158,1.3394
1745435065292,50888,38694,1.3151
1745435065327,53816,44677,1.2046
1745435065335,60329,58823,1.0256
1745435065372,71922,83965,0.8566
1745435065377,88498,119620,0.7398
1745435065407,107711,160985,0.6691
1745435065455,125730,200503,0.6271
1745435065488,139014,231157,0.6014
1745435065495,145889,249373,0.5850
1745435065553,147045,255949,0.5745
1745435065592,145028,255039,0.5687
1745435065610,143416,252330,0.5684
1745435065644,145985,253336,0.5763
1745435065662,155452,261708,0.5940
1745435065721,171723,277482,0.6189
1745435065743,191016,296409,0.6444
1745435065769,207272,311711,0.6649
1745435065796,215485,317845,0.6780
1745435065810,214845,314067,0.6841
1745435065855,209556,305417,0.6861
1745435065907,206601,300184,0.6882
1745435065951,211611,305056,0.6937
1745435065962,225386,320910,0.7023
1745435065979,243469,342207,0.7115
1745435066040,259026,360475,0.7186
1745435066045,266978,369410,0.7227
1745435066213,266595,368136,0.7242
1745435066223,261096,360741,0.7238
1745435066225,254976,352919,0.7225
1745435066226,251259,348465,0.7210
1745435066229,250460,347936,0.7198
1745435066232,251193,349406,0.7189
1745435066259,250983,349446,0.7182
1745435066294,246594,343428,0.7180
1745435066343,234632,326286,0.7191
1745435066369,212975,294597,0.7229
1745435066400,182180,248814,0.7322
1745435066427,145696,193822,0.7517
1745435066452,108683,137334,0.7914
1745435066487,76204,87172,0.8742
1745435066515,51717,48883,1.0580
1745435066559,36425,24610,0.99108
1745435066722,29497,13304,1.1997399999999998
1745435066745,28811,11828,1.2968199999999999
1745435066751,31836,16299,1.23706
1745435066753,36320,23193,1.1596
1745435066755,40671,29971,1.3570
1745435066759,44030,35230,1.2498
1745435066763,46147,38533,1.1976
1745435066798,47166,40082,1.1767
1745435066836,47415,40382,1.1742
1745435066845,47242,39987,1.1814
1745435066875,46926,39349,1.1925
1745435066949,46643,38763,1.2033
1745435066955,46475,38370,1.2112
1745435066988,46435,38202,1.2155
1745435067012,46505,38224,1.2166
1745435067057,46653,38371,1.2158
1745435067078,46846,38572,1.2145
1745435067224,47052,38769,1.2136
1745435067235,47246,38925,1.2138
1745435067237,47411,39024,1.2149
1745435067239,47536,39069,1.2167
1745435067242,47619,39069,1.2188
1745435067267,47664,39041,1.2209
1745435067302,47680,39002,1.2225
1745435067310,47678,38973,1.2234
1745435067344,47669,38970,1.2232
1745435067426,47663,39008,1.2219
1745435067456,47668,39088,1.2195
1745435067461,47685,39198,1.2165
1745435067481,47711,39315,1.2135
1745435067523,47741,39412,1.2113
1745435067550,47771,39466,1.2104
1745435067586,47799,39468,1.2111
1745435067726,47824,39422,1.2131
1745435067736,47848,39346,1.2161
1745435067739,47869,39257,1.2194
1745435067741,47889,39177,1.2224
1745435067745,47908,39117,1.2247
1745435067783,47923,39082,1.2262
1745435067813,47937,39069,1.2270
1745435067826,47946,39074,1.2271
1745435067861,47954,39095,1.2266
1745435067894,47959,39137,1.2254
1745435067927,47964,39216,1.2231
1745435067950,47969,39347,1.2191
1745435067988,47972,39533,1.2135
1745435068032,47967,39753,1.2066
1745435068043,47952,39968,1.1998
1745435068232,47921,40129,1.1942
1745435068241,47873,40205,1.1907
1745435068243,47810,40185,1.1897
1745435068245,47736,40080,1.1910
1745435068248,47656,39913,1.1940
1745435068251,47574,39710,1.1980
1745435068282,47497,39498,1.2025
1745435068285,47430,39299,1.2069
1745435068355,47376,39137,1.2105
1745435068358,47337,39030,1.2128
1745435068424,47314,38991,1.2135
1745435068427,47303,39020,1.2123
1745435068462,47299,39104,1.2096
1745435068491,47298,39217,1.2061
1745435068515,47295,39330,1.2025
1745435068546,47289,39429,1.1994
1745435068588,47284,39519,1.1965
1745435068638,47290,39638,1.1930
1745435068660,47321,39852,1.1874
1745435068677,47398,40252,1.1775
1745435068691,47536,40918,1.1617
1745435068760,47738,41858,1.1405
1745435068763,47985,42978,1.1165
1745435068792,48237,44100,1.0938
1745435068814,48451,45037,1.0758
1745435068873,48595,45660,1.0643
1745435068904,48662,45938,1.0593
1745435068940,48663,45939,1.0593
1745435069109,48632,45802,1.0618
1745435069126,48619,45713,1.0636
1745435069128,48680,45870,1.0613
1745435069130,48861,46411,1.0528
1745435069135,49172,47361,1.0382
1745435069136,49580,48609,1.0200
1745435069138,50020,49950,1.0014
1745435069157,50421,51165,0.9855
1745435069196,50728,52091,0.9738
1745435069257,50916,52652,0.9670
1745435069270,50986,52861,0.9645
1745435069319,50965,52792,0.9654
1745435069321,50887,52555,0.9683
1745435069353,50790,52260,0.9719
1745435069386,50701,51986,0.9753
1745435069420,50634,51775,0.9780
1745435069593,50592,51632,0.9799
1745435069595,50569,51545,0.9811
1745435069599,50560,51493,0.9819
1745435069602,50556,51458,0.9825
1745435069605,50553,51426,0.9830
1745435069628,50548,51388,0.9836
1745435069644,50541,51346,0.9843
1745435069676,50537,51308,0.9850
1745435069708,50540,51281,0.9855
1745435069741,50552,51276,0.9859
1745435069776,50576,51294,0.9860
1745435069808,50609,51332,0.9859
1745435069831,50648,51379,0.9858
1745435069845,50687,51414,0.9859
1745435069876,50716,51412,0.9865
1745435069905,50727,51354,0.9878
1745435069939,50723,51253,0.9897
1745435070072,50718,51161,0.9913
1745435070076,50741,51164,0.9917
1745435070077,50821,51348,0.9897
1745435070080,50976,51756,0.9849
1745435070107,51200,52366,0.9777
1745435070132,51465,53091,0.9694
1745435070175,51734,53818,0.9613
1745435070202,51973,54446,0.9546
1745435070236,52165,54929,0.9497
1745435070276,52317,55279,0.9464
1745435070287,52450,55558,0.9441
1745435070375,52595,55846,0.9418
1745435070482,52774,56204,0.9390
1745435070492,52993,56657,0.9353
1745435070494,53242,57181,0.9311
1745435070497,53492,57716,0.9268
1745435070502,53710,58185,0.9231
1745435070526,53870,58526,0.9205
1745435070536,53962,58714,0.9191
1745435070573,53993,58763,0.9188
1745435070602,53981,58711,0.9194
1745435070635,53946,58599,0.9206
1745435070671,53902,58462,0.9220
1745435070708,53860,58329,0.9234
1745435070749,53830,58225,0.9245
1745435070762,53818,58167,0.9252
1745435070793,53822,58156,0.9255
1745435070833,53838,58178,0.9254
1745435070873,53856,58211,0.9252
1745435070894,53868,58233,0.9250
1745435070921,53866,58223,0.9252
1745435070955,53848,58172,0.9257
1745435070987,53814,58083,0.9265
1745435071020,53769,57967,0.9276
1745435071059,53718,57841,0.9287
1745435071086,53667,57714,0.9299
1745435071119,53616,57591,0.9310
1745435071154,53565,57467,0.9321
1745435071182,53512,57340,0.9332
1745435071195,53462,57216,0.9344
1745435071227,53418,57104,0.9355
1745435071255,53389,57022,0.9363
1745435071333,53378,56981,0.9368
1745435071345,53387,56987,0.9368
1745435071366,53415,57040,0.9364
1745435071375,53459,57135,0.9357
1745435071407,53518,57269,0.9345
1745435071495,53592,57437,0.9330
1745435071512,53677,57629,0.9314
1745435071514,53768,57826,0.9298
1745435071578,53854,58006,0.9284
1745435071592,53925,58147,0.9274
1745435071621,53975,58242,0.9267
1745435071649,54007,58302,0.9263
1745435071670,54031,58348,0.9260
1745435071730,54054,58399,0.9256
1745435071747,54082,58464,0.9250
1745435071750,54117,58546,0.9244
1745435071795,54167,58658,0.9234
1745435071825,54241,58822,0.9221
1745435071858,54351,59063,0.9202
1745435071891,54500,59389,0.9177
1745435071919,54675,59778,0.9146
1745435071955,54854,60174,0.9116
1745435071984,55006,60509,0.9090
1745435072027,55104,60724,0.9074
1745435072042,55137,60789,0.9070
1745435072080,55111,60717,0.9077
1745435072095,55042,60545,0.9091
1745435072232,54951,60323,0.9109
1745435072246,54852,60085,0.9129
1745435072249,54752,59845,0.9149
1745435072252,54644,59592,0.9170
1745435072271,54514,59290,0.9194
1745435072302,54340,58889,0.9228
1745435072333,54093,58319,0.9275
1745435072362,53743,57513,0.9345
1745435072439,53279,56438,0.9440
1745435072441,52717,55130,0.9562
1745435072474,52109,53709,0.9702
1745435072505,51529,52352,0.9843
1745435072508,51052,51237,0.9964
1745435072563,50730,50486,1.0048
1745435072593,50578,50135,1.0088
1745435072607,50576,50137,1.0088
1745435072644,50685,50395,1.0057
1745435072685,50856,50795,1.0012
1745435072694,51047,51238,0.9963
1745435072750,51226,51652,0.9917
1745435072757,51374,51993,0.9881
1745435072792,51480,52235,0.9855
1745435072834,51542,52375,0.9841
1745435072845,51566,52428,0.9836
1745435072905,51568,52422,0.9837
1745435072943,51561,52398,0.9840
1745435072959,51559,52383,0.9843
1745435072996,51566,52394,0.9842
1745435073105,51581,52433,0.9837
1745435073117,51603,52499,0.9829
1745435073119,51633,52595,0.9817
1745435073121,51674,52726,0.9800
1745435073149,51731,52896,0.9780
1745435073160,51805,53101,0.9756
1745435073190,51895,53338,0.9730
1745435073226,51996,53592,0.9702
1745435073278,52102,53845,0.9676
1745435073297,52204,54082,0.9653
1745435073335,52303,54305,0.9631
1745435073379,52417,54557,0.9608
1745435073389,52596,54964,0.9569
1745435073455,52949,55801,0.9489
1745435073692,53677,57627,0.9315
1745435073743,55117,61433,0.8972
1745435073756,57740,68603,0.8416
1745435073758,62025,80481,0.7707
1745435073771,68208,97608,0.6988
1745435073773,76026,119070,0.6385
1745435073774,84606,142397,0.5942
1745435073781,92635,164126,0.5644
1745435073812,98732,180792,0.5461
1745435073825,101877,189900,0.5365
1745435073828,101703,190539,0.5338
1745435073867,98554,183463,0.5372
1745435073879,93316,170718,0.5466
1745435073946,87115,154971,0.5621
1745435073960,81001,138799,0.5836
1745435073962,75731,124163,0.6099
1745435073966,71676,112174,0.6390
1745435074008,68865,103119,0.6678
1745435074024,67078,96660,0.6940
1745435074087,65975,92095,0.7164
1745435074090,65200,88608,0.7358
1745435074117,64457,85482,0.7540
1745435074156,63547,82210,0.7730
1745435074188,62376,78542,0.7942
1745435074194,60939,74457,0.8184
1745435074224,59299,70097,0.8460
1745435074274,57552,65677,0.8763
1745435074299,55801,61406,0.9087
1745435074321,54138,57439,0.9425
1745435074468,52639,53875,0.9771
1745435074490,51357,50761,1.0118
1745435074492,50323,48115,1.0459
1745435074494,49540,45932,1.0786
1745435074497,48990,44197,1.1085
1745435074559,48638,42886,1.1341
1745435074561,48438,41967,1.1542
1745435074569,48348,41403,1.1677
1745435074690,48330,41149,1.1745
1745435074694,48360,41162,1.1749
1745435074697,48421,41403,1.1695
1745435074703,48506,41836,1.1594
1745435074735,48609,42411,1.1461
1745435074820,48718,43042,1.1319
1745435074840,48813,43617,1.1191
1745435074845,48875,44027,1.1101
1745435074910,48893,44212,1.1059
1745435074975,48874,44193,1.1059
1745435074981,48839,44066,1.1083
1745435074983,48817,43958,1.1106
1745435074985,48826,43963,1.1106
1745435075024,48867,44106,1.1080
1745435075054,48924,44334,1.1035
1745435075089,48974,44557,1.0991
1745435075118,48995,44693,1.0963
1745435075157,48979,44697,1.0958
1745435075228,48929,44571,1.0978
1745435075231,48854,44344,1.1017
1745435075238,48767,44059,1.1069
1745435075304,48682,43758,1.1125
1745435075308,48608,43477,1.1180
1745435075339,48550,43235,1.1229
1745435075367,48510,43036,1.1272
1745435075380,48483,42874,1.1308
1745435075416,48465,42736,1.1341
1745435075451,48451,42610,1.1371
1745435075546,48438,42493,1.1399
1745435075564,48426,42388,1.1424
1745435075568,48415,42305,1.1444
1745435075590,48408,42251,1.1457
1745435075616,48404,42230,1.1462
1745435075672,48403,42235,1.1460
1745435075682,48402,42256,1.1454
1745435075699,48401,42283,1.1447
1745435075753,48399,42305,1.1441
1745435075785,48394,42313,1.1437
1745435075795,48386,42298,1.1439
1745435075823,48373,42249,1.1450
1745435075875,48354,42162,1.1469
1745435075890,48329,42047,1.1494
1745435076072,48302,41930,1.1520
1745435076076,48276,41851,1.1535
1745435076078,48259,41847,1.1532
1745435076081,48259,41949,1.1504
1745435076084,48285,42185,1.1446
1745435076090,48353,42587,1.1354
1745435076146,48475,43179,1.1226
1745435076184,48663,43978,1.1065
1745435076189,48926,44977,1.0878
1745435076207,49261,46140,1.0676
1745435076280,49654,47398,1.0476
1745435076289,50071,48647,1.0293
1745435076330,50467,49763,1.0142
1745435076343,50800,50648,1.0030
1745435076372,51052,51274,0.9957
1745435076403,51242,51703,0.9911
1745435076415,51408,52047,0.9877
1745435076481,51584,52400,0.9844
1745435076495,51771,52776,0.9810
1745435076523,51932,53102,0.9780
1745435076555,52016,53257,0.9767
1745435076595,51980,53144,0.9781
1745435076610,51811,52731,0.9826
1745435076661,51531,52062,0.9898
1745435076675,51188,51243,0.9989
1745435076721,50841,50412,1.0085
1745435076764,50547,49703,1.0170
1745435076788,50344,49204,1.0232
1745435076845,50239,48936,1.0266
1745435076883,50211,48848,1.0279
1745435076890,50223,48855,1.0280
1745435076892,50245,48883,1.0279
1745435076981,50261,48904,1.0277
1745435077002,50272,48930,1.0274
1745435077004,50285,48973,1.0268
1745435077078,50293,49012,1.0261
1745435077103,50278,48990,1.0263
1745435077106,50223,48852,1.0280
1745435077111,50126,48591,1.0316
1745435077171,50011,48265,1.0362
1745435077176,49918,47987,1.0402
1745435077220,49888,47876,1.0420
1745435077225,49951,48014,1.0404
1745435077254,50112,48409,1.0352
1745435077288,50349,49006,1.0274
1745435077356,50631,49713,1.0185
1745435077364,50931,50454,1.0095
1745435077443,51240,51196,1.0008
1745435077471,51563,51949,0.9926
1745435077533,51911,52740,0.9843
1745435077575,52286,53583,0.9758
1745435077577,52680,54464,0.9672
1745435077580,53072,55339,0.9590
1745435077582,53433,56139,0.9518
1745435077610,53739,56802,0.9461
1745435077659,53974,57297,0.9420
1745435077693,54146,57637,0.9394
1745435077720,54276,57881,0.9377
1745435077752,54393,58099,0.9362
1745435077790,54511,58328,0.9346
1745435077794,54616,58539,0.9330
1745435077830,54662,58625,0.9324
1745435077875,54587,58437,0.9341
1745435077957,54344,57861,0.9392
1745435077973,53934,56895,0.9480
1745435077975,53417,55676,0.9594
1745435077979,52893,54437,0.9716
1745435078053,52465,53412,0.9823
1745435078099,52197,52751,0.9895
1745435078137,52097,52471,0.9929
1745435078158,52121,52469,0.9934
1745435078164,52193,52574,0.9927
1745435078204,52237,52611,0.9929
1745435078213,52195,52450,0.9951
1745435078232,52045,52039,1.0001
1745435078275,51799,51399,1.0078
1745435078302,51495,50626,1.0172
1745435078339,51192,49858,1.0268
1745435078369,50948,49236,1.0348
1745435078406,50797,48851,1.0398
1745435078441,50746,48717,1.0417
1745435078455,50773,48779,1.0409
1745435078493,50842,48951,1.0386
1745435078577,50921,49150,1.0360
1745435078591,50989,49319,1.0339
1745435078593,51038,49438,1.0324
1745435078675,51072,49518,1.0314
1745435078713,51100,49578,1.0307
1745435078715,51129,49638,1.0300
1745435078717,51163,49705,1.0293
1745435078724,51202,49783,1.0285
1745435078757,51245,49865,1.0277
1745435078816,51287,49939,1.0270
1745435078834,51319,49983,1.0267
1745435078872,51334,49983,1.0270
1745435078899,51334,49941,1.0279
1745435078952,51325,49877,1.0290
1745435078996,51317,49816,1.0301
1745435079032,51316,49772,1.0310
1745435079035,51321,49745,1.0317
1745435079079,51326,49718,1.0323
1745435079087,51321,49667,1.0333
1745435079121,51299,49577,1.0347
1745435079156,51259,49443,1.0367
1745435079189,51205,49279,1.0391
1745435079217,51150,49113,1.0415
1745435079252,51105,48975,1.0435
1745435079272,51079,48884,1.0449
1745435079306,51074,48844,1.0457
1745435079338,51087,48842,1.0460
1745435079376,51109,48854,1.0462
1745435079404,51128,48849,1.0467
1745435079429,51137,48809,1.0477
1745435079453,51131,48732,1.0492
1745435079499,51114,48633,1.0510
1745435079506,51095,48540,1.0526
1745435079552,51085,48481,1.0537
1745435079589,51094,48481,1.0539
1745435079628,51137,48568,1.0529
1745435079688,51232,48787,1.0501
1745435079708,51408,49199,1.0449
1745435079713,51686,49855,1.0367
1745435079741,52066,50753,1.0259
1745435079781,52514,51812,1.0136
1745435079794,52971,52891,1.0015
1745435079837,53378,53848,0.9913
1745435079876,53694,54596,0.9835
1745435079896,53919,55131,0.9780
1745435079946,54082,55530,0.9739
1745435079962,54235,55909,0.9701
1745435080000,54421,56373,0.9654
1745435080050,54663,56973,0.9595
1745435080053,54954,57688,0.9526
1745435080096,55265,58444,0.9456
1745435080144,55556,59151,0.9392
1745435080147,55796,59733,0.9341
1745435080178,55970,60152,0.9305
1745435080222,56075,60404,0.9283
1745435080248,56120,60509,0.9275
1745435080274,56117,60495,0.9276
1745435080327,56082,60398,0.9285
1745435080360,56029,60254,0.9299
1745435080362,55972,60098,0.9314
1745435080399,55922,59955,0.9327
1745435080452,55884,59836,0.9339
1745435080456,55855,59739,0.9350
1745435080507,55832,59659,0.9358
1745435080511,55812,59590,0.9366
1745435080548,55795,59530,0.9373
1745435080585,55780,59481,0.9378
1745435080618,55768,59442,0.9382
1745435080672,55758,59408,0.9386
1745435080677,55748,59375,0.9389
1745435080722,55739,59342,0.9393
1745435080760,55731,59311,0.9396
1745435080786,55728,59292,0.9399
1745435080795,55735,59295,0.9400
1745435080826,55753,59320,0.9399
1745435080855,55779,59361,0.9397
1745435080895,55806,59398,0.9395
1745435080933,55824,59411,0.9396
1745435080976,55827,59388,0.9400
1745435080978,55814,59329,0.9408
1745435081031,55789,59243,0.9417
1745435081049,55758,59147,0.9427
1745435081108,55730,59054,0.9437
1745435081272,55707,58977,0.9446
1745435081285,55695,58922,0.9452
1745435081287,55693,58894,0.9457
1745435081290,55703,58894,0.9458
1745435081294,55725,58924,0.9457
1745435081296,55757,58982,0.9453
1745435081298,55797,59062,0.9447
1745435081336,55845,59165,0.9439
1745435081572,55903,59289,0.9429
1745435081592,55969,59432,0.9417
1745435081594,56039,59581,0.9406
1745435081596,56105,59714,0.9396
1745435081599,56156,59808,0.9389
1745435081603,56187,59851,0.9388
1745435081605,56196,59842,0.9391
1745435081607,56188,59792,0.9397
1745435081655,56167,59716,0.9406
1745435081692,56141,59633,0.9414
1745435081723,56120,59566,0.9421
1745435081732,56110,59530,0.9425
1745435081752,56109,59520,0.9427
1745435081792,56108,59509,0.9428
1745435081832,56094,59464,0.9433
1745435081867,56058,59363,0.9443
1745435081869,55999,59202,0.9459
1745435081929,55923,58997,0.9479
1745435081946,55836,58765,0.9501
1745435081976,55745,58527,0.9525
1745435082014,55655,58294,0.9547
1745435082027,55566,58066,0.9569
1745435082051,55473,57830,0.9592
1745435082104,55366,57564,0.9618
1745435082130,55241,57253,0.9649
1745435082144,55100,56903,0.9683
1745435082308,54951,56535,0.9720
1745435082339,54803,56173,0.9756
1745435082342,54664,55837,0.9790
1745435082344,54539,55538,0.9820
1745435082350,54433,55285,0.9846
1745435082377,54348,55084,0.9866
1745435082401,54285,54933,0.9882
1745435082410,54240,54822,0.9894
1745435082447,54210,54747,0.9902
1745435082481,54194,54705,0.9907
1745435082562,54195,54701,0.9907
1745435082606,54215,54740,0.9904
1745435082608,54256,54824,0.9896
1745435082612,54317,54948,0.9885
1745435082614,54395,55107,0.9871
1745435082702,54484,55290,0.9854
1745435082705,54577,55482,0.9837
1745435082712,54665,55667,0.9820
1745435082756,54740,55827,0.9805
1745435082799,54793,55945,0.9794
1745435082803,54823,56013,0.9788
1745435082871,54832,56036,0.9785
1745435082876,54828,56029,0.9786
1745435082910,54822,56015,0.9787
1745435082977,54821,56011,0.9787
1745435082980,54828,56021,0.9787
1745435083002,54838,56033,0.9787
1745435083045,54842,56027,0.9789
1745435083072,54831,55987,0.9794
1745435083095,54804,55911,0.9802
1745435083121,54763,55806,0.9813
1745435083161,54712,55683,0.9826
1745435083204,54657,55553,0.9839
1745435083234,54606,55428,0.9852
1745435083273,54561,55318,0.9863
1745435083304,54526,55228,0.9873
1745435083306,54500,55157,0.9881
1745435083341,54478,55097,0.9888
1745435083368,54457,55040,0.9894
1745435083406,54434,54979,0.9901
1745435083444,54408,54911,0.9908
1745435083474,54380,54840,0.9916
1745435083479,54353,54772,0.9924
1745435083512,54333,54720,0.9929
1745435083561,54325,54694,0.9933
1745435083603,54330,54697,0.9933
1745435083644,54346,54720,0.9932
1745435083766,54369,54757,0.9929
1745435083769,54395,54803,0.9926
1745435083771,54424,54853,0.9922
1745435083774,54453,54905,0.9918
1745435083833,54481,54953,0.9914
1745435083864,54506,54995,0.9911
1745435083866,54529,55031,0.9909
1745435083920,54552,55065,0.9907
1745435083940,54573,55098,0.9905
1745435083942,54592,55125,0.9903
1745435083975,54605,55142,0.9903
1745435083991,54613,55147,0.9903
1745435084027,54614,55139,0.9905
1745435084056,54611,55122,0.9907
1745435084088,54607,55102,0.9910
1745435084127,54605,55088,0.9912
1745435084144,54609,55085,0.9914
1745435084178,54617,55091,0.9914
1745435084220,54629,55102,0.9914
1745435084229,54641,55115,0.9914
1745435084287,54655,55131,0.9914
1745435084336,54670,55148,0.9913
1745435084338,54684,55164,0.9913
1745435084377,54695,55172,0.9914
1745435084411,54703,55174,0.9915
1745435084441,54709,55176,0.9915
1745435084459,54716,55184,0.9915
1745435084495,54725,55204,0.9913
1745435084557,54738,55237,0.9910
1745435084561,54755,55283,0.9905
1745435084588,54775,55336,0.9899
1745435084614,54789,55375,0.9894
1745435084656,54782,55371,0.9894
1745435084689,54744,55297,0.9900
1745435084718,54672,55148,0.9914
1745435084752,54573,54939,0.9933
1745435084901,54460,54696,0.9957
1745435084917,54346,54448,0.9981
1745435084920,54241,54217,1.0004
1745435084924,54151,54019,1.0024
1745435084927,54077,53861,1.0040
1745435084929,54022,53745,1.0051
1745435084963,53986,53674,1.0058
1745435085048,53973,53652,1.0060
1745435085051,53983,53683,1.0056
1745435085056,54014,53759,1.0047
1745435085108,54053,53855,1.0037
1745435085136,54086,53939,1.0027
1745435085144,54098,53981,1.0022
1745435085178,54083,53964,1.0022
1745435085204,54040,53890,1.0028
1745435085244,53979,53773,1.0038
1745435085379,53909,53637,1.0051
1745435085399,53841,53502,1.0063
1745435085401,53776,53377,1.0075
1745435085405,53713,53262,1.0085
1745435085407,53650,53153,1.0094
1745435085441,53588,53051,1.0101
1745435085469,53530,52964,1.0107
1745435085505,53481,52896,1.0111
1745435085543,53443,52851,1.0112
1745435085614,53417,52829,1.0111
1745435085620,53403,52830,1.0108
1745435085623,53401,52850,1.0104
1745435085794,53405,52880,1.0099
1745435085808,53412,52914,1.0094
1745435085810,53419,52946,1.0089
1745435085814,53424,52974,1.0085
1745435085816,53427,52997,1.0081
1745435085819,53428,53014,1.0078
1745435085855,53427,53028,1.0075
1745435085876,53428,53043,1.0073
1745435086051,53431,53061,1.0070
1745435086054,53437,53083,1.0067
1745435086056,53444,53104,1.0064
1745435086058,53451,53124,1.0062
1745435086061,53460,53148,1.0059
1745435086063,53476,53192,1.0053
1745435086097,53506,53269,1.0044
1745435086114,53554,53390,1.0031
1745435086175,53620,53552,1.0013
1745435086186,53698,53741,0.9992
1745435086210,53778,53936,0.9971
1745435086254,53847,54110,0.9952
1745435086280,53897,54237,0.9937
1745435086370,53922,54307,0.9929
1745435086377,53924,54320,0.9927
1745435086379,53906,54288,0.9930
1745435086404,53876,54227,0.9935
1745435086446,53839,54154,0.9942
1745435086478,53802,54080,0.9949
1745435086482,53768,54014,0.9955
1745435086535,53741,53957,0.9960
1745435086574,53720,53908,0.9965
1745435086603,53705,53867,0.9970
1745435086643,53697,53837,0.9974
1745435086659,53696,53821,0.9977
1745435086693,53700,53818,0.9978
1745435086722,53704,53821,0.9978
1745435086759,53704,53821,0.9978
1745435086779,53699,53811,0.9979
1745435086812,53687,53791,0.9981
1745435086824,53670,53763,0.9983
1745435086873,53648,53726,0.9986
1745435086908,53619,53674,0.9990
1745435086959,53578,53596,0.9997
1745435087003,53521,53479,1.0008
1745435087029,53444,53315,1.0024
1745435087047,53353,53116,1.0045
1745435087066,53254,52902,1.0067
1745435087079,53156,52693,1.0088
1745435087109,53064,52500,1.0107
1745435087145,52980,52327,1.0125
1745435087196,52906,52178,1.0140
1745435087206,52846,52058,1.0151
1745435087239,52803,51973,1.0160
1745435087294,52777,51925,1.0164
1745435087311,52765,51904,1.0166
1745435087357,52754,51883,1.0168
1745435087390,52728,51822,1.0175
1745435087462,52666,51678,1.0191
1745435087485,52558,51426,1.0220
1745435087488,52404,51069,1.0261
1745435087491,52217,50638,1.0312
1745435087528,52015,50172,1.0367
1745435087544,51815,49706,1.0424
1745435087597,51623,49250,1.0482
1745435087610,51435,48794,1.0541
1745435087711,51246,48313,1.0607
1745435087753,51046,47784,1.0683
1745435087758,50833,47194,1.0771
1745435087760,50607,46540,1.0874
1745435087785,50375,45836,1.0990
1745435087825,50146,45109,1.1117
1745435087844,49933,44403,1.1246
1745435087904,49749,43765,1.1367
1745435087917,49602,43236,1.1472
1745435087921,49495,42837,1.1554
1745435087975,49426,42570,1.1610
1745435088014,49389,42420,1.1643
1745435088024,49376,42361,1.1656
1745435088063,49378,42367,1.1655
1745435088114,49390,42412,1.1645
1745435088127,49404,42471,1.1632
1745435088148,49417,42526,1.1621
1745435088178,49426,42561,1.1613
1745435088205,49429,42568,1.1612
1745435088256,49424,42542,1.1618
1745435088289,49411,42487,1.1630
1745435088311,49392,42408,1.1647
1745435088358,49366,42312,1.1667
1745435088387,49336,42207,1.1689
1745435088427,49304,42099,1.1712
1745435088433,49272,41994,1.1733
1745435088460,49244,41901,1.1752
1745435088513,49220,41824,1.1768
1745435088592,49202,41760,1.1782
1745435088595,49187,41704,1.1794
1745435088624,49172,41647,1.1807
1745435088641,49154,41585,1.1820
1745435088649,49134,41518,1.1834
1745435088669,49111,41447,1.1849
1745435088720,49090,41377,1.1864
1745435088887,49071,41313,1.1878
1745435088892,49059,41264,1.1889
1745435088894,49053,41238,1.1895
1745435088896,49055,41242,1.1894
1745435088899,49066,41286,1.1884
1745435088903,49085,41377,1.1863
1745435088931,49111,41523,1.1827
1745435088955,49145,41727,1.1778
1745435088988,49185,41978,1.1717
1745435089043,49229,42254,1.1651
1745435089111,49269,42519,1.1587
1745435089114,49299,42731,1.1537
1745435089135,49309,42847,1.1508
1745435089177,49291,42824,1.1510
1745435089189,49239,42632,1.1550
1745435089228,49151,42257,1.1632
1745435089278,49034,41718,1.1754
1745435089303,48900,41070,1.1907
1745435089309,48768,40392,1.2074
1745435089345,48656,39768,1.2235
1745435089387,48579,39263,1.2373
1745435089392,48548,38911,1.2477
1745435089427,48565,38710,1.2546
1745435089474,48624,38638,1.2585
1745435089479,48716,38656,1.2602
1745435089535,48827,38727,1.2608
1745435089580,48944,38817,1.2609
1745435089591,49054,38901,1.2610
1745435089630,49148,38968,1.2612
1745435089644,49221,39016,1.2615
1745435089681,49272,39051,1.2617
1745435089720,49304,39080,1.2616
1745435089763,49320,39111,1.2610
1745435089782,49324,39147,1.2600
1745435089794,49321,39194,1.2584
1745435089855,49316,39257,1.2562
1745435089891,49314,39346,1.2533
1745435089930,49317,39469,1.2495
1745435089945,49328,39627,1.2448
1745435089970,49347,39813,1.2395
1745435090008,49372,40010,1.2340
1745435090035,49399,40200,1.2288
1745435090076,49424,40370,1.2243
1745435090093,49445,40510,1.2206
1745435090113,49460,40614,1.2178
1745435090139,49467,40684,1.2159
1745435090205,49469,40726,1.2147
1745435090239,49468,40755,1.2138
1745435090278,49469,40787,1.2129
1745435090303,49473,40835,1.2115
1745435090307,49483,40907,1.2097
1745435090337,49497,40999,1.2073
1745435090378,49513,41102,1.2046
1745435090401,49529,41211,1.2018
1745435090446,49545,41327,1.1989
1745435090455,49566,41469,1.1953
1745435090495,49599,41671,1.1902
1745435090519,49656,41979,1.1829
1745435090593,49750,42434,1.1724
1745435090656,49888,43050,1.1588
1745435090670,50071,43806,1.1430
1745435090672,50289,44644,1.1264
1745435090679,50523,45484,1.1108
1745435090714,50753,46251,1.0973
1745435090757,50965,46900,1.0867
1745435090795,51154,47430,1.0785
1745435090862,51330,47879,1.0721
1745435090868,51509,48315,1.0661
1745435090874,51712,48801,1.0596
1745435090901,51946,49369,1.0522
1745435090946,52199,49999,1.0440
1745435090990,52442,50616,1.0361
1745435091020,52633,51118,1.0296
1745435091025,52737,51417,1.0257
1745435091166,52740,51473,1.0246
1745435091171,52656,51309,1.0263
1745435091173,52512,50991,1.0298
1745435091175,52342,50600,1.0344
1745435091178,52174,50201,1.0393
1745435091214,52023,49839,1.0438
1745435091258,51899,49537,1.0477
1745435091311,51803,49304,1.0507
1745435091315,51733,49135,1.0529
1745435091378,51685,49019,1.0544
1745435091397,51653,48942,1.0554
1745435091402,51634,48892,1.0561
1745435091442,51625,48864,1.0565
1745435091472,51626,48852,1.0568
1745435091506,51634,48851,1.0570
1745435091669,51642,48845,1.0573
1745435091674,51644,48818,1.0579
1745435091677,51636,48763,1.0589
1745435091678,51616,48684,1.0602
1745435091681,51587,48591,1.0617
1745435091721,51551,48494,1.0631
1745435091727,51513,48401,1.0643
1745435091794,51476,48321,1.0653
1745435091889,51448,48261,1.0660
1745435091891,51432,48222,1.0666
1745435091893,51425,48193,1.0671
1745435091896,51422,48153,1.0679
1745435091900,51412,48086,1.0692
1745435091930,51390,47985,1.0710
1745435091954,51356,47857,1.0731
1745435091985,51310,47716,1.0753
1745435092051,51253,47569,1.0774
1745435092074,51188,47419,1.0795
1745435092096,51116,47263,1.0815
1745435092119,51037,47097,1.0836
1745435092169,50955,46925,1.0859
1745435092179,50875,46751,1.0882
1745435092216,50797,46580,1.0905
1745435092262,50727,46422,1.0927
1745435092279,50664,46283,1.0947
1745435092322,50611,46164,1.0963
1745435092329,50565,46067,1.0977
1745435092360,50528,45989,1.0987
1745435092389,50498,45933,1.0994
1745435092434,50476,45899,1.0997
1745435092476,50460,45883,1.0998
1745435092639,50447,45876,1.0996
1745435092642,50435,45874,1.0994
1745435092644,50424,45874,1.0992
1745435092646,50412,45880,1.0988
1745435092652,50399,45888,1.0983
1745435092657,50384,45896,1.0978
1745435092691,50366,45900,1.0973
1745435092720,50346,45898,1.0969
1745435092753,50325,45891,1.0966
1745435092794,50306,45879,1.0965
1745435092862,50285,45855,1.0966
1745435092867,50261,45815,1.0971
1745435092893,50232,45754,1.0979
1745435092947,50196,45674,1.0990
1745435092971,50156,45588,1.1002
1745435092988,50120,45513,1.1012
1745435093014,50093,45466,1.1018
1745435093019,50081,45459,1.1017
1745435093061,50084,45496,1.1008
1745435093080,50102,45576,1.0993
1745435093123,50137,45703,1.0970
1745435093155,50187,45874,1.0940
1745435093193,50249,46075,1.0906
1745435093240,50312,46281,1.0871
1745435093246,50366,46457,1.0841
1745435093290,50400,46579,1.0820
1745435093322,50411,46635,1.0810
1745435093352,50400,46630,1.0808
1745435093389,50370,46578,1.0814
1745435093478,50331,46498,1.0824
1745435093489,50288,46409,1.0836
1745435093492,50248,46326,1.0847
1745435093497,50219,46264,1.0855
1745435093529,50203,46235,1.0858
1745435093559,50202,46245,1.0856
1745435093615,50213,46286,1.0848
1745435093619,50228,46338,1.0839
1745435093670,50241,46383,1.0832
1745435093679,50247,46404,1.0828
1745435093727,50243,46397,1.0829
1745435093739,50229,46361,1.0834
1745435093809,50205,46298,1.0844
1745435093813,50174,46215,1.0857
1745435093919,50141,46127,1.0870
1745435093931,50112,46052,1.0882
1745435093935,50093,46001,1.0890
1745435093941,50084,45977,1.0893
1745435093970,50083,45971,1.0895
1745435094013,50086,45972,1.0895
1745435094029,50089,45972,1.0896
1745435094064,50088,45961,1.0898
1745435094127,50083,45939,1.0902
1745435094130,50073,45907,1.0908
1745435094154,50063,45873,1.0913
1745435094189,50052,45839,1.0919
1745435094224,50040,45801,1.0926
1745435094253,50024,45752,1.0934
1745435094392,50000,45686,1.0944
1745435094397,49967,45603,1.0957
1745435094402,49927,45510,1.0970
1745435094404,49886,45419,1.0983
1745435094439,49850,45344,1.0994
1745435094444,49825,45293,1.1001
1745435094468,49812,45271,1.1003
1745435094510,49811,45272,1.1003
1745435094525,49818,45287,1.1001
1745435094559,49830,45309,1.0998
1745435094586,49844,45332,1.0995
1745435094625,49857,45353,1.0993
1745435094661,49867,45373,1.0991
1745435094697,49876,45391,1.0988
1745435094756,49882,45405,1.0986
1745435094759,49882,45405,1.0986
1745435094780,49871,45368,1.0992
1745435094838,49841,45273,1.1009
1745435094840,49788,45106,1.1038
1745435094877,49713,44868,1.1080
1745435094906,49623,44576,1.1132
1745435094946,49526,44256,1.1191
1745435094958,49432,43939,1.1250
1745435095025,49349,43648,1.1306
1745435095071,49279,43390,1.1357
1745435095074,49215,43150,1.1406
1745435095119,49153,42897,1.1458
1745435095125,49084,42604,1.1521
1745435095163,49008,42258,1.1597
1745435095213,48928,41871,1.1686
1745435095292,48851,41474,1.1779
1745435095344,48784,41108,1.1867
1745435095345,48732,40810,1.1941
1745435095348,48698,40605,1.1993
1745435095384,48682,40498,1.2021
1745435095387,48680,40476,1.2027
1745435095425,48690,40520,1.2016
1745435095446,48708,40606,1.1995
1745435095482,48731,40712,1.1970
1745435095494,48757,40820,1.1944
1745435095557,48783,40919,1.1922
1745435095559,48809,41006,1.1903
1745435095629,48833,41085,1.1886
1745435095657,48855,41161,1.1869
1745435095663,48875,41234,1.1853
1745435095685,48892,41303,1.1837
1745435095723,48907,41363,1.1824
1745435095802,48919,41410,1.1813
1745435095855,48928,41443,1.1806
1745435095876,48935,41462,1.1802
1745435095879,48941,41471,1.1801
1745435095902,48946,41476,1.1801
1745435096024,48950,41480,1.1801
1745435096027,48954,41483,1.1801
1745435096031,48957,41485,1.1801
1745435096034,48962,41491,1.1801
1745435096041,48968,41506,1.1798
1745435096081,48978,41534,1.1792
1745435096113,48989,41569,1.1785
1745435096142,49003,41608,1.1777
1745435096183,49019,41645,1.1771
1745435096190,49037,41679,1.1765
1745435096236,49056,41708,1.1762
1745435096244,49074,41729,1.1760
1745435096281,49092,41741,1.1761
1745435096339,49106,41743,1.1764
1745435096373,49117,41736,1.1769
1745435096396,49123,41717,1.1775
1745435096442,49122,41685,1.1784
1745435096444,49116,41639,1.1795
1745435096492,49103,41579,1.1810
1745435096522,49088,41508,1.1826
1745435096529,49072,41436,1.1843
1745435096563,49062,41379,1.1857
1745435096605,49061,41352,1.1864
1745435096638,49070,41364,1.1863
1745435096657,49088,41410,1.1854
1745435096713,49111,41479,1.1840
1745435096715,49134,41551,1.1825
1745435096804,49151,41607,1.1813
1745435096808,49159,41626,1.1810
1745435096811,49155,41592,1.1818
1745435096844,49138,41502,1.1840
1745435096874,49109,41359,1.1874
1745435097020,49073,41183,1.1916
1745435097026,49035,40994,1.1961
1745435097028,48999,40816,1.2005
1745435097030,48970,40667,1.2042
1745435097035,48947,40552,1.2070
1745435097071,48931,40472,1.2090
1745435097108,48920,40418,1.2104
1745435097131,48914,40382,1.2113
1745435097177,48910,40359,1.2119
1745435097212,48911,40344,1.2123
1745435097323,48915,40335,1.2127
1745435097329,48920,40329,1.2130
1745435097331,48926,40322,1.2134
1745435097333,48932,40314,1.2138
1745435097370,48937,40306,1.2142
1745435097377,48942,40299,1.2145
1745435097422,48944,40295,1.2147
1745435097429,48946,40293,1.2148
1745435097477,48947,40292,1.2148
1745435097515,48948,40292,1.2148
1745435097525,48951,40293,1.2149
1745435097578,48957,40296,1.2149
1745435097614,48964,40302,1.2149
1745435097627,48973,40314,1.2148
1745435097695,48984,40331,1.2145
1745435097721,48996,40353,1.2142
1745435097723,49008,40377,1.2138
1745435097793,49020,40401,1.2133
1745435097828,49031,40424,1.2129
1745435097857,49039,40443,1.2126
1745435097862,49045,40459,1.2122
1745435097894,49049,40475,1.2118
1745435097910,49051,40494,1.2113
1745435097951,49053,40519,1.2106
1745435097954,49055,40549,1.2098
1745435098014,49059,40581,1.2089
1745435098063,49065,40612,1.2081
1745435098083,49073,40641,1.2075
1745435098120,49085,40668,1.2070
1745435098126,49101,40696,1.2065
1745435098159,49121,40730,1.2060
1745435098179,49146,40774,1.2053
1745435098227,49174,40831,1.2043
1745435098270,49204,40899,1.2031
1745435098293,49234,40973,1.2016
1745435098319,49263,41047,1.2002
1745435098360,49291,41115,1.1989
1745435098403,49317,41171,1.1979
1745435098419,49341,41210,1.1973
1745435098458,49361,41231,1.1972
1745435098481,49377,41235,1.1975
1745435098517,49391,41224,1.1981
1745435098527,49402,41202,1.1990
1745435098560,49412,41170,1.2002
1745435098588,49422,41133,1.2015
1745435098620,49432,41091,1.2030
1745435098681,49443,41048,1.2045
1745435098719,49454,41006,1.2060
1745435098740,49466,40966,1.2075
1745435098763,49479,40931,1.2089
1745435098783,49493,40902,1.2100
1745435098823,49506,40881,1.2110
1745435098857,49518,40866,1.2117
1745435098889,49527,40856,1.2122
1745435098924,49533,40848,1.2126
1745435098939,49536,40841,1.2129
1745435098984,49539,40834,1.2132
1745435098990,49541,40824,1.2135
1745435099028,49543,40813,1.2139
1745435099075,49547,40806,1.2142
1745435099101,49554,40807,1.2143
1745435099172,49563,40819,1.2142
1745435099194,49575,40842,1.2138
1745435099198,49586,40871,1.2132
1745435099221,49595,40901,1.2126
1745435099258,49600,40925,1.2120
1745435099291,49601,40941,1.2115
1745435099321,49599,40949,1.2112
1745435099354,49595,40952,1.2111
1745435099363,49591,40954,1.2109
1745435099446,49590,40957,1.2108
1745435099465,49590,40959,1.2107
1745435099469,49591,40957,1.2108
1745435099513,49594,40948,1.2111
1745435099529,49596,40929,1.2118
1745435099603,49598,40898,1.2127
1745435099608,49599,40857,1.2140
1745435099635,49599,40812,1.2153
1745435099734,49600,40769,1.2166
1745435099738,49602,40734,1.2177
1745435099762,49606,40709,1.2186
1745435099764,49613,40693,1.2192
1745435099769,49620,40682,1.2197
1745435099837,49629,40672,1.2202
1745435099844,49637,40658,1.2208
1745435099876,49644,40640,1.2216
1745435099904,49651,40620,1.2223
1745435099945,49658,40604,1.2230
1745435099997,49665,40594,1.2235
1745435100027,49671,40589,1.2238
1745435100048,49675,40586,1.2240
1745435100054,49678,40585,1.2240
1745435100095,49680,40592,1.2239
1745435100114,49684,40607,1.2235
1745435100159,49690,40630,1.2230
1745435100214,49697,40659,1.2223
1745435100263,49705,40691,1.2215
1745435100292,49714,40725,1.2207
1745435100297,49724,40759,1.2200
1745435100323,49734,40790,1.2193
1745435100355,49744,40816,1.2187
1745435100399,49754,40837,1.2183
1745435100519,49763,40854,1.2181
1745435100522,49773,40866,1.2180
1745435100524,49782,40875,1.2179
1745435100528,49792,40884,1.2179
1745435100559,49801,40892,1.2179
1745435100563,49809,40900,1.2178
1745435100593,49817,40908,1.2178
1745435100624,49824,40915,1.2177
1745435100680,49830,40918,1.2178
1745435100719,49834,40914,1.2180
1745435100809,49835,40900,1.2185
1745435100812,49833,40873,1.2192
1745435100814,49829,40839,1.2201
1745435100820,49824,40802,1.2211
1745435100871,49820,40771,1.2220
1745435100874,49818,40749,1.2226
1745435101022,49818,40737,1.2229
1745435101024,49821,40735,1.2230
1745435101027,49827,40739,1.2231
1745435101029,49835,40744,1.2231
1745435101034,49845,40746,1.2233
1745435101086,49853,40743,1.2236
1745435101089,49858,40737,1.2239
1745435101124,49859,40728,1.2242
1745435101164,49857,40719,1.2244
1745435101313,49852,40705,1.2247
1745435101332,49846,40686,1.2251
1745435101335,49839,40660,1.2257
1745435101337,49833,40626,1.2266
1745435101340,49827,40581,1.2278
1745435101345,49820,40525,1.2294
1745435101379,49814,40461,1.2312
1745435101424,49807,40390,1.2332
1745435101455,49800,40317,1.2352
1745435101464,49792,40244,1.2372
1745435101531,49784,40176,1.2392
1745435101545,49776,40114,1.2409
1745435101574,49768,40059,1.2424
1745435101603,49761,40012,1.2436
1745435101613,49753,39972,1.2447
1745435101760,49747,39939,1.2456
1745435101772,49743,39915,1.2462
1745435101775,49741,39897,1.2467
1745435101777,49740,39885,1.2471
1745435101785,49741,39875,1.2474
1745435101811,49742,39867,1.2477
1745435101845,49743,39860,1.2479
1745435101870,49743,39854,1.2481
1745435102019,49742,39847,1.2483
1745435102028,49740,39839,1.2485
1745435102033,49737,39830,1.2487
1745435102036,49734,39819,1.2490
1745435102039,49732,39807,1.2493
1745435102065,49730,39795,1.2497
1745435102144,49729,39783,1.2500
1745435102163,49728,39770,1.2504
1745435102168,49726,39757,1.2508
1745435102191,49725,39740,1.2512
1745435102223,49725,39722,1.2518
1745435102259,49725,39704,1.2524
1745435102296,49726,39689,1.2529
1745435102380,49727,39679,1.2532
1745435102404,49727,39673,1.2534
1745435102406,49726,39671,1.2535
1745435102427,49724,39673,1.2534
1745435102455,49721,39678,1.2531
1745435102489,49717,39686,1.2528
1745435102508,49714,39694,1.2524
1745435102649,49713,39702,1.2522
1745435102654,49713,39709,1.2519
1745435102656,49717,39717,1.2518
1745435102658,49725,39727,1.2517
1745435102660,49734,39738,1.2516
1745435102687,49745,39748,1.2515
1745435102712,49754,39756,1.2515
1745435102754,49761,39763,1.2514
1745435102785,49764,39769,1.2513
1745435102841,49764,39772,1.2512
1745435102845,49762,39774,1.2511
1745435102876,49757,39773,1.2510
1745435102909,49752,39771,1.2510
1745435103055,49748,39769,1.2509
1745435103064,49746,39769,1.2509
1745435103067,49746,39772,1.2508
1745435103069,49749,39780,1.2506
1745435103073,49753,39791,1.2504
1745435103108,49759,39800,1.2502
1745435103139,49763,39804,1.2502
1745435103164,49766,39802,1.2504
1745435103197,49768,39793,1.2507
1745435103246,49768,39780,1.2511
1745435103266,49767,39766,1.2515
1745435103278,49767,39752,1.2519
1745435103323,49767,39739,1.2524
1745435103338,49766,39723,1.2528
1745435103375,49764,39705,1.2534
1745435103409,49761,39684,1.2539
1745435103457,49756,39662,1.2545
1745435103490,49749,39640,1.2550
1745435103509,49741,39619,1.2555
1745435103536,49732,39600,1.2559
1745435103577,49724,39582,1.2562
1745435103608,49716,39566,1.2566
1745435103639,49711,39553,1.2568
1745435103665,49709,39544,1.2570
1745435103713,49709,39541,1.2572
1745435103730,49711,39541,1.2572
1745435103793,49713,39542,1.2572
1745435103796,49715,39542,1.2573
1745435103809,49715,39541,1.2573
1745435103840,49715,39538,1.2574
1745435103908,49716,39533,1.2576
1745435104047,49717,39527,1.2578
1745435104078,49720,39522,1.2580
1745435104081,49723,39520,1.2582
1745435104083,49728,39522,1.2582
1745435104085,49733,39528,1.2582
1745435104089,49739,39535,1.2581
1745435104091,49745,39541,1.2581
1745435104163,49750,39542,1.2582
1745435104186,49752,39536,1.2584
1745435104202,49751,39523,1.2588
1745435104248,49747,39503,1.2593
1745435104257,49741,39479,1.2599
1745435104396,49734,39454,1.2605
1745435104431,49727,39432,1.2611
1745435104434,49720,39411,1.2616
1745435104437,49716,39392,1.2621
1745435104469,49713,39373,1.2626
1745435104474,49711,39352,1.2632
1745435104476,49711,39331,1.2639
1745435104511,49711,39309,1.2646
1745435104538,49711,39286,1.2654
1745435104576,49712,39264,1.2661
1745435104605,49713,39244,1.2668
1745435104646,49714,39226,1.2674
1745435104680,49714,39210,1.2679
1745435104856,49714,39195,1.2684
1745435104891,49712,39184,1.2687
1745435104897,49710,39175,1.2689
1745435104900,49707,39170,1.2690
1745435104903,49703,39165,1.2691
1745435104905,49698,39160,1.2691
1745435104962,49694,39155,1.2692
1745435104963,49692,39152,1.2692
1745435104975,49692,39153,1.2692
1745435104978,49695,39157,1.2691
1745435105006,49699,39163,1.2690
1745435105044,49703,39169,1.2690
1745435105070,49709,39174,1.2689
1745435105106,49716,39180,1.2689
1745435105143,49724,39187,1.2689
1745435105197,49733,39194,1.2689
1745435105200,49743,39201,1.2689
1745435105254,49754,39204,1.2691
1745435105259,49766,39203,1.2695
1745435105291,49778,39194,1.2700
1745435105321,49789,39178,1.2708
1745435105362,49799,39157,1.2718
1745435105422,49808,39135,1.2727
1745435105424,49815,39114,1.2736
1745435105487,49821,39095,1.2744
1745435105505,49825,39078,1.2750
1745435105529,49827,39061,1.2756
1745435105568,49828,39044,1.2762
1745435105573,49826,39022,1.2769
1745435105616,49823,38994,1.2777
1745435105624,49819,38959,1.2787
1745435105656,49813,38920,1.2799
1745435105695,49808,38881,1.2810
1745435105734,49805,38846,1.2821
1745435105814,49805,38822,1.2829
1745435105845,49809,38809,1.2834
1745435105847,49816,38806,1.2837
1745435105853,49825,38810,1.2838
1745435105881,49832,38815,1.2838
1745435105904,49837,38819,1.2838
1745435105995,49839,38820,1.2838
1745435105999,49838,38817,1.2839
1745435106002,49835,38811,1.2840
1745435106036,49830,38804,1.2841
1745435106080,49823,38797,1.2842
1745435106124,49817,38793,1.2842
1745435106128,49811,38792,1.2841
1745435106158,49806,38795,1.2838
1745435106206,49801,38801,1.2835
1745435106229,49796,38807,1.2832
1745435106255,49789,38808,1.2829
1745435106290,49779,38803,1.2829
1745435106323,49767,38790,1.2830
1745435106357,49754,38770,1.2833
1745435106393,49742,38748,1.2838
1745435106426,49733,38726,1.2842
1745435106453,49727,38710,1.2846
1745435106490,49724,38700,1.2849
1745435106522,49724,38696,1.2850
1745435106552,49724,38698,1.2849
1745435106612,49725,38704,1.2847
1745435106703,49725,38715,1.2844
1745435106705,49726,38727,1.2840
1745435106707,49726,38739,1.2836
1745435106710,49726,38750,1.2832
1745435106713,49725,38762,1.2828
1745435106749,49724,38776,1.2824
1745435106846,49722,38793,1.2818
1745435106848,49720,38812,1.2810
1745435106921,49719,38832,1.2803
1745435106923,49717,38848,1.2798
1745435106932,49715,38855,1.2795
1745435106953,49713,38855,1.2794
1745435106988,49710,38849,1.2795
1745435107029,49706,38843,1.2797
1745435107059,49701,38840,1.2796
1745435107061,49695,38843,1.2794
1745435107173,49689,38855,1.2788
1745435107176,49685,38876,1.2780
1745435107178,49682,38906,1.2770
1745435107209,49681,38941,1.2758
1745435107251,49682,38976,1.2747
1745435107261,49684,39007,1.2737
1745435107325,49687,39031,1.2730
1745435107330,49691,39049,1.2725
1745435107378,49695,39064,1.2721
1745435107380,49700,39080,1.2718
1745435107408,49704,39095,1.2714
1745435107443,49706,39107,1.2710
1745435107477,49704,39114,1.2708
1745435107493,49700,39115,1.2706
1745435107684,49695,39110,1.2706
1745435107693,49690,39103,1.2707
1745435107696,49686,39095,1.2709
1745435107698,49684,39088,1.2711
1745435107703,49685,39081,1.2713
1745435107705,49687,39074,1.2716
1745435107727,49689,39068,1.2719
1745435107753,49691,39061,1.2721
1745435107867,49692,39057,1.2723
1745435107880,49690,39055,1.2723
1745435107911,49687,39055,1.2722
1745435107913,49681,39056,1.2720
1745435107916,49674,39056,1.2719
1745435107947,49666,39055,1.2717
1745435107985,49661,39053,1.2716
1745435108028,49657,39053,1.2715
1745435108134,49655,39054,1.2715
1745435108145,49654,39055,1.2714
1745435108146,49653,39055,1.2714
1745435108148,49653,39056,1.2713
1745435108176,49652,39059,1.2712
1745435108196,49651,39066,1.2710
1745435108214,49650,39075,1.2706
1745435108243,49648,39086,1.2702
1745435108308,49646,39097,1.2698
1745435108343,49645,39109,1.2694
1745435108373,49644,39120,1.2690
1745435108378,49643,39131,1.2686
1745435108470,49642,39143,1.2682
1745435108473,49641,39160,1.2677
1745435108478,49639,39183,1.2668
1745435108562,49636,39215,1.2657
1745435108576,49633,39253,1.2644
1745435108578,49630,39294,1.2630
1745435108610,49627,39333,1.2617
1745435108634,49624,39363,1.2607
1745435108679,49620,39382,1.2600
1745435108707,49616,39387,1.2597
1745435108741,49610,39381,1.2597
1745435108771,49602,39367,1.2600
1745435108805,49591,39348,1.2603
1745435108854,49578,39326,1.2607
1745435108861,49564,39304,1.2610
1745435108930,49550,39284,1.2613
1745435108948,49538,39270,1.2615
1745435108971,49530,39261,1.2616
1745435108988,49523,39257,1.2615
1745435109039,49518,39258,1.2613
1745435109179,49513,39260,1.2612
1745435109195,49508,39260,1.2610
1745435109198,49502,39257,1.2610
1745435109204,49496,39253,1.2610
1745435109207,49491,39250,1.2609
1745435109209,49486,39251,1.2608
1745435109238,49483,39257,1.2605
1745435109273,49482,39267,1.2601
1745435109278,49483,39281,1.2597
1745435109309,49485,39295,1.2593
1745435109340,49488,39307,1.2590
1745435109411,49491,39313,1.2589
1745435109540,49493,39309,1.2591
1745435109547,49492,39294,1.2595
1745435109550,49490,39267,1.2603
1745435109554,49486,39229,1.2615
1745435109556,49481,39185,1.2628
1745435109577,49476,39139,1.2641
1745435109604,49471,39095,1.2654
1745435109648,49466,39055,1.2666
1745435109660,49460,39019,1.2676
1745435109689,49454,38987,1.2685
1745435109725,49447,38960,1.2692
1745435109783,49442,38937,1.2698
1745435109794,49439,38921,1.2702
1745435109853,49437,38913,1.2705
1745435109860,49438,38916,1.2704
1745435109904,49442,38933,1.2699
1745435109958,49446,38965,1.2690
1745435109961,49451,39006,1.2678
1745435109999,49457,39047,1.2666
1745435110004,49461,39083,1.2655
1745435110042,49464,39111,1.2647
1745435110071,49467,39132,1.2641
1745435110104,49470,39151,1.2636
1745435110147,49477,39174,1.2630
1745435110170,49490,39206,1.2623
1745435110210,49509,39244,1.2616
1745435110223,49534,39285,1.2609
1745435110260,49564,39318,1.2606
1745435110314,49597,39340,1.2607
1745435110334,49633,39347,1.2614
1745435110431,49670,39340,1.2626
1745435110444,49709,39316,1.2643
1745435110445,49744,39273,1.2666
1745435110471,49775,39213,1.2693
1745435110476,49801,39139,1.2724
1745435110513,49821,39056,1.2756
1745435110559,49836,38969,1.2789
1745435110581,49848,38886,1.2819
1745435110611,49856,38809,1.2846
1745435110638,49861,38742,1.2870
1745435110676,49865,38683,1.2891
1745435110706,49869,38633,1.2908
1745435110746,49874,38590,1.2924
1745435110787,49879,38552,1.2938
1745435110789,49884,38519,1.2951
1745435110848,49890,38492,1.2961
1745435110881,49897,38473,1.2969
1745435110919,49906,38466,1.2974
1745435110922,49915,38470,1.2975
1745435110960,49926,38486,1.2973
1745435110979,49938,38511,1.2967
1745435111004,49949,38540,1.2960
1745435111043,49960,38567,1.2954
1745435111074,49969,38586,1.2950
1745435111113,49977,38591,1.2950
1745435111163,49982,38581,1.2955
1745435111166,49984,38557,1.2964
1745435111203,49985,38524,1.2975
1745435111244,49983,38486,1.2987
1745435111275,49980,38449,1.2999
1745435111351,49977,38419,1.3008
1745435111368,49973,38397,1.3015
1745435111371,49969,38384,1.3018
1745435111378,49967,38378,1.3020
1745435111444,49966,38374,1.3021
1745435111447,49967,38370,1.3022
1745435111497,49968,38364,1.3025
1745435111528,49971,38357,1.3028
1745435111534,49974,38348,1.3032
1745435111566,49977,38337,1.3036
1745435111609,49978,38325,1.3040
1745435111636,49978,38312,1.3045
1745435111663,49978,38296,1.3050
1745435111822,49978,38276,1.3057
1745435111837,49978,38251,1.3066
1745435111841,49980,38222,1.3076
1745435111845,49982,38193,1.3087
1745435111847,49983,38165,1.3096
1745435111849,49982,38142,1.3104
1745435111880,49979,38123,1.3110
1745435111911,49974,38109,1.3113
1745435111975,49967,38099,1.3115
1745435111979,49959,38090,1.3116
1745435112044,49950,38082,1.3117
1745435112047,49943,38074,1.3117
1745435112076,49937,38067,1.3118
1745435112105,49932,38062,1.3118
1745435112146,49929,38059,1.3119
1745435112158,49928,38056,1.3119
1745435112321,49927,38054,1.3120
1745435112328,49927,38052,1.3121
1745435112330,49928,38049,1.3122
1745435112332,49930,38045,1.3124
1745435112334,49933,38041,1.3126
1745435112362,49937,38035,1.3129
1745435112397,49942,38028,1.3133
1745435112459,49947,38020,1.3137
1745435112462,49952,38011,1.3141
1745435112557,49956,38002,1.3145
1745435112559,49959,37994,1.3149
1745435112562,49960,37987,1.3152
1745435112566,49960,37979,1.3155
1745435112606,49958,37970,1.3157
1745435112631,49954,37958,1.3161
1745435112677,49949,37943,1.3164
1745435112729,49944,37928,1.3168
1745435112731,49939,37913,1.3172
1745435112765,49934,37899,1.3176
1745435112807,49931,37888,1.3178
1745435112843,49930,37881,1.3181
1745435112848,49931,37877,1.3182
1745435112889,49935,37877,1.3183
1745435112925,49942,37880,1.3184
1745435112964,49951,37885,1.3185
1745435113011,49961,37892,1.3185
1745435113014,49971,37899,1.3185
1745435113045,49981,37906,1.3185
1745435113074,49989,37912,1.3185
1745435113125,49995,37917,1.3185
1745435113157,50000,37920,1.3185
1745435113175,50002,37921,1.3186
1745435113193,50002,37918,1.3187
1745435113295,50000,37912,1.3188
1745435113309,49996,37904,1.3190
1745435113311,49991,37896,1.3192
1745435113316,49986,37890,1.3192
1745435113348,49982,37887,1.3192
1745435113373,49978,37886,1.3192
1745435113413,49975,37886,1.3191
1745435113463,49974,37887,1.3190
1745435113478,49974,37890,1.3189
1745435113575,49974,37894,1.3188
1745435113606,49976,37900,1.3186
1745435113610,49980,37908,1.3185
1745435113613,49985,37916,1.3183
1745435113642,49993,37924,1.3182
1745435113666,50000,37931,1.3182
1745435113709,50008,37937,1.3182
1745435113781,50013,37941,1.3182
1745435113811,50017,37942,1.3183
1745435113816,50018,37940,1.3184
1745435113841,50017,37934,1.3185
1745435113879,50015,37925,1.3188
1745435113883,50012,37915,1.3191
1745435113913,50009,37904,1.3194
1745435113980,50007,37894,1.3196
1745435114011,50006,37886,1.3199
1745435114036,50008,37881,1.3202
1745435114067,50013,37878,1.3204
1745435114072,50020,37878,1.3205
1745435114113,50029,37881,1.3207
1745435114123,50039,37885,1.3208
1745435114184,50049,37890,1.3209
1745435114198,50060,37894,1.3211
1745435114281,50070,37898,1.3212
1745435114308,50080,37903,1.3213
1745435114313,50090,37908,1.3214
1745435114319,50098,37913,1.3214
1745435114350,50103,37918,1.3213
1745435114413,50104,37922,1.3212
1745435114446,50102,37923,1.3212
1745435114465,50097,37921,1.3211
1745435114490,50091,37916,1.3211
1745435114498,50086,37909,1.3212
1745435114562,50083,37902,1.3214
1745435114591,50083,37897,1.3216
1745435114647,50086,37892,1.3218
1745435114663,50090,37890,1.3220
1745435114677,50096,37892,1.3221
1745435114705,50103,37898,1.3220
1745435114739,50110,37912,1.3218
1745435114769,50118,37934,1.3212
1745435114812,50125,37964,1.3203
1745435114923,50132,38001,1.3193
1745435114927,50139,38041,1.3180
1745435114929,50144,38080,1.3168
1745435114931,50149,38114,1.3158
1745435114959,50152,38138,1.3150
1745435114982,50154,38151,1.3146
1745435115023,50156,38152,1.3146
1745435115055,50157,38142,1.3150
1745435115087,50157,38125,1.3156
1745435115098,50156,38104,1.3163
1745435115130,50156,38086,1.3169
1745435115158,50155,38075,1.3173
1745435115230,50156,38077,1.3172
1745435115343,50161,38094,1.3168
1745435115358,50170,38128,1.3159
1745435115361,50184,38177,1.3145
1745435115364,50203,38237,1.3129
1745435115367,50223,38299,1.3113
1745435115392,50244,38354,1.3100
1745435115422,50263,38392,1.3092
1745435115494,50280,38406,1.3092
1745435115498,50293,38395,1.3099
1745435115549,50301,38364,1.3112
1745435115557,50304,38318,1.3128
1745435115563,50303,38267,1.3145
1745435115629,50298,38218,1.3161
1745435115640,50291,38176,1.3174
1745435115692,50281,38140,1.3183
1745435115714,50269,38109,1.3191
1745435115776,50256,38082,1.3197
1745435115782,50243,38056,1.3203
1745435115801,50230,38028,1.3209
1745435115833,50217,37999,1.3215
1745435115875,50205,37967,1.3223
1745435115881,50191,37932,1.3232
1745435115908,50177,37894,1.3241
1745435115946,50162,37852,1.3252
1745435115969,50146,37805,1.3264
1745435116003,50130,37753,1.3278
1745435116059,50113,37695,1.3294
1745435116086,50096,37631,1.3313
1745435116137,50078,37562,1.3332
1745435116140,50055,37487,1.3353
1745435116172,50027,37408,1.3374
1745435116210,49993,37325,1.3394
1745435116249,49955,37245,1.3412
1745435116255,49917,37175,1.3427
1745435116305,49883,37124,1.3437
1745435116313,49858,37099,1.3439
1745435116345,49845,37103,1.3434
1745435116378,49844,37130,1.3424
1745435116496,49854,37174,1.3411
1745435116513,49872,37227,1.3397
1745435116540,49894,37282,1.3383
1745435116552,49916,37334,1.3370
1745435116555,49936,37383,1.3358
1745435116581,49950,37424,1.3347
1745435116600,49958,37457,1.3337
1745435116662,49957,37481,1.3329
1745435116680,49951,37494,1.3322
1745435116738,49940,37498,1.3318
1745435116807,49928,37498,1.3315
1745435116812,49919,37498,1.3313
1745435116815,49914,37502,1.3310
1745435116842,49914,37515,1.3305
1745435116866,49920,37540,1.3298
1745435116908,49931,37583,1.3286
1745435116914,49949,37653,1.3266
1745435116957,49975,37763,1.3234
1745435117013,50012,37925,1.3187
1745435117017,50058,38140,1.3125
1745435117065,50111,38394,1.3052
1745435117068,50164,38661,1.2975
1745435117126,50207,38909,1.2904
1745435117160,50233,39110,1.2844
1745435117322,50235,39243,1.2801
1745435117329,50210,39303,1.2775
1745435117331,50161,39298,1.2764
1745435117334,50095,39251,1.2763
1745435117337,50025,39191,1.2764
1745435117340,49962,39146,1.2763
1745435117372,49917,39138,1.2754
1745435117378,49893,39175,1.2736
1745435117412,49888,39253,1.2709
1745435117438,49892,39354,1.2678
1745435117503,49897,39456,1.2646
1745435117520,49892,39537,1.2619
1745435117543,49873,39580,1.2601
1745435117705,49838,39579,1.2592
1745435117718,49789,39535,1.2594
1745435117721,49731,39455,1.2604
1745435117725,49669,39350,1.2623
1745435117728,49608,39227,1.2646
1745435117730,49550,39098,1.2673
1745435117792,49497,38969,1.2702
1745435117800,49451,38850,1.2729
1745435117813,49410,38744,1.2753
1745435117873,49376,38654,1.2774
1745435117914,49348,38581,1.2791
1745435117959,49327,38526,1.2803
1745435117961,49312,38490,1.2812
1745435117990,49305,38474,1.2815
1745435118028,49306,38480,1.2813
1745435118058,49312,38504,1.2807
1745435118093,49322,38540,1.2797
1745435118124,49332,38581,1.2787
1745435118146,49341,38616,1.2777
1745435118175,49347,38640,1.2771
1745435118206,49350,38651,1.2768
1745435118242,49350,38652,1.2768
1745435118271,49347,38649,1.2768
1745435118314,49343,38646,1.2768
1745435118324,49338,38649,1.2766
1745435118353,49335,38661,1.2761
1745435118391,49334,38688,1.2752
1745435118423,49336,38728,1.2739
1745435118445,49340,38775,1.2725
1745435118473,49345,38820,1.2711
1745435118515,49350,38856,1.2701
1745435118592,49354,38877,1.2695
1745435118606,49356,38884,1.2693
1745435118609,49357,38879,1.2695
1745435118647,49358,38870,1.2698
1745435118688,49359,38862,1.2701
1745435118731,49360,38859,1.2702
1745435118734,49361,38859,1.2703
1745435118776,49361,38860,1.2702
1745435118812,49362,38864,1.2701
1745435118843,49363,38873,1.2699
1745435118848,49365,38889,1.2694
1745435118878,49367,38913,1.2687
1745435118908,49368,38942,1.2677
1745435119108,49367,38975,1.2666
1745435119110,49364,39009,1.2654
1745435119113,49361,39043,1.2643
1745435119115,49359,39075,1.2632
1745435119118,49360,39104,1.2623
1745435119121,49364,39131,1.2615
1745435119149,49371,39157,1.2609
1745435119163,49380,39184,1.2602
1745435119214,49390,39213,1.2595
1745435119232,49398,39241,1.2588
1745435119274,49404,39269,1.2581
1745435119313,49406,39293,1.2574
1745435119329,49404,39313,1.2567
1745435119375,49398,39328,1.2561
1745435119405,49389,39336,1.2556
1745435119441,49377,39339,1.2551
1745435119590,49364,39341,1.2548
1745435119603,49352,39343,1.2544
1745435119605,49342,39349,1.2540
1745435119608,49334,39359,1.2534
1745435119610,49329,39375,1.2528
1745435119612,49326,39395,1.2521
1745435119639,49323,39418,1.2513
1745435119670,49321,39439,1.2506
1745435119743,49320,39457,1.2500
1745435119746,49318,39470,1.2495
1745435119766,49317,39478,1.2492
1745435119803,49316,39484,1.2490
1745435119854,49314,39488,1.2488
1745435119856,49312,39495,1.2486
1745435119894,49308,39503,1.2482
1745435119913,49304,39510,1.2479
1745435120097,49298,39510,1.2477
1745435120112,49290,39499,1.2479
1745435120115,49281,39474,1.2484
1745435120118,49271,39438,1.2493
1745435120121,49259,39395,1.2504
1745435120125,49246,39347,1.2516
1745435120155,49233,39297,1.2528
1745435120184,49218,39250,1.2540
1745435120198,49203,39209,1.2549
1745435120265,49187,39173,1.2556
1745435120301,49171,39142,1.2562
1745435120304,49155,39112,1.2568
1745435120357,49140,39081,1.2574
1745435120362,49127,39046,1.2582
1745435120389,49115,39005,1.2592
1745435120429,49103,38954,1.2605
1745435120490,49091,38896,1.2621
1745435120517,49079,38833,1.2638
1745435120544,49066,38769,1.2656
1745435120571,49052,38709,1.2672
1745435120576,49039,38656,1.2686
1745435120610,49025,38611,1.2697
1745435120642,49011,38574,1.2706
1745435120672,48996,38547,1.2711
1745435120710,48982,38526,1.2714
1745435120740,48968,38510,1.2716
1745435120779,48956,38496,1.2717
1745435120797,48945,38485,1.2718
1745435120927,48938,38477,1.2719
1745435120966,48932,38470,1.2719
1745435120968,48929,38465,1.2720
1745435120972,48926,38461,1.2721
1745435121027,48925,38456,1.2722
1745435121029,48925,38454,1.2723
1745435121031,48925,38455,1.2723
1745435121059,48928,38463,1.2721
1745435121090,48930,38476,1.2717
1745435121098,48932,38492,1.2712
1745435121144,48931,38509,1.2707
1745435121191,48929,38522,1.2702
1745435121224,48925,38532,1.2697
1745435121264,48921,38540,1.2693
1745435121279,48920,38551,1.2690
1745435121301,48921,38565,1.2685
1745435121353,48924,38583,1.2680
1745435121379,48927,38603,1.2674
1745435121407,48932,38623,1.2669
1745435121473,48936,38641,1.2664
1745435121508,48942,38657,1.2661
1745435121513,48948,38669,1.2658
1745435121515,48954,38679,1.2656
1745435121558,48960,38689,1.2655
1745435121599,48964,38700,1.2652
1745435121608,48967,38715,1.2648
1745435121639,48968,38734,1.2642
1745435121673,48967,38757,1.2634
1745435121711,48963,38781,1.2626
1745435121746,48959,38805,1.2617
1745435121764,48954,38827,1.2608
1745435121792,48949,38846,1.2601
1745435121827,48946,38863,1.2595
1745435121856,48945,38877,1.2590
1745435121913,48945,38887,1.2586
1745435121939,48945,38893,1.2584
1745435121990,48944,38895,1.2584
1745435121994,48944,38897,1.2583
1745435122024,48943,38898,1.2582
1745435122058,48942,38900,1.2581
1745435122147,48941,38902,1.2581
1745435122154,48941,38904,1.2580
1745435122199,48940,38906,1.2579
1745435122209,48939,38911,1.2577
1745435122214,48938,38917,1.2575
1745435122253,48934,38924,1.2572
1745435122256,48929,38932,1.2568
1745435122298,48921,38937,1.2564
1745435122444,48912,38938,1.2562
1745435122461,48903,38932,1.2561
1745435122464,48896,38921,1.2563
1745435122469,48891,38904,1.2567
1745435122472,48887,38883,1.2573
1745435122503,48884,38858,1.2580
1745435122508,48881,38830,1.2589
1745435122568,48878,38801,1.2597
1745435122577,48875,38775,1.2605
1745435122606,48874,38751,1.2612
1745435122637,48876,38731,1.2620
1745435122682,48880,38712,1.2627
1745435122708,48885,38694,1.2634
1745435122742,48890,38678,1.2640
1745435122774,48895,38664,1.2646
1745435122813,48899,38653,1.2651
1745435122862,48901,38647,1.2653
1745435122880,48900,38644,1.2654
1745435122906,48895,38641,1.2654
1745435122913,48888,38632,1.2655
1745435122949,48880,38612,1.2659
1745435122976,48871,38581,1.2667
1745435123020,48864,38542,1.2678
1745435123063,48859,38500,1.2690
1745435123078,48855,38461,1.2702
1745435123113,48852,38429,1.2712
1745435123170,48849,38405,1.2719
1745435123176,48846,38390,1.2724
1745435123357,48844,38383,1.2725
1745435123361,48841,38381,1.2725
1745435123363,48837,38381,1.2724
1745435123366,48833,38380,1.2723
1745435123368,48826,38379,1.2722
1745435123370,48819,38376,1.2721
1745435123393,48810,38373,1.2720
1745435123423,48803,38371,1.2719
1745435123515,48796,38372,1.2716
1745435123534,48792,38379,1.2713
1745435123551,48791,38393,1.2708
1745435123554,48794,38415,1.2702
1745435123603,48799,38450,1.2692
1745435123607,48808,38502,1.2677
1745435123648,48819,38572,1.2657
1745435123666,48833,38658,1.2632
1745435123714,48849,38757,1.2604
1745435123814,48867,38862,1.2575
1745435123830,48886,38967,1.2545
1745435123834,48906,39069,1.2518
1745435123857,48926,39162,1.2493
1745435123863,48944,39245,1.2471
1745435123892,48959,39314,1.2453
1745435123928,48972,39369,1.2439
1745435124075,48981,39411,1.2428
1745435124083,48988,39439,1.2421
1745435124087,48992,39458,1.2416
1745435124090,48995,39468,1.2414
1745435124094,48996,39472,1.2413
1745435124114,48997,39471,1.2413
1745435124145,48997,39465,1.2415
1745435124194,48998,39458,1.2418
1745435124338,49003,39451,1.2421
1745435124353,49010,39447,1.2424
1745435124359,49019,39444,1.2427
1745435124361,49027,39441,1.2430
1745435124363,49033,39437,1.2433
1745435124368,49035,39430,1.2436
1745435124400,49033,39421,1.2438
1745435124414,49028,39411,1.2440
1745435124475,49020,39398,1.2442
1745435124478,49011,39382,1.2445
1745435124530,49002,39364,1.2448
1745435124565,48993,39344,1.2453
1745435124578,48986,39320,1.2458
1745435124615,48980,39295,1.2465
1745435124670,48976,39269,1.2472
1745435124672,48974,39243,1.2480
1745435124735,48974,39220,1.2487
1745435124765,48976,39200,1.2494
1745435124781,48978,39182,1.2500
1745435124804,48980,39164,1.2506
1745435124865,48982,39145,1.2513
1745435124945,48982,39124,1.2520
1745435124954,48981,39100,1.2527
1745435124958,48979,39072,1.2536
1745435124978,48977,39042,1.2545
1745435124983,48974,39010,1.2554
1745435125013,48970,38979,1.2563
1745435125057,48965,38948,1.2572
1745435125096,48960,38914,1.2581
1745435125236,48954,38878,1.2592
1745435125245,48950,38840,1.2603
1745435125247,48947,38803,1.2614
1745435125251,48946,38773,1.2624
1745435125253,48948,38751,1.2631
1745435125280,48951,38738,1.2636
1745435125298,48955,38733,1.2639
1745435125359,48956,38728,1.2641
1745435125427,48955,38718,1.2644
1745435125429,48950,38700,1.2649
1745435125431,48943,38671,1.2656
1745435125468,48935,38636,1.2665
1745435125478,48927,38600,1.2675
1745435125514,48921,38566,1.2685
1745435125563,48916,38534,1.2694
1745435125705,48911,38503,1.2703
1745435125729,48908,38475,1.2711
1745435125734,48906,38450,1.2719
1745435125736,48905,38427,1.2727
1745435125739,48908,38406,1.2734
1745435125761,48913,38388,1.2742
1745435125790,48920,38371,1.2749
1745435125793,48929,38357,1.2756
1745435125840,48938,38344,1.2763
1745435125905,48946,38333,1.2768
1745435125909,48952,38325,1.2773
1745435125916,48958,38321,1.2776
1745435125958,48961,38319,1.2777
1745435125997,48961,38319,1.2777
1745435126042,48960,38319,1.2777
1745435126047,48956,38321,1.2775
1745435126130,48953,38324,1.2773
1745435126226,48951,38331,1.2771
1745435126245,48952,38340,1.2768
1745435126248,48957,38351,1.2765
1745435126252,48964,38361,1.2764
1745435126254,48973,38369,1.2764
1745435126279,48983,38377,1.2764
1745435126300,48992,38386,1.2763
1745435126343,49000,38397,1.2761
1745435126449,49007,38411,1.2759
1745435126460,49014,38427,1.2755
1745435126463,49021,38444,1.2751
1745435126465,49029,38462,1.2747
1745435126503,49036,38478,1.2744
1745435126512,49043,38492,1.2741
1745435126549,49048,38503,1.2739
1745435126597,49051,38513,1.2736
1745435126630,49053,38521,1.2734
1745435126677,49055,38529,1.2732
1745435126681,49056,38539,1.2729
1745435126705,49059,38550,1.2726
1745435126743,49064,38564,1.2723
1745435126771,49070,38578,1.2720
1745435126810,49078,38590,1.2718
1745435126839,49085,38598,1.2717
1745435126881,49089,38600,1.2717
1745435126899,49091,38598,1.2719
1745435126923,49089,38592,1.2720
1745435126965,49085,38584,1.2722
1745435126982,49080,38575,1.2723
1745435127108,49075,38565,1.2725
1745435127127,49071,38554,1.2728
1745435127129,49069,38544,1.2731
1745435127134,49069,38536,1.2733
1745435127160,49070,38532,1.2735
1745435127189,49071,38531,1.2736
1745435127230,49072,38532,1.2736
1745435127247,49072,38532,1.2736
1745435127270,49071,38529,1.2736
1745435127312,49068,38522,1.2738
1745435127329,49064,38512,1.2740
1745435127361,49060,38501,1.2743
1745435127392,49055,38490,1.2745
1745435127424,49050,38480,1.2747
1745435127453,49046,38472,1.2749
1745435127493,49042,38466,1.2749
1745435127534,49037,38461,1.2750
1745435127561,49033,38459,1.2749
1745435127577,49029,38458,1.2749
1745435127631,49026,38455,1.2749
1745435127642,49025,38451,1.2750
1745435127677,49026,38443,1.2753
1745435127708,49030,38432,1.2757
1745435127743,49034,38419,1.2763
1745435127770,49038,38405,1.2769
1745435127810,49041,38391,1.2774
1745435127866,49040,38378,1.2778
1745435127885,49037,38365,1.2782
1745435127997,49030,38352,1.2784
1745435128000,49022,38339,1.2786
1745435128005,49015,38328,1.2788
1745435128007,49010,38321,1.2790
1745435128044,49009,38317,1.2790
1745435128049,49011,38316,1.2791
1745435128096,49016,38316,1.2792
1745435128123,49020,38316,1.2794
1745435128162,49023,38315,1.2795
1745435128176,49026,38313,1.2796
1745435128265,49026,38311,1.2797
1745435128299,49026,38311,1.2797
1745435128304,49024,38309,1.2797
1745435128308,49021,38305,1.2798
1745435128343,49017,38294,1.2800
1745435128394,49013,38277,1.2805
1745435128416,49010,38253,1.2812
1745435128438,49007,38227,1.2820
1745435128448,49006,38202,1.2828
1745435128506,49006,38179,1.2836
1745435128508,49007,38159,1.2843
1745435128541,49009,38144,1.2848
1745435128607,49012,38135,1.2852
1745435128613,49017,38134,1.2854
1745435128644,49022,38142,1.2853
1745435128677,49027,38155,1.2849
1745435128854,49030,38172,1.2845
1745435128876,49031,38190,1.2839
1745435128879,49032,38207,1.2833
1745435128883,49032,38223,1.2828
1745435128887,49033,38237,1.2824
1745435128889,49037,38249,1.2820
1745435128915,49043,38261,1.2818
1745435128940,49051,38272,1.2816
1745435128980,49059,38283,1.2815
1745435128995,49068,38292,1.2814
1745435129023,49075,38299,1.2814
1745435129056,49082,38304,1.2814
1745435129099,49088,38305,1.2815
1745435129156,49093,38302,1.2817
1745435129160,49097,38296,1.2821
1745435129201,49100,38287,1.2824
1745435129214,49102,38280,1.2827
1745435129259,49103,38274,1.2829
1745435129305,49103,38271,1.2830
1745435129308,49104,38269,1.2831
1745435129348,49106,38270,1.2832
1745435129366,49110,38274,1.2831
1745435129393,49114,38281,1.2830
1745435129429,49120,38292,1.2828
1745435129467,49126,38304,1.2825
1745435129483,49134,38317,1.2823
1745435129513,49141,38329,1.2821
1745435129542,49150,38340,1.2820
1745435129598,49158,38350,1.2818
1745435129644,49166,38361,1.2817
1745435129648,49173,38372,1.2815
1745435129724,49179,38385,1.2812
1745435129732,49185,38400,1.2809
1745435129753,49191,38416,1.2805
1745435129798,49196,38434,1.2800
1745435129801,49202,38452,1.2796
1745435129829,49206,38469,1.2791
1745435129867,49209,38484,1.2787
1745435129914,49208,38497,1.2782
1745435129927,49204,38508,1.2778
1745435129958,49198,38518,1.2773
1745435129977,49189,38525,1.2768
1745435130015,49180,38528,1.2765
1745435130082,49171,38525,1.2764
1745435130108,49164,38514,1.2765
1745435130161,49157,38497,1.2769
1745435130207,49152,38479,1.2774
1745435130211,49148,38461,1.2779
1745435130213,49143,38448,1.2782
1745435130244,49139,38441,1.2783
1745435130278,49135,38440,1.2782
1745435130324,49130,38443,1.2780
1745435130331,49125,38450,1.2777
1745435130374,49120,38458,1.2772
1745435130406,49114,38464,1.2769
1745435130440,49108,38466,1.2767
1745435130472,49101,38461,1.2767
1745435130510,49095,38449,1.2769
1745435130541,49088,38432,1.2773
1745435130586,49082,38413,1.2778
1745435130610,49079,38393,1.2783
1745435130629,49077,38374,1.2789
1745435130646,49078,38356,1.2795
1745435130676,49081,38342,1.2801
1745435130747,49084,38331,1.2805
1745435130750,49088,38324,1.2809
1745435130808,49091,38320,1.2811
1745435130813,49091,38317,1.2812
1745435130848,49088,38314,1.2812
1745435130865,49083,38309,1.2812
1745435130905,49076,38302,1.2813
1745435130954,49069,38295,1.2813
1745435130965,49064,38290,1.2814
1745435131114,49060,38287,1.2814
1745435131127,49059,38284,1.2814
1745435131130,49059,38279,1.2816
1745435131133,49059,38271,1.2819
1745435131136,49058,38259,1.2822
1745435131159,49055,38245,1.2827
1745435131188,49052,38231,1.2830
1745435131222,49049,38221,1.2833
1745435131261,49047,38219,1.2833
1745435131278,49046,38226,1.2830
1745435131308,49047,38241,1.2825
1745435131383,49048,38260,1.2820
1745435131388,49049,38278,1.2814
1745435131420,49051,38289,1.2810
1745435131431,49050,38291,1.2810
1745435131458,49047,38281,1.2812
1745435131492,49042,38262,1.2817
1745435131551,49035,38237,1.2824
1745435131586,49029,38214,1.2830
1745435131623,49025,38194,1.2836
1745435131626,49023,38181,1.2839
1745435131663,49022,38175,1.2841
1745435131699,49021,38173,1.2842
1745435131710,49020,38173,1.2841
1745435131741,49019,38174,1.2841
1745435131772,49018,38173,1.2841
1745435131820,49018,38172,1.2841
1745435131824,49019,38172,1.2842
1745435131992,49021,38174,1.2842
1745435132007,49024,38178,1.2841
1745435132010,49026,38184,1.2840
1745435132013,49028,38190,1.2838
1745435132016,49028,38194,1.2836
1745435132041,49025,38195,1.2836
1745435132047,49019,38190,1.2836
1745435132077,49010,38182,1.2836
1745435132115,48999,38173,1.2836
1745435132161,48986,38164,1.2836
1745435132168,48973,38158,1.2834
1745435132208,48962,38154,1.2833
1745435132251,48953,38155,1.2830
1745435132298,48947,38159,1.2827
1745435132312,48946,38165,1.2825
1745435132349,48947,38173,1.2822
1745435132499,48949,38178,1.2821
1745435132527,48951,38182,1.2820
1745435132529,48950,38184,1.2820
1745435132533,48946,38185,1.2818
1745435132536,48940,38185,1.2816
1745435132539,48932,38187,1.2814
1745435132566,48924,38189,1.2811
1745435132581,48916,38191,1.2808
1745435132611,48910,38193,1.2806
1745435132663,48905,38194,1.2804
1745435132701,48901,38196,1.2803
1745435132707,48899,38200,1.2801
1745435132762,48897,38204,1.2799
1745435132792,48894,38209,1.2796
1745435132797,48890,38214,1.2794
1745435132978,48886,38220,1.2791
1745435132999,48881,38224,1.2788
1745435133003,48877,38227,1.2786
1745435133009,48875,38228,1.2785
1745435133012,48873,38227,1.2785
1745435133014,48872,38224,1.2786
1745435133035,48871,38221,1.2786
1745435133076,48870,38218,1.2787
1745435133082,48869,38214,1.2788
1745435133149,48867,38209,1.2789
1745435133170,48863,38203,1.2790
1745435133205,48857,38196,1.2791
1745435133260,48850,38189,1.2792
1745435133263,48843,38180,1.2793
1745435133265,48836,38172,1.2794
1745435133292,48830,38166,1.2794
1745435133359,48824,38163,1.2794
1745435133378,48817,38160,1.2793
1745435133405,48810,38156,1.2792
1745435133442,48803,38150,1.2792
1745435133500,48796,38142,1.2793
1745435133517,48789,38132,1.2795
1745435133575,48783,38119,1.2797
1745435133581,48778,38106,1.2801
1745435133584,48775,38092,1.2805
1745435133616,48774,38079,1.2809
1745435133665,48773,38068,1.2812
1745435133678,48775,38061,1.2815
1745435133708,48777,38060,1.2816
1745435133822,48780,38063,1.2816
1745435133841,48782,38069,1.2814
1745435133844,48784,38078,1.2812
1745435133849,48783,38085,1.2809
1745435133881,48778,38089,1.2806
1745435133895,48771,38087,1.2805
1745435133923,48761,38080,1.2805
1745435133968,48751,38069,1.2806
1745435134002,48742,38054,1.2809
1745435134035,48734,38036,1.2812
1745435134044,48727,38015,1.2818
1745435134082,48723,37992,1.2824
1745435134121,48720,37969,1.2831
1745435134163,48717,37947,1.2838
1745435134177,48714,37925,1.2845
1745435134340,48709,37903,1.2851
1745435134362,48702,37882,1.2856
1745435134365,48694,37861,1.2861
1745435134368,48686,37839,1.2866
1745435134370,48678,37814,1.2873
1745435134373,48671,37782,1.2882
1745435134390,48666,37742,1.2894
1745435134421,48661,37691,1.2910
1745435134455,48657,37631,1.2930
1745435134498,48652,37565,1.2951
1745435134562,48647,37498,1.2973
1745435134565,48643,37436,1.2994
1745435134590,48639,37384,1.3011
1745435134613,48636,37345,1.3023
1745435134646,48634,37320,1.3032
1745435134672,48632,37308,1.3035
1745435134726,48630,37306,1.3035
1745435134758,48628,37314,1.3032
1745435134783,48628,37330,1.3026
1745435134806,48628,37352,1.3019
1745435134843,48630,37377,1.3011
1745435134873,48634,37405,1.3002
1745435134977,48639,37432,1.2994
1745435134982,48646,37458,1.2987
1745435134985,48654,37482,1.2981
1745435135010,48661,37502,1.2976
1745435135039,48667,37516,1.2972
1745435135047,48668,37525,1.2970
1745435135082,48665,37528,1.2968
1745435135127,48658,37528,1.2966
1745435135164,48649,37526,1.2964
1745435135213,48640,37524,1.2962
1745435135227,48633,37522,1.2961
1745435135258,48630,37520,1.2961
1745435135295,48631,37519,1.2962
1745435135329,48636,37519,1.2963
1745435135352,48643,37522,1.2964
1745435135366,48651,37526,1.2965
1745435135473,48657,37532,1.2964
1745435135479,48662,37538,1.2963
1745435135482,48664,37545,1.2961
1745435135511,48664,37551,1.2959
1745435135516,48662,37554,1.2958
1745435135545,48659,37550,1.2958
1745435135612,48655,37538,1.2962
1745435135659,48650,37514,1.2969
1745435135664,48645,37477,1.2980
1745435135688,48641,37428,1.2996
1745435135726,48639,37369,1.3016
1745435135743,48639,37302,1.3039
1745435135780,48641,37232,1.3064
1745435135831,48643,37165,1.3088
1745435135850,48645,37105,1.3110
1745435135857,48645,37054,1.3128
1745435135898,48644,37015,1.3142
1745435135945,48643,36987,1.3151
1745435135986,48641,36972,1.3156
1745435136114,48641,36969,1.3157
1745435136131,48641,36975,1.3155
1745435136138,48644,36991,1.3150
1745435136141,48650,37013,1.3144
1745435136143,48660,37042,1.3137
1745435136146,48673,37072,1.3129
1745435136184,48688,37103,1.3122
1745435136236,48704,37132,1.3116
1745435136239,48719,37160,1.3111
1745435136262,48732,37185,1.3105
1745435136292,48744,37211,1.3099
1745435136338,48753,37237,1.3093
1745435136391,48760,37265,1.3085
1745435136398,48766,37293,1.3076
1745435136433,48770,37321,1.3068
1745435136467,48774,37347,1.3060
1745435136487,48776,37369,1.3053
1745435136543,48778,37385,1.3047
1745435136563,48778,37396,1.3044
1745435136579,48778,37401,1.3042
1745435136658,48776,37402,1.3041
1745435136660,48773,37399,1.3041
1745435136689,48771,37396,1.3042
1745435136713,48770,37397,1.3041
1745435136743,48772,37406,1.3039
1745435136772,48777,37424,1.3034
1745435136810,48787,37451,1.3027
1745435136846,48799,37483,1.3019
1745435136863,48813,37516,1.3011
1745435136918,48828,37547,1.3005
1745435136924,48840,37573,1.2999
1745435136990,48848,37592,1.2994
1745435137016,48853,37607,1.2990
1745435137032,48855,37618,1.2987
1745435137061,48857,37629,1.2984
1745435137098,48859,37640,1.2980
1745435137162,48860,37653,1.2977
1745435137165,48862,37664,1.2973
1745435137177,48864,37674,1.2970
1745435137227,48866,37682,1.2968
1745435137258,48869,37689,1.2966
1745435137267,48873,37695,1.2965
1745435137306,48877,37698,1.2965
1745435137346,48880,37699,1.2966
1745435137471,48881,37695,1.2967
1745435137498,48881,37688,1.2970
1745435137500,48879,37678,1.2973
1745435137505,48877,37664,1.2977
1745435137528,48876,37647,1.2983
1745435137531,48878,37631,1.2989
1745435137556,48882,37614,1.2995
1745435137594,48887,37599,1.3002
1745435137649,48893,37587,1.3008
1745435137666,48898,37577,1.3013
1745435137699,48902,37571,1.3016
1745435137728,48904,37567,1.3018
1745435137732,48905,37564,1.3019
1745435137762,48905,37558,1.3021
1745435137822,48906,37548,1.3025
1745435137997,48910,37534,1.3031
1745435138009,48916,37517,1.3038
1745435138013,48925,37501,1.3046
1745435138015,48933,37486,1.3054
1745435138018,48940,37468,1.3062
1745435138023,48944,37446,1.3071
1745435138048,48946,37421,1.3080
1745435138069,48946,37394,1.3089
1745435138077,48946,37367,1.3098
1745435138115,48947,37343,1.3108
1745435138161,48950,37317,1.3117
1745435138187,48954,37289,1.3128
1745435138212,48958,37257,1.3141
1745435138242,48963,37221,1.3155
1745435138274,48968,37185,1.3169
1745435138310,48973,37152,1.3182
1745435138342,48979,37124,1.3193
1745435138398,48983,37103,1.3202
1745435138409,48985,37090,1.3207
1745435138452,48985,37084,1.3209
1745435138468,48981,37082,1.3209
1745435138482,48974,37079,1.3208
1745435138512,48964,37068,1.3209
1745435138574,48953,37045,1.3215
1745435138663,48943,37010,1.3224
1745435138665,48937,36967,1.3238
1745435138667,48936,36924,1.3253
1745435138725,48942,36887,1.3268
1745435138728,48953,36860,1.3281
1745435138767,48966,36845,1.3290
1745435138776,48980,36839,1.3296
1745435138797,48994,36841,1.3299
1745435139040,49005,36849,1.3299
1745435139046,49013,36862,1.3296
1745435139049,49017,36879,1.3291
1745435139052,49019,36899,1.3285
1745435139058,49017,36918,1.3277
1745435139060,49014,36934,1.3271
1745435139063,49009,36946,1.3265
1745435139090,49007,36954,1.3261
1745435139101,49006,36963,1.3258
1745435139114,49007,36972,1.3255
1745435139142,49008,36980,1.3253
1745435139180,49006,36982,1.3251
1745435139223,49002,36974,1.3253
1745435139261,48995,36957,1.3257
1745435139281,48987,36936,1.3263
1745435139307,48982,36918,1.3268
1745435139459,48981,36906,1.3272
1745435139482,48984,36902,1.3274
1745435139485,48991,36904,1.3275
1745435139490,49000,36913,1.3274
1745435139493,49007,36924,1.3272
1745435139522,49011,36933,1.3270
1745435139525,49009,36935,1.3269
1745435139555,49002,36925,1.3270
1745435139583,48990,36906,1.3274
1745435139648,48975,36883,1.3279
1745435139691,48961,36860,1.3283
1745435139696,48948,36841,1.3286
1745435139721,48936,36827,1.3288
1745435139769,48927,36819,1.3289
1745435139775,48919,36813,1.3289
1745435139815,48913,36808,1.3289
1745435139832,48908,36803,1.3289
1745435139979,48904,36797,1.3290
1745435139983,48901,36791,1.3292
1745435139987,48900,36787,1.3293
1745435139991,48898,36785,1.3293
1745435139995,48896,36787,1.3292
1745435140027,48890,36793,1.3288
1745435140058,48881,36804,1.3282
1745435140096,48867,36817,1.3273
1745435140131,48851,36831,1.3263
1745435140206,48833,36842,1.3255
1745435140208,48816,36847,1.3248
1745435140210,48801,36845,1.3245
1745435140249,48788,36836,1.3245
1745435140299,48778,36826,1.3246
1745435140315,48771,36817,1.3247
1745435140347,48765,36812,1.3247
1745435140411,48759,36811,1.3246
1745435140414,48751,36810,1.3244
1745435140449,48740,36806,1.3243
1745435140467,48725,36794,1.3243
1745435140492,48710,36776,1.3245
1745435140531,48695,36753,1.3249
1745435140572,48684,36731,1.3254
1745435140582,48677,36716,1.3258
1745435140651,48676,36712,1.3259
1745435140692,48679,36722,1.3256
1745435140694,48685,36741,1.3251
1745435140726,48691,36763,1.3245
1745435140769,48695,36781,1.3239
1745435140812,48694,36788,1.3236
1745435140837,48689,36783,1.3237
1745435140845,48680,36769,1.3239
1745435140877,48669,36751,1.3243
1745435140906,48660,36736,1.3246
1745435140966,48653,36727,1.3247
1745435140980,48648,36725,1.3247
1745435141003,48646,36726,1.3245
1745435141017,48644,36728,1.3244
1745435141049,48643,36725,1.3245
1745435141091,48641,36718,1.3247
1745435141272,48639,36707,1.3251
1745435141275,48638,36694,1.3255
1745435141277,48636,36682,1.3259
1745435141280,48634,36673,1.3262
1745435141283,48634,36669,1.3263
1745435141288,48634,36669,1.3263
1745435141323,48636,36670,1.3263
1745435141332,48638,36671,1.3263
1745435141367,48639,36669,1.3264
1745435141415,48640,36666,1.3266
1745435141463,48639,36663,1.3267
1745435141466,48637,36661,1.3267
1745435141515,48633,36663,1.3265
1745435141527,48629,36670,1.3261
1745435141573,48625,36682,1.3256
1745435141612,48622,36701,1.3248
1745435141623,48620,36730,1.3237
1745435141726,48621,36770,1.3223
1745435141748,48624,36820,1.3206
1745435141750,48628,36879,1.3186
1745435141782,48633,36941,1.3165
1745435141798,48636,36999,1.3145
1745435141823,48638,37045,1.3129
1745435141827,48637,37076,1.3118
1745435141879,48632,37092,1.3111
1745435141915,48625,37095,1.3108
1745435141951,48615,37090,1.3107
1745435141962,48605,37081,1.3108
1745435141992,48596,37073,1.3108
1745435142022,48589,37066,1.3109
1745435142060,48585,37062,1.3109
1745435142094,48581,37056,1.3110
1745435142229,48577,37048,1.3112
1745435142232,48572,37035,1.3115
1745435142235,48566,37020,1.3119
1745435142238,48559,37005,1.3122
1745435142278,48554,36993,1.3125
1745435142282,48551,36985,1.3127
1745435142321,48552,36981,1.3129
1745435142362,48556,36981,1.3130
1745435142380,48562,36984,1.3131
1745435142410,48568,36989,1.3130
1745435142444,48575,36996,1.3130
1745435142469,48580,37003,1.3129
1745435142511,48585,37010,1.3127
1745435142595,48588,37016,1.3126
1745435142653,48592,37022,1.3125
1745435142655,48595,37028,1.3124
1745435142659,48598,37036,1.3122
1745435142663,48602,37044,1.3120
1745435142696,48604,37051,1.3118
1745435142718,48604,37056,1.3117
1745435142792,48604,37058,1.3116
1745435142798,48601,37057,1.3115
1745435142833,48597,37055,1.3115
1745435142863,48591,37051,1.3115
1745435142868,48584,37046,1.3115
1745435142908,48579,37041,1.3115
1745435142951,48576,37036,1.3116
1745435142992,48576,37033,1.3117
1745435143133,48579,37031,1.3118
1745435143148,48584,37032,1.3120
1745435143150,48589,37033,1.3121
1745435143154,48594,37034,1.3121
1745435143156,48598,37034,1.3122
1745435143186,48601,37031,1.3124
1745435143190,48606,37028,1.3127
1745435143224,48612,37024,1.3130
1745435143259,48619,37021,1.3133
1745435143288,48628,37019,1.3136
1745435143354,48639,37015,1.3140
1745435143356,48650,37012,1.3144
1745435143404,48662,37010,1.3148
1745435143407,48674,37009,1.3152
1745435143446,48685,37010,1.3155
1745435143471,48696,37012,1.3157
1745435143514,48704,37012,1.3159
1745435143553,48710,37011,1.3161
1745435143579,48714,37008,1.3163
1745435143601,48718,37005,1.3165
1745435143646,48722,37001,1.3167
1745435143649,48726,37001,1.3169
1745435143680,48732,37003,1.3170
1745435143736,48739,37008,1.3170
1745435143747,48746,37015,1.3169
1745435143781,48754,37022,1.3169
1745435143824,48759,37028,1.3168
1745435143858,48762,37029,1.3169
1745435143898,48761,37022,1.3171
1745435143905,48757,37008,1.3175
1745435144017,48749,36988,1.3180
1745435144030,48741,36966,1.3185
1745435144032,48735,36946,1.3191
1745435144036,48733,36931,1.3195
1745435144067,48734,36922,1.3199
1745435144112,48738,36918,1.3202
1745435144128,48743,36919,1.3203
1745435144163,48749,36922,1.3203
1745435144190,48755,36927,1.3203
1745435144229,48760,36932,1.3203
1745435144258,48764,36938,1.3201
1745435144295,48766,36945,1.3199
1745435144326,48764,36953,1.3196
1745435144332,48759,36961,1.3192
1745435144365,48752,36969,1.3187
1745435144489,48742,36977,1.3182
1745435144494,48732,36983,1.3177
1745435144497,48723,36986,1.3173
1745435144501,48716,36986,1.3171
1745435144529,48711,36984,1.3171
1745435144561,48709,36982,1.3171
1745435144594,48710,36982,1.3171
1745435144622,48713,36983,1.3172
1745435144662,48718,36985,1.3172
1745435144715,48725,36990,1.3172
1745435144733,48733,36996,1.3172
1745435144755,48742,37005,1.3172
1745435144793,48751,37017,1.3170
1745435144824,48761,37033,1.3167
1745435144863,48770,37053,1.3162
1745435144927,48780,37071,1.3158
1745435144940,48788,37081,1.3157
1745435144994,48795,37078,1.3160
1745435145001,48800,37057,1.3169
1745435145003,48801,37021,1.3182
1745435145030,48799,36973,1.3198
1745435145059,48796,36924,1.3215
1745435145094,48791,36880,1.3229
1745435145126,48786,36849,1.3240
1745435145157,48783,36829,1.3246
1745435145192,48779,36820,1.3248
1745435145225,48778,36817,1.3249
1745435145275,48777,36816,1.3249
1745435145281,48780,36815,1.3250
1745435145390,48784,36813,1.3252
1745435145400,48789,36810,1.3254
1745435145403,48794,36804,1.3258
1745435145423,48797,36797,1.3261
1745435145427,48799,36789,1.3265
1745435145457,48798,36782,1.3267
1745435145517,48796,36778,1.3268
1745435145532,48794,36780,1.3267
1745435145606,48790,36785,1.3264
1745435145611,48786,36792,1.3260
1745435145647,48780,36799,1.3256
1745435145660,48774,36802,1.3253
1745435145697,48767,36804,1.3251
1745435145722,48762,36804,1.3249
1745435145759,48758,36803,1.3248
1745435145806,48754,36803,1.3247
1745435145808,48752,36806,1.3246
1745435145845,48751,36814,1.3242
1745435145871,48750,36826,1.3238
1745435145900,48751,36841,1.3233
1745435145943,48752,36860,1.3226
1745435145976,48754,36880,1.3220
1745435146028,48754,36900,1.3213
1745435146030,48754,36918,1.3206
1745435146080,48753,36934,1.3200
1745435146087,48752,36948,1.3195
1745435146118,48751,36959,1.3191
1745435146159,48750,36966,1.3188
1745435146218,48747,36971,1.3185
1745435146258,48741,36972,1.3183
1745435146264,48733,36970,1.3182
1745435146304,48722,36969,1.3179
1745435146316,48710,36968,1.3176
1745435146342,48699,36969,1.3173
1745435146398,48690,36972,1.3170
1745435146409,48684,36974,1.3167
1745435146467,48681,36975,1.3166
1745435146477,48681,36973,1.3167
1745435146516,48682,36966,1.3169
1745435146531,48684,36956,1.3173
1745435146559,48684,36945,1.3178
1745435146593,48684,36933,1.3182
1745435146617,48682,36924,1.3185
1745435146664,48679,36915,1.3187
1745435146752,48674,36908,1.3188
1745435146756,48668,36902,1.3188
1745435146759,48662,36896,1.3189
1745435146805,48655,36887,1.3190
1745435146811,48646,36876,1.3192
1745435146846,48637,36862,1.3194
1745435146882,48628,36848,1.3197
1745435146908,48619,36836,1.3199
1745435146939,48613,36828,1.3200
1745435146973,48607,36823,1.3200
1745435147085,48603,36820,1.3200
1745435147090,48601,36818,1.3201
1745435147095,48601,36814,1.3202
1745435147097,48602,36808,1.3204
1745435147130,48604,36802,1.3207
1745435147164,48608,36797,1.3210
1745435147197,48611,36792,1.3212
1745435147215,48614,36789,1.3214
1745435147242,48616,36787,1.3216
1745435147353,48618,36785,1.3217
1745435147365,48618,36784,1.3217
1745435147368,48616,36784,1.3217
1745435147373,48610,36783,1.3216
1745435147413,48603,36781,1.3214
1745435147443,48593,36780,1.3212
1745435147474,48584,36778,1.3210
1745435147638,48575,36778,1.3208
1745435147644,48568,36781,1.3205
1745435147647,48562,36786,1.3201
1745435147650,48558,36794,1.3197
1745435147654,48555,36806,1.3192
1745435147658,48557,36819,1.3188
1745435147690,48562,36834,1.3184
1745435147724,48570,36849,1.3181
1745435147766,48578,36862,1.3179
1745435147851,48586,36870,1.3178
1745435147854,48592,36875,1.3177
1745435147860,48595,36876,1.3178
1745435147898,48595,36873,1.3179
1745435147911,48593,36868,1.3180
1745435147949,48589,36862,1.3181
1745435147979,48583,36853,1.3183
1745435148030,48576,36843,1.3184
1745435148048,48568,36832,1.3186
1745435148054,48561,36821,1.3188
1745435148088,48555,36811,1.3190
1745435148129,48552,36804,1.3192
1745435148167,48551,36797,1.3194
1745435148213,48553,36792,1.3197
1745435148239,48557,36786,1.3200
1745435148266,48562,36780,1.3203
1745435148281,48566,36773,1.3207
1745435148316,48568,36766,1.3210
1745435148364,48567,36759,1.3212
1745435148511,48565,36752,1.3214
1745435148516,48561,36746,1.3215
1745435148519,48557,36740,1.3217
1745435148522,48556,36733,1.3219
1745435148527,48556,36725,1.3221
1745435148545,48559,36717,1.3225
1745435148577,48564,36708,1.3230
1745435148614,48570,36701,1.3234
1745435148646,48576,36695,1.3238
1745435148675,48582,36689,1.3242
1745435148682,48586,36683,1.3245
1745435148712,48587,36675,1.3248
1745435148744,48585,36667,1.3251
1745435148777,48581,36658,1.3253
1745435148809,48576,36648,1.3255
1745435148844,48572,36638,1.3257
1745435148897,48569,36629,1.3260
1745435148935,48568,36621,1.3262
1745435148942,48569,36613,1.3266
1745435148980,48573,36606,1.3269
1745435148998,48578,36601,1.3272
1745435149028,48585,36596,1.3276
1745435149060,48593,36590,1.3280
1745435149126,48601,36583,1.3285
1745435149129,48608,36573,1.3291
1745435149162,48615,36560,1.3297
1745435149191,48621,36546,1.3304
1745435149225,48627,36533,1.3311
1745435149276,48634,36520,1.3317
1745435149283,48640,36509,1.3323
1745435149381,48646,36498,1.3328
1745435149392,48650,36488,1.3333
1745435149394,48650,36479,1.3337
1745435149410,48648,36472,1.3339
1745435149442,48646,36469,1.3339
1745435149475,48644,36470,1.3338
1745435149516,48645,36475,1.3337
1745435149531,48650,36483,1.3335
1745435149605,48659,36491,1.3334
1745435149624,48671,36500,1.3334
1745435149629,48684,36508,1.3335
1745435149665,48697,36514,1.3337
1745435149711,48710,36519,1.3338
1745435149717,48722,36522,1.3340
1745435149747,48732,36525,1.3342
1745435149799,48741,36526,1.3344
1745435149822,48750,36527,1.3346
1745435149867,48759,36529,1.3348
1745435149883,48768,36533,1.3349
1745435149896,48776,36540,1.3349
1745435149929,48785,36549,1.3348
1745435149982,48793,36558,1.3347
1745435150025,48799,36568,1.3345
1745435150032,48805,36577,1.3343
1745435150062,48809,36585,1.3341
1745435150095,48812,36593,1.3339
1745435150127,48814,36599,1.3337
1745435150159,48816,36605,1.3336
1745435150214,48818,36611,1.3334
1745435150245,48823,36618,1.3333
1745435150271,48830,36625,1.3332
1745435150274,48838,36634,1.3331
1745435150306,48846,36645,1.3330
1745435150340,48855,36656,1.3328
1745435150412,48864,36668,1.3326
1745435150416,48872,36679,1.3324
1745435150465,48878,36690,1.3322
1745435150491,48884,36698,1.3321
1745435150497,48889,36701,1.3321
1745435150533,48894,36699,1.3323
1745435150571,48899,36691,1.3327
1745435150607,48903,36677,1.3333
1745435150765,48907,36662,1.3340
1745435150780,48910,36648,1.3346
1745435150782,48912,36637,1.3350
1745435150785,48915,36632,1.3353
1745435150790,48917,36630,1.3354
1745435150793,48919,36630,1.3355
1745435150818,48921,36630,1.3355
1745435150860,48922,36628,1.3356
1745435150893,48922,36624,1.3358
1745435150925,48922,36618,1.3360
1745435150931,48922,36612,1.3362
1745435150962,48922,36607,1.3364
1745435151016,48923,36605,1.3365
1745435151033,48925,36606,1.3365
1745435151054,48927,36610,1.3365
1745435151144,48932,36617,1.3363
1745435151147,48938,36627,1.3361
1745435151192,48946,36640,1.3359
1745435151195,48956,36657,1.3355
1745435151221,48967,36673,1.3352
1745435151263,48978,36688,1.3350
1745435151282,48988,36700,1.3348
1745435151323,48997,36708,1.3348
1745435151364,49006,36713,1.3348
1745435151413,49015,36714,1.3350
1745435151419,49023,36713,1.3353
1745435151467,49031,36713,1.3355
1745435151498,49039,36713,1.3357
1745435151514,49047,36716,1.3358
1745435151556,49053,36719,1.3359
1745435151563,49058,36721,1.3360
1745435151613,49062,36722,1.3360
1745435151629,49063,36720,1.3361
1745435151658,49062,36714,1.3363
1745435151689,49060,36704,1.3367
1745435151737,49059,36690,1.3371
1745435151749,49059,36675,1.3377
1745435151782,49061,36661,1.3382
1745435151817,49064,36649,1.3387
1745435151851,49068,36640,1.3392
1745435151915,49074,36633,1.3396
1745435151920,49081,36626,1.3401
1745435152023,49088,36618,1.3406
1745435152042,49097,36608,1.3412
1745435152044,49105,36596,1.3418
1745435152048,49114,36585,1.3425
1745435152075,49122,36574,1.3431
1745435152112,49131,36564,1.3437
1745435152141,49140,36556,1.3443
1745435152146,49149,36546,1.3448
1745435152199,49156,36536,1.3454
1745435152236,49160,36523,1.3460
1745435152262,49161,36509,1.3465
1745435152302,49160,36496,1.3470
1745435152312,49157,36483,1.3474
1745435152345,49154,36471,1.3477
1745435152403,49150,36462,1.3480
1745435152425,49147,36456,1.3481
1745435152443,49144,36452,1.3482
1745435152475,49140,36449,1.3482
1745435152515,49135,36444,1.3482
1745435152532,49129,36436,1.3484
1745435152583,49125,36425,1.3486
1745435152629,49121,36412,1.3490
1745435152634,49121,36400,1.3495
1745435152656,49123,36389,1.3499
1745435152694,49127,36379,1.3504
1745435152723,49133,36369,1.3510
1745435152880,49139,36359,1.3515
1745435152889,49144,36349,1.3520
1745435152891,49147,36338,1.3525
1745435152895,49148,36327,1.3529
1745435152899,49146,36316,1.3533
1745435152902,49142,36307,1.3535
1745435152945,49138,36298,1.3538
1745435152973,49135,36289,1.3540
1745435153009,49135,36283,1.3542
1745435153043,49136,36278,1.3544
1745435153076,49137,36276,1.3545
1745435153111,49139,36276,1.3546
1745435153142,49139,36277,1.3546
1745435153177,49138,36278,1.3545
1745435153195,49137,36280,1.3544
1745435153237,49136,36282,1.3543
1745435153242,49136,36287,1.3541
1745435153305,49136,36293,1.3539
1745435153329,49139,36300,1.3537
1745435153348,49142,36309,1.3535
1745435153377,49147,36317,1.3533
1745435153409,49151,36326,1.3531
1745435153442,49155,36336,1.3528
1745435153488,49156,36346,1.3524
1745435153498,49153,36357,1.3520
1745435153527,49148,36368,1.3514
1745435153561,49140,36376,1.3509
1745435153590,49132,36381,1.3505
1745435153633,49125,36384,1.3502
1745435153771,49121,36385,1.3500
1745435153773,49119,36383,1.3501
1745435153776,49118,36377,1.3503
1745435153779,49119,36367,1.3506
1745435153783,49121,36357,1.3511
1745435153819,49122,36348,1.3514
1745435153865,49124,36345,1.3516
1745435153883,49127,36348,1.3516
1745435153901,49131,36356,1.3514
1745435153931,49136,36369,1.3511
1745435153962,49143,36382,1.3508
1745435153992,49152,36394,1.3506
1745435154051,49162,36403,1.3505
1745435154066,49172,36409,1.3505
1745435154096,49180,36410,1.3507
1745435154131,49186,36407,1.3510
1745435154274,49189,36400,1.3513
1745435154284,49188,36390,1.3517
1745435154287,49183,36376,1.3521
1745435154291,49177,36361,1.3525
1745435154293,49171,36346,1.3529
1745435154315,49166,36330,1.3533
1745435154356,49163,36317,1.3537
1745435154382,49162,36307,1.3541
1745435154430,49161,36301,1.3543
1745435154468,49162,36299,1.3544
1745435154496,49164,36302,1.3543
1745435154526,49167,36307,1.3542
1745435154531,49172,36313,1.3541
1745435154561,49178,36317,1.3541
1745435154592,49185,36320,1.3542
1745435154634,49191,36319,1.3544
1745435154789,49197,36316,1.3547
1745435154794,49200,36312,1.3549
1745435154797,49202,36308,1.3551
1745435154800,49203,36305,1.3553
1745435154802,49204,36302,1.3554
1745435154832,49206,36300,1.3556
1745435154872,49210,36297,1.3558
1745435154897,49216,36295,1.3560
1745435154983,49222,36293,1.3563
1745435155000,49229,36290,1.3566
1745435155003,49236,36286,1.3569
1745435155028,49242,36284,1.3571
1745435155031,49248,36283,1.3573
1745435155057,49253,36284,1.3575
1745435155094,49259,36286,1.3575
1745435155133,49264,36290,1.3575
1745435155185,49268,36295,1.3574
1745435155209,49270,36301,1.3573
1745435155236,49272,36308,1.3570
1745435155262,49272,36316,1.3567
1745435155311,49271,36326,1.3564
1745435155316,49271,36335,1.3560
1745435155345,49272,36345,1.3557
1745435155390,49275,36353,1.3555
1745435155427,49280,36360,1.3553
1745435155433,49287,36365,1.3553
1745435155461,49293,36367,1.3554
1745435155508,49298,36367,1.3556
1745435155549,49301,36363,1.3558
1745435155566,49301,36357,1.3560
1745435155622,49300,36349,1.3563
1745435155640,49298,36343,1.3564
1745435155664,49296,36342,1.3565
1745435155706,49294,36344,1.3563
1745435155765,49293,36350,1.3561
1745435155768,49292,36355,1.3559
1745435155793,49291,36359,1.3557
1745435155817,49289,36363,1.3555
1745435155851,49288,36366,1.3553
1745435155916,49285,36370,1.3551
1745435155935,49283,36378,1.3548
1745435155941,49279,36388,1.3543
1745435155982,49275,36400,1.3537
1745435156134,49272,36412,1.3532
1745435156146,49270,36421,1.3528
1745435156149,49269,36427,1.3526
1745435156152,49269,36427,1.3525
1745435156159,49269,36423,1.3527
1745435156185,49266,36415,1.3529
1745435156203,49262,36404,1.3532
1745435156211,49256,36393,1.3535
1745435156317,49250,36384,1.3536
1745435156355,49246,36377,1.3538
1745435156361,49244,36373,1.3539
1745435156364,49245,36370,1.3540
1745435156400,49247,36366,1.3542
1745435156420,49250,36361,1.3545
1745435156439,49253,36353,1.3548
1745435156517,49255,36343,1.3553
1745435156548,49256,36332,1.3557
1745435156575,49257,36320,1.3562
1745435156617,49256,36307,1.3566
1745435156622,49254,36294,1.3571
1745435156665,49253,36282,1.3575
1745435156684,49253,36274,1.3578
1745435156714,49257,36269,1.3581
1745435156734,49264,36269,1.3583
1745435156777,49273,36270,1.3585
1745435156782,49283,36273,1.3587
1745435156811,49293,36274,1.3589
1745435156845,49302,36272,1.3592
1745435156883,49308,36269,1.3595
1745435157029,49312,36265,1.3598
1745435157033,49314,36260,1.3600
1745435157038,49315,36256,1.3602
1745435157042,49316,36253,1.3603
1745435157067,49318,36250,1.3605
1745435157092,49320,36248,1.3606
1745435157097,49322,36248,1.3607
1745435157179,49325,36249,1.3607
1745435157181,49327,36252,1.3607
1745435157233,49330,36256,1.3606
1745435157252,49332,36259,1.3606
1745435157273,49336,36260,1.3606
1745435157277,49342,36258,1.3608
1745435157310,49350,36253,1.3613
1745435157359,49359,36243,1.3619
1745435157395,49370,36228,1.3627
1745435157423,49381,36210,1.3637
1745435157459,49390,36191,1.3647
1745435157508,49397,36174,1.3655
1745435157510,49403,36163,1.3661
1745435157583,49406,36160,1.3663
1745435157649,49406,36163,1.3662
1745435157655,49405,36170,1.3659
1745435157696,49402,36179,1.3655
1745435157701,49398,36186,1.3651
1745435157721,49394,36190,1.3649
1745435157724,49391,36189,1.3648
1745435157810,49390,36184,1.3650
1745435157816,49390,36176,1.3653
1745435157830,49391,36167,1.3656
1745435157879,49394,36158,1.3660
1745435157884,49398,36151,1.3664
1745435157924,49404,36146,1.3668
1745435157962,49410,36143,1.3671
1745435157966,49415,36141,1.3673
1745435158017,49418,36141,1.3674
1745435158067,49419,36142,1.3674
1745435158070,49419,36144,1.3673
1745435158122,49418,36146,1.3672
1745435158160,49418,36149,1.3671
1745435158184,49420,36152,1.3670
1745435158208,49425,36154,1.3671
1745435158249,49432,36157,1.3671
1745435158262,49439,36161,1.3672
1745435158283,49446,36164,1.3673
1745435158311,49453,36167,1.3673
1745435158352,49457,36168,1.3674
1745435158400,49459,36166,1.3676
1745435158410,49459,36160,1.3678
1745435158445,49458,36153,1.3680
1745435158477,49456,36147,1.3682
1745435158642,49454,36145,1.3682
1745435158656,49453,36148,1.3681
1745435158658,49453,36155,1.3678
1745435158663,49454,36164,1.3675
1745435158666,49457,36172,1.3672
1745435158669,49459,36179,1.3670
1745435158698,49461,36185,1.3669
1745435158716,49462,36188,1.3668
1745435158781,49463,36191,1.3667
1745435158784,49463,36195,1.3665
1745435158867,49463,36203,1.3663
1745435158893,49463,36215,1.3658
1745435158896,49464,36232,1.3652
1745435158939,49465,36254,1.3644
1745435158945,49468,36277,1.3636
1745435158993,49473,36297,1.3630
1745435159027,49479,36311,1.3627
1745435159049,49485,36316,1.3626
1745435159080,49491,36315,1.3629
1745435159099,49496,36308,1.3632
1745435159179,49498,36302,1.3635
1745435159201,49498,36298,1.3637
1745435159241,49496,36299,1.3636
1745435159247,49492,36305,1.3632
1745435159279,49486,36316,1.3626
1745435159288,49480,36330,1.3620
1745435159330,49473,36341,1.3613
1745435159358,49468,36349,1.3609
1745435159399,49464,36350,1.3608
1745435159429,49463,36348,1.3608
1745435159468,49463,36343,1.3610
1745435159497,49464,36336,1.3613
1745435159501,49465,36330,1.3615
1745435159541,49466,36326,1.3617
1745435159579,49467,36324,1.3618
1745435159620,49467,36322,1.3619
1745435159662,49467,36318,1.3621
1745435159664,49468,36312,1.3623
1745435159697,49470,36304,1.3627
1745435159736,49473,36295,1.3631
1745435159784,49477,36286,1.3635
1745435159795,49482,36276,1.3640
1745435159862,49487,36267,1.3645
1745435159906,49492,36261,1.3649
1745435159908,49497,36258,1.3651
1745435159935,49501,36258,1.3653
1745435159960,49505,36259,1.3653
1745435159990,49508,36258,1.3654
1745435160021,49509,36255,1.3656
1745435160053,49509,36248,1.3658
1745435160122,49509,36239,1.3662
1745435160128,49511,36232,1.3665
1745435160131,49515,36226,1.3668
1745435160166,49519,36224,1.3670
1745435160208,49524,36224,1.3672
1745435160219,49527,36224,1.3672
1745435160375,49529,36225,1.3673
1745435160388,49530,36224,1.3673
1745435160391,49530,36223,1.3674
1745435160394,49531,36221,1.3675
1745435160396,49533,36218,1.3676
1745435160422,49534,36213,1.3678
1745435160458,49534,36207,1.3681
1745435160491,49533,36201,1.3683
1745435160525,49532,36197,1.3684
1745435160532,49532,36194,1.3685
1745435160564,49533,36192,1.3686
1745435160625,49535,36190,1.3687
1745435160633,49537,36187,1.3689
1745435160667,49539,36182,1.3692
1745435160717,49539,36175,1.3694
1745435160731,49538,36166,1.3697
1745435160771,49534,36155,1.3700
1745435160847,49528,36144,1.3703
1745435160864,49521,36132,1.3706
1745435160868,49514,36119,1.3708
1745435160896,49506,36105,1.3712
1745435160931,49500,36089,1.3716
1745435160946,49495,36073,1.3721
1745435160977,49492,36057,1.3726
1745435161011,49490,36041,1.3732
1745435161050,49489,36025,1.3738
1745435161082,49488,36007,1.3744
1745435161104,49488,35991,1.3750
1745435161133,49489,35977,1.3756
1745435161161,49491,35968,1.3760
1745435161191,49496,35962,1.3763
1745435161235,49501,35959,1.3766
1745435161319,49505,35960,1.3767
1745435161332,49509,35963,1.3767
1745435161365,49513,35968,1.3766
1745435161382,49517,35975,1.3764
1745435161406,49521,35982,1.3763
1745435161416,49527,35989,1.3762
1745435161440,49532,35995,1.3761
1745435161481,49537,35997,1.3761
1745435161506,49541,35997,1.3762
1745435161549,49545,35996,1.3764
1745435161566,49547,35993,1.3765
1745435161596,49547,35991,1.3767
1745435161637,49546,35987,1.3768
1745435161683,49543,35982,1.3769
1745435161703,49538,35978,1.3769
1745435161747,49532,35974,1.3769
1745435161771,49525,35974,1.3767
1745435161796,49518,35978,1.3764
1745435161825,49513,35984,1.3760
1745435161857,49511,35991,1.3756
1745435162008,49512,36000,1.3753
1745435162013,49514,36007,1.3751
1745435162015,49519,36011,1.3751
1745435162020,49524,36011,1.3752
1745435162024,49530,36008,1.3755
1745435162050,49537,36004,1.3759
1745435162069,49545,36000,1.3763
1745435162109,49553,35999,1.3765
1745435162147,49559,36003,1.3765
1745435162211,49564,36012,1.3763
1745435162234,49567,36023,1.3760
1745435162251,49566,36035,1.3755
1745435162301,49562,36046,1.3750
1745435162318,49557,36054,1.3745
1745435162359,49553,36059,1.3742
1745435162365,49552,36062,1.3741
1745435162395,49553,36064,1.3740
1745435162423,49556,36064,1.3741
1745435162459,49562,36066,1.3742
1745435162466,49569,36069,1.3743
1745435162496,49578,36075,1.3743
1745435162543,49588,36084,1.3742
1745435162597,49598,36092,1.3742
1745435162626,49608,36099,1.3742
1745435162647,49617,36102,1.3744
1745435162665,49624,36100,1.3746
1745435162710,49629,36093,1.3750
1745435162737,49633,36085,1.3755
1745435162865,49636,36075,1.3759
1745435162878,49639,36066,1.3763
1745435162881,49640,36055,1.3768
1745435162883,49640,36044,1.3772
1745435162889,49640,36032,1.3777
1745435162928,49639,36020,1.3781
1745435162977,49639,36011,1.3784
1745435163011,49640,36005,1.3787
1745435163031,49642,36001,1.3789
1745435163065,49646,35999,1.3791
1745435163067,49649,35996,1.3793
1745435163096,49653,35994,1.3795
1745435163147,49656,35991,1.3797
1745435163245,49658,35988,1.3799
1745435163250,49661,35984,1.3801
1745435163253,49662,35978,1.3803
1745435163256,49662,35970,1.3806
1745435163306,49659,35960,1.3810
1745435163345,49656,35948,1.3813
1745435163370,49651,35937,1.3816
1745435163506,49648,35927,1.3819
1745435163513,49645,35920,1.3821
1745435163516,49642,35914,1.3822
1745435163518,49639,35908,1.3824
1745435163524,49636,35903,1.3825
1745435163556,49636,35897,1.3827
1745435163561,49637,35892,1.3830
1745435163592,49641,35888,1.3832
1745435163651,49646,35885,1.3835
1745435163668,49652,35885,1.3836
1745435163756,49657,35886,1.3837
1745435163760,49661,35887,1.3838
1745435163764,49663,35888,1.3839
1745435163796,49664,35885,1.3839
1745435163829,49662,35881,1.3841
1745435163866,49660,35873,1.3843
1745435164006,49657,35862,1.3847
1745435164010,49655,35848,1.3852
1745435164012,49654,35832,1.3857
1745435164017,49653,35819,1.3862
1745435164020,49654,35808,1.3867
1745435164045,49655,35800,1.3870
1745435164085,49656,35794,1.3873
1745435164101,49656,35789,1.3875
1745435164163,49656,35785,1.3876
1745435164216,49657,35782,1.3878
1745435164218,49659,35779,1.3879
1745435164262,49662,35775,1.3882
1745435164282,49665,35768,1.3885
1745435164285,49669,35759,1.3890
1745435164342,49673,35748,1.3895
1745435164347,49678,35738,1.3901
1745435164404,49683,35730,1.3905
1745435164416,49687,35726,1.3908
1745435164446,49692,35726,1.3909
1745435164484,49695,35728,1.3909
1745435164533,49698,35730,1.3909
1745435164544,49698,35729,1.3910
1745435164582,49697,35726,1.3910
1745435164600,49694,35722,1.3911
1745435164776,49689,35718,1.3911
1745435164779,49682,35715,1.3911
1745435164781,49676,35714,1.3909
1745435164785,49670,35715,1.3907
1745435164789,49667,35720,1.3904
1745435164825,49667,35730,1.3901
1745435164830,49673,35742,1.3897
1745435164863,49681,35758,1.3894
1745435164886,49693,35775,1.3890
1745435164931,49705,35792,1.3887
1745435164951,49716,35810,1.3884
1745435164975,49726,35826,1.3880
1745435165010,49733,35841,1.3876
1745435165045,49736,35854,1.3872
1745435165066,49737,35865,1.3868
1745435165125,49735,35874,1.3864
1745435165162,49733,35880,1.3861
1745435165209,49732,35883,1.3859
1745435165232,49732,35884,1.3859
1745435165254,49733,35883,1.3860
1745435165260,49735,35880,1.3862
1745435165296,49738,35874,1.3865
1745435165319,49742,35865,1.3869
1745435165367,49747,35854,1.3875
1745435165379,49752,35842,1.3881
1745435165449,49757,35828,1.3888
1745435165504,49762,35814,1.3895
1745435165512,49766,35800,1.3901
1745435165516,49768,35787,1.3907
1745435165547,49771,35778,1.3911
1745435165598,49772,35772,1.3914
1745435165619,49773,35769,1.3915
1745435165642,49773,35768,1.3915
1745435165683,49772,35769,1.3915
1745435165699,49771,35768,1.3915
1745435165735,49771,35768,1.3915
1745435165777,49771,35768,1.3915
1745435165810,49772,35769,1.3915
1745435165813,49774,35773,1.3914
1745435165875,49776,35779,1.3912
1745435165911,49778,35784,1.3911
1745435165916,49780,35788,1.3910
1745435165964,49784,35791,1.3910
1745435166014,49787,35794,1.3909
1745435166033,49792,35798,1.3909
1745435166058,49796,35802,1.3909
1745435166066,49800,35806,1.3908
1745435166096,49803,35809,1.3908
1745435166149,49806,35809,1.3909
1745435166167,49809,35808,1.3910
1745435166236,49810,35804,1.3912
1745435166250,49812,35799,1.3914
1745435166273,49812,35794,1.3917
1745435166315,49813,35787,1.3919
1745435166331,49813,35780,1.3922
1745435166381,49814,35773,1.3925
1745435166419,49815,35769,1.3927
1745435166439,49816,35768,1.3927
1745435166446,49817,35770,1.3927
1745435166478,49816,35773,1.3925
1745435166549,49814,35775,1.3924
1745435166552,49810,35776,1.3923
1745435166610,49807,35776,1.3922
1745435166612,49804,35780,1.3920
1745435166652,49804,35788,1.3916
1745435166668,49806,35799,1.3913
1745435166709,49810,35811,1.3909
1745435166753,49817,35821,1.3907
1745435166784,49825,35829,1.3906
1745435166856,49834,35832,1.3907
1745435166879,49843,35833,1.3910
1745435166882,49851,35832,1.3912
1745435166910,49857,35832,1.3914
1745435166913,49859,35833,1.3914
1745435166950,49859,35835,1.3913
1745435166996,49856,35839,1.3911
1745435167030,49853,35842,1.3909
1745435167065,49850,35845,1.3907
1745435167101,49848,35845,1.3906
1745435167150,49846,35844,1.3906
1745435167167,49843,35841,1.3906
1745435167183,49839,35838,1.3907
1745435167201,49835,35835,1.3907
1745435167223,49831,35832,1.3907
1745435167263,49828,35831,1.3906
1745435167384,49825,35830,1.3906
1745435167404,49823,35829,1.3906
1745435167408,49821,35828,1.3906
1745435167414,49822,35829,1.3905
1745435167417,49824,35832,1.3905
1745435167446,49830,35838,1.3904
1745435167476,49838,35846,1.3903
1745435167514,49848,35857,1.3902
1745435167563,49858,35869,1.3900
1745435167578,49866,35880,1.3898
1745435167609,49873,35888,1.3897
1745435167667,49877,35893,1.3896
1745435167686,49879,35898,1.3895
1745435167773,49879,35902,1.3893
1745435167776,49877,35908,1.3890
1745435167779,49873,35915,1.3886
1745435167818,49869,35926,1.3881
1745435167833,49863,35940,1.3874
1745435167852,49858,35958,1.3866
1745435167888,49854,35976,1.3857
1745435167945,49851,35994,1.3850
1745435167948,49849,36011,1.3843
1745435167975,49848,36026,1.3836
1745435168014,49848,36043,1.3830
1745435168043,49851,36062,1.3824
1745435168082,49857,36083,1.3817
1745435168110,49864,36106,1.3810
1745435168143,49871,36126,1.3805
1745435168179,49876,36140,1.3801
1745435168217,49880,36149,1.3799
1745435168261,49883,36152,1.3798
1745435168264,49886,36154,1.3798
1745435168291,49889,36156,1.3798
1745435168331,49892,36160,1.3798
1745435168361,49895,36165,1.3797
1745435168423,49896,36169,1.3795
1745435168483,49896,36173,1.3794
1745435168490,49894,36177,1.3792
1745435168507,49891,36181,1.3789
1745435168512,49885,36185,1.3786
1745435168549,49879,36186,1.3784
1745435168594,49872,36186,1.3782
1745435168644,49865,36183,1.3781
1745435168674,49859,36179,1.3781
1745435168679,49854,36172,1.3782
1745435168715,49849,36163,1.3784
1745435168738,49844,36152,1.3787
1745435168751,49839,36139,1.3791
1745435168784,49834,36123,1.3796
1745435168885,49829,36105,1.3801
1745435168897,49826,36086,1.3808
1745435168900,49827,36068,1.3814
1745435168936,49830,36053,1.3821
1745435168960,49834,36039,1.3828
1745435168993,49838,36025,1.3834
1745435169036,49840,36011,1.3840
1745435169060,49839,35996,1.3846
1745435169081,49835,35980,1.3851
1745435169110,49830,35964,1.3855
1745435169144,49824,35950,1.3859
1745435169173,49820,35937,1.3863
1745435169216,49818,35927,1.3866
1745435169242,49818,35918,1.3870
1745435169281,49820,35910,1.3873
1745435169301,49823,35904,1.3877
1745435169348,49828,35899,1.3880
1745435169391,49833,35896,1.3883
1745435169396,49839,35893,1.3885
1745435169429,49844,35889,1.3888
1745435169492,49848,35884,1.3891
1745435169516,49851,35877,1.3895
1745435169556,49853,35869,1.3899
1745435169561,49854,35861,1.3902
1745435169603,49856,35854,1.3905
1745435169618,49856,35846,1.3908
1745435169641,49854,35840,1.3910
1745435169677,49850,35837,1.3910
1745435169711,49846,35837,1.3909
1745435169751,49844,35840,1.3907
1745435169784,49843,35846,1.3905
1745435169901,49845,35852,1.3903
1745435169932,49849,35858,1.3902
1745435169935,49854,35863,1.3901
1745435169941,49857,35866,1.3901
1745435169968,49860,35868,1.3901
1745435170013,49860,35869,1.3901
1745435170015,49859,35869,1.3900
1745435170018,49857,35869,1.3900
1745435170054,49853,35867,1.3899
1745435170103,49850,35865,1.3899
1745435170118,49846,35860,1.3900
1745435170179,49842,35854,1.3901
1745435170185,49838,35846,1.3904
1745435170215,49834,35837,1.3906
1745435170249,49830,35831,1.3907
1745435170273,49826,35829,1.3907
1745435170319,49823,35832,1.3905
1745435170335,49821,35840,1.3901
1745435170356,49821,35850,1.3897
1745435170387,49822,35862,1.3893
1745435170429,49825,35875,1.3889
1745435170461,49830,35887,1.3885
1745435170502,49835,35898,1.3882
1745435170514,49838,35907,1.3880
1745435170554,49838,35915,1.3877
1745435170566,49836,35921,1.3874
1745435170602,49830,35925,1.3870
1745435170647,49823,35929,1.3867
1745435170698,49817,35933,1.3864
1745435170717,49811,35937,1.3861
1745435170752,49805,35941,1.3857
1745435170767,49800,35945,1.3855
1745435170796,49795,35948,1.3852
1745435170853,49790,35950,1.3850
1745435170857,49787,35952,1.3848
1745435170904,49786,35955,1.3847
1745435170912,49786,35959,1.3845
1745435170947,49786,35963,1.3843
1745435170993,49784,35967,1.3842
1745435171031,49781,35971,1.3839
1745435171050,49775,35975,1.3836
1745435171112,49767,35981,1.3832
1745435171123,49759,35988,1.3827
1745435171148,49751,35996,1.3821
1745435171166,49744,36006,1.3816
1745435171213,49739,36015,1.3811
1745435171257,49736,36024,1.3806
1745435171294,49734,36032,1.3803
1745435171297,49731,36039,1.3799
1745435171416,49728,36043,1.3797
1745435171434,49723,36042,1.3796
1745435171440,49717,36037,1.3796
1745435171443,49711,36029,1.3797
1745435171473,49705,36018,1.3800
1745435171481,49700,36008,1.3803
1745435171548,49695,35999,1.3805
1745435171551,49691,35992,1.3806
1745435171618,49687,35988,1.3807
1745435171659,49683,35987,1.3806
1745435171662,49678,35987,1.3805
1745435171668,49673,35986,1.3803
1745435171702,49667,35983,1.3803
1745435171743,49659,35979,1.3802
1745435171751,49652,35973,1.3803
1745435171913,49646,35969,1.3803
1745435171927,49643,35968,1.3802
1745435171930,49644,35975,1.3800
1745435171934,49648,35988,1.3795
1745435171941,49653,36007,1.3790
1745435171974,49659,36029,1.3783
1745435171981,49662,36049,1.3776
1745435172014,49664,36068,1.3769
1745435172081,49664,36085,1.3763
1745435172123,49664,36099,1.3758
1745435172134,49665,36108,1.3755
1745435172158,49666,36112,1.3753
1745435172196,49668,36114,1.3753
1745435172201,49670,36114,1.3754
1745435172241,49671,36114,1.3754
1745435172282,49672,36114,1.3754
1745435172317,49673,36115,1.3754
1745435172342,49674,36116,1.3754
1745435172363,49675,36116,1.3755
1745435172400,49677,36115,1.3755
1745435172439,49677,36113,1.3756
1745435172485,49676,36114,1.3756
1745435172509,49674,36116,1.3754
1745435172517,49670,36119,1.3752
1745435172566,49664,36123,1.3749
1745435172632,49657,36128,1.3745
1745435172677,49649,36135,1.3740
1745435172693,49643,36145,1.3734
1745435172707,49639,36160,1.3728
1745435172753,49638,36178,1.3720
1745435172767,49638,36199,1.3713
1745435172797,49641,36223,1.3704
1745435172801,49647,36249,1.3696
1745435172892,49655,36279,1.3687
1745435172915,49664,36314,1.3676
1745435172918,49675,36355,1.3664
1745435172977,49686,36401,1.3649
1745435173009,49695,36449,1.3634
1745435173028,49703,36496,1.3619
1745435173043,49707,36537,1.3604
1745435173046,49710,36573,1.3592
1745435173076,49711,36601,1.3582
1745435173135,49711,36622,1.3574
1745435173177,49712,36639,1.3568
1745435173180,49712,36655,1.3562
1745435173215,49713,36673,1.3556
1745435173238,49714,36694,1.3548
1745435173266,49714,36718,1.3540
1745435173297,49715,36740,1.3532
1745435173357,49715,36755,1.3526
1745435173366,49716,36763,1.3523
1745435173405,49717,36762,1.3524
1745435173431,49717,36758,1.3526
1745435173452,49716,36752,1.3527
1745435173494,49712,36748,1.3528
1745435173523,49706,36748,1.3526
1745435173536,49697,36755,1.3521
1745435173566,49690,36770,1.3513
1745435173618,49685,36799,1.3502
1745435173656,49685,36843,1.3486
1745435173694,49689,36900,1.3466
1745435173701,49695,36962,1.3445
1745435173737,49699,37016,1.3426
1745435173920,49698,37055,1.3412
1745435173928,49692,37071,1.3404
1745435173932,49682,37066,1.3404
1745435173936,49672,37045,1.3408
1745435173946,49662,37012,1.3418
1745435173951,49656,36973,1.3430
1745435173956,49654,36932,1.3445
1745435173997,49656,36892,1.3460
1745435174025,49659,36854,1.3475
1745435174064,49663,36820,1.3488
1745435174093,49667,36791,1.3500
1745435174129,49670,36769,1.3509
1745435174204,49672,36754,1.3515
1745435174221,49672,36744,1.3518
1745435174243,49672,36740,1.3520
1745435174245,49671,36738,1.3520
1745435174276,49669,36738,1.3520
1745435174317,49667,36738,1.3519
1745435174354,49664,36737,1.3519
1745435174397,49661,36734,1.3519
1745435174400,49657,36730,1.3519
1745435174425,49654,36726,1.3520
1745435174463,49654,36726,1.3520
1745435174492,49657,36730,1.3519
1745435174532,49664,36740,1.3518
1745435174648,49673,36753,1.3515
1745435174653,49682,36767,1.3513
1745435174656,49692,36780,1.3510
1745435174658,49701,36791,1.3509
1745435174663,49710,36801,1.3508
1745435174715,49717,36809,1.3507
1745435174747,49723,36818,1.3505
1745435174796,49728,36828,1.3503
1745435174821,49730,36839,1.3499
1745435174826,49731,36852,1.3495
1745435174867,49732,36868,1.3489
1745435174918,49734,36891,1.3481
1745435174936,49737,36917,1.3472
1745435174979,49740,36945,1.3463
1745435174986,49742,36970,1.3455
1745435175033,49743,36993,1.3447
1745435175048,49744,37017,1.3438
1745435175075,49746,37046,1.3428
1745435175111,49751,37081,1.3417
1745435175144,49759,37119,1.3405
1745435175199,49770,37159,1.3394
1745435175234,49782,37196,1.3384
1745435175290,49795,37226,1.3376
1745435175295,49808,37248,1.3372
1745435175297,49818,37262,1.3370
1745435175331,49825,37268,1.3369
1745435175359,49830,37273,1.3369
1745435175396,49833,37282,1.3366
1745435175425,49835,37298,1.3361
1745435175461,49838,37324,1.3353
1745435175517,49843,37362,1.3341
1745435175537,49847,37406,1.3326
1745435175556,49851,37451,1.3311
1745435175603,49853,37488,1.3298
1745435175610,49851,37513,1.3289
1745435175646,49848,37527,1.3283
1745435175724,49843,37533,1.3280
1745435175739,49839,37537,1.3277
1745435175769,49837,37546,1.3274
1745435175775,49836,37565,1.3267
1745435175810,49838,37595,1.3257
1745435175837,49841,37633,1.3244
1745435175874,49845,37672,1.3231
1745435175933,49848,37707,1.3220
1745435175962,49849,37731,1.3212
1745435175965,49847,37742,1.3207
1745435175997,49841,37741,1.3206
1745435176011,49832,37730,1.3208
1745435176052,49821,37714,1.3210
1745435176090,49810,37697,1.3213
1745435176145,49800,37682,1.3216
1745435176162,49790,37673,1.3217
1745435176166,49782,37667,1.3216
1745435176226,49775,37665,1.3215
1745435176248,49770,37667,1.3213
1745435176296,49768,37672,1.3211
1745435176334,49770,37679,1.3209
1745435176339,49776,37686,1.3208
1745435176386,49784,37687,1.3210
1745435176392,49792,37681,1.3214
1745435176447,49799,37665,1.3222
1745435176450,49803,37641,1.3231
1745435176476,49803,37610,1.3242
1745435176646,49799,37578,1.3252
1745435176665,49792,37548,1.3261
1745435176669,49783,37525,1.3267
1745435176673,49774,37509,1.3270
1745435176676,49767,37501,1.3271
1745435176702,49763,37498,1.3271
1745435176718,49764,37499,1.3271
1745435176736,49766,37502,1.3270
1745435176894,49769,37505,1.3270
1745435176900,49770,37505,1.3270
1745435176904,49769,37503,1.3271
1745435176908,49767,37500,1.3271
1745435176914,49765,37497,1.3271
1745435176962,49765,37497,1.3272
1745435176965,49768,37500,1.3272
1745435177019,49775,37505,1.3272
1745435177069,49783,37511,1.3271
1745435177104,49792,37518,1.3271
1745435177128,49800,37526,1.3271
1745435177132,49808,37534,1.3270
1745435177166,49815,37544,1.3268
1745435177169,49821,37556,1.3266
1745435177207,49827,37572,1.3262
1745435177248,49833,37590,1.3257
1745435177264,49840,37614,1.3250
1745435177316,49848,37644,1.3242
1745435177386,49856,37680,1.3231
1745435177399,49864,37720,1.3220
1745435177402,49870,37757,1.3208
1745435177440,49874,37788,1.3199
1745435177479,49876,37812,1.3191
1745435177499,49878,37832,1.3184
1745435177544,49879,37852,1.3178
1745435177567,49882,37871,1.3171
1745435177589,49885,37890,1.3166
1745435177617,49890,37906,1.3162
1745435177634,49895,37917,1.3159
1745435177751,49899,37923,1.3158
1745435177775,49903,37924,1.3159
1745435177778,49907,37922,1.3160
1745435177783,49910,37922,1.3161
1745435177815,49914,37927,1.3161
1745435177840,49917,37936,1.3158
1745435177871,49919,37948,1.3154
1745435177911,49918,37960,1.3150
1745435178031,49913,37967,1.3146
1745435178054,49903,37965,1.3144
1745435178061,49889,37954,1.3144
1745435178064,49873,37937,1.3146
1745435178067,49860,37918,1.3149
1745435178099,49850,37902,1.3152
1745435178117,49845,37890,1.3155
1745435178168,49844,37880,1.3158
1745435178185,49846,37872,1.3162
1745435178241,49849,37861,1.3166
1745435178244,49853,37849,1.3172
1745435178280,49856,37834,1.3177
1745435178312,49859,37819,1.3183
1745435178345,49863,37806,1.3189
1745435178350,49865,37795,1.3193
1745435178466,49867,37788,1.3196
1745435178469,49866,37782,1.3198
1745435178513,49864,37776,1.3200
1745435178516,49860,37768,1.3202
1745435178519,49855,37758,1.3204
1745435178546,49847,37746,1.3206
1745435178576,49837,37731,1.3208
1745435178612,49825,37715,1.3211
1745435178667,49814,37698,1.3214
1745435178718,49805,37680,1.3218
1745435178774,49799,37663,1.3222
1745435178796,49798,37646,1.3228
1745435178800,49802,37628,1.3235
1745435178843,49809,37610,1.3244
1745435178867,49819,37590,1.3253
1745435178882,49830,37570,1.3263
1745435178901,49841,37551,1.3273
1745435179034,49852,37532,1.3282
1745435179049,49860,37515,1.3291
1745435179052,49865,37498,1.3298
1745435179059,49866,37480,1.3305
1745435179063,49864,37462,1.3311
1745435179097,49860,37442,1.3316
1745435179102,49856,37424,1.3322
1745435179131,49852,37406,1.3327
1745435179196,49848,37388,1.3333
1745435179226,49844,37369,1.3338
1745435179261,49841,37350,1.3344
1745435179283,49838,37330,1.3351
1745435179310,49838,37310,1.3358
1745435179345,49840,37290,1.3365
1745435179379,49844,37271,1.3373
1745435179404,49849,37255,1.3381
1745435179512,49853,37244,1.3386
1745435179515,49857,37241,1.3388
1745435179518,49859,37247,1.3386
1745435179524,49860,37260,1.3382
1745435179565,49860,37278,1.3375
1745435179605,49861,37297,1.3369
1745435179611,49861,37314,1.3363
1745435179748,49863,37328,1.3358
1745435179760,49863,37340,1.3354
1745435179764,49864,37351,1.3350
1745435179766,49862,37360,1.3346
1745435179779,49860,37369,1.3343
1745435179817,49859,37380,1.3338
1745435179830,49860,37394,1.3334
1745435179867,49864,37411,1.3329
1745435179882,49872,37432,1.3323
1745435179943,49883,37454,1.3319
1745435179978,49896,37475,1.3315
1745435180012,49911,37497,1.3311
1745435180044,49926,37522,1.3306
1745435180052,49942,37549,1.3301
1745435180184,49956,37578,1.3294
1745435180198,49968,37609,1.3286
1745435180201,49976,37640,1.3278
1745435180206,49980,37670,1.3268
1745435180209,49980,37698,1.3258
1745435180235,49979,37725,1.3248
1745435180318,49977,37750,1.3239
1745435180335,49977,37771,1.3231
1745435180386,49978,37785,1.3227
1745435180408,49978,37789,1.3225
1745435180411,49977,37783,1.3227
1745435180420,49976,37767,1.3233
1745435180463,49973,37743,1.3240
1745435180496,49969,37711,1.3250
1745435180531,49963,37675,1.3262
1745435180663,49958,37637,1.3274
1745435180667,49953,37600,1.3285
1745435180670,49950,37569,1.3296
1745435180675,49948,37542,1.3304
1745435180706,49947,37523,1.3311
1745435180709,49945,37508,1.3316
1745435180753,49944,37497,1.3319
1745435180765,49941,37486,1.3322
1745435180817,49937,37475,1.3325
1745435180860,49931,37462,1.3328
1745435180863,49923,37450,1.3331
1745435180910,49914,37438,1.3332
1745435180916,49904,37427,1.3334
1745435180947,49895,37417,1.3335
1745435180982,49888,37408,1.3336
1745435181035,49884,37402,1.3337
1745435181078,49884,37399,1.3339
1745435181113,49889,37396,1.3341
1745435181118,49897,37393,1.3344
1745435181197,49907,37389,1.3348
1745435181200,49919,37382,1.3354
1745435181267,49930,37374,1.3359
1745435181274,49938,37366,1.3365
1745435181277,49945,37359,1.3369
1745435181304,49948,37355,1.3371
1745435181342,49949,37355,1.3372
1745435181351,49948,37353,1.3372
1745435181408,49944,37343,1.3374
1745435181451,49938,37322,1.3380
1745435181488,49931,37292,1.3389
1745435181492,49924,37258,1.3400
1745435181642,49918,37228,1.3409
1745435181648,49913,37207,1.3415
1745435181651,49911,37196,1.3418
1745435181656,49912,37194,1.3419
1745435181661,49914,37197,1.3419
1745435181688,49918,37200,1.3419
1745435181696,49923,37201,1.3420
1745435181731,49928,37198,1.3422
1745435181794,49932,37192,1.3426
1745435181828,49937,37186,1.3429
1745435181834,49940,37182,1.3431
1745435181931,49944,37184,1.3432
1745435181948,49948,37196,1.3428
1745435181952,49952,37217,1.3422
1745435181973,49956,37246,1.3413
1745435181981,49961,37278,1.3402
1745435182019,49967,37312,1.3392
1745435182084,49974,37346,1.3382
1745435182100,49983,37381,1.3371
1745435182130,49993,37416,1.3361
1745435182163,50001,37452,1.3351
1745435182197,50009,37489,1.3340
1745435182232,50017,37528,1.3328
1745435182246,50026,37569,1.3316
1745435182278,50036,37610,1.3304
1745435182386,50048,37652,1.3292
1745435182408,50059,37690,1.3282
1745435182412,50071,37725,1.3273
1745435182415,50080,37753,1.3265
1745435182418,50087,37775,1.3259
1745435182453,50091,37792,1.3254
1745435182524,50092,37806,1.3250
1745435182527,50091,37822,1.3244
1745435182568,50090,37842,1.3236
1745435182594,50089,37869,1.3227
1745435182634,50092,37904,1.3215
1745435182648,50097,37945,1.3203
1745435182685,50103,37989,1.3189
1745435182778,50108,38030,1.3176
1745435182857,50110,38062,1.3165
1745435182860,50109,38083,1.3158
1745435182863,50107,38092,1.3154
1745435182892,50104,38094,1.3153
1745435182900,50102,38092,1.3153
1745435182933,50102,38091,1.3153
1745435182937,50103,38091,1.3154
1745435182966,50104,38094,1.3153
1745435182995,50105,38099,1.3151
1745435183028,50105,38104,1.3149
1745435183076,50104,38108,1.3148
1745435183079,50103,38111,1.3146
1745435183132,50101,38113,1.3145
1745435183135,50099,38115,1.3144
1745435183166,50097,38116,1.3143
1745435183196,50095,38117,1.3142
1745435183251,50094,38120,1.3141
1745435183295,50094,38125,1.3139
1745435183324,50097,38135,1.3137
1745435183337,50102,38150,1.3133
1745435183379,50108,38171,1.3127
1745435183403,50115,38198,1.3120
1745435183447,50124,38228,1.3112
1745435183468,50134,38258,1.3104
1745435183490,50142,38279,1.3099
1745435183533,50148,38285,1.3099
1745435183551,50148,38271,1.3103
1745435183576,50142,38236,1.3114
1745435183615,50130,38178,1.3130
1745435183645,50112,38104,1.3151
1745435183692,50092,38021,1.3175
1745435183732,50072,37940,1.3198
1745435183762,50055,37869,1.3218
1745435183767,50042,37815,1.3234
1745435183800,50034,37778,1.3244
1745435183829,50030,37758,1.3250
1745435183861,50031,37754,1.3252
1745435183893,50034,37760,1.3250
1745435183947,50038,37775,1.3246
1745435183981,50044,37794,1.3241
1745435184007,50049,37817,1.3234
1745435184051,50055,37841,1.3228
1745435184062,50060,37861,1.3222
1745435184099,50063,37871,1.3220
1745435184145,50064,37866,1.3221
1745435184165,50061,37845,1.3228
1745435184286,50054,37810,1.3238
1745435184296,50046,37770,1.3250
1745435184300,50039,37731,1.3262
1745435184303,50033,37701,1.3271
1745435184306,50030,37682,1.3277
1745435184328,50027,37671,1.3280
1745435184375,50025,37663,1.3282
1745435184414,50022,37654,1.3285
1745435184427,50019,37643,1.3288
1745435184477,50016,37631,1.3291
1745435184485,50015,37621,1.3294
1745435184521,50015,37612,1.3298
1745435184611,50018,37604,1.3301
1745435184623,50021,37599,1.3304
1745435184641,50026,37597,1.3306
1745435184655,50031,37602,1.3305
1745435184670,50037,37612,1.3303
1745435184725,50043,37627,1.3300
1745435184765,50050,37646,1.3295
1745435184787,50057,37666,1.3290
1745435184802,50062,37688,1.3283
1745435184883,50066,37708,1.3277
1745435184913,50069,37727,1.3272
1745435184916,50070,37744,1.3266
1745435184943,50071,37761,1.3260
1745435184993,50070,37778,1.3254
1745435185017,50070,37798,1.3247
1745435185044,50070,37823,1.3238
1745435185050,50073,37855,1.3228
1745435185085,50077,37892,1.3216
1745435185117,50083,37934,1.3203
1745435185153,50090,37976,1.3190
1745435185217,50100,38018,1.3178
1745435185230,50110,38058,1.3167
1745435185235,50121,38099,1.3156
1745435185292,50132,38139,1.3145
1745435185337,50141,38175,1.3134
1745435185360,50147,38207,1.3125
1745435185442,50150,38232,1.3117
1745435185457,50151,38253,1.3110
1745435185460,50150,38270,1.3104
1745435185465,50147,38285,1.3099
1745435185495,50143,38299,1.3092
1745435185527,50137,38315,1.3085
1745435185560,50132,38331,1.3079
1745435185590,50128,38346,1.3072
1745435185651,50125,38358,1.3068
1745435185666,50124,38365,1.3065
1745435185686,50124,38364,1.3065
1745435185704,50124,38355,1.3068
1745435185763,50123,38340,1.3073
1745435185766,50122,38325,1.3078
1745435185829,50122,38312,1.3083
1745435185858,50123,38303,1.3086
1745435185879,50125,38299,1.3088
1745435185935,50129,38299,1.3089
1745435185986,50134,38301,1.3089
1745435186017,50138,38307,1.3089
1745435186022,50142,38314,1.3087
1745435186026,50145,38323,1.3085
1745435186049,50148,38335,1.3082
1745435186088,50149,38351,1.3076
1745435186127,50150,38371,1.3070
1745435186135,50150,38395,1.3062
1745435186184,50149,38420,1.3053
1745435186210,50149,38446,1.3044
1745435186252,50149,38469,1.3036
1745435186410,50149,38488,1.3030
1745435186413,50150,38499,1.3026
1745435186416,50150,38503,1.3025
1745435186423,50150,38501,1.3026
1745435186426,50151,38497,1.3027
1745435186457,50154,38493,1.3029
1745435186463,50158,38493,1.3031
1745435186492,50164,38498,1.3030
1745435186528,50171,38510,1.3028
1745435186585,50180,38527,1.3025
1745435186633,50189,38548,1.3020
1745435186650,50199,38569,1.3015
1745435186669,50208,38588,1.3011
1745435186695,50215,38603,1.3008
1745435186738,50219,38610,1.3007
1745435186768,50219,38609,1.3007
1745435186798,50215,38601,1.3009
1745435186803,50209,38588,1.3012
1745435186832,50202,38573,1.3015
1745435186864,50193,38557,1.3018
1745435186890,50184,38539,1.3022
1745435186963,50174,38521,1.3025
1745435186967,50164,38501,1.3029
1745435187008,50155,38481,1.3034
1745435187048,50148,38463,1.3038
1745435187051,50146,38445,1.3043
1745435187080,50147,38430,1.3049
1745435187128,50152,38418,1.3054
1745435187170,50158,38408,1.3059
1745435187218,50166,38401,1.3064
1745435187295,50173,38396,1.3067
1745435187302,50177,38394,1.3069
1745435187308,50180,38393,1.3070
1745435187332,50180,38391,1.3071
1745435187341,50179,38389,1.3071
1745435187367,50180,38385,1.3073
1745435187395,50182,38382,1.3074
1745435187428,50184,38381,1.3075
1745435187464,50185,38381,1.3076
1745435187519,50184,38381,1.3075
1745435187544,50181,38383,1.3074
1745435187547,50177,38388,1.3071
1745435187594,50175,38399,1.3067
1745435187630,50175,38414,1.3062
1745435187668,50178,38432,1.3056
1745435187715,50184,38454,1.3051
1745435187718,50192,38478,1.3044
1745435187743,50201,38504,1.3038
1745435187789,50210,38532,1.3031
1745435187823,50220,38561,1.3024
1745435187860,50229,38589,1.3017
1745435187863,50238,38616,1.3010
1745435187909,50247,38644,1.3003
1745435187944,50257,38674,1.2995
1745435187952,50267,38708,1.2986
1745435187980,50278,38746,1.2976
1745435188040,50287,38787,1.2965
1745435188148,50295,38827,1.2954
1745435188165,50301,38863,1.2943
1745435188168,50304,38893,1.2934
1745435188172,50305,38916,1.2927
1745435188200,50303,38931,1.2921
1745435188222,50299,38940,1.2917
1745435188235,50293,38942,1.2915
1745435188266,50284,38940,1.2913
1745435188295,50274,38936,1.2912
1745435188329,50264,38932,1.2911
1745435188363,50256,38931,1.2909
1745435188401,50252,38934,1.2907
1745435188430,50252,38942,1.2904
1745435188463,50256,38952,1.2902
1745435188528,50262,38964,1.2900
1745435188537,50269,38972,1.2899
1745435188628,50275,38977,1.2898
1745435188630,50280,38979,1.2899
1745435188632,50283,38976,1.2901
1745435188663,50283,38970,1.2903
1745435188688,50281,38960,1.2906
1745435188700,50276,38947,1.2909
1745435188733,50270,38934,1.2912
1745435188797,50265,38925,1.2913
1745435188826,50261,38919,1.2914
1745435188836,50258,38915,1.2915
1745435188869,50258,38912,1.2916
1745435188908,50261,38907,1.2918
1745435188933,50265,38901,1.2921
1745435189080,50270,38893,1.2925
1745435189094,50274,38884,1.2929
1745435189097,50277,38875,1.2933
1745435189101,50278,38868,1.2936
1745435189105,50278,38864,1.2937
1745435189135,50277,38863,1.2937
1745435189167,50275,38862,1.2937
1745435189185,50274,38861,1.2937
1745435189213,50273,38860,1.2937
1745435189245,50275,38861,1.2937
1745435189282,50278,38861,1.2938
1745435189316,50281,38860,1.2939
1745435189340,50284,38857,1.2941
1745435189400,50286,38850,1.2944
1745435189425,50286,38838,1.2948
1745435189448,50284,38823,1.2952
1745435189500,50280,38803,1.2958
1745435189528,50276,38782,1.2964
1745435189533,50271,38760,1.2970
1745435189558,50266,38740,1.2975
1745435189599,50262,38724,1.2980
1745435189634,50259,38713,1.2982
1745435189658,50258,38711,1.2983
1745435189701,50260,38719,1.2981
1745435189724,50264,38736,1.2976
1745435189735,50271,38759,1.2970
1745435189769,50279,38785,1.2964
1745435189852,50288,38809,1.2958
1745435189980,50295,38831,1.2952
1745435189999,50301,38848,1.2948
1745435190003,50305,38858,1.2946
1745435190006,50306,38861,1.2945
1745435190009,50306,38859,1.2946
1745435190014,50306,38858,1.2946
1745435190036,50309,38861,1.2946
1745435190085,50315,38870,1.2945
1745435190101,50323,38883,1.2942
1745435190136,50333,38899,1.2939
1745435190169,50344,38918,1.2936
1745435190191,50354,38937,1.2932
1745435190200,50363,38957,1.2928
1745435190250,50370,38979,1.2923
1745435190294,50377,39002,1.2916
1745435190400,50383,39028,1.2910
1745435190423,50390,39056,1.2902
1745435190428,50397,39088,1.2893
1745435190432,50405,39122,1.2884
1745435190434,50414,39159,1.2874
1745435190462,50422,39196,1.2864
1745435190495,50430,39231,1.2854
1745435190523,50436,39262,1.2846
1745435190568,50443,39287,1.2839
1745435190615,50449,39309,1.2834
1745435190640,50456,39329,1.2829
1745435190659,50463,39345,1.2826
1745435190699,50468,39358,1.2823
1745435190716,50471,39365,1.2821
1745435190745,50470,39365,1.2821
1745435190792,50467,39360,1.2822
1745435190831,50463,39352,1.2824
1745435190846,50459,39343,1.2825
1745435190870,50457,39339,1.2826
1745435190903,50457,39344,1.2825
1745435190925,50461,39358,1.2821
1745435191036,50466,39382,1.2815
1745435191042,50473,39410,1.2807
1745435191045,50480,39440,1.2799
1745435191080,50485,39464,1.2792
1745435191085,50487,39478,1.2789
1745435191148,50484,39476,1.2788
1745435191151,50478,39461,1.2792
1745435191189,50468,39435,1.2798
1745435191314,50456,39404,1.2805
1745435191320,50444,39373,1.2812
1745435191325,50433,39345,1.2818
1745435191328,50422,39320,1.2824
1745435191351,50413,39299,1.2828
1745435191377,50406,39284,1.2831
1745435191416,50401,39275,1.2833
1745435191444,50399,39274,1.2833
1745435191481,50400,39283,1.2830
1745435191513,50404,39302,1.2825
1745435191534,50410,39328,1.2818
1745435191591,50415,39351,1.2812
1745435191595,50418,39363,1.2808
1745435191630,50417,39359,1.2809
1745435191678,50412,39340,1.2815
1745435191717,50407,39312,1.2822
1745435191743,50400,39280,1.2831
1745435191748,50394,39251,1.2839
1745435191781,50388,39226,1.2846
1745435191816,50383,39206,1.2851
1745435191847,50379,39187,1.2856
1745435191878,50373,39166,1.2861
1745435191913,50365,39140,1.2868
1745435191940,50354,39107,1.2876
1745435191975,50341,39070,1.2885
1745435191985,50328,39035,1.2893
1745435192015,50317,39003,1.2901
1745435192046,50308,38978,1.2907
1745435192094,50303,38958,1.2912
1745435192147,50300,38942,1.2917
1745435192183,50299,38927,1.2921
1745435192190,50298,38912,1.2926
1745435192251,50297,38897,1.2931
1745435192254,50297,38886,1.2934
1745435192301,50298,38884,1.2936
1745435192309,50301,38892,1.2934
1745435192330,50305,38910,1.2929
1745435192377,50310,38934,1.2922
1745435192414,50313,38961,1.2914
1745435192453,50316,38989,1.2905
1745435192567,50319,39019,1.2896
1745435192590,50323,39049,1.2887
1745435192595,50328,39081,1.2878
1745435192599,50334,39114,1.2869
1745435192602,50342,39149,1.2859
1745435192627,50353,39185,1.2850
1745435192659,50365,39220,1.2841
1745435192698,50379,39255,1.2834
1745435192714,50393,39288,1.2827
1745435192747,50408,39321,1.2820
1745435192792,50423,39353,1.2813
1745435192795,50437,39385,1.2806
1745435192858,50450,39420,1.2798
1745435192899,50463,39461,1.2788
1745435192903,50476,39510,1.2775
1745435192931,50488,39567,1.2760
1745435193000,50499,39628,1.2743
1745435193021,50508,39689,1.2726
1745435193037,50515,39744,1.2710
1745435193054,50521,39793,1.2696
1745435193080,50525,39834,1.2684
1745435193110,50527,39868,1.2674
1745435193145,50529,39894,1.2666
1745435193249,50530,39914,1.2660
1745435193253,50531,39928,1.2656
1745435193276,50532,39935,1.2654
1745435193291,50534,39934,1.2654
1745435193337,50534,39927,1.2657
1745435193348,50534,39918,1.2659
1745435193408,50533,39913,1.2661
1745435193413,50532,39913,1.2661
1745435193461,50531,39920,1.2658
1745435193468,50531,39933,1.2654
1745435193493,50531,39948,1.2649
1745435193532,50529,39957,1.2646
1745435193553,50523,39955,1.2645
1745435193612,50513,39941,1.2647
1745435193621,50501,39918,1.2651
1745435193716,50487,39890,1.2657
1745435193735,50474,39861,1.2663
1745435193761,50464,39831,1.2669
1745435193819,50455,39804,1.2676
1745435193831,50449,39782,1.2682
1745435193834,50446,39767,1.2685
1745435193837,50444,39760,1.2687
1745435193896,50444,39760,1.2687
1745435193899,50444,39764,1.2686
1745435193929,50444,39771,1.2684
1745435193977,50443,39778,1.2681
1745435194017,50440,39783,1.2679
1745435194042,50437,39783,1.2678
1745435194093,50434,39776,1.2679
1745435194100,50431,39764,1.2683
1745435194134,50428,39743,1.2688
1745435194154,50422,39716,1.2696
1745435194197,50414,39686,1.2703
1745435194214,50404,39658,1.2710
1745435194289,50394,39639,1.2713
1745435194350,50386,39634,1.2713
1745435194353,50382,39645,1.2708
1745435194382,50385,39673,1.2700
1745435194385,50396,39717,1.2689
1745435194414,50414,39776,1.2674
1745435194446,50436,39844,1.2658
1745435194478,50460,39916,1.2642
1745435194509,50482,39983,1.2626
1745435194520,50499,40039,1.2612
1745435194568,50509,40078,1.2602
1745435194590,50510,40096,1.2597
1745435194636,50505,40091,1.2597
1745435194664,50494,40069,1.2602
1745435194685,50480,40036,1.2609
1745435194731,50466,40003,1.2616
1745435194767,50452,39973,1.2622
1745435194813,50441,39952,1.2625
1745435194879,50434,39942,1.2627
1745435194883,50429,39940,1.2626
1745435194886,50428,39943,1.2625
1745435194932,50427,39947,1.2624
1745435194948,50427,39947,1.2624
1745435194984,50427,39942,1.2625
1745435194992,50425,39934,1.2627
1745435195015,50424,39923,1.2630
1745435195081,50424,39917,1.2632
1745435195116,50426,39920,1.2632
1745435195120,50433,39935,1.2629
1745435195151,50444,39961,1.2623
1745435195265,50457,39991,1.2617
1745435195278,50470,40019,1.2612
1745435195281,50481,40041,1.2607
1745435195311,50489,40056,1.2604
1745435195318,50492,40064,1.2603
1745435195348,50490,40065,1.2602
1745435195374,50486,40065,1.2601
1745435195411,50483,40068,1.2599
1745435195476,50482,40081,1.2595
1745435195482,50486,40104,1.2589
1745435195514,50496,40138,1.2581
1745435195542,50510,40181,1.2571
1745435195585,50528,40233,1.2559
1745435195600,50547,40292,1.2545
1745435195633,50567,40357,1.2530
1745435195699,50586,40428,1.2513
1745435195719,50605,40504,1.2494
1745435195745,50624,40585,1.2474
1745435195751,50646,40667,1.2454
1745435195780,50670,40750,1.2434
1745435195844,50695,40830,1.2416
1745435195849,50720,40907,1.2399
1745435195928,50742,40976,1.2383
1745435195937,50756,41031,1.2370
1745435195945,50762,41070,1.2360
1745435195967,50761,41093,1.2353
1745435195992,50756,41104,1.2348
1745435196032,50748,41104,1.2346
1745435196051,50741,41096,1.2347
1745435196092,50734,41080,1.2350
1745435196134,50727,41059,1.2355
1745435196201,50721,41037,1.2360
1745435196223,50715,41018,1.2364
1745435196308,50711,41002,1.2368
1745435196314,50707,40992,1.2370
1745435196317,50704,40986,1.2371
1745435196320,50701,40981,1.2372
1745435196353,50697,40974,1.2373
1745435196382,50692,40961,1.2376
1745435196404,50687,40941,1.2380
1745435196555,50681,40916,1.2386
1745435196558,50674,40887,1.2394
1745435196561,50665,40855,1.2401
1745435196563,50657,40824,1.2409
1745435196566,50649,40797,1.2415
1745435196601,50644,40777,1.2420
1745435196620,50641,40764,1.2423
1745435196650,50641,40755,1.2426
1745435196680,50643,40746,1.2429
1745435196713,50646,40735,1.2433
1745435196746,50647,40720,1.2438
1745435196780,50647,40699,1.2444
1745435196814,50645,40672,1.2452
1745435196845,50640,40642,1.2460
1745435196880,50633,40613,1.2467
1745435196920,50626,40590,1.2473
1745435197058,50619,40572,1.2476
1745435197065,50613,40561,1.2478
1745435197069,50609,40555,1.2479
1745435197072,50606,40554,1.2479
1745435197078,50605,40554,1.2479
1745435197110,50603,40550,1.2479
1745435197115,50600,40541,1.2481
1745435197151,50593,40526,1.2484
1745435197248,50584,40505,1.2488
1745435197252,50574,40477,1.2494
1745435197280,50562,40442,1.2503
1745435197297,50551,40399,1.2513
1745435197338,50541,40354,1.2524
1745435197350,50531,40309,1.2536
1745435197386,50524,40270,1.2546
1745435197452,50518,40240,1.2554
1745435197516,50515,40221,1.2559
1745435197522,50516,40215,1.2561
1745435197525,50518,40218,1.2561
1745435197554,50521,40224,1.2560
1745435197585,50523,40229,1.2559
1745435197612,50524,40232,1.2558
1745435197616,50525,40232,1.2558
1745435197675,50526,40232,1.2559
1745435197685,50526,40231,1.2559
1745435197721,50524,40230,1.2559
1745435197770,50521,40231,1.2558
1745435197783,50519,40237,1.2555
1745435197974,50519,40248,1.2552
1745435197978,50523,40263,1.2548
1745435197980,50531,40281,1.2545
1745435197982,50542,40301,1.2541
1745435197985,50554,40322,1.2538
1745435197987,50566,40340,1.2535
1745435197990,50576,40356,1.2532
1745435198030,50584,40370,1.2530
1745435198064,50591,40383,1.2528
1745435198091,50596,40399,1.2524
1745435198135,50602,40419,1.2519
1745435198161,50609,40446,1.2512
1745435198214,50617,40483,1.2503
1745435198299,50627,40530,1.2491
1745435198327,50640,40582,1.2478
1745435198331,50652,40635,1.2465
1745435198336,50662,40682,1.2453
1745435198340,50672,40724,1.2443
1745435198407,50682,40764,1.2433
1745435198425,50693,40806,1.2423
1745435198475,50707,40852,1.2412
1745435198478,50722,40899,1.2402
1745435198543,50737,40945,1.2391
1745435198546,50751,40990,1.2381
1745435198581,50764,41034,1.2371
1745435198597,50777,41075,1.2362
1745435198633,50789,41113,1.2353
1745435198658,50800,41148,1.2346
1745435198701,50809,41179,1.2339
1745435198711,50816,41203,1.2333
1745435198765,50820,41220,1.2329
1745435198812,50822,41230,1.2326
1745435198841,50823,41235,1.2325
1745435198848,50824,41235,1.2326
1745435198877,50826,41231,1.2327
1745435198913,50828,41226,1.2329
1745435198978,50832,41222,1.2331
1745435198985,50836,41222,1.2332
1745435199061,50839,41223,1.2333
1745435199068,50841,41224,1.2333
1745435199071,50840,41218,1.2334
1745435199098,50836,41205,1.2337
1745435199125,50830,41184,1.2342
1745435199163,50821,41154,1.2349
1745435199296,50810,41120,1.2356
1745435199302,50799,41088,1.2364
1745435199307,50791,41064,1.2369
1745435199310,50786,41053,1.2371
1745435199330,50786,41059,1.2369
1745435199336,50791,41079,1.2364
1745435199367,50801,41112,1.2357
1745435199414,50815,41152,1.2348
1745435199425,50829,41192,1.2339
1745435199468,50841,41221,1.2334
1745435199509,50848,41228,1.2333
1745435199532,50849,41208,1.2340
1745435199569,50842,41162,1.2352
1745435199593,50830,41098,1.2368
1745435199658,50814,41024,1.2386
1745435199686,50796,40949,1.2405
1745435199719,50779,40880,1.2422
1745435199733,50764,40822,1.2435
1745435199754,50753,40779,1.2446
1745435199778,50745,40750,1.2453
1745435199904,50740,40732,1.2457
1745435199916,50736,40722,1.2459
1745435199918,50734,40717,1.2460
1745435199950,50733,40715,1.2460
1745435199978,50733,40717,1.2460
1745435199983,50732,40722,1.2458
1745435200011,50733,40733,1.2455
1745435200038,50737,40754,1.2450
1745435200184,50744,40783,1.2442
1745435200199,50754,40816,1.2435
1745435200207,50766,40848,1.2428
1745435200210,50779,40875,1.2423
1745435200213,50793,40897,1.2420
1745435200237,50806,40913,1.2418
1745435200260,50819,40923,1.2418
1745435200294,50830,40930,1.2419
1745435200321,50841,40938,1.2419
1745435200387,50851,40948,1.2418
1745435200432,50860,40960,1.2417
1745435200447,50870,40975,1.2415
1745435200451,50879,40993,1.2412
1745435200482,50889,41017,1.2407
1745435200497,50900,41047,1.2400
1745435200566,50911,41084,1.2392
1745435200580,50924,41128,1.2382
1745435200611,50940,41181,1.2370
1745435200646,50958,41245,1.2355
1745435200679,50979,41316,1.2339
1745435200712,51000,41390,1.2322
1745435200719,51020,41459,1.2306
1745435200770,51037,41523,1.2291
1745435200802,51052,41580,1.2278
1745435200834,51067,41634,1.2266
1745435200861,51083,41685,1.2255
1745435200879,51102,41736,1.2244
1745435200936,51125,41792,1.2233
1745435200950,51154,41863,1.2219
1745435200983,51190,41954,1.2201
1745435201018,51230,42063,1.2179
1745435201063,51272,42183,1.2155
1745435201077,51311,42303,1.2129
1745435201126,51346,42415,1.2105
1745435201139,51373,42511,1.2085
1745435201150,51393,42585,1.2068
1745435201206,51404,42636,1.2057
1745435201211,51410,42665,1.2050
1745435201249,51410,42676,1.2047
1745435201276,51406,42671,1.2047
1745435201313,51399,42652,1.2051
1745435201375,51389,42622,1.2057
1745435201377,51376,42584,1.2065
1745435201460,51361,42538,1.2074
1745435201474,51344,42485,1.2085
1745435201477,51326,42427,1.2097
1745435201514,51308,42366,1.2111
1745435201537,51290,42305,1.2124
1745435201579,51273,42245,1.2137
1745435201593,51258,42188,1.2150
1745435201640,51244,42136,1.2162
1745435201646,51232,42090,1.2172
1745435201686,51220,42052,1.2180
1745435201727,51211,42026,1.2186
1745435201766,51204,42011,1.2188
1745435201794,51201,42008,1.2189
1745435201834,51202,42013,1.2187
1745435201849,51205,42022,1.2185
1745435201896,51207,42029,1.2184
1745435201960,51206,42027,1.2184
1745435201985,51200,42011,1.2187
1745435201991,51189,41980,1.2194
1745435202005,51173,41939,1.2202
1745435202020,51156,41894,1.2211
1745435202066,51139,41852,1.2219
1745435202114,51123,41817,1.2225
1745435202150,51112,41794,1.2229
1745435202192,51108,41787,1.2230
1745435202198,51112,41800,1.2228
1745435202231,51124,41831,1.2222
1745435202263,51141,41875,1.2213
1745435202295,51161,41924,1.2203
1745435202369,51178,41969,1.2194
1745435202381,51190,42005,1.2187
1745435202422,51200,42030,1.2182
1745435202429,51207,42048,1.2178
1745435202476,51215,42063,1.2176
1745435202480,51224,42078,1.2174
1745435202514,51234,42090,1.2172
1745435202534,51242,42096,1.2173
1745435202619,51245,42091,1.2175
1745435202636,51243,42073,1.2179
1745435202668,51236,42048,1.2185
1745435202675,51230,42023,1.2191
1745435202696,51226,42005,1.2195
1745435202716,51225,41997,1.2197
1745435202782,51229,41996,1.2198
1745435202797,51233,42000,1.2198
1745435202832,51239,42009,1.2197
1745435202850,51244,42020,1.2195
1745435202887,51249,42036,1.2192
1745435202938,51254,42057,1.2187
1745435202949,51262,42083,1.2181
1745435202984,51270,42113,1.2174
1745435203004,51279,42144,1.2168
1745435203025,51287,42172,1.2161
1745435203079,51291,42193,1.2156
1745435203086,51292,42205,1.2153
1745435203119,51291,42208,1.2152
1745435203217,51291,42207,1.2152
1745435203244,51293,42202,1.2154
1745435203267,51296,42196,1.2157
1745435203283,51301,42190,1.2159
1745435203287,51306,42187,1.2162
1745435203312,51313,42189,1.2163
1745435203354,51320,42196,1.2162
1745435203441,51327,42204,1.2162
1745435203449,51334,42212,1.2161
1745435203452,51339,42220,1.2160
1745435203486,51343,42229,1.2158
1745435203513,51346,42239,1.2156
1745435203519,51348,42250,1.2153
1745435203586,51350,42261,1.2151
1745435203718,51353,42270,1.2149
1745435203728,51356,42278,1.2147
1745435203731,51360,42284,1.2147
1745435203735,51364,42289,1.2146
1745435203738,51369,42296,1.2145
1745435203767,51374,42307,1.2143
1745435203782,51381,42326,1.2139
1745435203817,51389,42351,1.2134
1745435203838,51398,42379,1.2128
1745435203884,51406,42408,1.2122
1745435203953,51414,42433,1.2116
1745435203964,51420,42456,1.2111
1745435203970,51426,42475,1.2107
1745435204002,51431,42490,1.2104
1745435204031,51435,42499,1.2103
1745435204110,51439,42502,1.2103
1745435204144,51441,42499,1.2104
1745435204166,51441,42492,1.2106
1745435204169,51440,42484,1.2108
1745435204217,51439,42477,1.2110
1745435204222,51436,42474,1.2110
1745435204284,51435,42478,1.2109
1745435204303,51435,42488,1.2106
1745435204328,51436,42501,1.2102
1745435204362,51437,42511,1.2100
1745435204393,51436,42513,1.2099
1745435204433,51431,42503,1.2101
1745435204459,51422,42480,1.2105
1745435204465,51409,42445,1.2112
1745435204527,51393,42404,1.2120
1745435204570,51375,42366,1.2127
1745435204586,51360,42337,1.2131
1745435204611,51350,42319,1.2134
1745435204617,51343,42310,1.2135
1745435204649,51341,42304,1.2136
1745435204709,51340,42300,1.2137
1745435204772,51340,42296,1.2138
1745435204785,51339,42292,1.2139
1745435204790,51337,42290,1.2139
1745435204822,51336,42291,1.2139
1745435204865,51338,42298,1.2137
1745435204870,51342,42309,1.2135
1745435204930,51348,42319,1.2134
1745435204971,51354,42324,1.2133
1745435204999,51356,42318,1.2136
1745435205002,51354,42297,1.2141
1745435205034,51345,42261,1.2150
1745435205072,51331,42212,1.2160
1745435205117,51313,42155,1.2172
1745435205126,51292,42097,1.2184
1745435205169,51272,42040,1.2196
1745435205185,51254,41991,1.2206
1745435205268,51239,41949,1.2215
1745435205270,51229,41921,1.2220
1745435205326,51223,41908,1.2223
1745435205361,51223,41914,1.2221
1745435205383,51227,41934,1.2216
1745435205389,51232,41960,1.2210
1745435205417,51236,41985,1.2204
1745435205459,51238,42001,1.2199
1745435205505,51238,42007,1.2197
1745435205512,51235,42006,1.2197
1745435205549,51231,42001,1.2198
1745435205566,51229,41998,1.2198
1745435205619,51231,42004,1.2197
1745435205685,51236,42019,1.2194
1745435205705,51244,42040,1.2189
1745435205711,51251,42060,1.2185
1745435205716,51255,42074,1.2182
1745435205788,51255,42081,1.2180
1745435205818,51252,42082,1.2179
1745435205843,51245,42077,1.2179
1745435205849,51238,42070,1.2179
1745435205884,51232,42060,1.2181
1745435205931,51231,42052,1.2183
1745435205949,51235,42051,1.2184
1745435205981,51245,42059,1.2184
1745435206004,51259,42078,1.2182
1745435206045,51277,42109,1.2177
1745435206076,51295,42149,1.2170
1745435206085,51314,42197,1.2160
1745435206119,51331,42250,1.2149
1745435206166,51348,42306,1.2137
1745435206196,51365,42365,1.2124
1745435206248,51383,42427,1.2111
1745435206268,51400,42488,1.2097
1745435206285,51416,42545,1.2085
1745435206371,51431,42593,1.2075
1745435206391,51443,42634,1.2066
1745435206434,51454,42671,1.2058
1745435206454,51467,42709,1.2050
1745435206458,51481,42751,1.2042
1745435206471,51497,42798,1.2033
1745435206500,51516,42849,1.2023
1745435206534,51537,42902,1.2013
1745435206564,51558,42957,1.2002
1745435206719,51579,43012,1.1992
1745435206743,51599,43068,1.1981
1745435206748,51617,43124,1.1969
1745435206751,51634,43179,1.1958
1745435206756,51651,43232,1.1947
1745435206760,51667,43278,1.1938
1745435206779,51680,43314,1.1932
1745435206812,51691,43336,1.1928
1745435206842,51696,43343,1.1927
1745435206885,51695,43337,1.1929
1745435206929,51692,43323,1.1932
1745435206971,51686,43308,1.1935
1745435206988,51681,43293,1.1937
1745435207009,51675,43279,1.1940
1745435207056,51668,43261,1.1943
1745435207061,51658,43238,1.1947
1745435207125,51645,43210,1.1952
1745435207167,51631,43178,1.1958
1745435207187,51617,43147,1.1963
1745435207205,51605,43123,1.1967
1745435207212,51597,43112,1.1968
1745435207276,51595,43116,1.1967
1745435207284,51598,43134,1.1962
1745435207349,51604,43161,1.1956
1745435207355,51611,43193,1.1949
1745435207382,51617,43221,1.1943
1745435207410,51617,43237,1.1938
1745435207450,51612,43236,1.1937
1745435207482,51602,43218,1.1940
1745435207521,51587,43188,1.1945
1745435207532,51572,43152,1.1951
1745435207647,51556,43112,1.1959
1745435207650,51541,43070,1.1967
1745435207655,51526,43027,1.1975
1745435207701,51512,42986,1.1984
1745435207719,51501,42950,1.1991
1745435207736,51493,42925,1.1996
1745435207768,51489,42915,1.1998
1745435207805,51491,42925,1.1996
1745435207820,51499,42958,1.1988
1745435207840,51511,43008,1.1977
1745435207879,51523,43067,1.1964
1745435207911,51534,43121,1.1951
1745435207947,51542,43164,1.1941
1745435207983,51543,43186,1.1935
1745435208095,51537,43182,1.1935
1745435208121,51523,43151,1.1940
1745435208129,51503,43099,1.1950
1745435208132,51479,43033,1.1962
1745435208152,51454,42965,1.1976
1745435208171,51431,42901,1.1988
1745435208187,51411,42845,1.1999
1745435208223,51395,42799,1.2008
1745435208251,51383,42762,1.2016
1745435208277,51374,42730,1.2023
1745435208313,51367,42702,1.2029
1745435208368,51361,42679,1.2034
1745435208386,51356,42662,1.2038
1745435208476,51351,42648,1.2041
1745435208514,51344,42634,1.2043
1745435208517,51337,42616,1.2046
1745435208522,51328,42595,1.2050
1745435208548,51319,42570,1.2055
1745435208567,51309,42545,1.2060
1745435208593,51299,42521,1.2064
1745435208633,51288,42503,1.2067
1745435208649,51280,42492,1.2068
1745435208679,51274,42490,1.2067
1745435208743,51271,42494,1.2065
1745435208779,51269,42500,1.2063
1745435208784,51267,42507,1.2061
1745435208814,51266,42514,1.2058
1745435208852,51265,42524,1.2056
1745435208900,51265,42537,1.2052
1745435208941,51267,42558,1.2046
1745435208970,51273,42588,1.2039
1745435209010,51284,42631,1.2030
1745435209014,51298,42684,1.2018
1745435209048,51316,42744,1.2005
1745435209054,51335,42809,1.1992
1745435209103,51354,42876,1.1977
1745435209170,51373,42945,1.1963
1745435209196,51391,43011,1.1948
1745435209201,51407,43071,1.1935
1745435209230,51422,43126,1.1924
1745435209260,51437,43175,1.1914
1745435209302,51453,43219,1.1905
1745435209332,51468,43257,1.1898
1745435209377,51482,43287,1.1893
1745435209467,51493,43308,1.1890
1745435209471,51500,43319,1.1889
1745435209476,51502,43320,1.1889
1745435209497,51499,43309,1.1891
1745435209521,51490,43288,1.1895
1745435209534,51476,43262,1.1899
1745435209564,51461,43233,1.1903
1745435209604,51446,43207,1.1907
1745435209653,51433,43188,1.1909
1745435209665,51424,43178,1.1910
1745435209696,51422,43185,1.1907
1745435209836,51429,43211,1.1902
1745435209848,51443,43255,1.1893
1745435209852,51460,43309,1.1882
1745435209856,51477,43361,1.1872
1745435209859,51487,43399,1.1864
1745435209881,51489,43414,1.1860
1745435209923,51481,43398,1.1862
1745435209940,51462,43353,1.1871
1745435210036,51437,43283,1.1884
1745435210043,51407,43199,1.1900
1745435210047,51375,43110,1.1917
1745435210088,51343,43021,1.1934
1745435210095,51312,42938,1.1950
1745435210138,51283,42863,1.1964
1745435210184,51256,42796,1.1977
1745435210207,51232,42737,1.1988
1745435210246,51210,42684,1.1997
1745435210254,51189,42636,1.2006
1745435210300,51172,42596,1.2013
1745435210320,51158,42562,1.2020
1745435210352,51147,42534,1.2025
1745435210396,51137,42506,1.2031
1745435210418,51126,42476,1.2036
1745435210439,51114,42445,1.2042
1745435210493,51103,42418,1.2047
1745435210497,51094,42397,1.2051
1745435210528,51088,42382,1.2054
1745435210584,51083,42369,1.2057
1745435210630,51079,42356,1.2060
1745435210635,51077,42340,1.2063
1745435210663,51074,42322,1.2068
1745435210701,51073,42303,1.2073
1745435210730,51073,42284,1.2079
1745435210766,51073,42268,1.2083
1745435210841,51074,42259,1.2086
1745435210855,51074,42257,1.2087
1745435210859,51074,42262,1.2085
1745435210870,51072,42271,1.2082
1745435210905,51069,42281,1.2079
1745435210950,51067,42290,1.2075
1745435211101,51067,42298,1.2073
1745435211115,51068,42303,1.2072
1745435211119,51071,42306,1.2072
1745435211125,51077,42312,1.2071
1745435211128,51086,42326,1.2070
1745435211157,51099,42349,1.2066
1745435211162,51113,42377,1.2061
1745435211200,51127,42406,1.2056
1745435211247,51141,42432,1.2052
1745435211256,51152,42451,1.2050
1745435211301,51160,42466,1.2047
1745435211319,51166,42478,1.2045
1745435211353,51172,42492,1.2043
1745435211398,51178,42512,1.2039
1745435211425,51187,42540,1.2033
1745435211479,51198,42576,1.2025
1745435211503,51211,42617,1.2017
1745435211527,51225,42663,1.2007
1745435211534,51240,42710,1.1997
1745435211577,51255,42760,1.1987
1745435211612,51271,42811,1.1976
1745435211619,51287,42862,1.1966
1745435211649,51301,42910,1.1956
1745435211710,51313,42952,1.1946
1745435211751,51324,42992,1.1938
1745435211754,51336,43031,1.1930
1745435211792,51351,43073,1.1922
1745435211832,51369,43117,1.1914
1745435211938,51390,43163,1.1906
1745435211960,51411,43208,1.1899
1745435211963,51431,43252,1.1891
1745435211968,51447,43292,1.1884
1745435211971,51458,43324,1.1878
1745435211999,51463,43344,1.1873
1745435212037,51462,43351,1.1871
1745435212076,51456,43346,1.1871
1745435212116,51449,43333,1.1873
1745435212211,51442,43317,1.1876
1745435212215,51435,43302,1.1878
1745435212218,51427,43288,1.1880
1745435212250,51418,43275,1.1882
1745435212256,51408,43261,1.1883
1745435212306,51396,43243,1.1885
1745435212332,51381,43217,1.1889
1745435212382,51363,43183,1.1894
1745435212410,51343,43142,1.1901
1745435212415,51323,43096,1.1909
1745435212452,51302,43047,1.1918
1745435212518,51283,42997,1.1927
1745435212521,51264,42947,1.1937
1745435212575,51246,42900,1.1946
1745435212579,51229,42857,1.1953
1745435212613,51213,42821,1.1960
1745435212642,51197,42793,1.1964
1745435212654,51182,42775,1.1965
1745435212684,51169,42766,1.1965
1745435212727,51159,42766,1.1963
1745435212761,51151,42770,1.1959
1745435212804,51146,42777,1.1956
1745435212820,51143,42782,1.1954
1745435212960,51140,42782,1.1954
1745435212972,51138,42777,1.1955
1745435212976,51135,42766,1.1957
1745435212980,51131,42751,1.1960
1745435213010,51125,42732,1.1964
1745435213017,51117,42713,1.1968
1745435213045,51107,42693,1.1971
1745435213059,51096,42676,1.1973
1745435213230,51084,42658,1.1975
1745435213248,51071,42639,1.1978
1745435213253,51058,42618,1.1980
1745435213256,51045,42594,1.1984
1745435213259,51031,42568,1.1988
1745435213285,51018,42542,1.1993
1745435213302,51009,42521,1.1996
1745435213322,51005,42509,1.1999
1745435213345,51008,42512,1.1998
1745435213379,51016,42531,1.1995
1745435213412,51030,42563,1.1989
1745435213447,51044,42601,1.1982
1745435213481,51055,42636,1.1975
1745435213512,51061,42662,1.1969
1745435213545,51062,42676,1.1965
1745435213580,51059,42678,1.1964
1745435213709,51052,42671,1.1964
1745435213716,51043,42659,1.1966
1745435213719,51036,42646,1.1967
1745435213721,51032,42641,1.1968
1745435213726,51033,42647,1.1966
1745435213749,51038,42663,1.1963
1745435213779,51047,42686,1.1959
1745435213815,51058,42712,1.1954
1745435213887,51071,42740,1.1949
1745435213907,51086,42770,1.1944
1745435213958,51101,42804,1.1938
1745435213962,51117,42843,1.1931
1745435214000,51134,42888,1.1923
1745435214033,51150,42938,1.1913
1745435214082,51165,42992,1.1901
1745435214112,51180,43048,1.1889
1745435214117,51192,43104,1.1877
1745435214145,51203,43156,1.1865
1745435214155,51211,43207,1.1853
1745435214185,51219,43257,1.1841
1745435214214,51227,43307,1.1829
1745435214247,51235,43354,1.1818
1745435214315,51241,43393,1.1809
1745435214321,51246,43423,1.1801
1745435214388,51249,43449,1.1795
1745435214412,51253,43476,1.1789
1745435214484,51261,43511,1.1781
1745435214528,51272,43557,1.1771
1745435214531,51287,43612,1.1760
1745435214536,51304,43671,1.1748
1745435214539,51320,43728,1.1736
1745435214566,51334,43777,1.1726
1745435214605,51343,43811,1.1719
1745435214664,51347,43831,1.1715
1745435214669,51347,43838,1.1713
1745435214702,51344,43837,1.1712
1745435214731,51338,43832,1.1712
1745435214767,51330,43826,1.1712
1745435214799,51320,43819,1.1712
1745435214828,51308,43812,1.1711
1745435214993,51293,43801,1.1710
1745435215016,51273,43784,1.1710
1745435215020,51250,43760,1.1712
1745435215023,51224,43729,1.1714
1745435215028,51198,43692,1.1718
1745435215031,51172,43652,1.1723
1745435215054,51148,43610,1.1728
1745435215076,51126,43569,1.1734
1745435215113,51108,43533,1.1740
1745435215147,51094,43503,1.1745
1745435215212,51086,43481,1.1749
1745435215218,51083,43470,1.1751
1745435215238,51085,43469,1.1752
1745435215249,51090,43478,1.1751
1745435215283,51098,43494,1.1748
1745435215309,51103,43512,1.1745
1745435215478,51103,43521,1.1742
1745435215513,51095,43515,1.1742
1745435215520,51081,43496,1.1744
1745435215527,51064,43464,1.1748
1745435215531,51044,43424,1.1755
1745435215535,51024,43376,1.1763
1745435215553,51002,43325,1.1772
1745435215577,50979,43275,1.1780
1745435215604,50956,43229,1.1787
1745435215654,50932,43190,1.1793
1745435215671,50907,43156,1.1796
1745435215698,50884,43129,1.1798
1745435215733,50865,43111,1.1799
1745435215761,50852,43101,1.1798
1745435215800,50842,43094,1.1798
1745435215843,50835,43085,1.1799
1745435215887,50825,43071,1.1800
1745435215917,50813,43052,1.1803
1745435215921,50797,43030,1.1805
1745435215954,50777,43006,1.1807
1745435215983,50755,42980,1.1809
1745435216013,50733,42953,1.1811
1745435216083,50713,42927,1.1814
1745435216087,50696,42903,1.1816
1745435216110,50682,42884,1.1818
1745435216150,50669,42871,1.1819
1745435216176,50660,42867,1.1818
1745435216212,50654,42878,1.1813
1745435216342,50653,42907,1.1805
1745435216348,50658,42952,1.1794
1745435216351,50667,43007,1.1781
1745435216354,50679,43062,1.1769
1745435216360,50691,43112,1.1758
1745435216387,50701,43151,1.1750
1745435216409,50707,43178,1.1744
1745435216451,50709,43194,1.1740
1745435216469,50708,43205,1.1737
1745435216521,50707,43220,1.1732
1745435216568,50709,43245,1.1726
1745435216614,50717,43285,1.1717
1745435216619,50729,43338,1.1705
1745435216636,50746,43405,1.1691
1745435216696,50766,43479,1.1676
1745435216724,50786,43554,1.1660
1745435216764,50803,43622,1.1646
1745435216768,50816,43679,1.1634
1745435216804,50825,43726,1.1623
1745435216827,50832,43768,1.1614
1745435216868,50840,43810,1.1605
1745435216884,50850,43854,1.1595
1745435216918,50861,43897,1.1586
1745435216953,50873,43937,1.1579
1745435216986,50884,43971,1.1572
1745435217006,50892,43997,1.1567
1745435217035,50898,44020,1.1563
1745435217082,50902,44043,1.1558
1745435217116,50908,44072,1.1551
1745435217138,50915,44110,1.1543
1745435217161,50924,44155,1.1533
1745435217197,50934,44197,1.1524
1745435217234,50941,44228,1.1518
1745435217270,50945,44242,1.1515
1745435217338,50942,44238,1.1516
1745435217354,50934,44217,1.1519
1745435217381,50922,44187,1.1524
1745435217384,50909,44157,1.1529
1745435217413,50895,44129,1.1533
1745435217465,50882,44103,1.1537
1745435217469,50867,44075,1.1541
1745435217515,50849,44040,1.1546
1745435217543,50826,43994,1.1553
1745435217580,50799,43938,1.1562
1745435217719,50770,43878,1.1571
1745435217751,50743,43821,1.1580
1745435217755,50721,43779,1.1586
1745435217762,50708,43763,1.1587
1745435217766,50708,43782,1.1582
1745435217773,50721,43836,1.1571
1745435217806,50744,43919,1.1554
1745435217829,50775,44020,1.1535
1745435217850,50808,44123,1.1515
1745435217911,50835,44212,1.1498
1745435217936,50851,44272,1.1486
1745435217979,50852,44295,1.1480
1745435218004,50838,44281,1.1481
1745435218030,50811,44233,1.1487
1745435218050,50773,44154,1.1499
1745435218081,50725,44046,1.1516
1745435218113,50669,43911,1.1539
1745435218147,50609,43762,1.1565
1745435218184,50552,43614,1.1591
1745435218200,50504,43486,1.1614
1745435218236,50469,43391,1.1631
1745435218303,50449,43338,1.1641
1745435218309,50442,43323,1.1643
1745435218352,50444,43335,1.1641
1745435218382,50445,43350,1.1637
1745435218389,50438,43344,1.1637
1745435218427,50419,43306,1.1643
1745435218462,50388,43236,1.1654
1745435218509,50351,43148,1.1669
1745435218513,50311,43055,1.1685
1745435218587,50271,42968,1.1700
1745435218603,50236,42897,1.1711
1745435218606,50208,42848,1.1718
1745435218632,50188,42822,1.1720
1745435218661,50177,42816,1.1719
1745435218699,50174,42825,1.1716
1745435218860,50176,42846,1.1711
1745435218866,50183,42876,1.1704
1745435218868,50193,42913,1.1696
1745435218872,50204,42953,1.1688
1745435218877,50217,42994,1.1680
1745435218902,50230,43034,1.1672
1745435218933,50244,43073,1.1665
1745435218969,50254,43107,1.1658
1745435218983,50261,43132,1.1653
1745435219034,50263,43148,1.1649
1745435219037,50261,43157,1.1646
1745435219085,50257,43161,1.1644
1745435219104,50253,43160,1.1644
1745435219136,50250,43155,1.1644
1745435219182,50249,43149,1.1645
1745435219220,50251,43145,1.1647
1745435219273,50258,43146,1.1648
1745435219279,50268,43154,1.1649
1745435219285,50281,43169,1.1648
1745435219317,50298,43196,1.1644
1745435219353,50319,43234,1.1639
1745435219387,50343,43283,1.1631
1745435219438,50368,43339,1.1622
1745435219463,50394,43396,1.1612
1745435219501,50418,43454,1.1603
1745435219518,50440,43509,1.1593
1745435219545,50459,43562,1.1583
1745435219582,50478,43610,1.1575
1745435219622,50496,43656,1.1567
1745435219643,50515,43700,1.1559
1745435219668,50535,43742,1.1553
1745435219712,50554,43781,1.1547
1745435219719,50571,43814,1.1542
1745435219760,50587,43844,1.1538
1745435219800,50605,43879,1.1533
1745435219844,50626,43922,1.1526
1745435219883,50651,43975,1.1518
1745435219887,50679,44036,1.1509
1745435219945,50708,44103,1.1498
1745435219950,50738,44174,1.1486
1745435219998,50768,44249,1.1473
1745435220018,50799,44324,1.1461
1745435220061,50829,44400,1.1448
1745435220065,50861,44478,1.1435
1745435220134,50897,44561,1.1422
1745435220153,50940,44650,1.1409
1745435220156,50987,44743,1.1396
1745435220199,51038,44835,1.1384
1745435220253,51088,44919,1.1373
1745435220267,51133,44990,1.1365
1745435220315,51169,45042,1.1360
1745435220319,51197,45075,1.1358
1745435220349,51217,45093,1.1358
1745435220394,51232,45101,1.1359
1745435220436,51242,45103,1.1361
1745435220514,51245,45097,1.1363
1745435220538,51240,45079,1.1367
1745435220541,51225,45047,1.1372
1745435220572,51200,44996,1.1379
1745435220581,51167,44929,1.1388
1745435220616,51130,44851,1.1400
1745435220641,51096,44772,1.1413
1745435220682,51069,44701,1.1424
1745435220698,51052,44647,1.1435
1745435220767,51044,44609,1.1443
1745435220773,51045,44585,1.1449
1745435220884,51050,44570,1.1454
1745435220889,51056,44555,1.1459
1745435220894,51059,44529,1.1466
1745435220898,51055,44491,1.1476
1745435220947,51047,44443,1.1486
1745435220953,51037,44393,1.1497
1745435220984,51027,44347,1.1506
1745435221017,51018,44306,1.1515
1745435221049,51010,44271,1.1522
1745435221077,51003,44240,1.1529
1745435221122,50997,44212,1.1535
1745435221131,50992,44185,1.1541
1745435221169,50989,44160,1.1546
1745435221214,50988,44140,1.1551
1745435221251,50991,44130,1.1555
1745435221254,51002,44135,1.1556
1745435221334,51020,44157,1.1554
1745435221350,51049,44199,1.1550
1745435221376,51085,44257,1.1543
1745435221384,51124,44323,1.1534
1745435221416,51160,44385,1.1526
1745435221448,51187,44430,1.1521
1745435221480,51203,44451,1.1519
1745435221518,51208,44448,1.1521
1745435221547,51202,44423,1.1526
1745435221576,51190,44380,1.1534
1745435221635,51172,44321,1.1546
1745435221672,51151,44252,1.1559
1745435221762,51130,44179,1.1573
1745435221785,51111,44110,1.1587
1745435221790,51093,44047,1.1600
1745435221794,51079,43995,1.1610
1745435221818,51066,43953,1.1618
1745435221835,51058,43922,1.1625
1745435221890,51052,43897,1.1630
1745435221894,51049,43875,1.1635
1745435221931,51047,43852,1.1641
1745435221964,51047,43828,1.1647
1745435221969,51048,43804,1.1654
1745435221999,51050,43784,1.1660
1745435222064,51052,43766,1.1665
1745435222094,51053,43752,1.1669
1745435222242,51055,43742,1.1672
1745435222248,51058,43736,1.1674
1745435222253,51060,43731,1.1676
1745435222257,51063,43724,1.1678
1745435222262,51064,43712,1.1682
1745435222289,51063,43695,1.1686
1745435222294,51062,43675,1.1691
1745435222329,51059,43655,1.1696
1745435222370,51058,43638,1.1700
1745435222419,51059,43628,1.1703
1745435222422,51065,43632,1.1704
1745435222467,51076,43648,1.1702
1745435222484,51092,43674,1.1699
1745435222512,51111,43704,1.1695
1745435222573,51131,43733,1.1692
1745435222607,51152,43760,1.1689
1745435222612,51173,43785,1.1687
1745435222657,51191,43806,1.1686
1745435222669,51206,43825,1.1684
1745435222713,51219,43842,1.1683
1745435222720,51232,43863,1.1680
1745435222783,51246,43891,1.1676
1745435222855,51264,43929,1.1670
1745435222871,51286,43978,1.1662
1745435222877,51313,44038,1.1652
1745435222904,51344,44111,1.1640
1745435222934,51379,44195,1.1626
1745435222955,51416,44286,1.1610
1745435223105,51453,44378,1.1594
1745435223131,51488,44465,1.1580
1745435223135,51519,44542,1.1566
1745435223139,51548,44612,1.1555
1745435223144,51576,44679,1.1544
1745435223169,51605,44746,1.1533
1745435223187,51636,44820,1.1521
1745435223204,51668,44898,1.1508
1745435223271,51701,44976,1.1495
1745435223297,51731,45048,1.1484
1745435223317,51758,45110,1.1474
1745435223321,51781,45163,1.1465
1745435223355,51802,45207,1.1459
1745435223395,51820,45245,1.1453
1745435223432,51836,45275,1.1449
1745435223484,51848,45295,1.1447
1745435223488,51855,45304,1.1446
1745435223537,51855,45301,1.1447
1745435223547,51850,45287,1.1449
1745435223576,51842,45268,1.1452
1745435223635,51835,45254,1.1454
1745435223671,51834,45255,1.1454
1745435223687,51841,45275,1.1450
1745435223731,51856,45311,1.1444
1745435223736,51873,45350,1.1438
1745435223756,51884,45375,1.1435
1745435223784,51886,45374,1.1435
1745435223823,51873,45341,1.1441
1745435223858,51847,45275,1.1452
1745435223990,51811,45187,1.1466
1745435224004,51772,45090,1.1482
1745435224008,51735,45000,1.1497
1745435224014,51705,44923,1.1510
1745435224035,51682,44862,1.1520
1745435224055,51667,44817,1.1528
1745435224084,51657,44787,1.1534
1745435224116,51651,44768,1.1537
1745435224144,51649,44759,1.1539
1745435224180,51649,44755,1.1540
1745435224189,51652,44756,1.1541
1745435224219,51657,44761,1.1541
1745435224288,51666,44771,1.1540
1745435224395,51678,44785,1.1539
1745435224405,51692,44801,1.1538
1745435224409,51706,44814,1.1538
1745435224413,51719,44822,1.1539
1745435224433,51729,44823,1.1541
1745435224453,51734,44813,1.1544
1745435224520,51734,44792,1.1550
1745435224539,51727,44764,1.1555
1745435224604,51718,44736,1.1561
1745435224619,51706,44712,1.1564
1745435224625,51694,44694,1.1566
1745435224657,51682,44678,1.1568
1745435224669,51670,44660,1.1570
1745435224700,51658,44635,1.1573
1745435224746,51644,44601,1.1579
1745435224855,51630,44559,1.1587
1745435224876,51616,44513,1.1596
1745435224882,51604,44471,1.1604
1745435224885,51596,44439,1.1611
1745435224892,51593,44421,1.1615
1745435224916,51594,44415,1.1616
1745435224948,51599,44417,1.1617
1745435224985,51604,44422,1.1617
1745435225020,51610,44427,1.1617
1745435225082,51613,44428,1.1617
1745435225085,51612,44421,1.1619
1745435225121,51607,44405,1.1622
1745435225146,51598,44384,1.1625
1745435225192,51589,44361,1.1629
1745435225198,51581,44343,1.1632
1745435225232,51576,44328,1.1635
1745435225299,51571,44314,1.1638
1745435225319,51566,44294,1.1642
1745435225334,51558,44268,1.1647
1745435225384,51548,44235,1.1653
1745435225404,51534,44195,1.1661
1745435225426,51518,44152,1.1668
1745435225474,51501,44107,1.1676
1745435225480,51483,44062,1.1684
1745435225516,51467,44019,1.1692
1745435225554,51452,43976,1.1700
1745435225602,51436,43929,1.1709
1745435225623,51419,43876,1.1719
1745435225729,51399,43819,1.1730
1745435225732,51378,43762,1.1740
1745435225736,51357,43711,1.1749
1745435225741,51338,43669,1.1756
1745435225781,51323,43637,1.1761
1745435225810,51312,43616,1.1765
1745435225844,51309,43607,1.1766
1745435225887,51314,43609,1.1767
1745435225903,51324,43619,1.1766
1745435225954,51338,43637,1.1765
1745435225958,51355,43662,1.1762
1745435225988,51371,43690,1.1758
1745435226012,51387,43720,1.1754
1745435226055,51403,43748,1.1750
1745435226067,51417,43775,1.1746
1745435226211,51432,43802,1.1742
1745435226228,51448,43832,1.1737
1745435226231,51466,43869,1.1732
1745435226234,51490,43917,1.1724
1745435226236,51518,43974,1.1715
1745435226263,51550,44039,1.1705
1745435226304,51585,44109,1.1695
1745435226318,51620,44179,1.1684
1745435226403,51652,44243,1.1675
1745435226406,51678,44294,1.1667
1745435226449,51695,44329,1.1662
1745435226454,51708,44355,1.1658
1745435226491,51720,44380,1.1654
1745435226528,51735,44414,1.1648
1745435226552,51756,44461,1.1641
1745435226604,51783,44522,1.1631
1745435226638,51817,44595,1.1619
1745435226657,51855,44678,1.1606
1745435226664,51896,44767,1.1592
1745435226723,51937,44856,1.1579
1745435226731,51977,44943,1.1565
1745435226774,52016,45028,1.1552
1745435226823,52053,45110,1.1539
1745435226831,52090,45189,1.1527
1745435226871,52124,45262,1.1516
1745435226913,52153,45324,1.1507
1745435226924,52176,45372,1.1500
1745435226966,52191,45398,1.1496
1745435227017,52195,45401,1.1497
1745435227053,52190,45381,1.1500
1745435227079,52180,45350,1.1506
1745435227087,52170,45322,1.1511
1745435227114,52164,45309,1.1513
1745435227144,52164,45312,1.1512
1745435227180,52169,45326,1.1510
1745435227212,52174,45340,1.1507
1745435227272,52177,45346,1.1506
1745435227292,52174,45334,1.1509
1745435227318,52163,45302,1.1515
1745435227362,52147,45252,1.1524
1745435227365,52127,45193,1.1534
1745435227439,52108,45140,1.1544
1745435227462,52095,45106,1.1550
1745435227468,52091,45098,1.1551
1745435227498,52096,45117,1.1547
1745435227536,52108,45155,1.1540
1745435227541,52125,45201,1.1532
1745435227586,52141,45240,1.1525
1745435227617,52151,45259,1.1523
1745435227639,52152,45252,1.1525
1745435227672,52143,45219,1.1531
1745435227719,52126,45166,1.1541
1745435227736,52104,45101,1.1553
1745435227787,52078,45029,1.1565
1745435227888,52048,44953,1.1578
1745435227912,52016,44873,1.1592
1745435227921,51982,44789,1.1606
1745435227929,51948,44704,1.1620
1745435227933,51916,44623,1.1634
1745435227975,51888,44553,1.1646
1745435228110,51867,44501,1.1655
1745435228130,51854,44472,1.1660
1745435228137,51849,44464,1.1661
1745435228146,51848,44467,1.1660
1745435228150,51848,44471,1.1659
1745435228155,51847,44471,1.1659
1745435228214,51846,44467,1.1659
1745435228217,51844,44462,1.1660
1745435228244,51841,44455,1.1661
1745435228282,51837,44447,1.1663
1745435228287,51833,44437,1.1664
1745435228390,51829,44425,1.1667
1745435228403,51826,44407,1.1671
1745435228407,51822,44381,1.1677
1745435228431,51818,44349,1.1684
1745435228464,51813,44315,1.1692
1745435228494,51808,44285,1.1699
1745435228534,51805,44265,1.1703
1745435228548,51807,44261,1.1705
1745435228584,51814,44275,1.1703
1745435228609,51827,44306,1.1697
1745435228706,51845,44351,1.1690
1745435228712,51865,44400,1.1681
1745435228760,51882,44442,1.1674
1745435228784,51895,44470,1.1670
1745435228788,51903,44484,1.1668
1745435228839,51906,44486,1.1668
1745435228857,51906,44480,1.1670
1745435228901,51905,44471,1.1672
1745435228904,51905,44466,1.1673
1745435228981,51909,44471,1.1673
1745435229036,51919,44489,1.1670
1745435229049,51933,44518,1.1666
1745435229128,51951,44550,1.1661
1745435229152,51969,44582,1.1657
1745435229183,51987,44609,1.1654
1745435229186,52003,44632,1.1652
1745435229189,52017,44652,1.1649
1745435229196,52032,44676,1.1646
1745435229223,52049,44711,1.1641
1745435229228,52072,44765,1.1632
1745435229268,52104,44839,1.1620
1745435229310,52143,44934,1.1604
1745435229333,52189,45043,1.1587
1745435229378,52238,45159,1.1568
1745435229410,52284,45269,1.1550
1745435229449,52322,45365,1.1534
1745435229452,52352,45444,1.1520
1745435229493,52373,45507,1.1509
1745435229530,52388,45560,1.1499
1745435229571,52398,45607,1.1489
1745435229606,52405,45648,1.1480
1745435229618,52412,45684,1.1473
1745435229651,52420,45719,1.1466
1745435229676,52432,45756,1.1459
1745435229717,52448,45797,1.1452
1745435229738,52471,45844,1.1445
1745435229799,52497,45897,1.1438
1745435229863,52526,45956,1.1430
1745435229870,52554,46017,1.1421
1745435229875,52577,46073,1.1412
1745435229901,52590,46115,1.1404
1745435229930,52593,46138,1.1399
1745435229964,52585,46142,1.1396
1745435229995,52571,46128,1.1397
1745435230037,52551,46098,1.1400
1745435230086,52529,46055,1.1406
1745435230114,52508,46006,1.1413
1745435230120,52490,45959,1.1421
1745435230137,52475,45919,1.1428
1745435230210,52463,45885,1.1434
1745435230213,52451,45853,1.1439
1745435230255,52437,45820,1.1444
1745435230267,52419,45783,1.1450
1745435230299,52398,45738,1.1456
1745435230327,52373,45687,1.1463
1745435230387,52346,45631,1.1472
1745435230438,52319,45574,1.1480
1745435230496,52292,45516,1.1489
1745435230509,52263,45452,1.1499
1745435230512,52232,45379,1.1510
1745435230517,52196,45296,1.1523
1745435230579,52157,45207,1.1537
1745435230599,52117,45117,1.1552
1745435230652,52078,45032,1.1565
1745435230657,52040,44958,1.1575
1745435230680,52007,44898,1.1583
1745435230714,51979,44853,1.1589
1745435230776,51955,44820,1.1592
1745435230820,51935,44792,1.1595
1745435230826,51917,44764,1.1598
1745435230852,51900,44733,1.1602
1745435230865,51885,44698,1.1608
1745435230903,51871,44661,1.1614
1745435230930,51860,44629,1.1620
1745435230967,51854,44606,1.1625
1745435231046,51854,44599,1.1627
1745435231056,51861,44610,1.1626
1745435231081,51875,44635,1.1622
1745435231084,51892,44669,1.1617
1745435231117,51909,44705,1.1611
1745435231133,51923,44740,1.1605
1745435231367,51932,44769,1.1600
1745435231380,51935,44788,1.1596
1745435231384,51934,44803,1.1592
1745435231393,51934,44824,1.1586
1745435231428,51941,44860,1.1578
1745435231506,51956,44916,1.1567
1745435231514,51980,44985,1.1555
1745435231569,52008,45059,1.1542
1745435231574,52038,45129,1.1531
1745435231581,52066,45192,1.1521
1745435231584,52091,45244,1.1513
1745435231624,52114,45289,1.1507
1745435231629,52135,45331,1.1501
1745435231632,52159,45380,1.1494
1745435231636,52187,45440,1.1485
1745435231656,52221,45517,1.1473
1745435231683,52261,45608,1.1459
1745435231716,52305,45713,1.1442
1745435231921,52352,45825,1.1424
1745435231955,52398,45939,1.1406
1745435231967,52441,46045,1.1389
1745435231970,52478,46137,1.1374
1745435231983,52509,46215,1.1362
1745435231986,52534,46280,1.1351
1745435231990,52554,46332,1.1343
1745435232007,52569,46369,1.1337
1745435232013,52577,46385,1.1335
1745435232019,52576,46379,1.1336
1745435232083,52567,46350,1.1341
1745435232099,52552,46307,1.1349
1745435232249,52534,46259,1.1357
1745435232255,52520,46221,1.1363
1745435232260,52516,46209,1.1365
1745435232265,52527,46229,1.1362
1745435232270,52555,46283,1.1355
1745435232277,52597,46362,1.1345
1745435232436,52648,46451,1.1334
1745435232496,52699,46534,1.1325
1745435232501,52742,46592,1.1320
1745435232504,52766,46611,1.1321
1745435232509,52769,46587,1.1327
1745435232512,52753,46527,1.1338
1745435232516,52723,46445,1.1352
1745435232588,52687,46354,1.1366
1745435232612,52648,46264,1.1380
1745435232618,52610,46179,1.1393
1745435232621,52576,46102,1.1404
1745435232651,52546,46036,1.1414
1745435232696,52518,45977,1.1423
1745435232738,52493,45926,1.1430
1745435232761,52468,45879,1.1436
1745435232768,52445,45835,1.1442
1745435232803,52423,45794,1.1448
1745435232829,52403,45751,1.1454
1745435232921,52381,45701,1.1462
1745435232961,52356,45642,1.1471
1745435232966,52329,45577,1.1481
1745435232968,52300,45511,1.1492
1745435232998,52269,45445,1.1501
1745435233027,52237,45382,1.1510
1745435233074,52205,45325,1.1518
1745435233080,52176,45276,1.1524
1745435233160,52150,45239,1.1528
1745435233177,52129,45211,1.1530
1745435233181,52113,45191,1.1532
1745435233230,52102,45177,1.1533
1745435233239,52097,45167,1.1534
1745435233279,52095,45160,1.1536
1745435233304,52098,45158,1.1537
1745435233380,52105,45161,1.1538
1745435233394,52115,45174,1.1537
1745435233418,52129,45195,1.1534
1745435233462,52145,45223,1.1531
1745435233468,52162,45251,1.1527
1745435233494,52178,45277,1.1524
1745435233534,52195,45300,1.1522
1745435233560,52212,45323,1.1520
1745435233601,52229,45345,1.1518
1745435233640,52244,45367,1.1516
1745435233661,52257,45387,1.1514
1745435233695,52268,45408,1.1511
1745435233701,52278,45431,1.1507
1745435233728,52287,45458,1.1502
1745435233779,52297,45490,1.1496
1745435233789,52311,45530,1.1489
1745435233839,52329,45578,1.1481
1745435233864,52351,45633,1.1472
1745435233897,52375,45694,1.1462
1745435233937,52402,45762,1.1451
1745435233986,52432,45838,1.1438
1745435233990,52465,45922,1.1425
1745435234018,52501,46011,1.1411
1745435234044,52539,46096,1.1398
1745435234101,52575,46173,1.1386
1745435234105,52609,46238,1.1378
1745435234174,52638,46288,1.1372
1745435234198,52662,46325,1.1368
1745435234234,52681,46353,1.1365
1745435234251,52699,46382,1.1362
1745435234284,52722,46425,1.1356
1745435234307,52751,46486,1.1348
1745435234372,52785,46561,1.1337
1745435234384,52819,46638,1.1325
1745435234490,52847,46704,1.1315
1745435234496,52865,46748,1.1309
1745435234521,52871,46764,1.1306
1745435234524,52863,46753,1.1307
1745435234547,52847,46725,1.1310
1745435234552,52831,46696,1.1314
1745435234578,52820,46679,1.1316
1745435234622,52821,46684,1.1315
1745435234644,52833,46709,1.1311
1745435234705,52853,46749,1.1306
1745435234735,52875,46792,1.1300
1745435234788,52891,46824,1.1296
1745435234801,52894,46830,1.1295
1745435234806,52881,46805,1.1298
1745435234840,52853,46750,1.1305
1745435234854,52815,46676,1.1315
1745435234923,52775,46597,1.1326
1745435234984,52737,46521,1.1336
1745435234987,52704,46455,1.1345
1745435235015,52676,46399,1.1353
1745435235020,52654,46354,1.1359
1745435235048,52639,46321,1.1364
1745435235082,52629,46298,1.1367
1745435235116,52624,46287,1.1369
1745435235147,52623,46288,1.1369
1745435235195,52626,46298,1.1367
1745435235201,52630,46315,1.1364
1745435235262,52633,46330,1.1360
1745435235304,52632,46337,1.1359
1745435235344,52626,46331,1.1359
1745435235366,52613,46306,1.1362
1745435235373,52590,46257,1.1369
1745435235400,52557,46183,1.1380
1745435235447,52517,46091,1.1394
1745435235453,52474,45991,1.1410
1745435235504,52434,45896,1.1425
1745435235526,52400,45811,1.1438
1745435235618,52371,45738,1.1450
1745435235623,52346,45677,1.1460
1745435235628,52323,45623,1.1469
1745435235646,52298,45567,1.1477
1745435235679,52269,45503,1.1487
1745435235721,52238,45434,1.1498
1745435235759,52209,45368,1.1508
1745435235795,52188,45318,1.1516
1745435235813,52180,45293,1.1521
1745435235869,52186,45298,1.1521
1745435235898,52207,45331,1.1517
1745435235934,52239,45386,1.1510
1745435235967,52273,45446,1.1502
1745435235972,52301,45491,1.1497
1745435236010,52314,45503,1.1497
1745435236017,52307,45474,1.1503
1745435236042,52283,45410,1.1513
1745435236093,52248,45326,1.1527
1745435236131,52209,45235,1.1542
1745435236162,52174,45150,1.1556
1745435236223,52150,45084,1.1567
1745435236246,52139,45040,1.1576
1745435236249,52137,45014,1.1582
1745435236287,52138,44993,1.1588
1745435236367,52136,44966,1.1594
1745435236407,52128,44931,1.1602
1745435236411,52119,44894,1.1609
1745435236419,52113,44866,1.1615
1745435236483,52116,44856,1.1619
1745435236487,52130,44866,1.1619
1745435236521,52155,44901,1.1616
1745435236538,52191,44959,1.1608
1745435236564,52233,45037,1.1598
1745435236614,52278,45126,1.1585
1745435236619,52322,45216,1.1572
1745435236652,52364,45304,1.1559
1745435236681,52403,45383,1.1547
1745435236704,52436,45447,1.1538
1745435236749,52461,45490,1.1533
1745435236794,52478,45511,1.1531
1745435236803,52489,45516,1.1532
1745435236840,52496,45516,1.1534
1745435236884,52505,45520,1.1535
1745435236964,52520,45540,1.1533
1745435236968,52547,45587,1.1527
1745435236972,52586,45665,1.1516
1745435236999,52639,45770,1.1501
1745435237040,52698,45891,1.1483
1745435237045,52757,46011,1.1466
1745435237091,52809,46116,1.1451
1745435237113,52848,46198,1.1440
1745435237135,52873,46251,1.1432
1745435237167,52886,46279,1.1428
1745435237228,52889,46288,1.1426
1745435237239,52888,46288,1.1426
1745435237268,52886,46285,1.1426
1745435237310,52883,46278,1.1427
1745435237336,52878,46267,1.1429
1745435237369,52872,46250,1.1432
1745435237416,52863,46225,1.1436
1745435237466,52853,46196,1.1441
1745435237493,52843,46167,1.1446
1745435237514,52835,46142,1.1450
1745435237520,52830,46128,1.1453
1745435237572,52831,46124,1.1454
1745435237616,52835,46130,1.1453
1745435237647,52840,46140,1.1452
1745435237652,52844,46147,1.1451
1745435237678,52845,46146,1.1452
1745435237703,52839,46128,1.1455
1745435237750,52823,46086,1.1462
1745435237771,52796,46016,1.1473
1745435237800,52758,45920,1.1489
1745435237851,52710,45806,1.1507
1745435237872,52656,45681,1.1527
1745435237894,52597,45552,1.1547
1745435237955,52539,45422,1.1567
1745435237990,52483,45298,1.1586
1745435238017,52432,45184,1.1604
1745435238020,52391,45086,1.1620
1745435238136,52361,45010,1.1633
1745435238160,52343,44960,1.1642
1745435238165,52339,44938,1.1647
1745435238170,52346,44941,1.1648
1745435238180,52362,44964,1.1645
1745435238249,52384,45002,1.1640
1745435238278,52408,45050,1.1633
1745435238287,52431,45105,1.1624
1745435238395,52451,45154,1.1616
1745435238454,52461,45183,1.1611
1745435238460,52459,45180,1.1611
1745435238464,52441,45138,1.1618
1745435238496,52410,45062,1.1631
1745435238501,52369,44958,1.1648
1745435238515,52321,44840,1.1669
1745435238532,52272,44721,1.1689
1745435238563,52227,44617,1.1706
1745435238664,52194,44541,1.1718
1745435238674,52175,44504,1.1724
1745435238678,52173,44503,1.1724
1745435238696,52184,44531,1.1719
1745435238727,52203,44572,1.1712
1745435238738,52221,44611,1.1706
1745435238770,52234,44636,1.1702
1745435238815,52240,44641,1.1702
1745435238849,52241,44633,1.1705
1745435238883,52244,44622,1.1708
1745435238917,52252,44624,1.1710
1745435238920,52270,44644,1.1708
1745435238984,52295,44682,1.1704
1745435238987,52325,44734,1.1697
1745435239019,52356,44792,1.1689
1745435239080,52385,44849,1.1680
1745435239084,52411,44899,1.1673
1745435239147,52432,44938,1.1668
1745435239153,52448,44965,1.1664
1745435239180,52461,44981,1.1663
1745435239214,52469,44986,1.1663
1745435239250,52471,44976,1.1666
1745435239394,52466,44952,1.1672
1745435239408,52458,44917,1.1679
1745435239429,52451,44882,1.1686
1745435239434,52448,44859,1.1692
1745435239437,52455,44858,1.1694
1745435239445,52474,44887,1.1690
1745435239487,52507,44951,1.1681
1745435239535,52551,45046,1.1666
1745435239586,52603,45164,1.1647
1745435239646,52657,45289,1.1627
1745435239652,52709,45411,1.1607
1745435239694,52757,45522,1.1589
1745435239698,52798,45615,1.1575
1745435239704,52830,45687,1.1564
1745435239706,52852,45733,1.1557
1745435239747,52862,45752,1.1554
1745435239784,52861,45745,1.1556
1745435239811,52849,45714,1.1561
1745435239866,52829,45663,1.1569
1745435239873,52806,45604,1.1579
1745435239922,52785,45549,1.1589
1745435239940,52773,45513,1.1595
1745435239977,52774,45508,1.1597
1745435240089,52793,45542,1.1592
1745435240116,52829,45615,1.1581
1745435240123,52880,45723,1.1565
1745435240127,52941,45855,1.1545
1745435240132,53006,45998,1.1524
1745435240188,53067,46134,1.1503
1745435240249,53116,46249,1.1485
1745435240274,53149,46335,1.1471
1745435240277,53167,46387,1.1462
1745435240299,53170,46408,1.1457
1745435240304,53164,46403,1.1457
1745435240329,53153,46382,1.1460
1745435240369,53142,46355,1.1464
1745435240391,53132,46328,1.1469
1745435240437,53126,46307,1.1472
1745435240503,53124,46299,1.1474
1745435240550,53127,46305,1.1473
1745435240557,53135,46326,1.1470
1745435240619,53147,46359,1.1464
1745435240712,53160,46395,1.1458
1745435240717,53170,46424,1.1453
1745435240721,53173,46437,1.1450
1745435240748,53166,46428,1.1451
1745435240751,53147,46394,1.1456
1745435240757,53118,46339,1.1463
1745435240783,53083,46273,1.1472
1745435240822,53048,46206,1.1481
1745435240942,53017,46144,1.1489
1745435240982,52989,46089,1.1497
1745435240986,52963,46036,1.1505
1745435241000,52939,45983,1.1513
1745435241004,52914,45931,1.1520
1745435241022,52891,45883,1.1527
1745435241046,52874,45847,1.1533
1745435241052,52866,45830,1.1535
1745435241086,52868,45834,1.1535
1745435241137,52878,45855,1.1532
1745435241160,52892,45881,1.1528
1745435241168,52901,45898,1.1526
1745435241207,52901,45894,1.1527
1745435241275,52891,45868,1.1531
1745435241297,52871,45823,1.1538
1745435241304,52843,45766,1.1546
1745435241337,52812,45699,1.1556
1745435241364,52779,45627,1.1568
1745435241433,52748,45552,1.1580
1745435241452,52720,45480,1.1592
1745435241474,52695,45410,1.1604
1745435241501,52674,45344,1.1616
1745435241631,52653,45282,1.1628
1745435241636,52633,45226,1.1638
1745435241639,52615,45175,1.1647
1745435241645,52597,45132,1.1654
1745435241728,52583,45097,1.1660
1745435241752,52574,45071,1.1665
1745435241757,52572,45057,1.1668
1745435241778,52575,45052,1.1670
1745435241784,52584,45055,1.1671
1745435241814,52597,45065,1.1671
1745435241844,52616,45087,1.1670
1745435241886,52639,45125,1.1665
1745435241912,52666,45175,1.1658
1745435241918,52694,45230,1.1650
1745435241964,52719,45283,1.1642
1745435242019,52741,45329,1.1635
1745435242047,52760,45364,1.1630
1745435242122,52775,45388,1.1627
1745435242179,52787,45404,1.1626
1745435242185,52799,45417,1.1625
1745435242201,52812,45433,1.1624
1745435242204,52827,45458,1.1621
1745435242210,52847,45494,1.1616
1745435242244,52870,45542,1.1609
1745435242277,52899,45601,1.1600
1745435242356,52934,45674,1.1590
1745435242381,52976,45761,1.1576
1745435242385,53023,45862,1.1561
1745435242407,53074,45972,1.1545
1745435242439,53126,46084,1.1528
1745435242481,53177,46192,1.1512
1745435242488,53224,46292,1.1497
1745435242553,53265,46379,1.1485
1745435242572,53300,46453,1.1474
1745435242597,53329,46516,1.1465
1745435242632,53355,46575,1.1456
1745435242638,53378,46632,1.1447
1745435242671,53400,46687,1.1438
1745435242717,53420,46738,1.1430
1745435242767,53438,46781,1.1423
1745435242784,53452,46814,1.1418
1745435242820,53461,46835,1.1415
1745435242871,53465,46843,1.1414
1745435242904,53465,46841,1.1414
1745435242910,53462,46835,1.1415
1745435242940,53459,46831,1.1415
1745435242994,53458,46833,1.1415
1745435243016,53459,46841,1.1413
1745435243021,53461,46852,1.1411
1745435243049,53462,46862,1.1409
1745435243082,53460,46861,1.1408
1745435243118,53452,46845,1.1410
1745435243222,53435,46810,1.1415
1745435243246,53411,46756,1.1423
1745435243267,53378,46686,1.1434
1745435243272,53340,46602,1.1446
1745435243277,53298,46508,1.1460
1745435243311,53254,46406,1.1476
1745435243357,53211,46302,1.1492
1745435243367,53168,46201,1.1508
1745435243388,53129,46107,1.1523
1745435243440,53094,46026,1.1536
1745435243463,53066,45964,1.1545
1745435243501,53047,45926,1.1550
1745435243570,53039,45914,1.1552
1745435243573,53039,45919,1.1551
1745435243635,53042,45928,1.1549
1745435243638,53044,45930,1.1549
1745435243664,53039,45917,1.1551
1745435243695,53025,45885,1.1556
1745435243703,53001,45833,1.1564
1745435243763,52970,45766,1.1574
1745435243905,52935,45691,1.1585
1745435243950,52900,45617,1.1597
1745435243953,52870,45550,1.1607
1745435243965,52843,45491,1.1616
1745435243968,52820,45438,1.1625
1745435243971,52802,45391,1.1633
1745435243992,52787,45351,1.1640
1745435243998,52775,45316,1.1646
1745435244032,52766,45287,1.1652
1745435244062,52759,45264,1.1656
1745435244100,52753,45247,1.1659
1745435244132,52745,45231,1.1661
1745435244138,52734,45208,1.1665
1745435244168,52716,45171,1.1670
1745435244232,52694,45120,1.1679
1745435244266,52669,45061,1.1689
1745435244303,52645,45000,1.1699
1745435244341,52622,44942,1.1709
1745435244357,52602,44891,1.1718
1745435244406,52584,44850,1.1724
1745435244451,52570,44821,1.1729
1745435244508,52561,44804,1.1731
1745435244529,52557,44796,1.1733
1745435244569,52558,44797,1.1733
1745435244575,52566,44808,1.1731
1745435244605,52581,44833,1.1728
1745435244626,52603,44870,1.1724
1745435244631,52630,44915,1.1718
1745435244689,52659,44966,1.1711
1745435244710,52688,45021,1.1703
1745435244715,52718,45080,1.1694
1745435244763,52748,45144,1.1684
1745435244769,52779,45213,1.1673
1745435244810,52811,45287,1.1661
1745435244851,52844,45367,1.1648
1745435244874,52879,45449,1.1635
1745435244888,52914,45529,1.1622
1745435244953,52950,45607,1.1610
1745435244988,52986,45682,1.1599
1745435245007,53024,45758,1.1588
1745435245023,53064,45838,1.1576
1745435245057,53107,45923,1.1564
1745435245099,53153,46013,1.1552
1745435245131,53199,46107,1.1538
1745435245165,53244,46200,1.1525
1745435245266,53284,46288,1.1511
1745435245270,53321,46369,1.1499
1745435245274,53354,46443,1.1488
1745435245278,53389,46517,1.1477
1745435245320,53426,46597,1.1466
1745435245367,53467,46683,1.1453
1745435245370,53508,46770,1.1441
1745435245398,53544,46850,1.1429
1745435245432,53571,46910,1.1420
1745435245473,53585,46938,1.1416
1745435245494,53585,46933,1.1417
1745435245583,53574,46899,1.1423
1745435245588,53557,46850,1.1432
1745435245591,53537,46799,1.1440
1745435245617,53519,46756,1.1446
1745435245645,53503,46724,1.1451
1745435245718,53490,46701,1.1454
1745435245760,53479,46681,1.1456
1745435245783,53469,46659,1.1460
1745435245789,53455,46626,1.1465
1745435245884,53436,46580,1.1472
1745435245905,53413,46522,1.1481
1745435245910,53388,46461,1.1491
1745435245931,53366,46407,1.1500
1745435245939,53353,46370,1.1506
1745435245973,53353,46356,1.1509
1745435246013,53366,46370,1.1509
1745435246112,53392,46410,1.1504
1745435246149,53421,46462,1.1498
1745435246155,53448,46512,1.1491
1745435246192,53465,46548,1.1486
1745435246212,53473,46569,1.1483
1745435246217,53475,46577,1.1481
1745435246222,53475,46580,1.1480
1745435246276,53478,46587,1.1479
1745435246362,53486,46604,1.1477
1745435246398,53502,46637,1.1472
1745435246407,53523,46684,1.1465
1745435246417,53547,46738,1.1457
1745435246439,53568,46787,1.1449
1745435246468,53583,46822,1.1444
1745435246479,53589,46837,1.1442
1745435246537,53584,46825,1.1443
1745435246604,53569,46789,1.1449
1745435246635,53546,46735,1.1457
1745435246638,53518,46671,1.1467
1745435246662,53490,46606,1.1477
1745435246727,53461,46541,1.1487
1745435246733,53429,46470,1.1497
1745435246740,53393,46392,1.1509
1745435246743,53352,46306,1.1521
1745435246806,53310,46219,1.1534
1745435246832,53270,46137,1.1546
1745435246838,53235,46065,1.1557
1745435246880,53208,46006,1.1565
1745435246906,53188,45960,1.1573
1745435247040,53175,45924,1.1579
1745435247164,53166,45898,1.1584
1745435247181,53163,45882,1.1587
1745435247184,53165,45877,1.1589
1745435247187,53171,45883,1.1588
1745435247190,53181,45898,1.1587
1745435247194,53191,45914,1.1585
1745435247230,53200,45927,1.1584
1745435247233,53205,45933,1.1583
1745435247268,53208,45935,1.1583
1745435247271,53210,45935,1.1584
1745435247300,53212,45934,1.1584
1745435247307,53214,45933,1.1585
1745435247333,53216,45932,1.1586
1745435247438,53220,45931,1.1587
1745435247463,53224,45930,1.1588
1745435247469,53227,45929,1.1589
1745435247481,53229,45927,1.1590
1745435247514,53233,45930,1.1590
1745435247556,53242,45945,1.1588
1745435247584,53257,45976,1.1583
1745435247886,53279,46025,1.1576
1745435247891,53308,46089,1.1566
1745435247896,53342,46164,1.1555
1745435247901,53376,46242,1.1543
1745435247904,53410,46318,1.1531
1745435247907,53440,46385,1.1521
1745435247962,53466,46443,1.1512
1745435247965,53490,46494,1.1505
1745435247979,53511,46540,1.1498
1745435247981,53528,46578,1.1492
1745435248020,53542,46612,1.1487
1745435248031,53556,46646,1.1481
1745435248034,53574,46689,1.1475
1745435248078,53598,46748,1.1466
1745435248152,53631,46821,1.1454
1745435248156,53669,46907,1.1442
1745435248161,53710,46997,1.1429
1745435248245,53748,47080,1.1416
1745435248248,53778,47146,1.1407
1745435248288,53796,47188,1.1401
1745435248299,53802,47206,1.1397
1745435248302,53799,47206,1.1397
1745435248352,53791,47195,1.1398
1745435248366,53779,47178,1.1399
1745435248527,53768,47158,1.1402
1745435248539,53758,47139,1.1404
1745435248614,53749,47122,1.1406
1745435248622,53740,47105,1.1409
1745435248632,53728,47086,1.1411
1745435248635,53713,47061,1.1413
1745435248639,53693,47033,1.1416
1745435248645,53671,46999,1.1419
1745435248648,53645,46958,1.1424
1745435248652,53616,46906,1.1430
1745435248708,53583,46839,1.1440
1745435248734,53547,46758,1.1452
1745435248737,53510,46668,1.1466
1745435248770,53473,46575,1.1481
1745435248797,53440,46489,1.1495
1745435248818,53413,46419,1.1507
1745435248862,53395,46370,1.1515
1745435248868,53385,46341,1.1520
1745435249070,53381,46326,1.1523
1745435249105,53379,46319,1.1524
1745435249108,53376,46313,1.1525
1745435249116,53369,46303,1.1526
1745435249119,53356,46282,1.1529
1745435249123,53337,46246,1.1533
1745435249184,53311,46192,1.1541
1745435249188,53281,46124,1.1552
1745435249195,53249,46044,1.1565
1745435249200,53216,45958,1.1579
1745435249238,53182,45869,1.1594
1745435249263,53148,45782,1.1609
1745435249270,53116,45703,1.1622
1745435249319,53087,45635,1.1633
1745435249363,53062,45582,1.1641
1745435249388,53042,45541,1.1647
1745435249408,53029,45513,1.1651
1745435249461,53021,45494,1.1654
1745435249493,53017,45478,1.1658
1745435249535,53012,45457,1.1662
1745435249559,53004,45425,1.1669
1745435249566,52993,45383,1.1677
1745435249599,52978,45335,1.1686
1745435249629,52962,45287,1.1695
1745435249661,52945,45242,1.1703
1745435249691,52928,45201,1.1709
1745435249749,52912,45167,1.1715
1745435249753,52898,45139,1.1719
1745435249787,52886,45117,1.1722
1745435249834,52876,45099,1.1724
1745435249841,52867,45083,1.1727
1745435249913,52860,45070,1.1729
1745435250115,52856,45060,1.1730
1745435250124,52857,45055,1.1732
1745435250130,52863,45058,1.1732
1745435250134,52876,45074,1.1731
1745435250144,52896,45104,1.1728
1745435250147,52923,45149,1.1722
1745435250153,52955,45206,1.1714
1745435250157,52988,45267,1.1706
1745435250191,53020,45329,1.1697
1745435250200,53049,45389,1.1688
1745435250241,53074,45445,1.1679
1745435250250,53094,45496,1.1670
1745435250278,53110,45543,1.1662
1745435250318,53125,45590,1.1653
1745435250358,53144,45642,1.1644
1745435250399,53167,45700,1.1634
1745435250406,53192,45760,1.1624
1745435250438,53218,45816,1.1616
1745435250461,53240,45861,1.1609
1745435250525,53259,45894,1.1605
1745435250556,53275,45922,1.1601
1745435250594,53291,45950,1.1598
1745435250604,53310,45986,1.1593
1745435250633,53333,46034,1.1586
1745435250680,53359,46092,1.1577
1745435250686,53388,46157,1.1567
1745435250718,53417,46224,1.1556
1745435250748,53445,46290,1.1546
1745435250788,53471,46356,1.1535
1745435250804,53498,46424,1.1524
1745435250830,53524,46494,1.1512
1745435250873,53551,46564,1.1500
1745435250919,53577,46632,1.1489
1745435251080,53602,46695,1.1479
1745435251095,53624,46752,1.1470
1745435251098,53644,46799,1.1463
1745435251101,53658,46834,1.1457
1745435251106,53666,46855,1.1454
1745435251109,53666,46858,1.1453
1745435251137,53659,46845,1.1455
1745435251153,53645,46818,1.1458
1745435251190,53628,46786,1.1462
1745435251234,53615,46761,1.1466
1745435251271,53609,46754,1.1466
1745435251303,53614,46769,1.1464
1745435251332,53626,46799,1.1459
1745435251339,53640,46834,1.1453
1745435251368,53649,46863,1.1448
1745435251400,53650,46876,1.1445
1745435251558,53637,46863,1.1446
1745435251571,53611,46821,1.1450
1745435251579,53574,46752,1.1459
1745435251582,53531,46666,1.1471
1745435251586,53488,46573,1.1485
1745435251613,53448,46482,1.1499
1745435251623,53413,46400,1.1511
1745435251653,53384,46330,1.1523
1745435251683,53358,46269,1.1532
1745435251717,53333,46215,1.1540
1745435251748,53307,46161,1.1548
1745435251785,53281,46106,1.1556
1745435251871,53255,46052,1.1564
1745435252004,53232,46003,1.1571
1745435252017,53211,45959,1.1578
1745435252022,53190,45918,1.1584
1745435252026,53168,45876,1.1589
1745435252033,53143,45832,1.1595
1745435252036,53116,45786,1.1601
1745435252066,53087,45735,1.1608
1745435252073,53058,45678,1.1616
1745435252104,53026,45615,1.1625
1745435252124,52993,45545,1.1635
1745435252148,52958,45470,1.1647
1745435252182,52921,45392,1.1659
1745435252213,52881,45310,1.1671
1745435252250,52838,45224,1.1684
1745435252285,52792,45133,1.1697
1745435252315,52742,45040,1.1710
1745435252354,52691,44947,1.1723
1745435252420,52641,44857,1.1735
1745435252439,52595,44776,1.1746
1745435252470,52557,44710,1.1755
1745435252489,52529,44662,1.1761
1745435252517,52511,44634,1.1765
1745435252523,52501,44622,1.1766
1745435252554,52496,44623,1.1764
1745435252657,52492,44629,1.1762
1745435252670,52483,44631,1.1759
1745435252673,52466,44622,1.1758
1745435252678,52441,44599,1.1758
1745435252725,52411,44567,1.1760
1745435252748,52384,44535,1.1762
1745435252788,52360,44508,1.1764
1745435252906,52342,44486,1.1766
1745435252916,52326,44466,1.1768
1745435252920,52310,44446,1.1769
1745435252931,52293,44427,1.1771
1745435252961,52278,44408,1.1772
1745435252968,52264,44394,1.1773
1745435253002,52256,44390,1.1772
1745435253019,52257,44402,1.1769
1745435253154,52267,44435,1.1763
1745435253160,52285,44485,1.1753
1745435253163,52306,44545,1.1742
1745435253168,52326,44603,1.1731
1745435253182,52341,44653,1.1722
1745435253216,52350,44691,1.1714
1745435253266,52353,44717,1.1708
1745435253306,52352,44735,1.1703
1745435253318,52353,44755,1.1698
1745435253348,52360,44789,1.1690
1745435253363,52376,44845,1.1679
1745435253412,52402,44924,1.1665
1745435253449,52437,45022,1.1647
1745435253504,52477,45130,1.1628
1745435253540,52518,45243,1.1608
1745435253548,52559,45354,1.1589
1745435253558,52597,45462,1.1569
1745435253596,52634,45568,1.1551
1745435253637,52670,45673,1.1532
1745435253805,52708,45781,1.1513
1745435253825,52748,45894,1.1494
1745435253829,52791,46011,1.1474
1745435253832,52835,46129,1.1454
1745435253837,52878,46247,1.1434
1745435253855,52920,46363,1.1414
1745435253882,52957,46472,1.1396
1745435253885,52988,46568,1.1379
1745435253915,53011,46649,1.1364
1745435253980,53028,46717,1.1351
1745435253985,53043,46774,1.1340
1745435254016,53056,46824,1.1331
1745435254048,53067,46866,1.1323
1745435254052,53073,46897,1.1317
1745435254113,53073,46913,1.1313
1745435254116,53064,46911,1.1312
1745435254163,53047,46893,1.1312
1745435254256,53025,46867,1.1314
1745435254276,53002,46844,1.1315
1745435254298,52985,46837,1.1313
1745435254301,52979,46856,1.1307
1745435254330,52984,46902,1.1297
1745435254338,52999,46964,1.1285
1745435254371,53015,47029,1.1273
1745435254416,53025,47080,1.1263
1745435254450,53023,47105,1.1256
1745435254481,53006,47096,1.1255
1745435254523,52973,47054,1.1258
1745435254554,52932,46990,1.1264
1745435254679,52889,46919,1.1272
1745435254684,52850,46853,1.1280
1745435254690,52817,46800,1.1286
1745435254693,52789,46761,1.1289
1745435254698,52766,46735,1.1290
1745435254727,52745,46720,1.1290
1745435254768,52727,46711,1.1288
1745435254773,52711,46704,1.1286
1745435254802,52697,46700,1.1284
1745435254837,52688,46699,1.1283
1745435254864,52683,46702,1.1281
1745435254898,52681,46709,1.1279
1745435255049,52680,46716,1.1277
1745435255062,52677,46723,1.1274
1745435255066,52672,46727,1.1272
1745435255069,52664,46730,1.1270
1745435255074,52653,46726,1.1268
1745435255112,52636,46713,1.1268
1745435255117,52616,46692,1.1269
1745435255151,52596,46668,1.1270
1745435255207,52577,46647,1.1271
1745435255227,52563,46631,1.1272
1745435255281,52550,46619,1.1272
1745435255288,52539,46604,1.1273
1745435255316,52525,46582,1.1276
1745435255353,52505,46547,1.1280
1745435255377,52480,46498,1.1287
1745435255421,52449,46438,1.1295
1745435255537,52416,46372,1.1303
1745435255550,52384,46307,1.1312
1745435255553,52354,46247,1.1320
1745435255558,52328,46195,1.1328
1745435255563,52304,46148,1.1334
1745435255588,52280,46102,1.1340
1745435255632,52255,46054,1.1346
1745435255659,52228,46003,1.1353
1745435255703,52198,45949,1.1360
1745435255752,52165,45891,1.1367
1745435255788,52130,45828,1.1375
1745435255815,52094,45763,1.1384
1745435255819,52062,45702,1.1392
1745435255847,52037,45652,1.1399
1745435255899,52018,45614,1.1404
1745435255916,52005,45586,1.1408
1745435256017,51995,45566,1.1411
1745435256021,51986,45551,1.1413
1745435256047,51979,45541,1.1414
1745435256052,51975,45540,1.1413
1745435256077,51978,45551,1.1411
1745435256107,51989,45580,1.1406
1745435256122,52010,45627,1.1399
1745435256162,52038,45689,1.1390
1745435256183,52070,45758,1.1379
1745435256231,52100,45825,1.1369
1745435256262,52127,45885,1.1360
1745435256296,52147,45938,1.1352
1745435256340,52163,45983,1.1344
1745435256363,52176,46023,1.1337
1745435256368,52187,46059,1.1331
1745435256418,52202,46096,1.1325
1745435256448,52220,46138,1.1318
1745435256503,52242,46184,1.1312
1745435256508,52265,46231,1.1305
1745435256528,52285,46275,1.1299
1745435256605,52301,46313,1.1293
1745435256612,52313,46345,1.1288
1745435256687,52322,46370,1.1284
1745435256713,52331,46392,1.1280
1745435256719,52343,46418,1.1276
1745435256723,52362,46460,1.1270
1745435256758,52391,46524,1.1261
1745435256797,52431,46615,1.1248
1745435256906,52480,46728,1.1231
1745435256940,52535,46855,1.1212
1745435256946,52590,46982,1.1194
1745435256950,52639,47099,1.1176
1745435256953,52680,47197,1.1162
1745435256963,52709,47272,1.1150
1745435256997,52727,47326,1.1141
1745435257032,52737,47362,1.1135
1745435257180,52741,47383,1.1131
1745435257188,52738,47391,1.1128
1745435257192,52730,47384,1.1128
1745435257195,52717,47363,1.1130
1745435257220,52699,47330,1.1134
1745435257246,52679,47291,1.1139
1745435257252,52658,47250,1.1145
1745435257284,52641,47214,1.1149
1745435257313,52628,47191,1.1152
1745435257352,52624,47184,1.1153
1745435257385,52627,47192,1.1152
1745435257416,52635,47208,1.1150
1745435257450,52643,47223,1.1148
1745435257457,52647,47230,1.1147
1745435257583,52646,47225,1.1148
1745435257595,52637,47207,1.1150
1745435257601,52620,47176,1.1154
1745435257605,52597,47135,1.1159
1745435257633,52572,47090,1.1164
1745435257664,52548,47049,1.1169
1745435257697,52529,47018,1.1172
1745435257737,52516,46996,1.1174
1745435257770,52505,46979,1.1176
1745435257797,52496,46963,1.1178
1745435257803,52485,46944,1.1180
1745435257833,52472,46920,1.1183
1745435257897,52455,46890,1.1187
1745435257930,52436,46854,1.1191
1745435258038,52418,46816,1.1197
1745435258041,52401,46777,1.1202
1745435258046,52385,46740,1.1208
1745435258050,52370,46704,1.1213
1745435258084,52357,46674,1.1218
1745435258090,52348,46656,1.1220
1745435258128,52347,46656,1.1220
1745435258172,52355,46677,1.1216
1745435258190,52371,46715,1.1211
1745435258236,52391,46763,1.1204
1745435258290,52412,46812,1.1196
1745435258301,52428,46854,1.1190
1745435258337,52435,46879,1.1185
1745435258353,52432,46884,1.1183
1745435258400,52421,46874,1.1183
1745435258442,52406,46856,1.1184
1745435258470,52392,46839,1.1186
1745435258491,52385,46831,1.1186
1745435258499,52385,46835,1.1185
1745435258536,52393,46853,1.1183
1745435258563,52406,46881,1.1179
1745435258596,52420,46914,1.1174
1745435258649,52432,46944,1.1169
1745435258700,52439,46966,1.1165
1745435258736,52442,46980,1.1163
1745435258746,52441,46986,1.1161
1745435258786,52437,46986,1.1160
1745435258790,52432,46981,1.1160
1745435258825,52424,46971,1.1161
1745435258837,52417,46959,1.1162
1745435258867,52410,46951,1.1163
1745435258918,52407,46949,1.1162
1745435258962,52405,46953,1.1161
1745435258985,52405,46960,1.1160
1745435259009,52405,46965,1.1158
1745435259049,52402,46963,1.1158
1745435259068,52396,46955,1.1159
1745435259098,52389,46944,1.1160
1745435259132,52384,46939,1.1160
1745435259164,52387,46950,1.1158
1745435259233,52400,46983,1.1153
1745435259236,52425,47041,1.1144
1745435259303,52459,47120,1.1133
1745435259323,52501,47216,1.1119
1745435259356,52545,47321,1.1104
1745435259378,52587,47426,1.1088
1745435259401,52624,47520,1.1074
1745435259424,52653,47600,1.1061
1745435259445,52678,47668,1.1051
1745435259504,52703,47733,1.1041
1745435259511,52733,47802,1.1031
1745435259553,52770,47882,1.1021
1745435259569,52814,47972,1.1009
1745435259613,52864,48074,1.0996
1745435259617,52918,48185,1.0982
1745435259650,52975,48302,1.0968
1745435259678,53032,48419,1.0953
1745435259728,53086,48534,1.0938
1745435259788,53138,48646,1.0923
1745435259818,53188,48758,1.0909
1745435259823,53233,48863,1.0894
1745435259852,53272,48953,1.0882
1745435259882,53299,49017,1.0874
1745435259913,53311,49045,1.0870
1745435259953,53307,49033,1.0872
1745435259973,53286,48984,1.0878
1745435260008,53254,48912,1.0888
1745435260044,53220,48836,1.0898
1745435260053,53192,48773,1.0906
1745435260111,53173,48731,1.0911
1745435260146,53161,48706,1.0915
1745435260164,53152,48688,1.0917
1745435260217,53141,48666,1.0919
1745435260222,53125,48632,1.0924
1745435260274,53103,48582,1.0931
1745435260299,53077,48519,1.0939
1745435260326,53051,48453,1.0949
1745435260338,53028,48396,1.0957
1745435260376,53012,48356,1.0963
1745435260419,53000,48332,1.0966
1745435260436,52992,48321,1.0967
1745435260487,52986,48315,1.0967
1745435260558,52978,48307,1.0967
1745435260597,52966,48287,1.0969
1745435260600,52949,48254,1.0973
1745435260628,52928,48206,1.0980
1745435260633,52904,48149,1.0988
1745435260669,52880,48089,1.0996
1745435260695,52855,48029,1.1005
1745435260738,52829,47970,1.1013
1745435260757,52802,47911,1.1021
1745435260780,52773,47853,1.1028
1745435260906,52745,47796,1.1035
1745435260945,52719,47745,1.1042
1745435260951,52700,47701,1.1048
1745435260968,52687,47669,1.1053
1745435260975,52682,47648,1.1056
1745435261038,52682,47637,1.1059
1745435261067,52684,47630,1.1061
1745435261073,52684,47622,1.1063
1745435261076,52680,47606,1.1066
1745435261101,52670,47582,1.1069
1745435261133,52657,47551,1.1074
1745435261159,52639,47514,1.1079
1745435261200,52619,47472,1.1084
1745435261238,52598,47427,1.1090
1745435261266,52576,47382,1.1096
1745435261302,52558,47340,1.1102
1745435261333,52542,47303,1.1107
1745435261377,52529,47271,1.1112
1745435261383,52520,47244,1.1117
1745435261442,52513,47219,1.1121
1745435261461,52507,47195,1.1126
1745435261466,52503,47173,1.1130
1745435261503,52498,47153,1.1134
1745435261531,52494,47140,1.1136
1745435261590,52493,47138,1.1136
1745435261657,52497,47152,1.1134
1745435261684,52507,47180,1.1129
1745435261690,52522,47220,1.1123
1745435261693,52544,47269,1.1116
1745435261729,52569,47321,1.1109
1745435261770,52597,47373,1.1103
1745435261786,52626,47419,1.1098
1745435261987,52651,47455,1.1095
1745435261990,52672,47484,1.1093
1745435261997,52689,47510,1.1090
1745435262000,52704,47540,1.1086
1745435262005,52718,47574,1.1081
1745435262012,52730,47612,1.1075
1745435262056,52743,47653,1.1068
1745435262072,52758,47696,1.1061
1745435262078,52776,47741,1.1055
1745435262109,52799,47787,1.1049
1745435262146,52826,47836,1.1043
1745435262152,52857,47892,1.1037
1745435262183,52894,47958,1.1029
1745435262233,52936,48038,1.1020
1745435262266,52982,48132,1.1008
1745435262272,53032,48238,1.0994
1745435262330,53084,48353,1.0979
1745435262358,53139,48474,1.0962
1745435262399,53193,48595,1.0946
1745435262407,53244,48707,1.0931
1745435262447,53286,48802,1.0919
1745435262507,53317,48874,1.0909
1745435262547,53340,48927,1.0902
1745435262552,53357,48968,1.0896
1745435262589,53371,49004,1.0891
1745435262608,53383,49038,1.0886
1745435262632,53392,49065,1.0882
1745435262667,53396,49081,1.0879
1745435262702,53394,49082,1.0878
1745435262773,53386,49071,1.0879
1745435262803,53377,49054,1.0881
1745435262807,53370,49042,1.0883
1745435262883,53369,49043,1.0882
1745435262904,53376,49061,1.0880
1745435262908,53390,49093,1.0875
1745435262936,53406,49128,1.0871
1745435262983,53419,49154,1.0868
1745435262988,53425,49163,1.0867
1745435263018,53422,49154,1.0868
1745435263022,53409,49127,1.0872
1745435263079,53387,49083,1.0877
1745435263120,53356,49025,1.0883
1745435263137,53319,48960,1.0890
1745435263173,53281,48899,1.0896
1745435263189,53247,48848,1.0900
1745435263217,53220,48811,1.0903
1745435263296,53201,48787,1.0905
1745435263315,53192,48776,1.0906
1745435263321,53192,48774,1.0906
1745435263346,53198,48783,1.0905
1745435263387,53209,48805,1.0902
1745435263401,53224,48841,1.0898
1745435263488,53244,48891,1.0890
1745435263494,53266,48952,1.0881
1745435263546,53287,49013,1.0872
1745435263551,53305,49065,1.0864
1745435263587,53316,49098,1.0859
1745435263600,53319,49109,1.0857
1745435263636,53311,49095,1.0859
1745435263698,53296,49059,1.0864
1745435263726,53272,49005,1.0871
1745435263732,53244,48941,1.0879
1745435263769,53216,48879,1.0887
1745435263793,53193,48828,1.0894
1745435263830,53177,48797,1.0898
1745435263869,53170,48787,1.0898
1745435263923,53170,48793,1.0897
1745435263944,53174,48808,1.0894
1745435263948,53179,48826,1.0892
1745435263990,53182,48839,1.0889
1745435264004,53181,48841,1.0889
1745435264046,53174,48832,1.0889
1745435264142,53164,48818,1.0890
1745435264156,53156,48808,1.0891
1745435264160,53158,48815,1.0890
1745435264184,53172,48847,1.0885
1745435264213,53199,48902,1.0879
1745435264222,53235,48974,1.0870
1745435264252,53274,49055,1.0860
1745435264283,53312,49131,1.0851
1745435264323,53340,49191,1.0844
1745435264373,53355,49223,1.0839
1745435264394,53354,49223,1.0839
1745435264434,53341,49198,1.0842
1745435264437,53320,49157,1.0847
1745435264464,53296,49108,1.0853
1745435264530,53269,49054,1.0859
1745435264553,53239,48996,1.0866
1745435264581,53206,48931,1.0874
1745435264617,53169,48860,1.0882
1745435264649,53133,48786,1.0891
1745435264657,53101,48718,1.0900
1745435264724,53079,48669,1.0906
1745435264753,53073,48651,1.0909
1745435264757,53085,48671,1.0907
1745435264817,53114,48725,1.0901
1745435264820,53152,48801,1.0892
1745435264840,53193,48881,1.0882
1745435264909,53228,48950,1.0874
1745435264922,53254,49000,1.0868
1745435265038,53271,49028,1.0865
1745435265046,53279,49041,1.0864
1745435265065,53286,49051,1.0864
1745435265071,53298,49072,1.0861
1745435265075,53318,49116,1.0856
1745435265107,53349,49183,1.0847
1745435265127,53388,49269,1.0836
1745435265167,53432,49366,1.0824
1745435265198,53479,49472,1.0810
1745435265247,53529,49583,1.0796
1745435265266,53581,49700,1.0781
1745435265305,53634,49823,1.0765
1745435265382,53691,49951,1.0749
1745435265386,53750,50084,1.0732
1745435265431,53813,50221,1.0715
1745435265435,53880,50361,1.0699
1745435265441,53947,50499,1.0683
1745435265467,54013,50631,1.0668
1745435265504,54074,50755,1.0654
1745435265563,54129,50867,1.0641
1745435265573,54174,50963,1.0630
1745435265706,54208,51041,1.0620
1745435265741,54233,51105,1.0612
1745435265748,54250,51156,1.0605
1745435265754,54262,51196,1.0599
1745435265782,54268,51223,1.0595
1745435265788,54268,51232,1.0592
1745435265791,54260,51222,1.0593
1745435265850,54244,51191,1.0596
1745435265854,54221,51144,1.0602
1745435265887,54197,51092,1.0608
1745435265932,54177,51049,1.0613
1745435265951,54167,51029,1.0615
1745435265994,54169,51038,1.0613
1745435266007,54180,51070,1.0609
1745435266039,54195,51109,1.0604
1745435266083,54205,51138,1.0600
1745435266118,54203,51139,1.0599
1745435266152,54185,51103,1.0603
1745435266157,54150,51032,1.0611
1745435266212,54103,50935,1.0622
1745435266218,54051,50826,1.0635
1745435266252,54002,50725,1.0646
1745435266283,53963,50647,1.0655
1745435266325,53939,50599,1.0660
1745435266337,53926,50573,1.0663
1745435266396,53919,50557,1.0665
1745435266436,53912,50537,1.0668
1745435266480,53901,50508,1.0672
1745435266586,53885,50468,1.0677
1745435266597,53864,50420,1.0683
1745435266601,53841,50371,1.0689
1745435266605,53819,50326,1.0694
1745435266608,53800,50289,1.0698
1745435266636,53783,50258,1.0702
1745435266659,53770,50229,1.0705
1745435266739,53760,50204,1.0708
1745435266819,53755,50184,1.0712
1745435266825,53753,50169,1.0714
1745435266829,53752,50158,1.0717
1745435266834,53752,50150,1.0718
1745435266857,53749,50143,1.0719
1745435266882,53745,50139,1.0719
1745435266919,53739,50136,1.0719
1745435267086,53733,50131,1.0719
1745435267096,53725,50120,1.0719
1745435267100,53716,50102,1.0721
1745435267104,53707,50079,1.0724
1745435267107,53699,50056,1.0728
1745435267110,53693,50038,1.0731
1745435267140,53693,50030,1.0732
1745435267184,53698,50037,1.0732
1745435267213,53708,50058,1.0729
1745435267222,53723,50090,1.0725
1745435267252,53738,50127,1.0720
1745435267283,53752,50160,1.0716
1745435267354,53762,50185,1.0713
1745435267459,53769,50199,1.0711
1745435267464,53771,50201,1.0711
1745435267469,53768,50186,1.0714
1745435267473,53759,50157,1.0718
1745435267477,53745,50117,1.0724
1745435267517,53729,50069,1.0731
1745435267553,53710,50020,1.0738
1745435267585,53692,49972,1.0744
1745435267616,53675,49928,1.0750
1745435267650,53660,49891,1.0756
1745435267657,53651,49864,1.0759
1745435267693,53648,49852,1.0761
1745435267739,53653,49858,1.0761
1745435267754,53667,49882,1.0759
1745435267782,53691,49927,1.0754
1745435267814,53723,49989,1.0747
1745435267884,53761,50065,1.0738
1745435267917,53802,50149,1.0729
1745435267941,53844,50235,1.0718
1745435267957,53883,50321,1.0708
1745435267983,53918,50401,1.0698
1745435268014,53948,50470,1.0689
1745435268050,53973,50528,1.0682
1745435268078,53995,50576,1.0676
1745435268114,54015,50622,1.0670
1745435268122,54038,50672,1.0664
1745435268171,54064,50729,1.0657
1745435268194,54093,50793,1.0650
1745435268239,54123,50859,1.0642
1745435268297,54151,50920,1.0635
1745435268323,54174,50969,1.0629
1745435268341,54187,51001,1.0625
1745435268363,54192,51018,1.0622
1745435268400,54191,51026,1.0620
1745435268407,54189,51035,1.0618
1745435268457,54188,51047,1.0615
1745435268474,54191,51063,1.0612
1745435268559,54197,51084,1.0609
1745435268566,54206,51107,1.0606
1745435268570,54214,51127,1.0604
1745435268605,54218,51136,1.0603
1745435268671,54215,51130,1.0603
1745435268696,54203,51109,1.0605
1745435268700,54184,51077,1.0608
1745435268753,54158,51035,1.0612
1745435268773,54126,50983,1.0617
1745435268806,54092,50921,1.0623
1745435268830,54056,50854,1.0630
1745435268906,54023,50785,1.0638
1745435268917,53993,50718,1.0646
1745435268924,53968,50656,1.0654
1745435268985,53947,50602,1.0661
1745435268989,53931,50561,1.0667
1745435269019,53920,50531,1.0671
1745435269052,53909,50510,1.0673
1745435269083,53897,50490,1.0675
1745435269113,53880,50464,1.0677
1745435269147,53858,50429,1.0680
1745435269223,53830,50381,1.0685
1745435269239,53796,50318,1.0691
1745435269244,53759,50245,1.0699
1745435269272,53720,50170,1.0708
1745435269283,53684,50102,1.0715
1745435269311,53653,50048,1.0720
1745435269372,53627,50006,1.0724
1745435269416,53603,49969,1.0727
1745435269420,53576,49927,1.0731
1745435269453,53543,49871,1.0736
1745435269486,53504,49801,1.0744
1745435269509,53462,49722,1.0752
1745435269542,53419,49641,1.0761
1745435269597,53382,49569,1.0769
1745435269617,53351,49510,1.0776
1745435269622,53328,49464,1.0781
1745435269652,53309,49428,1.0785
1745435269685,53292,49395,1.0789
1745435269772,53274,49363,1.0792
1745435269777,53256,49332,1.0796
1745435269833,53239,49302,1.0798
1745435269837,53223,49274,1.0801
1745435269868,53208,49249,1.0804
1745435269893,53194,49229,1.0805
1745435269907,53182,49220,1.0805
1745435269951,53175,49226,1.0802
1745435269983,53173,49247,1.0797
1745435270036,53175,49280,1.0790
1745435270056,53182,49321,1.0783
1745435270062,53192,49364,1.0776
1745435270123,53206,49405,1.0769
1745435270147,53221,49444,1.0764
1745435270192,53241,49483,1.0759
1745435270203,53265,49529,1.0754
1745435270238,53293,49586,1.0748
1745435270252,53327,49657,1.0739
1745435270296,53366,49741,1.0729
1745435270468,53406,49837,1.0716
1745435270486,53448,49940,1.0702
1745435270490,53490,50046,1.0688
1745435270494,53530,50151,1.0674
1745435270498,53568,50249,1.0660
1745435270503,53604,50340,1.0648
1745435270525,53639,50425,1.0637
1745435270543,53675,50509,1.0627
1745435270584,53714,50593,1.0617
1745435270602,53753,50676,1.0607
1745435270634,53791,50757,1.0598
1745435270660,53825,50833,1.0589
1745435270701,53855,50907,1.0579
1745435270734,53881,50978,1.0569
1745435270766,53904,51047,1.0560
1745435270785,53926,51114,1.0550
1745435270945,53948,51179,1.0541
1745435270962,53974,51246,1.0532
1745435270970,54003,51315,1.0524
1745435270974,54033,51383,1.0516
1745435270980,54059,51445,1.0508
1745435270982,54077,51490,1.0502
1745435271003,54084,51515,1.0499
1745435271040,54078,51516,1.0497
1745435271083,54063,51495,1.0499
1745435271118,54042,51461,1.0501
1745435271122,54020,51426,1.0504
1745435271190,54000,51396,1.0507
1745435271207,53980,51368,1.0508
1745435271233,53957,51333,1.0511
1745435271266,53924,51279,1.0516
1745435271303,53881,51201,1.0523
1745435271343,53828,51103,1.0533
1745435271354,53771,50993,1.0545
1745435271419,53717,50885,1.0556
1745435271424,53670,50791,1.0567
1745435271509,53634,50719,1.0575
1745435271524,53610,50670,1.0580
1745435271573,53595,50642,1.0583
1745435271586,53588,50629,1.0584
1745435271592,53584,50626,1.0584
1745435271624,53583,50625,1.0584
1745435271637,53580,50623,1.0584
1745435271700,53573,50613,1.0585
1745435271721,53559,50591,1.0587
1745435271748,53538,50554,1.0590
1745435271755,53510,50503,1.0595
1745435271790,53477,50443,1.0601
1745435271833,53441,50377,1.0608
1745435271867,53402,50306,1.0616
1745435271874,53362,50233,1.0623
1745435271908,53324,50162,1.0630
1745435271962,53291,50100,1.0637
1745435272041,53267,50051,1.0642
1745435272087,53251,50019,1.0646
1745435272109,53246,50004,1.0648
1745435272113,53250,50007,1.0648
1745435272135,53258,50024,1.0646
1745435272140,53268,50048,1.0643
1745435272165,53274,50068,1.0640
1745435272203,53273,50078,1.0638
1745435272246,53265,50078,1.0636
1745435272251,53254,50071,1.0636
1745435272279,53240,50061,1.0635
1745435272322,53227,50049,1.0635
1745435272354,53215,50038,1.0635
1745435272385,53207,50032,1.0635
1745435272422,53201,50031,1.0634
1745435272462,53198,50034,1.0632
1745435272596,53196,50042,1.0630
1745435272611,53196,50056,1.0627
1745435272616,53199,50078,1.0623
1745435272620,53204,50103,1.0619
1745435272625,53209,50131,1.0614
1745435272629,53215,50157,1.0610
1745435272657,53222,50184,1.0606
1745435272716,53232,50214,1.0601
1745435272747,53246,50255,1.0595
1745435272805,53267,50312,1.0587
1745435272836,53296,50387,1.0577
1745435272839,53333,50477,1.0566
1745435272864,53375,50582,1.0552
1745435272906,53422,50702,1.0537
1745435272923,53474,50834,1.0519
1745435272963,53526,50971,1.0501
1745435272981,53578,51109,1.0483
1745435273030,53629,51243,1.0466
1745435273057,53679,51375,1.0449
1745435273123,53729,51504,1.0432
1745435273146,53779,51632,1.0416
1745435273200,53829,51759,1.0400
1745435273204,53879,51885,1.0384
1745435273209,53928,52009,1.0369
1745435273232,53976,52127,1.0355
1745435273269,54022,52241,1.0341
1745435273301,54069,52354,1.0327
1745435273444,54119,52476,1.0313
1745435273452,54176,52611,1.0297
1745435273455,54238,52760,1.0280
1745435273460,54301,52913,1.0262
1745435273464,54357,53055,1.0245
1745435273489,54400,53173,1.0231
1745435273507,54425,53255,1.0220
1745435273540,54430,53293,1.0213
1745435273585,54415,53288,1.0212
1745435273612,54386,53249,1.0214
1745435273651,54352,53192,1.0218
1745435273676,54319,53134,1.0223
1745435273687,54294,53088,1.0227
1745435273738,54278,53064,1.0229
1745435273851,54272,53062,1.0228
1745435273866,54272,53075,1.0226
1745435273871,54274,53096,1.0222
1745435273875,54274,53114,1.0218
1745435273902,54269,53126,1.0215
1745435273927,54260,53130,1.0213
1745435273965,54248,53128,1.0211
1745435273999,54235,53122,1.0210
1745435274005,54221,53111,1.0209
1745435274036,54208,53096,1.0209
1745435274067,54196,53080,1.0210
1745435274093,54186,53064,1.0212
1745435274135,54177,53047,1.0213
1745435274167,54166,53029,1.0214
1745435274204,54153,53011,1.0215
1745435274254,54139,52993,1.0216
1745435274283,54126,52980,1.0216
1745435274287,54113,52969,1.0216
1745435274341,54098,52956,1.0216
1745435274371,54080,52934,1.0216
1745435274397,54057,52899,1.0219
1745435274451,54029,52850,1.0223
1745435274458,53996,52792,1.0228
1745435274484,53964,52731,1.0234
1745435274518,53934,52678,1.0238
1745435274552,53911,52642,1.0241
1745435274601,53896,52625,1.0242
1745435274640,53887,52621,1.0241
1745435274662,53881,52623,1.0239
1745435274668,53874,52621,1.0238
1745435274702,53865,52611,1.0238
1745435274722,53853,52591,1.0240
1745435274835,53834,52555,1.0243
1745435274839,53808,52504,1.0248
1745435274843,53777,52440,1.0255
1745435274873,53743,52368,1.0263
1745435274895,53707,52294,1.0270
1745435274943,53671,52223,1.0277
1745435274953,53637,52157,1.0284
1745435274985,53605,52100,1.0289
1745435275026,53578,52054,1.0293
1745435275048,53558,52023,1.0295
1745435275076,53546,52008,1.0296
1745435275109,53543,52011,1.0295
1745435275155,53551,52032,1.0292
1745435275179,53566,52069,1.0287
1745435275188,53583,52111,1.0282
1745435275220,53598,52148,1.0278
1745435275285,53606,52172,1.0275
1745435275305,53608,52183,1.0273
1745435275336,53607,52189,1.0272
1745435275367,53605,52194,1.0270
1745435275400,53603,52201,1.0269
1745435275432,53603,52212,1.0266
1745435275491,53606,52230,1.0263
1745435275513,53614,52260,1.0259
1745435275519,53630,52302,1.0254
1745435275550,53651,52353,1.0248
1745435275583,53675,52410,1.0241
1745435275617,53703,52473,1.0235
1745435275690,53734,52541,1.0227
1745435275714,53770,52618,1.0219
1745435275718,53810,52708,1.0209
1745435275754,53859,52817,1.0197
1745435275771,53919,52956,1.0182
1745435275794,53995,53135,1.0162
1745435275817,54088,53354,1.0138
1745435275851,54195,53607,1.0110
1745435275954,54310,53880,1.0080
1745435275981,54426,54152,1.0051
1745435275988,54532,54397,1.0025
1745435276005,54621,54598,1.0004
1745435276048,54689,54747,0.9989
1745435276055,54737,54850,0.9979
1745435276082,54773,54925,0.9972
1745435276123,54806,54990,0.9966
1745435276174,54839,55059,0.9960
1745435276205,54876,55134,0.9953
1745435276212,54915,55213,0.9946
1745435276256,54954,55292,0.9939
1745435276274,54990,55364,0.9932
1745435276301,55022,55428,0.9927
1745435276342,55049,55483,0.9922
1745435276381,55073,55531,0.9918
1745435276387,55093,55572,0.9914
1745435276421,55108,55604,0.9911
1745435276463,55116,55623,0.9909
1745435276503,55116,55626,0.9908
1745435276522,55110,55614,0.9909
1745435276545,55098,55591,0.9911
1745435276587,55081,55559,0.9914
1745435276616,55063,55521,0.9917
1745435276690,55041,55477,0.9921
1745435276720,55015,55424,0.9926
1745435276723,54982,55356,0.9933
1745435276753,54940,55266,0.9941
1745435276795,54888,55154,0.9952
1745435276818,54827,55025,0.9964
1745435276839,54763,54889,0.9977
1745435276872,54701,54757,0.9990
1745435276923,54646,54639,1.0001
1745435276950,54602,54545,1.0010
1745435276956,54572,54480,1.0017
1745435276976,54555,54443,1.0021
1745435277003,54546,54424,1.0023
1745435277035,54541,54411,1.0024
1745435277070,54534,54393,1.0026
1745435277108,54523,54364,1.0029
1745435277265,54507,54319,1.0035
1745435277271,54484,54255,1.0042
1745435277274,54455,54174,1.0052
1745435277278,54422,54083,1.0063
1745435277284,54388,53990,1.0074
1745435277308,54354,53901,1.0084
1745435277325,54319,53817,1.0093
1745435277360,54285,53737,1.0102
1745435277396,54251,53661,1.0110
1745435277409,54219,53589,1.0118
1745435277442,54190,53521,1.0125
1745435277484,54164,53460,1.0132
1745435277515,54143,53409,1.0138
1745435277549,54128,53369,1.0142
1745435277731,54117,53341,1.0146
1745435277737,54109,53316,1.0149
1745435277741,54098,53288,1.0152
1745435277747,54083,53249,1.0157
1745435277751,54063,53201,1.0162
1745435277754,54038,53145,1.0168
1745435277777,54009,53087,1.0174
1745435277793,53980,53030,1.0179
1745435277833,53952,52983,1.0183
1745435277992,53931,52952,1.0185
1745435278014,53917,52939,1.0185
1745435278018,53912,52944,1.0183
1745435278021,53918,52968,1.0179
1745435278026,53934,53012,1.0174
1745435278031,53961,53073,1.0167
1745435278068,53993,53147,1.0159
1745435278071,54026,53228,1.0150
1745435278181,54058,53308,1.0141
1745435278228,54087,53387,1.0131
1745435278231,54114,53462,1.0122
1745435278235,54138,53533,1.0113
1745435278238,54164,53602,1.0105
1745435278269,54192,53672,1.0097
1745435278301,54226,53748,1.0089
1745435278335,54265,53831,1.0081
1745435278363,54305,53914,1.0073
1745435278423,54343,53992,1.0065
1745435278467,54377,54065,1.0058
1745435278474,54410,54136,1.0050
1745435278478,54442,54211,1.0043
1745435278507,54476,54288,1.0035
1745435278534,54511,54365,1.0027
1745435278719,54546,54438,1.0020
1745435278730,54581,54508,1.0013
1745435278734,54615,54574,1.0008
1745435278742,54649,54639,1.0002
1745435278747,54685,54707,0.9996
1745435278752,54725,54784,0.9989
1745435278783,54770,54873,0.9981
1745435278789,54820,54976,0.9972
1745435278817,54873,55086,0.9961
1745435278855,54923,55195,0.9951
1745435278905,54966,55288,0.9942
1745435278919,54997,55352,0.9936
1745435278983,55012,55377,0.9934
1745435278992,55008,55356,0.9937
1745435279038,54988,55294,0.9945
1745435279149,54958,55208,0.9955
1745435279154,54925,55117,0.9965
1745435279178,54898,55038,0.9975
1745435279182,54880,54980,0.9982
1745435279223,54870,54942,0.9987
1745435279255,54866,54920,0.9990
1745435279261,54863,54902,0.9993
1745435279282,54858,54880,0.9996
1745435279319,54850,54851,1.0000
1745435279422,54842,54820,1.0004
1745435279427,54838,54794,1.0008
1745435279456,54841,54780,1.0011
1745435279473,54850,54779,1.0013
1745435279479,54864,54785,1.0014
1745435279503,54878,54793,1.0016
1745435279509,54891,54797,1.0017
1745435279549,54898,54792,1.0019
1745435279599,54898,54771,1.0023
1745435279620,54888,54733,1.0028
1745435279642,54871,54682,1.0035
1745435279666,54851,54625,1.0041
1745435279724,54831,54569,1.0048
1745435279830,54811,54512,1.0055
1745435279840,54793,54453,1.0062
1745435279845,54774,54388,1.0071
1745435279853,54754,54316,1.0081
1745435279884,54733,54238,1.0091
1745435279903,54709,54157,1.0102
1745435279912,54684,54079,1.0112
1745435279951,54661,54011,1.0120
1745435280085,54644,53959,1.0127
1745435280091,54633,53925,1.0131
1745435280095,54626,53901,1.0135
1745435280101,54620,53875,1.0138
1745435280129,54611,53838,1.0144
1745435280137,54597,53788,1.0150
1745435280173,54579,53726,1.0159
1745435280215,54555,53653,1.0168
1745435280273,54526,53568,1.0179
1745435280279,54493,53475,1.0190
1745435280331,54460,53382,1.0202
1745435280338,54432,53297,1.0213
1745435280370,54410,53229,1.0222
1745435280406,54394,53177,1.0229
1745435280458,54384,53141,1.0234
1745435280478,54377,53114,1.0238
1745435280488,54371,53091,1.0241
1745435280522,54366,53067,1.0245
1745435280551,54362,53040,1.0249
1745435280585,54360,53014,1.0254
1745435280635,54361,52992,1.0258
1745435280642,54365,52976,1.0262
1745435280688,54371,52964,1.0266
1745435280715,54373,52948,1.0269
1745435280736,54372,52924,1.0274
1745435280757,54367,52892,1.0279
1745435280818,54361,52857,1.0285
1745435280881,54356,52821,1.0291
1745435280884,54351,52787,1.0296
1745435280890,54349,52761,1.0301
1745435280958,54352,52746,1.0304
1745435280990,54360,52746,1.0306
1745435281013,54373,52762,1.0305
1745435281020,54392,52788,1.0304
1745435281037,54414,52821,1.0302
1745435281077,54437,52854,1.0299
1745435281127,54458,52882,1.0298
1745435281133,54475,52902,1.0297
1745435281189,54489,52916,1.0297
1745435281212,54502,52928,1.0297
1745435281250,54518,52949,1.0296
1745435281289,54543,52987,1.0294
1745435281337,54579,53048,1.0289
1745435281356,54626,53132,1.0281
1745435281363,54682,53236,1.0272
1745435281405,54747,53358,1.0260
1745435281412,54817,53494,1.0247
1745435281455,54888,53634,1.0234
1745435281489,54956,53768,1.0221
1745435281516,55016,53888,1.0209
1745435281618,55069,53993,1.0199
1745435281633,55114,54082,1.0191
1745435281638,55153,54156,1.0184
1745435281642,55185,54218,1.0179
1745435281669,55215,54273,1.0174
1745435281713,55246,54331,1.0168
1745435281752,55281,54398,1.0162
1745435281758,55322,54477,1.0155
1745435281787,55371,54573,1.0146
1745435281825,55428,54688,1.0135
1745435281861,55494,54824,1.0122
1745435281890,55569,54981,1.0107
1745435281936,55649,55150,1.0090
1745435281989,55728,55318,1.0074
1745435282014,55797,55464,1.0060
1745435282018,55849,55570,1.0050
1745435282065,55878,55619,1.0047
1745435282071,55882,55609,1.0049
1745435282108,55865,55549,1.0057
1745435282150,55835,55459,1.0068
1745435282176,55801,55364,1.0079
1745435282192,55772,55283,1.0088
1745435282277,55752,55224,1.0096
1745435282294,55741,55185,1.0101
1745435282300,55735,55155,1.0105
1745435282338,55727,55116,1.0111
1745435282358,55711,55056,1.0119
1745435282401,55684,54969,1.0130
1745435282451,55647,54858,1.0144
1745435282475,55603,54735,1.0159
1745435282499,55559,54614,1.0173
1745435282507,55521,54506,1.0186
1745435282537,55492,54418,1.0197
1745435282570,55475,54355,1.0206
1745435282608,55469,54314,1.0213
1745435282692,55473,54288,1.0218
1745435282717,55478,54266,1.0223
1745435282723,55482,54238,1.0229
1745435282731,55480,54198,1.0236
1745435282775,55471,54145,1.0245
1745435282819,55453,54074,1.0255
1745435282866,55426,53982,1.0267
1745435282890,55389,53868,1.0282
1745435282913,55344,53737,1.0299
1745435282919,55296,53599,1.0317
1745435282957,55251,53468,1.0333
1745435282997,55213,53359,1.0348
1745435283004,55190,53283,1.0358
1745435283084,55182,53248,1.0363
1745435283091,55191,53250,1.0364
1745435283107,55210,53276,1.0363
1745435283136,55234,53306,1.0362
1745435283180,55254,53321,1.0362
1745435283215,55265,53311,1.0366
1745435283331,55265,53271,1.0374
1745435283337,55253,53202,1.0385
1745435283341,55231,53111,1.0399
1745435283346,55205,53011,1.0414
1745435283370,55178,52915,1.0428
1745435283397,55156,52832,1.0440
1745435283433,55139,52766,1.0450
1745435283467,55127,52715,1.0458
1745435283492,55120,52677,1.0464
1745435283542,55117,52652,1.0468
1745435283559,55119,52637,1.0471
1745435283598,55122,52629,1.0474
1745435283605,55129,52626,1.0476
1745435283654,55139,52630,1.0477
1745435283688,55154,52645,1.0477
1745435283714,55174,52667,1.0476
1745435283741,55194,52691,1.0475
1745435283843,55213,52708,1.0475
1745435283850,55230,52715,1.0477
1745435283855,55244,52716,1.0480
1745435283884,55257,52712,1.0483
1745435283890,55270,52710,1.0486
1745435283953,55284,52715,1.0487
1745435283959,55304,52736,1.0487
1745435284134,55331,52777,1.0484
1745435284149,55364,52833,1.0479
1745435284154,55398,52893,1.0474
1745435284158,55431,52947,1.0469
1745435284163,55459,52991,1.0466
1745435284167,55484,53027,1.0463
1745435284188,55507,53060,1.0461
1745435284204,55529,53095,1.0458
1745435284233,55554,53139,1.0454
1745435284269,55584,53199,1.0448
1745435284292,55623,53276,1.0440
1745435284322,55670,53368,1.0431
1745435284373,55724,53469,1.0422
1745435284413,55784,53574,1.0413
1745435284453,55847,53680,1.0404
1745435284518,55910,53787,1.0395
1745435284538,55969,53888,1.0386
1745435284543,56022,53980,1.0378
1745435284548,56067,54063,1.0371
1745435284599,56106,54139,1.0363
1745435284608,56140,54209,1.0356
1745435284641,56170,54272,1.0350
1745435284695,56196,54330,1.0343
1745435284701,56222,54390,1.0337
1745435284739,56251,54458,1.0329
1745435284768,56286,54540,1.0320
1745435284807,56328,54638,1.0309
1745435284819,56378,54751,1.0297
1745435284851,56435,54880,1.0283
1745435285022,56497,55022,1.0268
1745435285058,56563,55171,1.0252
1745435285068,56628,55318,1.0237
1745435285073,56687,55452,1.0223
1745435285076,56735,55561,1.0211
1745435285107,56768,55634,1.0204
1745435285112,56781,55662,1.0201
1745435285175,56776,55645,1.0203
1745435285209,56757,55594,1.0209
1745435285224,56730,55525,1.0217
1745435285241,56701,55452,1.0225
1745435285255,56676,55384,1.0233
1745435285282,56655,55324,1.0241
1745435285350,56639,55270,1.0248
1745435285355,56623,55217,1.0255
1745435285359,56604,55156,1.0263
1745435285392,56579,55083,1.0272
1745435285434,56547,54997,1.0282
1745435285447,56511,54902,1.0293
1745435285494,56473,54807,1.0304
1745435285551,56440,54719,1.0314
1745435285587,56412,54645,1.0323
1745435285607,56390,54585,1.0331
1745435285620,56373,54537,1.0337
1745435285642,56357,54493,1.0342
1745435285671,56340,54446,1.0348
1745435285704,56320,54392,1.0354
1745435285749,56301,54337,1.0361
1745435285776,56285,54287,1.0368
1745435285791,56273,54247,1.0374
1745435285827,56262,54211,1.0378
1745435285871,56248,54170,1.0384
1745435285891,56226,54116,1.0390
1745435285933,56196,54044,1.0398
1745435285971,56159,53959,1.0408
1745435286004,56120,53867,1.0418
1745435286026,56084,53781,1.0428
1745435286051,56056,53709,1.0437
1745435286086,56036,53658,1.0443
1745435286125,56023,53620,1.0448
1745435286192,56010,53582,1.0453
1745435286222,55990,53531,1.0459
1745435286244,55962,53457,1.0469
1745435286251,55926,53365,1.0480
1745435286256,55885,53259,1.0493
1745435286290,55841,53148,1.0507
1745435286376,55798,53037,1.0521
1745435286390,55760,52938,1.0533
1745435286416,55731,52858,1.0544
1745435286422,55712,52798,1.0552
1745435286456,55699,52754,1.0558
1745435286571,55690,52720,1.0563
1745435286615,55684,52692,1.0568
1745435286618,55679,52670,1.0571
1745435286624,55677,52654,1.0574
1745435286630,55677,52644,1.0576
1745435286664,55678,52638,1.0578
1745435286771,55682,52638,1.0578
1745435286814,55689,52644,1.0578
1745435286827,55698,52658,1.0577
1745435286831,55709,52678,1.0575
1745435286841,55722,52703,1.0573
1745435286844,55735,52729,1.0570
1745435286890,55748,52757,1.0567
1745435286906,55759,52783,1.0564
1745435286943,55769,52804,1.0561
1745435286989,55775,52816,1.0560
1745435287038,55778,52817,1.0561
1745435287061,55780,52811,1.0562
1745435287073,55780,52801,1.0564
1745435287093,55779,52787,1.0567
1745435287122,55777,52770,1.0570
1745435287149,55773,52750,1.0573
1745435287185,55769,52732,1.0576
1745435287223,55770,52725,1.0578
1745435287242,55777,52734,1.0577
1745435287307,55794,52767,1.0574
1745435287391,55821,52820,1.0568
1745435287419,55855,52888,1.0561
1745435287427,55891,52965,1.0553
1745435287434,55927,53042,1.0544
1745435287487,55958,53114,1.0536
1745435287517,55985,53174,1.0529
1745435287522,56007,53226,1.0523
1745435287546,56029,53274,1.0517
1745435287605,56053,53323,1.0512
1745435287645,56081,53378,1.0506
1745435287689,56114,53443,1.0500
1745435287720,56154,53521,1.0492
1745435287723,56200,53618,1.0482
1745435287729,56252,53730,1.0469
1745435287753,56306,53852,1.0456
1745435287757,56361,53975,1.0442
1745435287793,56413,54095,1.0428
1745435287874,56464,54209,1.0416
1745435287897,56513,54317,1.0404
1745435287903,56559,54418,1.0393
1745435287947,56604,54516,1.0383
1745435287952,56648,54612,1.0373
1745435288001,56694,54711,1.0362
1745435288039,56742,54817,1.0351
1745435288042,56794,54929,1.0339
1745435288130,56847,55047,1.0327
1745435288137,56899,55164,1.0315
1745435288225,56947,55273,1.0303
1745435288253,56986,55365,1.0293
1745435288270,57012,55430,1.0285
1745435288273,57025,55464,1.0281
1745435288279,57023,55464,1.0281
1745435288316,57010,55436,1.0284
1745435288350,56987,55386,1.0289
1745435288426,56958,55320,1.0296
1745435288472,56927,55248,1.0304
1745435288516,56895,55177,1.0311
1745435288528,56866,55113,1.0318
1745435288537,56840,55056,1.0324
1745435288586,56818,55007,1.0329
1745435288591,56799,54965,1.0334
1745435288597,56783,54927,1.0338
1745435288622,56770,54891,1.0342
1745435288647,56757,54855,1.0347
1745435288694,56742,54814,1.0352
1745435288758,56726,54767,1.0358
1745435288821,56707,54714,1.0364
1745435288825,56688,54659,1.0371
1745435288831,56667,54602,1.0378
1745435288835,56645,54543,1.0385
1745435288859,56621,54482,1.0393
1745435288884,56597,54425,1.0399
1745435288963,56574,54374,1.0405
1745435288967,56554,54332,1.0409
1745435289019,56538,54295,1.0413
1745435289026,56523,54259,1.0417
1745435289047,56509,54216,1.0423
1745435289103,56492,54164,1.0430
1745435289126,56470,54098,1.0438
1745435289160,56441,54018,1.0449
1745435289168,56408,53928,1.0460
1745435289247,56370,53831,1.0472
1745435289254,56330,53729,1.0484
1745435289259,56287,53621,1.0497
1745435289372,56239,53501,1.0512
1745435289425,56184,53363,1.0529
1745435289433,56120,53205,1.0548
1745435289444,56050,53032,1.0569
1745435289483,55975,52853,1.0591
1745435289489,55901,52675,1.0612
1745435289492,55830,52505,1.0633
1745435289528,55767,52354,1.0652
1745435289543,55716,52231,1.0667
1745435289581,55680,52144,1.0678
1745435289627,55659,52091,1.0685
1745435289651,55649,52065,1.0688
1745435289716,55645,52055,1.0689
1745435289721,55643,52050,1.0690
1745435289767,55639,52037,1.0692
1745435289772,55631,52009,1.0696
1745435289809,55617,51964,1.0703
1745435289833,55596,51903,1.0712
1745435289898,55569,51827,1.0722
1745435289921,55533,51733,1.0735
1745435289957,55484,51614,1.0750
1745435289976,55419,51465,1.0768
1745435289994,55339,51284,1.0791
1745435290090,55250,51084,1.0816
1745435290134,55163,50882,1.0841
1745435290142,55085,50698,1.0865
1745435290155,55024,50543,1.0887
1745435290187,54982,50426,1.0903
1745435290198,54960,50355,1.0915
1745435290226,54958,50331,1.0919
1745435290249,54973,50355,1.0917
1745435290282,55005,50421,1.0909
1745435290291,55050,50521,1.0896
1745435290321,55104,50646,1.0880
1745435290352,55164,50783,1.0863
1745435290416,55224,50917,1.0846
1745435290471,55282,51042,1.0831
1745435290502,55338,51159,1.0817
1745435290508,55396,51277,1.0803
1745435290547,55460,51410,1.0788
1745435290554,55534,51565,1.0770
1745435290590,55616,51742,1.0749
1745435290615,55704,51936,1.0726
1745435290659,55795,52138,1.0701
1745435290702,55884,52339,1.0677
1745435290736,55966,52526,1.0655
1745435290786,56035,52685,1.0636
1745435290808,56086,52808,1.0621
1745435290864,56121,52893,1.0610
1745435290869,56145,52949,1.0603
1745435290904,56162,52986,1.0599
1745435290932,56178,53015,1.0597
1745435290970,56197,53046,1.0594
1745435290997,56220,53085,1.0591
1745435291003,56249,53138,1.0585
1745435291037,56283,53207,1.0578
1745435291043,56322,53294,1.0568
1745435291092,56367,53401,1.0555
1745435291113,56420,53529,1.0540
1745435291152,56480,53674,1.0523
1745435291203,56543,53825,1.0505
1745435291227,56604,53967,1.0489
1745435291248,56656,54084,1.0475
1745435291284,56691,54163,1.0467
1745435291316,56706,54195,1.0463
1745435291362,56701,54179,1.0465
1745435291367,56678,54127,1.0471
1745435291405,56647,54056,1.0479
1745435291440,56613,53982,1.0488
1745435291524,56584,53917,1.0495
1745435291550,56560,53863,1.0501
1745435291559,56540,53818,1.0506
1745435291566,56519,53771,1.0511
1745435291598,56494,53715,1.0517
1745435291636,56463,53643,1.0526
1745435291642,56427,53559,1.0535
1745435291709,56389,53470,1.0546
1745435291753,56355,53387,1.0556
1745435291781,56330,53323,1.0564
1745435291789,56316,53285,1.0569
1745435291793,56312,53271,1.0571
1745435291832,56316,53276,1.0571
1745435291867,56324,53295,1.0568
1745435291900,56333,53320,1.0565
1745435291969,56340,53342,1.0562
1745435291992,56340,53352,1.0560
1745435292032,56333,53343,1.0561
1745435292058,56319,53318,1.0563
1745435292090,56300,53284,1.0566
1745435292119,56280,53248,1.0569
1745435292125,56260,53214,1.0572
1745435292154,56240,53179,1.0576
1745435292184,56220,53143,1.0579
1745435292242,56201,53105,1.0583
1745435292252,56183,53068,1.0587
1745435292296,56170,53038,1.0590
1745435292304,56164,53023,1.0592
1745435292356,56165,53027,1.0592
1745435292402,56172,53047,1.0589
1745435292407,56182,53076,1.0585
1745435292439,56189,53100,1.0582
1745435292460,56192,53110,1.0580
1745435292523,56187,53101,1.0581
1745435292549,56177,53076,1.0584
1745435292607,56162,53037,1.0589
1745435292653,56145,52991,1.0595
1745435292660,56126,52944,1.0601
1745435292714,56109,52903,1.0606
1745435292722,56093,52871,1.0610
1745435292726,56079,52846,1.0612
1745435292802,56064,52825,1.0613
1745435292810,56051,52801,1.0615
1745435292818,56038,52776,1.0618
1745435292842,56027,52750,1.0621
1745435292869,56021,52731,1.0624
1745435292901,56022,52726,1.0625
1745435292943,56033,52748,1.0623
1745435292954,56056,52801,1.0616
1745435292992,56092,52886,1.0606
1745435293043,56135,52991,1.0593
1745435293096,56182,53102,1.0580
1745435293124,56227,53205,1.0568
1745435293149,56268,53295,1.0558
1745435293182,56303,53372,1.0549
1745435293191,56334,53441,1.0541
1745435293231,56363,53509,1.0533
1745435293236,56395,53589,1.0524
1745435293274,56434,53691,1.0511
1745435293291,56483,53818,1.0495
1745435293347,56541,53966,1.0477
1745435293499,56605,54124,1.0458
1745435293505,56673,54284,1.0440
1745435293511,56741,54439,1.0423
1745435293518,56806,54585,1.0407
1745435293522,56865,54722,1.0392
1745435293573,56921,54853,1.0377
1745435293631,56977,54991,1.0361
1745435293665,57039,55148,1.0343
1745435293737,57112,55335,1.0321
1745435293744,57196,55549,1.0296
1745435293748,57289,55782,1.0270
1745435293770,57383,56016,1.0244
1745435293776,57471,56234,1.0220
1745435293790,57545,56418,1.0200
1745435293827,57600,56559,1.0184
1745435293878,57636,56659,1.0172
1745435293885,57656,56726,1.0164
1745435293891,57666,56771,1.0158
1745435293932,57667,56797,1.0153
1745435293976,57662,56802,1.0151
1745435293988,57648,56786,1.0152
1745435294034,57629,56750,1.0155
1745435294041,57607,56705,1.0159
1745435294134,57589,56664,1.0163
1745435294140,57581,56645,1.0165
1745435294186,57586,56659,1.0164
1745435294190,57605,56703,1.0159
1745435294222,57630,56762,1.0153
1745435294241,57650,56810,1.0148
1745435294367,57658,56826,1.0146
1745435294373,57647,56797,1.0150
1745435294377,57615,56720,1.0158
1745435294383,57565,56598,1.0171
1745435294410,57503,56446,1.0187
1745435294416,57438,56285,1.0205
1745435294454,57377,56137,1.0221
1745435294506,57327,56013,1.0235
1745435294540,57288,55916,1.0245
1745435294576,57257,55840,1.0254
1745435294608,57231,55775,1.0261
1745435294651,57208,55716,1.0268
1745435294656,57187,55659,1.0274
1745435294698,57167,55607,1.0280
1745435294718,57151,55566,1.0285
1745435294774,57140,55540,1.0288
1745435294819,57135,55525,1.0290
1745435294849,57132,55513,1.0292
1745435294854,57126,55493,1.0294
1745435294904,57115,55460,1.0298
1745435294915,57098,55413,1.0304
1745435294956,57077,55359,1.0310
1745435294993,57055,55300,1.0317
1745435295016,57031,55238,1.0325
1745435295024,57006,55172,1.0332
1745435295089,56979,55099,1.0341
1745435295093,56947,55016,1.0351
1745435295117,56908,54918,1.0362
1745435295171,56859,54803,1.0375
1745435295206,56802,54673,1.0389
1745435295227,56741,54533,1.0405
1745435295249,56680,54392,1.0421
1745435295371,56624,54257,1.0436
1745435295407,56577,54139,1.0450
1745435295411,56544,54047,1.0462
1745435295418,56524,53986,1.0470
1745435295444,56515,53951,1.0475
1745435295467,56511,53928,1.0479
1745435295470,56505,53904,1.0482
1745435295481,56495,53874,1.0487
1745435295530,56481,53835,1.0491
1745435295542,56463,53791,1.0497
1745435295605,56441,53741,1.0502
1745435295640,56418,53686,1.0509
1745435295707,56395,53631,1.0515
1745435295759,56376,53582,1.0521
1745435295766,56361,53541,1.0527
1745435295820,56353,53513,1.0531
1745435295835,56350,53500,1.0533
1745435295895,56352,53502,1.0533
1745435295901,56360,53517,1.0531
1745435295977,56371,53542,1.0528
1745435295981,56385,53574,1.0525
1745435295984,56403,53612,1.0521
1745435295987,56422,53654,1.0516
1745435296004,56445,53701,1.0511
1745435296036,56472,53759,1.0505
1745435296076,56506,53831,1.0497
1745435296110,56546,53919,1.0487
1745435296130,56591,54021,1.0476
1745435296179,56642,54137,1.0463
1745435296202,56695,54261,1.0449
1745435296247,56749,54385,1.0435
1745435296282,56801,54503,1.0422
1745435296287,56850,54613,1.0410
1745435296312,56897,54718,1.0398
1745435296356,56944,54824,1.0387
1745435296379,56991,54934,1.0374
1745435296424,57038,55049,1.0361
1745435296469,57086,55169,1.0348
1745435296525,57135,55294,1.0333
1745435296549,57188,55426,1.0318
1745435296562,57246,55565,1.0303
1745435296592,57311,55715,1.0286
1745435296622,57382,55877,1.0269
1745435296626,57459,56055,1.0251
1745435296643,57542,56249,1.0230
1745435296678,57627,56453,1.0208
1745435296733,57709,56652,1.0186
1745435296831,57781,56829,1.0168
1745435296837,57838,56966,1.0153
1745435296841,57873,57049,1.0144
1745435296852,57883,57072,1.0142
1745435296883,57869,57039,1.0146
1745435296891,57839,56970,1.0152
1745435296958,57799,56887,1.0160
1745435296974,57760,56807,1.0168
1745435297029,57725,56739,1.0174
1745435297040,57696,56686,1.0178
1745435297074,57674,56640,1.0182
1745435297129,57653,56595,1.0187
1745435297170,57632,56542,1.0193
1745435297219,57608,56480,1.0200
1745435297224,57583,56418,1.0207
1745435297233,57562,56365,1.0212
1745435297260,57547,56329,1.0216
1745435297299,57538,56306,1.0219
1745435297306,57534,56290,1.0221
1745435297338,57530,56276,1.0223
1745435297361,57525,56258,1.0225
1745435297405,57518,56237,1.0228
1745435297451,57507,56212,1.0231
1745435297481,57492,56181,1.0233
1745435297491,57472,56147,1.0236
1745435297522,57450,56112,1.0238
1745435297578,57427,56077,1.0241
1745435297600,57406,56041,1.0243
1745435297729,57385,56005,1.0246
1745435297740,57366,55967,1.0250
1745435297746,57348,55929,1.0254
1745435297750,57331,55891,1.0258
1745435297754,57314,55855,1.0261
1745435297777,57299,55820,1.0265
1745435297806,57285,55789,1.0268
1745435297862,57275,55766,1.0271
1745435297908,57270,55755,1.0272
1745435297928,57270,55757,1.0271
1745435298042,57274,55770,1.0270
1745435298057,57278,55786,1.0267
1745435298062,57278,55793,1.0266
1745435298067,57267,55773,1.0268
1745435298072,57241,55716,1.0274
1745435298102,57199,55622,1.0284
1745435298107,57149,55503,1.0296
1745435298157,57097,55382,1.0310
1745435298193,57052,55278,1.0321
1745435298240,57020,55205,1.0329
1745435298253,57002,55169,1.0332
1745435298287,56996,55166,1.0332
1745435298315,57000,55186,1.0329
1745435298356,57007,55217,1.0324
1745435298398,57014,55244,1.0320
1745435298425,57015,55257,1.0318
1745435298455,57011,55255,1.0318
1745435298458,57002,55239,1.0319
1745435298484,56991,55216,1.0321
1745435298523,56977,55187,1.0324
1745435298575,56961,55153,1.0328
1745435298611,56945,55117,1.0332
1745435298619,56930,55081,1.0336
1745435298659,56915,55042,1.0340
1745435298676,56898,54996,1.0346
1745435298707,56877,54940,1.0352
1745435298736,56854,54880,1.0360
1745435298869,56831,54824,1.0366
1745435298891,56811,54778,1.0371
1745435298897,56793,54741,1.0375
1745435298901,56774,54707,1.0378
1745435298921,56753,54666,1.0382
1745435298957,56726,54612,1.0387
1745435298981,56692,54543,1.0394
1745435298991,56657,54466,1.0402
1745435299059,56624,54396,1.0410
1745435299068,56602,54347,1.0415
1745435299116,56595,54333,1.0416
1745435299124,56606,54359,1.0413
1745435299153,56632,54421,1.0406
1745435299183,56666,54505,1.0397
1745435299245,56703,54594,1.0386
1745435299272,56735,54673,1.0377
1745435299352,56758,54730,1.0371
1745435299357,56772,54762,1.0367
1745435299382,56777,54774,1.0366
1745435299390,56780,54782,1.0365
1745435299425,56786,54799,1.0362
1745435299454,56798,54835,1.0358
1745435299478,56818,54889,1.0351
1745435299486,56844,54955,1.0344
1745435299552,56875,55030,1.0335
1745435299585,56909,55112,1.0326
1745435299589,56947,55200,1.0316
1745435299617,56987,55296,1.0306
1745435299759,57029,55399,1.0294
1745435299772,57075,55513,1.0281
1745435299776,57128,55645,1.0266
1745435299780,57192,55803,1.0249
1745435299786,57267,55985,1.0229
1745435299816,57349,56187,1.0207
1745435299850,57436,56400,1.0184
1745435299879,57523,56618,1.0160
1745435299995,57608,56834,1.0136
1745435300003,57687,57044,1.0113
1745435300006,57759,57239,1.0091
1745435300011,57818,57410,1.0071
1745435300050,57863,57548,1.0055
1745435300056,57889,57641,1.0043
1745435300091,57894,57681,1.0037
1745435300222,57878,57666,1.0037
1745435300235,57843,57600,1.0042
1745435300244,57795,57498,1.0052
1745435300251,57743,57383,1.0063
1745435300261,57698,57284,1.0072
1745435300270,57670,57227,1.0077
1745435300303,57666,57228,1.0077
1745435300331,57683,57281,1.0070
1745435300366,57714,57364,1.0061
1745435300441,57745,57446,1.0052
1745435300447,57764,57499,1.0046
1745435300496,57764,57505,1.0045
1745435300502,57740,57456,1.0049
1745435300542,57693,57357,1.0059
1745435300578,57630,57223,1.0071
1745435300609,57561,57075,1.0085
1745435300636,57495,56937,1.0098
1745435300672,57440,56825,1.0108
1745435300675,57400,56747,1.0115
1745435300725,57375,56700,1.0119
1745435300754,57361,56673,1.0121
1745435300795,57351,56653,1.0123
1745435300806,57341,56627,1.0126
1745435300836,57325,56588,1.0130
1745435300899,57302,56533,1.0136
1745435300906,57274,56468,1.0143
1745435300939,57245,56400,1.0150
1745435301019,57217,56334,1.0157
1745435301038,57192,56272,1.0163
1745435301043,57169,56215,1.0170
1745435301069,57148,56162,1.0176
1745435301076,57130,56114,1.0181
1745435301107,57112,56069,1.0186
1745435301171,57091,56023,1.0191
1745435301198,57066,55974,1.0195
1745435301237,57040,55923,1.0200
1745435301242,57014,55872,1.0204
1745435301273,56988,55818,1.0210
1745435301316,56960,55756,1.0216
1745435301371,56928,55684,1.0224
1745435301378,56892,55601,1.0232
1745435301428,56850,55508,1.0242
1745435301458,56806,55411,1.0252
1745435301502,56762,55314,1.0262
1745435301508,56722,55224,1.0271
1745435301534,56688,55149,1.0279
1745435301573,56661,55089,1.0285
1745435301589,56638,55037,1.0291
1745435301624,56617,54982,1.0297
1745435301675,56591,54918,1.0305
1745435301693,56562,54844,1.0313
1745435301738,56529,54763,1.0323
1745435301741,56494,54680,1.0332
1745435301771,56459,54598,1.0341
1745435301799,56425,54522,1.0349
1745435301871,56397,54458,1.0356
1745435301909,56377,54411,1.0361
1745435301914,56367,54388,1.0364
1745435301969,56367,54390,1.0364
1745435301973,56379,54420,1.0360
1745435302000,56402,54477,1.0353
1745435302022,56436,54559,1.0344
1745435302055,56477,54657,1.0333
1745435302101,56521,54760,1.0322
1745435302130,56561,54854,1.0311
1745435302284,56593,54929,1.0303
1745435302302,56614,54982,1.0297
1745435302308,56626,55016,1.0293
1745435302311,56634,55045,1.0289
1745435302319,56647,55082,1.0284
1745435302323,56667,55136,1.0278
1745435302344,56694,55206,1.0270
1745435302366,56725,55285,1.0261
1745435302399,56756,55367,1.0251
1745435302441,56788,55454,1.0241
1745435302466,56823,55552,1.0229
1745435302503,56863,55664,1.0215
1745435302538,56907,55787,1.0201
1745435302571,56953,55913,1.0186
1745435302575,56998,56033,1.0172
1745435302637,57040,56140,1.0160
1745435302677,57077,56235,1.0150
1745435302723,57110,56323,1.0140
1745435302748,57143,56411,1.0130
1745435302754,57180,56516,1.0118
1745435302788,57228,56650,1.0102
1745435302815,57289,56819,1.0083
1745435302856,57360,57013,1.0061
1745435302874,57434,57212,1.0039
1745435302908,57502,57393,1.0019
1745435303015,57552,57530,1.0004
1745435303022,57576,57607,0.9995
1745435303026,57573,57619,0.9992
1745435303054,57546,57573,0.9995
1745435303073,57502,57485,1.0003
1745435303118,57448,57377,1.0013
1745435303143,57395,57267,1.0022
1745435303161,57347,57174,1.0030
1745435303181,57309,57109,1.0035
1745435303223,57282,57072,1.0037
1745435303242,57262,57056,1.0036
1745435303346,57247,57050,1.0035
1745435303357,57234,57045,1.0033
1745435303389,57221,57033,1.0033
1745435303409,57206,57010,1.0034
1745435303435,57186,56968,1.0038
1745435303456,57158,56905,1.0044
1745435303501,57123,56825,1.0052
1745435303524,57083,56736,1.0061
1745435303549,57042,56647,1.0070
1745435303556,57002,56568,1.0077
1745435303591,56968,56504,1.0082
1745435303620,56939,56457,1.0085
1745435303656,56915,56423,1.0087
1745435303725,56891,56392,1.0089
1745435303756,56863,56345,1.0092
1745435303790,56821,56262,1.0099
1745435303819,56761,56134,1.0112
1745435303826,56685,55965,1.0129
1745435303862,56598,55773,1.0148
1745435303884,56513,55585,1.0167
1745435303955,56440,55425,1.0183
1745435304032,56384,55307,1.0195
1745435304039,56347,55230,1.0202
1745435304042,56321,55178,1.0207
1745435304049,56299,55130,1.0212
1745435304068,56270,55066,1.0219
1745435304102,56227,54969,1.0229
1745435304179,56168,54835,1.0243
1745435304192,56096,54669,1.0261
1745435304219,56012,54479,1.0281
1745435304239,55919,54266,1.0305
1745435304288,55811,54023,1.0331
1745435304307,55685,53744,1.0361
1745435304335,55542,53432,1.0395
1745435304354,55390,53107,1.0430
1745435304400,55244,52800,1.0463
1745435304419,55122,52547,1.0490
1745435304426,55034,52370,1.0509
1745435304482,54982,52272,1.0518
1745435304508,54963,52244,1.0521
1745435304558,54969,52268,1.0517
1745435304582,54994,52333,1.0508
1745435304621,55034,52429,1.0497
1745435304625,55082,52544,1.0483
1745435304652,55132,52665,1.0469
1745435304686,55180,52779,1.0455
1745435304719,55222,52886,1.0442
1745435304755,55262,52989,1.0429
1745435304809,55302,53094,1.0416
1745435304827,55342,53200,1.0403
1745435304841,55382,53307,1.0389
1745435304871,55423,53415,1.0376
1745435304902,55466,53526,1.0362
1745435304943,55513,53644,1.0348
1745435304984,55566,53773,1.0334
1745435304992,55625,53910,1.0318
1745435305052,55684,54046,1.0303
1745435305058,55737,54169,1.0289
1745435305081,55776,54266,1.0278
1745435305121,55799,54330,1.0270
1745435305201,55805,54360,1.0266
1745435305208,55797,54364,1.0264
1745435305273,55781,54351,1.0263
1745435305289,55762,54333,1.0263
1745435305297,55747,54322,1.0262
1745435305330,55740,54329,1.0260
1745435305337,55747,54364,1.0254
1745435305370,55772,54439,1.0245
1745435305401,55820,54565,1.0230
1745435305437,55893,54750,1.0209
1745435305491,55987,54993,1.0181
1745435305515,56096,55274,1.0149
1745435305523,56206,55564,1.0116
1745435305566,56304,55825,1.0086
1745435305595,56377,56027,1.0062
1745435305622,56418,56152,1.0047
1745435305711,56424,56192,1.0041
1745435305727,56397,56152,1.0044
1745435305753,56345,56052,1.0052
1745435305757,56280,55919,1.0064
1745435305786,56214,55784,1.0077
1745435305825,56157,55669,1.0088
1745435305842,56115,55588,1.0095
1745435305873,56092,55557,1.0096
1745435305890,56092,55588,1.0091
1745435305921,56119,55684,1.0078
1745435305997,56166,55834,1.0060
1745435306022,56226,56010,1.0039
1745435306034,56286,56182,1.0019
1745435306082,56336,56327,1.0002
1745435306086,56369,56427,0.9990
1745435306139,56381,56478,0.9983
1745435306173,56374,56482,0.9981
1745435306243,56351,56449,0.9983
1745435306270,56319,56395,0.9986
1745435306275,56285,56336,0.9991
1745435306280,56256,56287,0.9994
1745435306343,56240,56264,0.9996
1745435306360,56244,56282,0.9993
1745435306384,56270,56346,0.9986
1745435306422,56316,56452,0.9976
1745435306457,56375,56584,0.9963
1745435306474,56437,56724,0.9949
1745435306500,56494,56853,0.9937
1745435306539,56536,56952,0.9927
1745435306574,56557,57005,0.9922
1745435306634,56553,57000,0.9922
1745435306640,56527,56942,0.9927
1745435306647,56487,56851,0.9936
1745435306712,56444,56752,0.9946
1745435306722,56411,56676,0.9953
1745435306756,56396,56646,0.9956
1745435306898,56408,56679,0.9952
1745435306906,56447,56774,0.9942
1745435306909,56508,56923,0.9927
1745435306916,56587,57111,0.9908
1745435306920,56679,57333,0.9886
1745435306956,56784,57585,0.9861
1745435306983,56898,57861,0.9834
1745435306990,57014,58148,0.9805
1745435307019,57126,58429,0.9777
1745435307061,57229,58694,0.9750
1745435307090,57322,58936,0.9726
1745435307121,57402,59151,0.9704
1745435307192,57471,59339,0.9685
1745435307196,57534,59511,0.9668
1745435307262,57597,59686,0.9650
1745435307272,57669,59883,0.9630
1745435307277,57755,60122,0.9606
1745435307336,57864,60416,0.9577
1745435307360,57996,60776,0.9543
1745435307381,58151,61194,0.9503
1745435307409,58317,61644,0.9460
1745435307456,58480,62089,0.9419
1745435307483,58629,62495,0.9381
1745435307501,58755,62844,0.9349
1745435307540,58858,63132,0.9323
1745435307560,58938,63360,0.9302
1745435307585,58997,63534,0.9286
1745435307624,59039,63666,0.9273
1745435307770,59072,63778,0.9262
1745435307786,59106,63894,0.9251
1745435307791,59146,64029,0.9237
1745435307795,59194,64185,0.9222
1745435307800,59246,64349,0.9207
1745435307833,59295,64501,0.9193
1745435307840,59334,64620,0.9182
1745435307871,59358,64691,0.9176
1745435307905,59367,64713,0.9174
1745435308006,59365,64698,0.9176
1745435308013,59357,64667,0.9179
1745435308018,59352,64642,0.9182
1745435308044,59356,64645,0.9182
1745435308051,59376,64695,0.9178
1745435308096,59414,64799,0.9169
1745435308135,59469,64949,0.9156
1745435308246,59532,65125,0.9141
1745435308261,59595,65306,0.9126
1745435308266,59653,65470,0.9111
1745435308272,59698,65603,0.9100
1745435308302,59728,65696,0.9092
1745435308311,59743,65747,0.9087
1745435308336,59746,65763,0.9085
1745435308371,59741,65752,0.9086
1745435308442,59731,65726,0.9088
1745435308446,59720,65694,0.9091
1745435308511,59710,65665,0.9093
1745435308527,59704,65643,0.9095
1745435308551,59699,65627,0.9097
1745435308603,59693,65605,0.9099
1745435308625,59681,65566,0.9102
1745435308652,59661,65505,0.9108
1745435308657,59636,65427,0.9115
1745435308689,59607,65341,0.9122
1745435308716,59578,65255,0.9130
1745435308753,59548,65173,0.9137
1745435308808,59521,65102,0.9143
1745435308812,59501,65052,0.9147
1745435308859,59490,65030,0.9148
1745435308886,59489,65038,0.9147
1745435308925,59500,65075,0.9143
1745435308949,59522,65140,0.9138
1745435308991,59553,65231,0.9130
1745435309033,59590,65338,0.9120
1745435309056,59628,65445,0.9111
1745435309080,59660,65536,0.9103
1745435309085,59684,65601,0.9098
1745435309124,59698,65638,0.9095
1745435309188,59705,65652,0.9094
1745435309234,59705,65649,0.9095
1745435309238,59703,65641,0.9095
1745435309275,59705,65643,0.9095
1745435309294,59715,65670,0.9093
1745435309338,59738,65729,0.9089
1745435309355,59771,65815,0.9082
1745435309410,59810,65915,0.9074
1745435309448,59848,66009,0.9067
1745435309453,59876,66080,0.9061
1745435309492,59890,66115,0.9058
1745435309508,59888,66112,0.9059
1745435309535,59875,66083,0.9061
1745435309577,59857,66046,0.9063
1745435309594,59842,66016,0.9065
1745435309641,59831,65997,0.9066
1745435309688,59824,65986,0.9066
1745435309717,59819,65972,0.9067
1745435309763,59809,65943,0.9070
1745435309770,59792,65891,0.9074
1745435309775,59768,65818,0.9081
1745435309811,59741,65736,0.9088
1745435309836,59715,65663,0.9094
1745435309876,59695,65610,0.9098
1745435310012,59682,65579,0.9101
1745435310024,59674,65566,0.9101
1745435310034,59670,65565,0.9101
1745435310037,59668,65567,0.9100
1745435310059,59664,65560,0.9101
1745435310076,59654,65538,0.9102
1745435310093,59641,65502,0.9105
1745435310128,59625,65460,0.9109
1745435310193,59610,65419,0.9112
1745435310210,59595,65377,0.9116
1745435310233,59577,65325,0.9120
1745435310274,59555,65256,0.9126
1745435310289,59527,65170,0.9134
1745435310350,59494,65073,0.9143
1745435310376,59462,64976,0.9151
1745435310397,59435,64894,0.9159
1745435310406,59417,64839,0.9164
1745435310474,59410,64814,0.9166
1745435310478,59409,64810,0.9167
1745435310496,59410,64813,0.9166
1745435310535,59408,64810,0.9167
1745435310556,59401,64795,0.9168
1745435310592,59387,64761,0.9170
1745435310633,59363,64702,0.9175
1745435310646,59328,64613,0.9182
1745435310687,59285,64499,0.9192
1745435310716,59240,64375,0.9202
1745435310772,59197,64259,0.9212
1745435310795,59162,64161,0.9221
1745435310822,59135,64084,0.9228
1745435310858,59113,64022,0.9233
1745435310873,59093,63963,0.9239
1745435310925,59072,63896,0.9245
1745435310984,59045,63814,0.9253
1745435311018,59013,63717,0.9262
1745435311024,58976,63611,0.9271
1745435311029,58940,63505,0.9281
1745435311052,58906,63409,0.9290
1745435311090,58877,63328,0.9297
1745435311171,58853,63262,0.9303
1745435311193,58834,63209,0.9308
1745435311219,58818,63165,0.9312
1745435311225,58802,63123,0.9316
1745435311250,58784,63074,0.9320
1745435311294,58760,63013,0.9325
1745435311305,58732,62939,0.9332
1745435311342,58698,62853,0.9339
1745435311387,58662,62759,0.9347
1745435311416,58623,62658,0.9356
1745435311425,58583,62549,0.9366
1745435311455,58541,62433,0.9377
1745435311500,58500,62314,0.9388
1745435311569,58461,62200,0.9399
1745435311594,58426,62097,0.9409
1745435311622,58399,62014,0.9417
1745435311642,58381,61956,0.9423
1745435311687,58373,61926,0.9426
1745435311690,58372,61917,0.9427
1745435311723,58372,61915,0.9428
1745435311764,58367,61902,0.9429
1745435311771,58354,61870,0.9432
1745435311808,58333,61817,0.9436
1745435311862,58307,61754,0.9442
1745435311868,58285,61696,0.9447
1745435311955,58273,61663,0.9450
1745435311970,58278,61673,0.9450
1745435311976,58304,61736,0.9444
1745435312005,58347,61844,0.9434
1745435312041,58400,61980,0.9422
1745435312059,58457,62121,0.9410
1745435312147,58509,62250,0.9399
1745435312155,58553,62357,0.9390
1745435312159,58589,62442,0.9383
1745435312187,58620,62516,0.9377
1745435312228,58651,62592,0.9370
1745435312273,58688,62683,0.9363
1745435312409,58736,62804,0.9352
1745435312423,58797,62959,0.9339
1745435312427,58870,63146,0.9323
1745435312433,58950,63353,0.9305
1745435312437,59030,63567,0.9286
1745435312458,59107,63778,0.9268
1745435312483,59177,63976,0.9250
1745435312490,59236,64150,0.9234
1745435312543,59284,64296,0.9221
1745435312647,59322,64415,0.9209
1745435312654,59355,64518,0.9200
1745435312658,59385,64614,0.9191
1745435312664,59415,64709,0.9182
1745435312697,59445,64804,0.9173
1745435312762,59474,64899,0.9164
1745435312785,59502,64988,0.9156
1745435312812,59527,65069,0.9148
1745435312821,59548,65136,0.9142
1745435312851,59567,65190,0.9137
1745435312882,59583,65233,0.9134
1745435312927,59597,65271,0.9131
1745435312960,59611,65306,0.9128
1745435313011,59623,65340,0.9125
1745435313018,59633,65373,0.9122
1745435313062,59642,65404,0.9119
1745435313070,59647,65426,0.9117
1745435313115,59645,65432,0.9116
1745435313120,59634,65409,0.9117
1745435313180,59611,65351,0.9122
1745435313268,59572,65248,0.9130
1745435313292,59513,65092,0.9143
1745435313297,59434,64879,0.9161
1745435313306,59335,64616,0.9183
1745435313336,59226,64327,0.9207
1745435313364,59119,64048,0.9231
1745435313375,59030,63816,0.9250
1745435313410,58969,63661,0.9263
1745435313512,58943,63598,0.9268
1745435313521,58953,63631,0.9265
1745435313528,58994,63745,0.9255
1745435313559,59056,63913,0.9240
1745435313582,59126,64099,0.9224
1745435313586,59189,64265,0.9210
1745435313660,59230,64376,0.9201
1745435313711,59241,64407,0.9198
1745435313745,59216,64346,0.9203
1745435313772,59158,64200,0.9215
1745435313782,59078,63996,0.9231
1745435313819,58989,63770,0.9250
1745435313826,58905,63556,0.9268
1745435313860,58834,63374,0.9284
1745435313885,58778,63229,0.9296
1745435313922,58736,63115,0.9306
1745435313962,58704,63024,0.9314
1745435313994,58679,62953,0.9321
1745435314010,58660,62896,0.9326
1745435314033,58646,62853,0.9331
1745435314073,58637,62821,0.9334
1745435314124,58632,62797,0.9337
1745435314149,58627,62776,0.9339
1745435314222,58618,62747,0.9342
1745435314225,58602,62701,0.9346
1745435314232,58577,62637,0.9352
1745435314264,58545,62559,0.9358
1745435314276,58510,62473,0.9366
1745435314312,58472,62380,0.9373
1745435314335,58434,62286,0.9382
1745435314374,58400,62195,0.9390
1745435314421,58370,62113,0.9397
1745435314456,58345,62044,0.9404
1745435314505,58325,61984,0.9410
1745435314522,58308,61932,0.9415
1745435314576,58293,61888,0.9419
1745435314602,58282,61857,0.9422
1745435314608,58275,61841,0.9423
1745435314634,58275,61841,0.9423
1745435314666,58283,61860,0.9422
1745435314708,58299,61901,0.9418
1745435314750,58325,61965,0.9413
1745435314766,58358,62048,0.9405
1745435314772,58395,62145,0.9397
1745435314815,58436,62255,0.9387
1745435314857,58481,62378,0.9375
1745435314882,58531,62517,0.9362
1745435314949,58584,62665,0.9349
1745435314974,58639,62818,0.9335
1745435314999,58693,62971,0.9321
1745435315005,58746,63121,0.9307
1745435315035,58796,63265,0.9294
1745435315067,58840,63398,0.9281
1745435315102,58878,63519,0.9269
1745435315134,58912,63626,0.9259
1745435315167,58942,63722,0.9250
1745435315214,58971,63810,0.9242
1745435315221,58999,63894,0.9234
1745435315277,59027,63977,0.9226
1745435315321,59060,64071,0.9218
1745435315343,59100,64187,0.9207
1745435315372,59152,64337,0.9194
1745435315378,59219,64527,0.9177
1745435315406,59298,64754,0.9157
1745435315445,59385,65011,0.9135
1745435315460,59477,65285,0.9110
1745435315493,59567,65562,0.9086
1745435315521,59650,65824,0.9062
1745435315587,59725,66066,0.9040
1745435315622,59793,66292,0.9020
1745435315626,59859,66507,0.9000
1745435315805,59923,66716,0.8982
1745435315824,59983,66911,0.8965
1745435315829,60031,67075,0.8950
1745435315832,60062,67189,0.8939
1745435315838,60069,67237,0.8934
1745435315867,60052,67213,0.8935
1745435315871,60015,67129,0.8940
1745435315876,59970,67017,0.8948
1745435315906,59929,66913,0.8956
1745435316026,59903,66849,0.8961
1745435316043,59894,66833,0.8962
1745435316049,59898,66859,0.8959
1745435316056,59906,66900,0.8955
1745435316078,59906,66926,0.8951
1745435316104,59891,66909,0.8951
1745435316134,59856,66835,0.8956
1745435316259,59805,66714,0.8964
1745435316281,59746,66568,0.8975
1745435316292,59687,66420,0.8986
1745435316299,59631,66278,0.8997
1745435316305,59578,66144,0.9007
1745435316337,59527,66014,0.9017
1745435316362,59478,65885,0.9027
1745435316375,59431,65760,0.9038
1745435316405,59386,65638,0.9048
1745435316435,59344,65520,0.9057
1745435316474,59305,65410,0.9067
1745435316521,59271,65313,0.9075
1745435316594,59243,65229,0.9082
1745435316695,59219,65156,0.9089
1745435316726,59200,65089,0.9095
1745435316730,59183,65027,0.9101
1745435316735,59169,64971,0.9107
1745435316739,59156,64919,0.9112
1745435316768,59140,64864,0.9118
1745435316774,59118,64800,0.9123
1745435316800,59090,64727,0.9129
1745435316841,59058,64646,0.9136
1745435316844,59023,64560,0.9142
1745435316870,58987,64470,0.9150
1745435316992,58951,64376,0.9157
1745435317059,58916,64281,0.9165
1745435317072,58883,64188,0.9173
1745435317095,58852,64103,0.9181
1745435317102,58827,64031,0.9187
1745435317139,58812,63984,0.9192
1745435317143,58811,63970,0.9193
1745435317178,58823,63989,0.9193
1745435317222,58845,64034,0.9190
1745435317243,58872,64090,0.9186
1745435317252,58900,64149,0.9182
1745435317273,58926,64213,0.9177
1745435317310,58952,64285,0.9170
1745435317324,58978,64364,0.9163
1745435317354,59003,64444,0.9156
1745435317387,59025,64514,0.9149
1745435317423,59041,64567,0.9144
1745435317440,59052,64596,0.9142
1745435317474,59056,64602,0.9141
1745435317518,59055,64591,0.9143
1745435317672,59052,64574,0.9145
1745435317685,59050,64565,0.9146
1745435317690,59054,64576,0.9145
1745435317693,59064,64616,0.9141
1745435317700,59083,64688,0.9133
1745435317704,59113,64796,0.9123
1745435317739,59157,64940,0.9109
1745435317769,59215,65119,0.9093
1745435317808,59286,65327,0.9075
1745435317828,59366,65555,0.9056
1745435317867,59450,65792,0.9036
1745435317875,59533,66026,0.9017
1745435317934,59609,66244,0.8998
1745435317939,59672,66429,0.8983
1745435317977,59719,66572,0.8971
1745435318016,59752,66675,0.8962
1745435318025,59775,66752,0.8955
1745435318185,59795,66823,0.8948
1745435318191,59817,66900,0.8941
1745435318195,59841,66987,0.8933
1745435318200,59867,67075,0.8925
1745435318204,59888,67149,0.8919
1745435318222,59901,67199,0.8914
1745435318252,59905,67220,0.8912
1745435318286,59902,67219,0.8911
1745435318320,59897,67211,0.8912
1745435318351,59898,67219,0.8911
1745435318395,59910,67259,0.8907
1745435318416,59935,67335,0.8901
1745435318459,59969,67438,0.8892
1745435318471,60005,67549,0.8883
1745435318507,60036,67640,0.8876
1745435318652,60051,67684,0.8872
1745435318660,60044,67662,0.8874
1745435318665,60014,67574,0.8881
1745435318672,59966,67437,0.8892
1745435318675,59907,67274,0.8905
1745435318702,59846,67107,0.8918
1745435318734,59787,66952,0.8930
1745435318770,59736,66819,0.8940
1745435318777,59694,66712,0.8948
1745435318916,59663,66633,0.8954
1745435318923,59641,66578,0.8958
1745435318928,59627,66540,0.8961
1745435318935,59619,66511,0.8964
1745435318976,59612,66480,0.8967
1745435319016,59605,66441,0.8971
1745435319022,59593,66388,0.8976
1745435319078,59574,66318,0.8983
1745435319098,59547,66233,0.8991
1745435319104,59515,66143,0.8998
1745435319132,59485,66064,0.9004
1745435319227,59459,66007,0.9008
1745435319247,59442,65976,0.9010
1745435319255,59433,65970,0.9009
1745435319259,59433,65986,0.9007
1745435319289,59442,66020,0.9004
1745435319318,59454,66059,0.9000
1745435319352,59464,66090,0.8997
1745435319388,59465,66095,0.8997
1745435319528,59451,66061,0.8999
1745435319551,59420,65981,0.9006
1745435319557,59372,65856,0.9015
1745435319560,59311,65694,0.9028
1745435319566,59244,65514,0.9043
1745435319571,59180,65340,0.9057
1745435319600,59128,65195,0.9069
1745435319633,59092,65094,0.9078
1745435319703,59072,65031,0.9084
1745435319706,59061,64995,0.9087
1745435319783,59054,64972,0.9089
1745435319793,59047,64951,0.9091
1745435319798,59037,64928,0.9093
1745435319833,59022,64898,0.9095
1745435319842,59004,64859,0.9097
1745435319900,58983,64816,0.9100
1745435319939,58963,64775,0.9103
1745435319975,58945,64737,0.9105
1745435320037,58929,64703,0.9108
1745435320056,58915,64672,0.9110
1745435320183,58904,64647,0.9112
1745435320216,58898,64633,0.9113
1745435320220,58898,64633,0.9113
1745435320224,58905,64651,0.9111
1745435320228,58918,64685,0.9108
1745435320234,58937,64737,0.9104
1745435320238,58962,64805,0.9098
1745435320274,58994,64893,0.9091
1745435320290,59033,65001,0.9082
1745435320360,59080,65132,0.9071
1745435320453,59135,65288,0.9058
1745435320478,59199,65472,0.9042
1745435320484,59270,65679,0.9024
1745435320487,59344,65891,0.9006
1745435320514,59413,66091,0.8990
1745435320518,59473,66263,0.8975
1745435320552,59524,66404,0.8964
1745435320577,59565,66517,0.8955
1745435320597,59599,66606,0.8948
1745435320620,59625,66678,0.8942
1745435320659,59648,66741,0.8937
1745435320688,59668,66802,0.8932
1745435320725,59688,66867,0.8926
1745435320755,59709,66937,0.8920
1745435320787,59734,67016,0.8913
1745435320838,59765,67111,0.8905
1745435320870,59807,67232,0.8896
1745435320902,59859,67383,0.8883
1745435320908,59920,67560,0.8869
1745435320935,59983,67748,0.8854
1745435320977,60040,67923,0.8839
1745435321000,60083,68062,0.8828
1745435321059,60105,68145,0.8820
1745435321107,60105,68158,0.8818
1745435321114,60082,68105,0.8822
1745435321150,60044,68005,0.8829
1745435321160,60000,67886,0.8838
1745435321210,59959,67771,0.8847
1745435321252,59925,67677,0.8855
1745435321279,59898,67606,0.8860
1745435321289,59876,67548,0.8864
1745435321320,59853,67489,0.8869
1745435321345,59824,67419,0.8874
1745435321391,59790,67335,0.8880
1745435321424,59755,67244,0.8886
1745435321460,59722,67158,0.8893
1745435321511,59697,67084,0.8899
1745435321523,59678,67022,0.8904
1745435321549,59664,66968,0.8909
1745435321589,59652,66916,0.8914
1745435321624,59641,66866,0.8919
1745435321677,59630,66817,0.8924
1745435321697,59618,66763,0.8930
1745435321705,59600,66698,0.8936
1745435321740,59577,66621,0.8943
1745435321767,59548,66536,0.8950
1745435321775,59517,66446,0.8957
1745435321805,59483,66353,0.8965
1745435321856,59447,66255,0.8972
1745435321911,59409,66149,0.8981
1745435321932,59368,66033,0.8991
1745435321957,59327,65912,0.9001
1745435321983,59287,65793,0.9011
1745435322021,59250,65681,0.9021
1745435322047,59217,65582,0.9029
1745435322077,59189,65498,0.9037
1745435322111,59165,65428,0.9043
1745435322136,59146,65368,0.9048
1745435322156,59127,65310,0.9053
1745435322217,59105,65245,0.9059
1745435322244,59079,65167,0.9066
1745435322268,59048,65080,0.9073
1745435322304,59013,64991,0.9080
1745435322319,58978,64907,0.9087
1745435322351,58946,64841,0.9091
1745435322387,58922,64803,0.9092
1745435322412,58908,64797,0.9091
1745435322436,58904,64817,0.9088
1745435322471,58906,64851,0.9083
1745435322531,58910,64887,0.9079
1745435322576,58912,64916,0.9075
1745435322582,58911,64934,0.9072
1745435322667,58904,64936,0.9071
1745435322674,58891,64922,0.9071
1745435322678,58871,64893,0.9072
1745435322708,58848,64854,0.9074
1745435322728,58823,64816,0.9075
1745435322789,58801,64786,0.9076
1745435322909,58784,64771,0.9076
1745435322922,58773,64774,0.9073
1745435322935,58768,64796,0.9070
1745435322942,58767,64833,0.9064
1745435322948,58767,64873,0.9059
1745435322974,58764,64902,0.9054
1745435322989,58754,64917,0.9051
1745435323022,58743,64926,0.9048
1745435323057,58734,64944,0.9044
1745435323071,58733,64984,0.9038
1745435323105,58741,65048,0.9030
1745435323153,58757,65130,0.9022
1745435323183,58778,65222,0.9012
1745435323191,58801,65316,0.9003
1745435323215,58826,65411,0.8993
1745435323259,58852,65508,0.8984
1745435323328,58881,65611,0.8974
1745435323346,58914,65724,0.8964
1745435323403,58953,65853,0.8952
1745435323434,59000,66002,0.8939
1745435323441,59053,66170,0.8924
1745435323461,59109,66349,0.8909
1745435323513,59166,66534,0.8893
1745435323534,59220,66715,0.8876
1745435323541,59266,66882,0.8861
1745435323574,59302,67022,0.8848
1745435323593,59324,67127,0.8838
1745435323620,59331,67196,0.8830
1745435323651,59325,67231,0.8824
1745435323710,59307,67236,0.8821
1745435323725,59279,67214,0.8819
1745435323761,59246,67176,0.8819
1745435323810,59209,67129,0.8820
1745435323815,59174,67083,0.8821
1745435323855,59143,67045,0.8821
1745435323884,59118,67021,0.8821
1745435323945,59099,67010,0.8819
1745435323965,59085,67008,0.8818
1745435323973,59071,67004,0.8816
1745435324007,59055,66987,0.8816
1745435324035,59032,66952,0.8817
1745435324105,59004,66898,0.8820
1745435324123,58971,66833,0.8824
1745435324153,58937,66764,0.8828
1745435324196,58903,66700,0.8831
1745435324235,58871,66647,0.8833
1745435324242,58846,66615,0.8834
1745435324270,58829,66608,0.8832
1745435324304,58821,66625,0.8829
1745435324310,58821,66656,0.8825
1745435324340,58822,66682,0.8821
1745435324370,58816,66681,0.8821
1745435324411,58799,66637,0.8824
1745435324452,58766,66540,0.8832
1745435324490,58719,66399,0.8843
1745435324544,58665,66232,0.8857
1745435324572,58611,66066,0.8872
1745435324594,58565,65921,0.8884
1745435324606,58530,65808,0.8894
1745435324635,58505,65723,0.8902
1745435324671,58484,65650,0.8909
1745435324695,58463,65574,0.8916
1745435324741,58440,65490,0.8923
1745435324758,58415,65401,0.8932
1745435324780,58389,65312,0.8940
1745435324958,58366,65230,0.8948
1745435324972,58344,65158,0.8954
1745435324976,58325,65097,0.8960
1745435324981,58307,65042,0.8964
1745435324986,58288,64986,0.8969
1745435324991,58267,64923,0.8975
1745435325019,58244,64851,0.8981
1745435325044,58222,64776,0.8988
1745435325063,58202,64703,0.8995
1745435325112,58185,64642,0.9001
1745435325124,58176,64601,0.9005
1745435325154,58176,64589,0.9007
1745435325209,58186,64607,0.9006
1745435325295,58203,64643,0.9004
1745435325299,58220,64677,0.9002
1745435325306,58231,64691,0.9001
1745435325341,58234,64678,0.9004
1745435325362,58230,64645,0.9008
1745435325375,58224,64608,0.9012
1745435325407,58222,64583,0.9015
1745435325438,58227,64587,0.9015
1745435325469,58245,64636,0.9011
1745435325507,58279,64736,0.9003
1745435325561,58327,64881,0.8990
1745435325679,58384,65049,0.8975
1745435325696,58442,65216,0.8961
1745435325703,58496,65364,0.8949
1745435325708,58543,65485,0.8940
1745435325713,58582,65578,0.8933
1745435325744,58616,65654,0.8928
1745435325770,58647,65725,0.8923
1745435325801,58680,65806,0.8917
1745435325810,58718,65910,0.8909
1745435325841,58765,66041,0.8898
1745435325885,58820,66199,0.8885
1745435325939,58881,66375,0.8871
1745435325956,58946,66563,0.8856
1745435326000,59012,66755,0.8840
1745435326006,59077,66944,0.8825
1745435326036,59137,67119,0.8811
1745435326070,59186,67266,0.8799
1745435326105,59224,67382,0.8789
1745435326135,59255,67474,0.8782
1745435326174,59282,67554,0.8776
1745435326195,59309,67631,0.8769
1745435326216,59336,67708,0.8764
1745435326278,59362,67777,0.8758
1745435326300,59380,67826,0.8755
1745435326339,59386,67840,0.8754
1745435326355,59376,67806,0.8757
1745435326396,59350,67726,0.8763
1745435326434,59310,67608,0.8773
1745435326469,59266,67474,0.8784
1745435326474,59225,67345,0.8794
1745435326582,59192,67237,0.8803
1745435326587,59169,67151,0.8811
1745435326593,59152,67078,0.8818
1745435326629,59137,67007,0.8826
1745435326654,59118,66921,0.8834
1745435326682,59088,66807,0.8845
1745435326695,59044,66656,0.8858
1745435326725,58987,66472,0.8874
1745435326768,58923,66271,0.8891
1745435326808,58858,66072,0.8908
1745435326824,58797,65888,0.8924
1745435326846,58744,65724,0.8938
1745435326889,58699,65580,0.8951
1745435326933,58660,65451,0.8962
1745435326979,58626,65333,0.8973
1745435326999,58595,65222,0.8984
1745435327006,58568,65120,0.8994
1745435327040,58545,65029,0.9003
1745435327070,58527,64951,0.9011
1745435327118,58514,64885,0.9018
1745435327155,58506,64831,0.9024
1745435327162,58501,64784,0.9030
1745435327311,58500,64744,0.9036
1745435327324,58499,64708,0.9041
1745435327327,58499,64672,0.9046
1745435327331,58497,64631,0.9051
1745435327335,58491,64582,0.9057
1745435327354,58482,64527,0.9063
1745435327383,58471,64469,0.9070
1745435327424,58459,64412,0.9076
1745435327445,58444,64354,0.9082
1745435327475,58428,64295,0.9087
1745435327511,58410,64235,0.9093
1745435327573,58392,64172,0.9099
1745435327612,58372,64107,0.9105
1745435327640,58349,64038,0.9112
1745435327644,58325,63965,0.9118
1745435327669,58302,63892,0.9125
1745435327704,58281,63824,0.9132
1745435327724,58265,63763,0.9138
1745435327750,58254,63707,0.9144
1745435327790,58242,63645,0.9151
1745435327825,58228,63571,0.9160
1745435327962,58210,63486,0.9169
1745435327974,58192,63399,0.9179
1745435327980,58176,63322,0.9187
1745435327985,58163,63259,0.9194
1745435328014,58151,63210,0.9200
1745435328021,58142,63176,0.9203
1745435328048,58138,63159,0.9205
1745435328078,58139,63158,0.9205
1745435328121,58144,63168,0.9205
1745435328125,58154,63186,0.9204
1745435328166,58167,63208,0.9203
1745435328210,58183,63235,0.9201
1745435328260,58200,63267,0.9199
1745435328296,58220,63306,0.9197
1745435328311,58242,63352,0.9193
1745435328335,58268,63410,0.9189
1745435328345,58300,63483,0.9184
1745435328379,58339,63574,0.9177
1745435328405,58383,63678,0.9168
1745435328437,58431,63792,0.9160
1745435328472,58480,63911,0.9150
1745435328510,58530,64038,0.9140
1745435328676,58583,64174,0.9129
1745435328696,58637,64316,0.9117
1745435328704,58691,64458,0.9105
1745435328708,58744,64596,0.9094
1745435328713,58795,64729,0.9083
1745435328718,58844,64858,0.9073
1745435328751,58891,64980,0.9063
1745435328757,58936,65099,0.9053
1745435328785,58979,65215,0.9044
1745435328828,59021,65334,0.9034
1745435328979,59063,65458,0.9023
1745435329000,59106,65592,0.9011
1745435329007,59154,65742,0.8998
1745435329011,59208,65910,0.8983
1745435329019,59271,66097,0.8967
1745435329023,59342,66298,0.8951
1745435329052,59414,66497,0.8935
1745435329078,59481,66674,0.8921
1745435329101,59533,66807,0.8911
1745435329138,59565,66884,0.8906
1745435329156,59574,66899,0.8905
1745435329190,59563,66860,0.8909
1745435329235,59537,66786,0.8915
1745435329280,59507,66706,0.8921
1745435329351,59485,66649,0.8925
1745435329357,59474,66626,0.8927
1745435329361,59476,66633,0.8926
1745435329396,59483,66648,0.8925
1745435329411,59486,66646,0.8926
1745435329446,59480,66614,0.8929
1745435329470,59463,66550,0.8935
1745435329529,59438,66463,0.8943
1745435329554,59411,66370,0.8951
1745435329598,59385,66282,0.8959
1745435329605,59361,66203,0.8967
1745435329638,59339,66129,0.8973
1745435329678,59316,66056,0.8980
1745435329760,59296,65986,0.8986
1745435329809,59281,65930,0.8991
1745435329823,59274,65894,0.8995
1745435329829,59273,65872,0.8998
1745435329836,59275,65854,0.9001
1745435329888,59272,65825,0.9005
1745435329915,59262,65780,0.9009
1745435329920,59244,65716,0.9015
1745435329977,59218,65633,0.9022
1745435330003,59184,65533,0.9031
1745435330011,59144,65417,0.9041
1745435330047,59101,65289,0.9052
1745435330070,59057,65156,0.9064
1745435330131,59015,65023,0.9076
1745435330136,58978,64901,0.9087
1745435330174,58947,64798,0.9097
1745435330190,58927,64725,0.9104
1745435330255,58916,64681,0.9109
1745435330271,58911,64653,0.9112
1745435330302,58905,64623,0.9115
1745435330344,58893,64576,0.9120
1745435330371,58875,64511,0.9126
1745435330436,58851,64431,0.9134
1745435330452,58824,64342,0.9143
1745435330458,58797,64250,0.9151
1745435330495,58772,64164,0.9160
1745435330506,58751,64091,0.9167
1745435330580,58735,64032,0.9173
1745435330600,58721,63983,0.9178
1745435330605,58707,63936,0.9182
1745435330639,58689,63882,0.9187
1745435330660,58668,63821,0.9193
1745435330728,58644,63755,0.9198
1745435330751,58620,63692,0.9204
1745435330795,58602,63639,0.9208
1745435330806,58591,63603,0.9212
1745435330854,58588,63583,0.9214
1745435330919,58590,63573,0.9216
1745435330946,58592,63562,0.9218
1745435330952,58591,63544,0.9221
1745435330958,58587,63518,0.9224
1745435330985,58582,63494,0.9226
1745435331021,58582,63480,0.9228
1745435331049,58585,63477,0.9229
1745435331084,58594,63483,0.9230
1745435331120,58607,63500,0.9230
1745435331159,58626,63527,0.9228
1745435331196,58648,63567,0.9226
1745435331224,58675,63620,0.9223
1745435331243,58706,63689,0.9218
1745435331269,58739,63773,0.9211
1745435331305,58774,63866,0.9203
1745435331344,58810,63962,0.9194
1745435331360,58843,64052,0.9187
1745435331389,58875,64135,0.9180
1745435331414,58907,64217,0.9173
1745435331448,58941,64307,0.9166
1745435331494,58981,64414,0.9157
1745435331602,59028,64545,0.9145
1745435331615,59086,64705,0.9132
1745435331623,59155,64894,0.9116
1745435331627,59235,65108,0.9098
1745435331652,59321,65336,0.9079
1745435331659,59406,65561,0.9061
1745435331690,59484,65770,0.9044
1745435331720,59554,65957,0.9029
1745435331756,59614,66122,0.9016
1745435331798,59666,66269,0.9004
1745435331839,59711,66399,0.8993
1745435331964,59752,66516,0.8983
1745435331975,59791,66624,0.8974
1745435331980,59828,66727,0.8966
1745435331985,59864,66826,0.8958
1745435332011,59899,66923,0.8950
1745435332029,59933,67021,0.8942
1745435332036,59971,67129,0.8934
1745435332066,60014,67251,0.8924
1745435332110,60060,67384,0.8913
1745435332128,60105,67514,0.8903
1745435332182,60145,67624,0.8894
1745435332253,60174,67699,0.8889
1745435332274,60189,67729,0.8887
1745435332297,60190,67713,0.8889
1745435332317,60180,67663,0.8894
1745435332333,60165,67597,0.8900
1745435332366,60150,67533,0.8907
1745435332410,60137,67477,0.8912
1745435332444,60124,67424,0.8917
1745435332464,60106,67361,0.8923
1745435332472,60081,67281,0.8930
1745435332524,60049,67182,0.8938
1745435332559,60012,67068,0.8948
1745435332591,59975,66948,0.8958
1745435332617,59942,66837,0.8968
1745435332654,59919,66745,0.8977
1745435332687,59907,66680,0.8984
1745435332719,59904,66637,0.8990
1745435332724,59904,66606,0.8994
1745435332759,59902,66574,0.8998
1745435332835,59895,66534,0.9002
1745435332844,59882,66483,0.9007
1745435332874,59863,66415,0.9013
1745435332894,59836,66328,0.9021
1745435332921,59801,66220,0.9031
1745435333044,59763,66098,0.9042
1745435333069,59724,65974,0.9053
1745435333073,59689,65857,0.9063
1745435333080,59658,65755,0.9073
1745435333084,59634,65668,0.9081
1745435333125,59613,65598,0.9088
1745435333169,59596,65537,0.9093
1745435333195,59579,65479,0.9099
1745435333217,59561,65417,0.9105
1745435333226,59541,65347,0.9111
1745435333253,59518,65270,0.9119
1745435333284,59494,65188,0.9126
1745435333358,59469,65103,0.9135
1745435333376,59443,65014,0.9143
1745435333404,59415,64919,0.9152
1745435333484,59386,64820,0.9162
1745435333523,59357,64719,0.9172
1745435333528,59329,64618,0.9182
1745435333532,59301,64514,0.9192
1745435333551,59267,64396,0.9203
1745435333574,59224,64257,0.9217
1745435333610,59172,64098,0.9231
1745435333681,59116,63929,0.9247
1745435333689,59059,63760,0.9263
1745435333727,59003,63597,0.9278
1745435333746,58951,63445,0.9292
1745435333807,58903,63306,0.9304
1745435333812,58860,63184,0.9316
1745435333842,58826,63080,0.9326
1745435333860,58800,62998,0.9334
1745435333881,58784,62939,0.9340
1745435333924,58779,62906,0.9344
1745435334053,58781,62896,0.9346
1745435334060,58789,62899,0.9347
1745435334066,58795,62900,0.9347
1745435334075,58794,62884,0.9350
1745435334113,58784,62842,0.9354
1745435334162,58767,62780,0.9361
1745435334167,58748,62712,0.9368
1745435334190,58732,62649,0.9375
1745435334217,58722,62604,0.9380
1745435334224,58722,62587,0.9382
1745435334258,58735,62609,0.9381
1745435334288,58761,62672,0.9376
1745435334346,58797,62767,0.9368
1745435334367,58839,62879,0.9358
1745435334376,58883,62993,0.9348
1745435334462,58927,63102,0.9338
1745435334476,58968,63203,0.9330
1745435334503,59010,63299,0.9323
1745435334510,59055,63396,0.9315
1745435334569,59104,63504,0.9307
1745435334576,59161,63631,0.9297
1745435334602,59226,63785,0.9285
1745435334641,59299,63966,0.9270
1745435334670,59377,64169,0.9253
1745435334708,59457,64382,0.9235
1745435334728,59536,64598,0.9216
1745435334775,59614,64812,0.9198
1745435334811,59689,65017,0.9181
1745435334837,59760,65206,0.9165
1745435334868,59822,65371,0.9151
1745435334904,59877,65513,0.9140
1745435334936,59925,65638,0.9130
1745435334978,59971,65757,0.9120
1745435335008,60016,65879,0.9110
1745435335095,60064,66005,0.9100
1745435335129,60113,66138,0.9089
1745435335133,60164,66275,0.9078
1745435335140,60215,66411,0.9067
1745435335164,60264,66542,0.9057
1745435335170,60309,66661,0.9047
1745435335206,60348,66769,0.9038
1745435335239,60382,66865,0.9030
1745435335279,60410,66951,0.9023
1745435335291,60433,67025,0.9016
1745435335322,60450,67083,0.9011
1745435335355,60462,67120,0.9008
1745435335408,60469,67136,0.9007
1745435335437,60471,67133,0.9008
1745435335463,60470,67113,0.9010
1745435335474,60465,67077,0.9014
1745435335500,60454,67031,0.9019
1745435335544,60439,66978,0.9024
1745435335592,60420,66919,0.9029
1745435335624,60396,66850,0.9034
1745435335646,60366,66765,0.9042
1745435335693,60329,66658,0.9051
1745435335737,60287,66528,0.9062
1745435335741,60240,66380,0.9075
1745435335774,60190,66219,0.9090
1745435335796,60140,66057,0.9104
1745435335832,60092,65905,0.9118
1745435335860,60051,65775,0.9130
1745435335879,60020,65677,0.9139
1745435335945,60000,65616,0.9144
1745435335968,59992,65588,0.9147
1745435335994,59993,65586,0.9147
1745435336022,59998,65601,0.9146
1745435336090,60005,65620,0.9144
1745435336125,60010,65635,0.9143
1745435336153,60010,65638,0.9143
1745435336160,60008,65630,0.9143
1745435336183,60006,65619,0.9145
1745435336200,60008,65613,0.9146
1745435336243,60014,65616,0.9146
1745435336261,60023,65627,0.9146
1745435336309,60034,65642,0.9146
1745435336324,60043,65652,0.9146
1745435336419,60045,65648,0.9147
1745435336429,60040,65623,0.9149
1745435336435,60025,65575,0.9154
1745435336444,60001,65504,0.9160
1745435336474,59971,65417,0.9168
1745435336504,59936,65317,0.9176
1745435336536,59897,65205,0.9186
1745435336580,59854,65081,0.9197
1745435336594,59808,64946,0.9209
1745435336652,59761,64811,0.9221
1745435336716,59719,64686,0.9232
1745435336756,59682,64578,0.9242
1745435336795,59652,64484,0.9251
1745435336800,59625,64398,0.9259
1745435336819,59600,64316,0.9267
1745435336842,59576,64236,0.9275
1745435336860,59550,64153,0.9283
1745435336880,59518,64057,0.9291
1745435336925,59479,63945,0.9302
1745435336953,59433,63817,0.9313
1745435336984,59384,63681,0.9325
1745435337023,59335,63545,0.9338
1745435337076,59290,63418,0.9349
1745435337101,59253,63308,0.9359
1745435337109,59225,63221,0.9368
1745435337137,59207,63160,0.9374
1745435337177,59198,63122,0.9378
1745435337195,59194,63099,0.9381
1745435337224,59193,63083,0.9383
1745435337256,59195,63074,0.9385
1745435337287,59203,63084,0.9385
1745435337341,59223,63128,0.9381
1745435337372,59258,63215,0.9374
1745435337405,59306,63342,0.9363
1745435337437,59366,63501,0.9349
1745435337465,59432,63677,0.9333
1745435337503,59495,63846,0.9318
1745435337539,59548,63991,0.9306
1745435337543,59588,64101,0.9296
1745435337570,59616,64182,0.9289
1745435337603,59639,64249,0.9282
1745435337674,59663,64322,0.9276
1745435337696,59695,64411,0.9268
1745435337724,59734,64521,0.9258
1745435337739,59780,64645,0.9247
1745435337771,59830,64778,0.9236
1745435337802,59880,64912,0.9225
1745435337837,59929,65043,0.9214
1745435337887,59977,65172,0.9203
1745435337892,60023,65298,0.9192
1745435337995,60067,65419,0.9182
1745435338012,60109,65528,0.9173
1745435338020,60144,65616,0.9166
1745435338046,60171,65681,0.9161
1745435338062,60194,65732,0.9158
1745435338093,60218,65787,0.9153
1745435338112,60248,65864,0.9147
1745435338177,60286,65972,0.9138
1745435338205,60331,66104,0.9127
1745435338226,60378,66247,0.9114
1745435338266,60422,66383,0.9102
1745435338288,60455,66489,0.9092
1745435338307,60471,66543,0.9088
1745435338457,60469,66536,0.9088
1745435338468,60450,66477,0.9093
1745435338474,60423,66389,0.9101
1745435338480,60396,66297,0.9110
1745435338485,60375,66225,0.9117
1745435338509,60365,66185,0.9121
1745435338530,60364,66177,0.9122
1745435338544,60368,66185,0.9121
1745435338671,60368,66183,0.9121
1745435338690,60356,66147,0.9125
1745435338696,60327,66062,0.9132
1745435338728,60281,65931,0.9143
1745435338731,60225,65770,0.9157
1745435338751,60163,65596,0.9172
1745435338757,60101,65425,0.9186
1745435338788,60043,65266,0.9200
1745435338820,59988,65118,0.9212
1745435338854,59936,64979,0.9224
1745435338893,59885,64841,0.9236
1745435338943,59835,64703,0.9248
1745435338991,59785,64565,0.9260
1745435339013,59740,64434,0.9271
1745435339037,59700,64317,0.9282
1745435339044,59666,64215,0.9292
1745435339086,59637,64126,0.9300
1745435339119,59612,64048,0.9308
1745435339148,59590,63980,0.9314
1745435339159,59569,63920,0.9319
1745435339190,59546,63861,0.9324
1745435339260,59518,63793,0.9330
1745435339296,59486,63714,0.9336
1745435339342,59451,63628,0.9344
1745435339359,59418,63538,0.9351
1745435339364,59385,63448,0.9360
1745435339385,59354,63357,0.9368
1745435339427,59324,63266,0.9377
1745435339449,59293,63176,0.9385
1745435339477,59261,63086,0.9394
1745435339524,59226,62995,0.9402
1745435339544,59189,62904,0.9410
1745435339572,59153,62816,0.9417
1745435339614,59120,62738,0.9423
1745435339656,59090,62668,0.9429
1745435339677,59065,62605,0.9435
1745435339715,59043,62546,0.9440
1745435339748,59027,62494,0.9445
1745435339759,59017,62455,0.9449
1745435339790,59012,62430,0.9452
1745435339847,59012,62418,0.9454
1745435339861,59015,62416,0.9455
1745435339970,59021,62426,0.9455
1745435339987,59031,62451,0.9452
1745435339992,59046,62494,0.9448
1745435339996,59069,62558,0.9442
1745435340044,59101,62647,0.9434
1745435340063,59145,62761,0.9424
1745435340074,59196,62890,0.9413
1745435340104,59249,63019,0.9402
1745435340138,59296,63131,0.9392
1745435340177,59333,63219,0.9385
1745435340204,59361,63288,0.9379
1745435340241,59385,63355,0.9373
1745435340323,59412,63438,0.9365
1745435340381,59448,63550,0.9355
1745435340388,59497,63700,0.9340
1745435340393,59559,63886,0.9323
1745435340424,59631,64100,0.9303
1745435340444,59708,64323,0.9283
1745435340463,59784,64536,0.9264
1745435340479,59855,64728,0.9247
1745435340528,59920,64898,0.9233
1745435340572,59980,65051,0.9220
1745435340576,60034,65193,0.9209
1745435340618,60084,65327,0.9197
1745435340669,60129,65455,0.9186
1745435340697,60169,65576,0.9175
1745435340715,60205,65687,0.9165
1745435340757,60237,65787,0.9156
1745435340773,60266,65876,0.9149
1745435340801,60294,65957,0.9142
1745435340874,60323,66035,0.9135
1745435340893,60350,66109,0.9129
1745435340986,60376,66177,0.9123
1745435340995,60396,66232,0.9119
1745435341001,60407,66266,0.9116
1745435341027,60409,66274,0.9115
1745435341059,60398,66251,0.9116
1745435341076,60376,66201,0.9120
1745435341096,60348,66132,0.9125
1745435341121,60320,66061,0.9131
1745435341154,60297,66004,0.9135
1745435341180,60283,65967,0.9138
1745435341225,60275,65944,0.9140
1745435341243,60268,65922,0.9142
1745435341262,60255,65880,0.9146
1745435341345,60228,65799,0.9153
1745435341371,60184,65667,0.9165
1745435341380,60122,65486,0.9181
1745435341387,60049,65275,0.9199
1745435341410,59971,65056,0.9218
1745435341440,59898,64852,0.9236
1745435341502,59834,64676,0.9251
1745435341536,59781,64534,0.9263
1745435341544,59737,64423,0.9273
1745435341576,59700,64329,0.9280
1745435341709,59664,64236,0.9288
1745435341727,59625,64128,0.9298
1745435341735,59581,64002,0.9309
1745435341740,59534,63865,0.9322
1745435341769,59487,63722,0.9335
1745435341775,59438,63578,0.9349
1745435341800,59388,63430,0.9363
1745435341882,59334,63275,0.9377
1745435341896,59275,63111,0.9392
1745435341913,59214,62941,0.9408
1745435341972,59152,62770,0.9424
1745435341993,59094,62606,0.9439
1745435342032,59042,62458,0.9453
1745435342039,58999,62332,0.9465
1745435342043,58962,62226,0.9476
1745435342096,58929,62132,0.9485
1745435342154,58896,62040,0.9493
1745435342158,58860,61942,0.9502
1745435342201,58821,61835,0.9512
1745435342208,58778,61721,0.9523
1745435342234,58734,61601,0.9535
1745435342277,58691,61482,0.9546
1745435342312,58651,61368,0.9557
1745435342345,58615,61263,0.9568
1745435342375,58582,61171,0.9577
1745435342397,58553,61089,0.9585
1745435342425,58527,61019,0.9592
1745435342496,58505,60962,0.9597
1745435342550,58492,60924,0.9601
1745435342557,58489,60911,0.9602
1745435342562,58499,60926,0.9601
1745435342601,58522,60973,0.9598
1745435342625,58558,61054,0.9591
1745435342676,58608,61172,0.9581
1745435342692,58667,61317,0.9568
1745435342722,58729,61476,0.9553
1745435342739,58789,61632,0.9539
1745435342772,58844,61777,0.9525
1745435342789,58895,61907,0.9513
1745435342875,58942,62025,0.9503
1745435342895,58988,62136,0.9493
1745435342954,59033,62249,0.9483
1745435343005,59082,62374,0.9472
1745435343011,59135,62514,0.9460
1745435343016,59190,62664,0.9446
1745435343042,59245,62815,0.9432
1745435343061,59297,62962,0.9418
1745435343127,59347,63104,0.9405
1745435343133,59396,63238,0.9392
1745435343173,59442,63365,0.9381
1745435343179,59486,63483,0.9370
1745435343204,59527,63593,0.9361
1745435343257,59569,63703,0.9351
1745435343297,59613,63820,0.9341
1745435343315,59663,63950,0.9330
1745435343334,59718,64093,0.9317
1745435343379,59776,64245,0.9304
1745435343453,59832,64397,0.9291
1745435343457,59883,64536,0.9279
1745435343464,59923,64650,0.9269
1745435343491,59949,64728,0.9262
1745435343524,59961,64769,0.9258
1745435343556,59958,64776,0.9256
1745435343603,59944,64754,0.9257
1745435343627,59921,64710,0.9260
1745435343654,59893,64651,0.9264
1745435343691,59864,64586,0.9269
1745435343705,59836,64522,0.9274
1745435343761,59811,64462,0.9279
1745435343780,59788,64403,0.9283
1745435343827,59764,64339,0.9289
1745435343847,59737,64264,0.9296
1745435343855,59705,64173,0.9304
1745435343935,59666,64065,0.9313
1745435343958,59622,63943,0.9324
1745435343990,59575,63814,0.9336
1745435344007,59528,63686,0.9347
1745435344038,59484,63567,0.9358
1745435344065,59444,63460,0.9367
1745435344079,59408,63363,0.9376
1745435344110,59375,63273,0.9384
1745435344140,59346,63193,0.9391
1745435344186,59321,63121,0.9398
1745435344228,59298,63058,0.9404
1745435344251,59277,63000,0.9409
1745435344259,59257,62945,0.9414
1745435344289,59238,62897,0.9418
1745435344320,59222,62858,0.9422
1745435344357,59213,62835,0.9424
1745435344379,59213,62834,0.9424
1745435344440,59224,62857,0.9422
1745435344495,59246,62904,0.9419
1745435344522,59273,62965,0.9414
1745435344574,59298,63023,0.9409
1745435344593,59311,63054,0.9406
1745435344596,59305,63041,0.9407
1745435344622,59281,62981,0.9412
1745435344648,59243,62883,0.9421
1745435344692,59196,62761,0.9432
1745435344730,59146,62629,0.9444
1745435344734,59097,62498,0.9456
1745435344832,59050,62374,0.9467
1745435344837,59006,62258,0.9478
1745435344843,58964,62149,0.9488
1745435344912,58922,62042,0.9497
1745435344936,58881,61939,0.9506
1745435344944,58840,61841,0.9515
1745435344978,58802,61750,0.9523
1745435344997,58770,61668,0.9530
1745435345034,58746,61604,0.9536
1745435345040,58735,61568,0.9540
1745435345078,58741,61576,0.9540
1745435345118,58767,61635,0.9535
1745435345129,58812,61746,0.9525
1745435345206,58872,61899,0.9511
1745435345211,58939,62076,0.9495
1745435345254,59008,62261,0.9478
1745435345283,59074,62440,0.9461
1745435345294,59133,62602,0.9446
1745435345324,59184,62741,0.9433
1745435345375,59227,62859,0.9422
1745435345395,59268,62968,0.9412
1745435345451,59313,63080,0.9403
1745435345459,59362,63199,0.9393
1745435345487,59415,63324,0.9383
1745435345557,59467,63448,0.9373
1745435345588,59518,63569,0.9363
1745435345595,59566,63686,0.9353
1745435345620,59612,63801,0.9343
1745435345651,59657,63917,0.9333
1745435345688,59701,64040,0.9323
1745435345728,59749,64176,0.9310
1745435345744,59803,64333,0.9296
1745435345859,59863,64513,0.9279
1745435345873,59929,64710,0.9261
1745435345878,59998,64914,0.9243
1745435345882,60067,65116,0.9225
1745435345915,60132,65304,0.9208
1745435345924,60192,65470,0.9194
1745435345963,60240,65599,0.9183
1745435346078,60272,65675,0.9177
1745435346106,60280,65683,0.9177
1745435346113,60259,65614,0.9184
1745435346118,60211,65474,0.9196
1745435346125,60147,65294,0.9212
1745435346204,60083,65118,0.9227
1745435346209,60035,64989,0.9238
1745435346214,60015,64938,0.9242
1745435346251,60027,64977,0.9238
1745435346290,60071,65104,0.9227
1745435346307,60140,65306,0.9209
1745435346329,60227,65559,0.9187
1745435346456,60318,65825,0.9163
1745435346479,60396,66056,0.9143
1745435346484,60447,66209,0.9130
1745435346490,60462,66255,0.9126
1745435346540,60436,66180,0.9132
1745435346564,60371,65993,0.9148
1745435346570,60279,65722,0.9172
1745435346603,60175,65415,0.9199
1745435346610,60078,65127,0.9225
1745435346644,60003,64906,0.9245
1745435346675,59958,64771,0.9257
1745435346704,59941,64717,0.9262
1745435346741,59942,64718,0.9262
1745435346774,59951,64741,0.9260
1745435346803,59958,64760,0.9258
1745435346855,59958,64758,0.9259
1745435346875,59950,64731,0.9261
1745435346899,59938,64689,0.9265
1745435346938,59925,64646,0.9270
1745435346946,59918,64616,0.9273
1745435346974,59918,64607,0.9274
1745435347053,59926,64619,0.9274
1745435347059,59940,64647,0.9272
1745435347095,59958,64687,0.9269
1745435347126,59978,64731,0.9266
1745435347153,59996,64769,0.9263
1745435347221,60008,64791,0.9262
1745435347237,60013,64793,0.9262
1745435347242,60011,64775,0.9265
1745435347271,60003,64739,0.9268
1745435347298,59991,64688,0.9274
1745435347336,59972,64620,0.9281
1745435347358,59947,64533,0.9289
1745435347395,59915,64427,0.9300
1745435347436,59875,64302,0.9311
1745435347470,59828,64162,0.9324
1745435347508,59777,64014,0.9338
1745435347552,59726,63867,0.9352
1745435347559,59678,63731,0.9364
1745435347591,59636,63612,0.9375
1745435347628,59600,63511,0.9384
1745435347642,59567,63421,0.9392
1745435347668,59536,63336,0.9400
1745435347699,59504,63250,0.9408
1745435347744,59471,63158,0.9416
1745435347856,59434,63056,0.9426
1745435347884,59394,62944,0.9436
1745435347889,59353,62825,0.9447
1745435347896,59312,62710,0.9458
1745435347901,59277,62610,0.9468
1745435347935,59249,62533,0.9475
1745435347972,59230,62482,0.9480
1745435347979,59220,62459,0.9481
1745435348009,59220,62464,0.9481
1745435348044,59228,62491,0.9478
1745435348085,59243,62535,0.9474
1745435348128,59264,62592,0.9468
1745435348196,59290,62661,0.9462
1745435348231,59323,62749,0.9454
1745435348248,59363,62856,0.9444
1745435348252,59410,62980,0.9433
1745435348287,59459,63112,0.9421
1745435348294,59510,63246,0.9409
1745435348324,59562,63387,0.9397
1745435348396,59617,63535,0.9383
1745435348438,59673,63689,0.9369
1745435348443,59726,63842,0.9355
1745435348495,59775,63988,0.9342
1745435348529,59819,64121,0.9329
1745435348555,59859,64240,0.9318
1745435348578,59897,64348,0.9308
1745435348609,59936,64453,0.9299
1745435348616,59981,64568,0.9290
1745435348643,60035,64708,0.9278
1745435348711,60100,64880,0.9263
1745435348726,60175,65085,0.9246
1745435348756,60258,65315,0.9226
1745435348761,60345,65564,0.9204
1745435348804,60435,65826,0.9181
1745435348844,60530,66101,0.9157
1745435348957,60627,66384,0.9133
1745435348988,60727,66672,0.9108
1745435348994,60825,66958,0.9084
1745435349000,60918,67230,0.9061
1745435349006,61001,67472,0.9041
1745435349031,61068,67669,0.9024
1745435349057,61117,67816,0.9012
1745435349089,61149,67918,0.9003
1745435349109,61169,67982,0.8998
1745435349157,61176,68009,0.8995
1745435349214,61171,67998,0.8996
1745435349222,61152,67946,0.9000
1745435349260,61121,67861,0.9007
1745435349276,61084,67755,0.9015
1745435349307,61046,67646,0.9024
1745435349378,61013,67554,0.9032
1745435349402,60991,67492,0.9037
1745435349489,60981,67466,0.9039
1745435349515,60981,67469,0.9038
1745435349520,60982,67477,0.9037
1745435349525,60975,67465,0.9038
1745435349551,60954,67413,0.9042
1745435349556,60918,67317,0.9049
1745435349585,60867,67182,0.9060
1745435349621,60806,67018,0.9073
1745435349677,60741,66841,0.9087
1745435349684,60678,66669,0.9101
1745435349713,60622,66518,0.9114
1745435349738,60576,66397,0.9123
1745435349774,60540,66307,0.9130
1745435349825,60512,66241,0.9135
1745435349851,60491,66192,0.9139
1745435349857,60473,66147,0.9142
1745435349891,60454,66097,0.9146
1745435349957,60432,66034,0.9152
1745435349961,60406,65959,0.9158
1745435349989,60379,65879,0.9165
1745435350024,60353,65803,0.9172
1745435350071,60328,65735,0.9178
1745435350079,60305,65670,0.9183
1745435350225,60280,65600,0.9189
1745435350247,60251,65517,0.9196
1745435350255,60216,65419,0.9205
1745435350260,60174,65303,0.9215
1745435350287,60128,65173,0.9226
1745435350293,60078,65037,0.9238
1745435350297,60030,64906,0.9249
1745435350320,59985,64786,0.9259
1745435350413,59945,64681,0.9268
1745435350424,59911,64591,0.9275
1745435350457,59882,64514,0.9282
1745435350506,59856,64447,0.9288
1745435350581,59833,64384,0.9293
1745435350594,59811,64322,0.9299
1745435350602,59789,64261,0.9304
1745435350609,59770,64205,0.9309
1745435350644,59754,64159,0.9313
1745435350667,59742,64124,0.9317
1745435350674,59730,64092,0.9319
1745435350707,59714,64052,0.9323
1745435350797,59692,63997,0.9327
1745435350843,59663,63926,0.9333
1745435350880,59632,63846,0.9340
1745435350886,59601,63764,0.9347
1745435350940,59568,63680,0.9354
1745435350944,59533,63590,0.9362
1745435350952,59495,63495,0.9370
1745435350975,59454,63392,0.9379
1745435350982,59408,63280,0.9388
1745435351009,59359,63160,0.9398
1745435351039,59307,63034,0.9409
1745435351073,59256,62907,0.9420
1745435351128,59207,62786,0.9430
1745435351253,59164,62676,0.9440
1745435351265,59127,62580,0.9448
1745435351271,59098,62501,0.9455
1745435351275,59076,62442,0.9461
1745435351281,59062,62401,0.9465
1745435351314,59054,62375,0.9468
1745435351329,59047,62355,0.9469
1745435351370,59040,62334,0.9471
1745435351405,59030,62310,0.9474
1745435351447,59019,62292,0.9475
1745435351484,59013,62294,0.9473
1745435351491,59014,62321,0.9469
1745435351558,59020,62371,0.9463
1745435351578,59030,62435,0.9455
1745435351608,59042,62502,0.9446
1745435351624,59051,62564,0.9438
1745435351651,59059,62616,0.9432
1745435351692,59063,62658,0.9426
1745435351711,59066,62691,0.9422
1745435351778,59067,62720,0.9418
1745435351797,59069,62747,0.9414
1745435351887,59070,62774,0.9410
1745435351891,59073,62803,0.9406
1745435351897,59077,62835,0.9402
1745435351925,59086,62876,0.9397
1745435351931,59100,62934,0.9391
1745435351962,59123,63016,0.9382
1745435351992,59156,63126,0.9371
1745435352036,59199,63265,0.9357
1745435352044,59253,63433,0.9341
1745435352074,59316,63623,0.9323
1745435352228,59382,63821,0.9304
1745435352248,59445,64008,0.9287
1745435352253,59499,64170,0.9272
1745435352259,59546,64311,0.9259
1745435352263,59591,64450,0.9246
1745435352296,59643,64608,0.9232
1745435352313,59707,64802,0.9214
1745435352362,59785,65039,0.9192
1745435352368,59874,65309,0.9168
1745435352425,59968,65593,0.9142
1745435352432,60058,65868,0.9118
1745435352500,60138,66113,0.9096
1745435352521,60206,66321,0.9078
1745435352527,60263,66494,0.9063
1745435352558,60313,66643,0.9050
1745435352621,60360,66778,0.9039
1745435352626,60405,66903,0.9029
1745435352658,60445,67010,0.9020
1745435352674,60472,67084,0.9014
1745435352709,60479,67107,0.9012
1745435352738,60459,67063,0.9015
1745435352794,60412,66949,0.9024
1745435352821,60343,66778,0.9036
1745435352848,60262,66576,0.9052
1745435352878,60180,66374,0.9067
1745435352894,60107,66197,0.9080
1745435352921,60051,66063,0.9090
1745435352959,60016,65983,0.9096
1745435352993,60002,65957,0.9097
1745435353021,60004,65972,0.9095
1745435353102,60013,66000,0.9093
1745435353130,60016,66012,0.9092
1745435353160,60004,65981,0.9094
1745435353196,59973,65897,0.9101
1745435353205,59921,65760,0.9112
1745435353220,59852,65582,0.9126
1745435353229,59774,65382,0.9142
1745435353261,59694,65181,0.9158
1745435353309,59621,65001,0.9172
1745435353352,59560,64857,0.9183
1745435353416,59514,64753,0.9191
1745435353433,59482,64688,0.9195
1745435353504,59464,64657,0.9197
1745435353535,59455,64650,0.9196
1745435353540,59451,64652,0.9196
1745435353548,59445,64643,0.9196
1745435353572,59432,64612,0.9198
1745435353578,59410,64556,0.9203
1745435353607,59382,64480,0.9209
1745435353645,59349,64392,0.9217
1745435353679,59316,64301,0.9225
1745435353709,59285,64215,0.9232
1745435353869,59258,64140,0.9239
1745435353875,59237,64081,0.9244
1745435353880,59221,64036,0.9248
1745435353889,59210,64000,0.9252
1745435353894,59201,63969,0.9255
1745435353916,59191,63937,0.9258
1745435353924,59182,63904,0.9261
1745435353956,59170,63867,0.9265
1745435353988,59154,63819,0.9269
1745435354023,59130,63753,0.9275
1745435354095,59096,63661,0.9283
1745435354140,59052,63544,0.9293
1745435354145,59001,63411,0.9305
1745435354169,58946,63269,0.9317
1745435354191,58892,63128,0.9329
1745435354210,58841,62996,0.9340
1745435354234,58797,62880,0.9351
1745435354277,58761,62781,0.9360
1745435354296,58733,62699,0.9367
1745435354328,58714,62636,0.9374
1745435354374,58702,62589,0.9379
1745435354493,58698,62561,0.9382
1745435354515,58700,62550,0.9384
1745435354523,58706,62549,0.9386
1745435354527,58710,62547,0.9387
1745435354533,58712,62539,0.9388
1745435354562,58711,62526,0.9390
1745435354581,58710,62517,0.9391
1745435354623,58714,62520,0.9391
1745435354715,58724,62540,0.9390
1745435354720,58744,62584,0.9386
1745435354727,58773,62651,0.9381
1745435354759,58809,62737,0.9374
1745435354814,58848,62829,0.9366
1745435354857,58885,62916,0.9359
1745435354862,58915,62989,0.9353
1745435354886,58938,63043,0.9349
1745435354894,58956,63082,0.9346
1745435354925,58972,63116,0.9344
1745435354964,58993,63158,0.9340
1745435355012,59022,63224,0.9336
1745435355026,59065,63322,0.9328
1745435355055,59121,63455,0.9317
1745435355112,59185,63613,0.9304
1745435355134,59255,63782,0.9290
1745435355142,59324,63953,0.9276
1745435355179,59392,64121,0.9263
1745435355208,59456,64281,0.9249
1745435355249,59510,64422,0.9238
1745435355311,59553,64536,0.9228
1745435355319,59585,64622,0.9220
1745435355344,59609,64691,0.9214
1745435355385,59631,64757,0.9208
1745435355433,59655,64833,0.9201
1745435355461,59686,64925,0.9193
1745435355493,59723,65035,0.9183
1745435355517,59766,65162,0.9172
1745435355525,59812,65298,0.9160
1745435355556,59860,65439,0.9147
1745435355589,59908,65581,0.9135
1745435355627,59957,65726,0.9122
1745435355646,60009,65876,0.9109
1745435355674,60064,66030,0.9096
1745435355741,60116,66174,0.9084
1745435355746,60158,66291,0.9075
1745435355792,60185,66361,0.9069
1745435355811,60189,66371,0.9069
1745435355832,60171,66319,0.9073
1745435355871,60134,66214,0.9082
1745435355904,60087,66080,0.9093
1745435355968,60038,65942,0.9105
1745435355974,59994,65817,0.9115
1745435356012,59955,65706,0.9125
1745435356038,59917,65596,0.9134
1745435356115,59872,65469,0.9145
1745435356130,59816,65308,0.9159
1745435356140,59744,65107,0.9176
1745435356169,59661,64871,0.9197
1745435356176,59571,64616,0.9219
1745435356203,59483,64363,0.9242
1745435356279,59403,64133,0.9262
1745435356310,59336,63940,0.9280
1745435356355,59285,63789,0.9294
1745435356382,59247,63676,0.9304
1745435356390,59222,63596,0.9312
1745435356396,59207,63542,0.9318
1745435356455,59200,63505,0.9322
1745435356462,59194,63473,0.9326
1745435356536,59188,63437,0.9330
1745435356546,59177,63393,0.9335
1745435356572,59160,63338,0.9340
1745435356580,59138,63271,0.9347
1745435356627,59110,63195,0.9354
1745435356653,59079,63111,0.9361
1745435356691,59047,63026,0.9369
1745435356727,59019,62949,0.9376
1745435356781,59000,62890,0.9381
1745435356797,58993,62856,0.9385
1745435356826,59000,62854,0.9387
1745435356843,59021,62888,0.9385
1745435356864,59055,62959,0.9380
1745435356890,59099,63064,0.9371
1745435356981,59152,63196,0.9360
1745435356989,59212,63351,0.9347
1745435356993,59278,63522,0.9332
1745435357054,59347,63699,0.9317
1745435357096,59412,63865,0.9303
1745435357127,59466,64003,0.9291
1745435357149,59504,64100,0.9283
1745435357157,59525,64154,0.9278
1745435357188,59529,64169,0.9277
1745435357218,59523,64153,0.9278
1745435357258,59510,64116,0.9282
1745435357264,59492,64061,0.9287
1745435357312,59471,63994,0.9293
1745435357335,59448,63918,0.9301
1745435357391,59425,63841,0.9308
1745435357406,59404,63772,0.9315
1745435357439,59388,63718,0.9321
1745435357466,59381,63686,0.9324
1745435357513,59383,63680,0.9325
1745435357606,59391,63693,0.9325
1745435357613,59402,63712,0.9324
1745435357619,59410,63722,0.9323
1745435357625,59411,63713,0.9325
1745435357656,59405,63683,0.9328
1745435357702,59389,63632,0.9333
1745435357740,59367,63566,0.9339
1745435357869,59343,63498,0.9346
1745435357879,59324,63448,0.9350
1745435357885,59319,63431,0.9352
1745435357890,59331,63457,0.9350
1745435357895,59358,63522,0.9345
1745435357922,59396,63614,0.9337
1745435357929,59441,63724,0.9328
1745435357960,59489,63842,0.9318
1745435358004,59537,63959,0.9309
1745435358041,59583,64073,0.9299
1745435358065,59626,64181,0.9290
1745435358110,59668,64286,0.9282
1745435358137,59711,64396,0.9272
1745435358218,59758,64515,0.9263
1745435358226,59809,64647,0.9252
1745435358230,59868,64799,0.9239
1745435358262,59936,64979,0.9224
1745435358286,60014,65191,0.9206
1745435358333,60100,65429,0.9186
1745435358339,60189,65675,0.9165
1745435358380,60275,65912,0.9145
1745435358413,60350,66123,0.9127
1745435358437,60412,66298,0.9112
1745435358478,60457,66428,0.9101
1745435358494,60485,66510,0.9094
1745435358529,60495,66538,0.9092
1745435358554,60488,66512,0.9094
1745435358654,60466,66436,0.9101
1745435358662,60434,66324,0.9112
1745435358668,60398,66194,0.9124
1745435358692,60367,66073,0.9136
1745435358711,60347,65983,0.9146
1745435358753,60341,65937,0.9151
1745435358788,60348,65930,0.9153
1745435358828,60360,65943,0.9153
1745435358855,60370,65953,0.9154
1745435358892,60368,65934,0.9156
1745435358918,60349,65868,0.9162
1745435358981,60311,65749,0.9173
1745435359005,60257,65585,0.9188
1745435359011,60193,65396,0.9204
1745435359039,60130,65208,0.9221
1745435359073,60074,65043,0.9236
1745435359080,60029,64909,0.9248
1745435359214,59997,64810,0.9257
1745435359220,59976,64742,0.9264
1745435359227,59966,64701,0.9268
1745435359231,59964,64680,0.9271
1745435359253,59968,64674,0.9272
1745435359321,59975,64676,0.9273
1745435359332,59982,64680,0.9274
1745435359338,59988,64683,0.9274
1745435359377,59992,64682,0.9275
1745435359395,59995,64678,0.9276
1745435359424,59999,64675,0.9277
1745435359454,60004,64676,0.9278
1745435359490,60010,64678,0.9278
1745435359513,60015,64677,0.9279
1745435359545,60017,64664,0.9281
1745435359577,60015,64640,0.9284
1745435359737,60010,64608,0.9288
1745435359743,60004,64572,0.9293
1745435359751,59997,64534,0.9297
1745435359755,59990,64495,0.9301
1745435359761,59981,64453,0.9306
1745435359788,59971,64408,0.9311
1745435359824,59959,64359,0.9316
1745435359842,59947,64307,0.9322
1745435359865,59935,64257,0.9327
1745435359904,59926,64215,0.9332
1745435360012,59922,64191,0.9335
1745435360027,59927,64191,0.9336
1745435360033,59940,64213,0.9335
1745435360062,59958,64246,0.9333
1745435360087,59977,64281,0.9330
1745435360123,59995,64311,0.9329
1745435360137,60008,64331,0.9328
1745435360172,60015,64336,0.9328
1745435360177,60014,64320,0.9331
1745435360237,60005,64285,0.9334
1745435360244,59989,64236,0.9339
1745435360316,59969,64177,0.9344
1745435360320,59944,64108,0.9351
1745435360354,59916,64027,0.9358
1745435360366,59882,63932,0.9367
1745435360428,59846,63823,0.9377
1745435360447,59809,63706,0.9388
1745435360469,59773,63585,0.9400
1745435360512,59740,63470,0.9412
1745435360532,59713,63368,0.9423
1745435360579,59690,63282,0.9432
1745435360601,59670,63210,0.9440
1745435360655,59650,63145,0.9447
1745435360674,59627,63078,0.9453
1745435360745,59601,63007,0.9459
1745435360771,59576,62941,0.9465
1745435360775,59558,62897,0.9469
1745435360784,59554,62889,0.9470
1745435360846,59566,62923,0.9466
1745435360879,59591,62996,0.9460
1745435360913,59626,63093,0.9450
1745435360930,59663,63198,0.9441
1745435360967,59698,63296,0.9432
1745435360992,59728,63378,0.9424
1745435361029,59754,63446,0.9418
1745435361059,59777,63506,0.9413
1745435361079,59801,63568,0.9407
1745435361104,59829,63638,0.9401
1745435361154,59862,63722,0.9394
1745435361170,59903,63828,0.9385
1745435361179,59954,63960,0.9374
1745435361222,60015,64119,0.9360
1745435361260,60083,64298,0.9344
1745435361283,60154,64484,0.9329
1745435361351,60222,64661,0.9313
1745435361356,60283,64819,0.9300
1745435361361,60335,64948,0.9290
1745435361403,60375,65047,0.9282
1745435361437,60403,65117,0.9276
1745435361464,60422,65167,0.9272
1745435361508,60439,65210,0.9268
1745435361527,60457,65260,0.9264
1745435361553,60481,65329,0.9258
1745435361593,60515,65423,0.9250
1745435361731,60556,65541,0.9239
1745435361759,60605,65680,0.9227
1745435361768,60658,65832,0.9214
1745435361773,60713,65987,0.9201
1745435361779,60765,66134,0.9188
1745435361808,60813,66265,0.9177
1745435361814,60856,66379,0.9168
1745435361842,60894,66474,0.9161
1745435361897,60926,66547,0.9155
1745435362014,60949,66594,0.9152
1745435362024,60961,66610,0.9152
1745435362029,60961,66594,0.9154
1745435362035,60949,66548,0.9159
1745435362040,60925,66474,0.9165
1745435362070,60892,66381,0.9173
1745435362078,60854,66277,0.9182
1745435362144,60811,66165,0.9191
1745435362159,60765,66042,0.9201
1745435362196,60715,65902,0.9213
1745435362239,60660,65741,0.9227
1745435362251,60600,65563,0.9243
1745435362279,60538,65374,0.9260
1745435362331,60476,65186,0.9277
1745435362346,60417,65009,0.9294
1745435362415,60368,64859,0.9308
1745435362428,60331,64747,0.9318
1745435362461,60309,64676,0.9325
1745435362466,60299,64634,0.9329
1745435362496,60294,64603,0.9333
1745435362519,60287,64563,0.9338
1745435362561,60271,64497,0.9345
1745435362618,60241,64395,0.9355
1745435362639,60196,64252,0.9369
1745435362671,60135,64073,0.9385
1745435362680,60064,63875,0.9403
1745435362708,59993,63682,0.9421
1745435362741,59927,63510,0.9436
1745435362770,59872,63370,0.9448
1745435362809,59828,63259,0.9458
1745435362829,59792,63169,0.9465
1745435362875,59762,63089,0.9473
1745435362987,59732,63006,0.9480
1745435362992,59700,62909,0.9490
1745435363014,59662,62792,0.9502
1745435363038,59617,62655,0.9515
1745435363045,59566,62502,0.9530
1745435363066,59507,62333,0.9547
1745435363104,59440,62144,0.9565
1745435363143,59363,61928,0.9586
1745435363164,59276,61687,0.9609
1745435363221,59185,61433,0.9634
1745435363225,59096,61181,0.9659
1745435363281,59013,60947,0.9683
1745435363327,58942,60744,0.9703
1745435363354,58884,60584,0.9719
1745435363366,58841,60469,0.9731
1745435363406,58808,60390,0.9738
1745435363413,58780,60331,0.9743
1745435363469,58752,60278,0.9747
1745435363476,58722,60220,0.9751
1745435363515,58690,60154,0.9757
1745435363530,58658,60083,0.9763
1745435363565,58632,60015,0.9770
1745435363599,58616,59964,0.9775
1745435363626,58617,59949,0.9778
1745435363658,58637,59978,0.9776
1745435363687,58672,60048,0.9771
1745435363723,58718,60151,0.9762
1745435363759,58770,60277,0.9750
1745435363877,58823,60417,0.9736
1745435363897,58875,60561,0.9722
1745435363902,58925,60702,0.9707
1745435363910,58974,60839,0.9694
1745435363979,59026,60977,0.9680
1745435364022,59082,61122,0.9666
1745435364028,59143,61275,0.9652
1745435364035,59207,61433,0.9638
1745435364040,59271,61595,0.9623
1745435364062,59334,61759,0.9607
1745435364090,59398,61925,0.9592
1745435364123,59463,62097,0.9576
1745435364156,59531,62279,0.9559
1745435364193,59605,62479,0.9540
1745435364213,59687,62704,0.9519
1745435364365,59776,62954,0.9495
1745435364376,59872,63225,0.9470
1745435364382,59972,63508,0.9443
1745435364391,60071,63790,0.9417
1745435364395,60166,64059,0.9392
1745435364426,60250,64301,0.9370
1745435364450,60323,64513,0.9351
1745435364463,60387,64702,0.9333
1745435364513,60447,64882,0.9316
1745435364576,60505,65059,0.9300
1745435364580,60560,65225,0.9285
1745435364627,60604,65358,0.9273
1745435364654,60630,65439,0.9265
1745435364676,60634,65456,0.9263
1745435364705,60616,65410,0.9267
1745435364711,60580,65316,0.9275
1745435364846,60537,65199,0.9285
1745435364872,60496,65087,0.9295
1745435364879,60467,65005,0.9302
1745435364884,60452,64958,0.9306
1745435364893,60446,64933,0.9309
1745435364935,60442,64909,0.9312
1745435364976,60430,64862,0.9317
1745435365209,60406,64779,0.9325
1745435365254,60365,64656,0.9336
1745435365262,60308,64495,0.9351
1745435365267,60242,64313,0.9367
1745435365272,60173,64131,0.9383
1745435365276,60110,63966,0.9397
1745435365279,60059,63831,0.9409
1745435365283,60019,63724,0.9419
1745435365287,59989,63639,0.9427
1745435365291,59965,63562,0.9434
1745435365317,59941,63484,0.9442
1745435365323,59917,63398,0.9451
1745435365360,59889,63304,0.9461
1745435365395,59859,63202,0.9471
1745435365408,59823,63087,0.9483
1745435365512,59778,62950,0.9496
1745435365532,59720,62780,0.9513
1745435365541,59647,62572,0.9533
1745435365545,59561,62332,0.9555
1745435365574,59468,62076,0.9580
1745435365604,59376,61823,0.9604
1745435365638,59292,61591,0.9627
1745435365673,59221,61397,0.9646
1745435365678,59170,61255,0.9660
1745435365708,59138,61167,0.9668
1745435365778,59122,61123,0.9673
1745435365790,59116,61104,0.9675
1745435365821,59112,61089,0.9676
1745435365829,59104,61060,0.9680
1745435365888,59087,61009,0.9685
1745435366068,59060,60936,0.9692
1745435366093,59024,60845,0.9701
1745435366103,58984,60746,0.9710
1745435366107,58945,60651,0.9719
1745435366127,58912,60574,0.9726
1745435366131,58891,60521,0.9731
1745435366136,58882,60493,0.9734
1745435366206,58885,60489,0.9735
1745435366212,58897,60507,0.9734
1745435366219,58918,60546,0.9731
1745435366244,58942,60598,0.9727
1745435366290,58966,60653,0.9722
1745435366313,58984,60701,0.9717
1745435366340,58996,60735,0.9714
1745435366346,59003,60755,0.9712
1745435366375,59005,60763,0.9711
1745435366403,59006,60764,0.9711
1745435366439,59008,60765,0.9711
1745435366466,59016,60780,0.9710
1745435366659,59036,60826,0.9706
1745435366671,59073,60921,0.9697
1745435366678,59132,61075,0.9682
1745435366682,59212,61285,0.9662
1745435366689,59305,61533,0.9638
1745435366693,59404,61795,0.9613
1745435366724,59500,62048,0.9589
1745435366729,59589,62276,0.9569
1745435366747,59666,62471,0.9551
1745435366789,59730,62631,0.9537
1745435366831,59781,62755,0.9526
1745435366869,59819,62846,0.9518
1745435366877,59843,62906,0.9513
1745435366940,59856,62940,0.9510
1745435366960,59863,62959,0.9508
1745435366985,59871,62979,0.9507
1745435367010,59886,63016,0.9503
1745435367053,59910,63080,0.9498
1745435367097,59943,63167,0.9490
1745435367120,59979,63266,0.9480
1745435367127,60013,63361,0.9472
1745435367157,60040,63436,0.9465
1745435367191,60054,63475,0.9461
1745435367227,60055,63473,0.9462
1745435367285,60043,63434,0.9465
1745435367298,60024,63373,0.9472
1745435367342,60006,63313,0.9478
1745435367349,59992,63270,0.9482
1745435367385,59988,63253,0.9484
1745435367416,59989,63255,0.9484
1745435367459,59990,63260,0.9483
1745435367479,59985,63247,0.9484
1745435367642,59967,63199,0.9489
1745435367661,59933,63104,0.9497
1745435367668,59880,62961,0.9511
1745435367675,59812,62777,0.9528
1745435367681,59734,62570,0.9547
1745435367686,59654,62359,0.9566
1745435367711,59577,62159,0.9585
1745435367732,59508,61979,0.9601
1745435367754,59451,61826,0.9616
1745435367789,59406,61703,0.9628
1745435367814,59374,61611,0.9637
1745435367858,59353,61545,0.9644
1745435367993,59339,61497,0.9649
1745435368006,59328,61458,0.9654
1745435368010,59316,61416,0.9658
1745435368018,59299,61364,0.9663
1745435368024,59276,61300,0.9670
1745435368046,59248,61221,0.9678
1745435368062,59215,61129,0.9687
1745435368089,59179,61029,0.9697
1745435368128,59144,60929,0.9707
1745435368161,59112,60834,0.9717
1745435368192,59084,60746,0.9726
1745435368225,59057,60663,0.9735
1745435368277,59031,60584,0.9744
1745435368357,59004,60506,0.9752
1745435368362,58977,60429,0.9760
1745435368368,58948,60349,0.9768
1745435368387,58916,60261,0.9777
1745435368393,58882,60162,0.9787
1745435368423,58846,60051,0.9799
1745435368463,58808,59933,0.9812
1745435368528,58770,59814,0.9826
1745435368549,58734,59699,0.9838
1745435368599,58702,59594,0.9850
1745435368641,58673,59501,0.9861
1745435368648,58649,59423,0.9870
1745435368669,58628,59358,0.9877
1745435368679,58611,59306,0.9883
1745435368711,58599,59267,0.9887
1745435368745,58591,59243,0.9890
1745435368840,58592,59239,0.9891
1745435368844,58600,59257,0.9889
1745435368882,58616,59298,0.9885
1745435368908,58640,59362,0.9878
1745435368978,58674,59448,0.9870
1745435368998,58716,59551,0.9860
1745435369004,58760,59656,0.9850
1745435369089,58799,59748,0.9841
1745435369104,58828,59816,0.9835
1745435369108,58847,59863,0.9830
1745435369117,58862,59898,0.9827
1745435369144,58877,59938,0.9823
1745435369164,58900,59998,0.9817
1745435369180,58933,60084,0.9808
1745435369239,58975,60195,0.9797
1745435369330,59024,60323,0.9785
1745435369342,59077,60460,0.9771
1745435369346,59132,60601,0.9758
1745435369359,59190,60743,0.9744
1745435369387,59248,60885,0.9731
1745435369426,59306,61028,0.9718
1745435369432,59362,61168,0.9705
1745435369458,59413,61300,0.9692
1745435369495,59458,61421,0.9680
1745435369529,59499,61535,0.9669
1745435369640,59540,61652,0.9657
1745435369655,59584,61777,0.9645
1745435369662,59630,61911,0.9632
1745435369669,59678,62049,0.9618
1745435369703,59725,62184,0.9605
1745435369713,59766,62307,0.9592
1745435369758,59798,62406,0.9582
1745435369781,59816,62471,0.9575
1745435369831,59820,62496,0.9572
1745435369860,59810,62484,0.9572
1745435369864,59790,62444,0.9575
1745435369949,59766,62390,0.9579
1745435369977,59743,62336,0.9584
1745435370001,59725,62292,0.9588
1745435370047,59712,62262,0.9590
1745435370074,59704,62244,0.9592
1745435370080,59699,62230,0.9593
1745435370106,59691,62208,0.9595
1745435370127,59677,62170,0.9599
1745435370177,59655,62112,0.9604
1745435370191,59628,62039,0.9611
1745435370252,59597,61956,0.9619
1745435370273,59564,61868,0.9628
1745435370289,59530,61774,0.9637
1745435370319,59496,61676,0.9646
1745435370361,59461,61576,0.9657
1745435370401,59428,61477,0.9667
1745435370408,59397,61382,0.9677
1745435370442,59370,61298,0.9685
1745435370499,59347,61228,0.9693
1745435370508,59329,61173,0.9698
1745435370580,59314,61128,0.9703
1745435370602,59300,61086,0.9708
1745435370610,59283,61036,0.9713
1745435370637,59262,60974,0.9719
1745435370644,59235,60899,0.9727
1745435370674,59203,60815,0.9735
1745435370733,59169,60722,0.9744
1745435370772,59131,60622,0.9754
1745435370810,59094,60518,0.9765
1745435370814,59060,60418,0.9775
1745435370909,59031,60327,0.9785
1745435370928,59007,60245,0.9794
1745435370940,58985,60169,0.9803
1745435370971,58959,60090,0.9812
1745435370984,58926,59997,0.9822
1745435371028,58882,59882,0.9833
1745435371070,58828,59744,0.9847
1745435371078,58769,59593,0.9862
1745435371123,58712,59446,0.9877
1745435371130,58666,59322,0.9889
1745435371156,58634,59234,0.9899
1745435371196,58616,59179,0.9905
1745435371233,58604,59145,0.9909
1745435371279,58595,59116,0.9912
1745435371306,58587,59088,0.9915
1745435371312,58579,59064,0.9918
1745435371341,58576,59048,0.9920
1745435371364,58576,59043,0.9921
1745435371410,58581,59048,0.9921
1745435371440,58592,59067,0.9920
1745435371496,58611,59107,0.9916
1745435371513,58638,59171,0.9910
1745435371559,58676,59259,0.9902
1745435371586,58719,59361,0.9892
1745435371611,58766,59466,0.9882
1745435371639,58812,59566,0.9873
1745435371671,58856,59656,0.9866
1745435371678,58899,59742,0.9859
1745435371708,58943,59834,0.9851
1745435371743,58992,59945,0.9841
1745435371787,59050,60082,0.9828
1745435371827,59116,60249,0.9812
1745435371849,59188,60438,0.9793
1745435371987,59264,60639,0.9773
1745435372012,59339,60842,0.9753
1745435372016,59413,61040,0.9733
1745435372041,59483,61228,0.9715
1745435372048,59548,61401,0.9698
1745435372063,59607,61554,0.9684
1745435372070,59660,61690,0.9671
1745435372099,59711,61817,0.9659
1745435372113,59761,61943,0.9648
1745435372145,59813,62070,0.9636
1745435372188,59866,62199,0.9625
1745435372295,59918,62328,0.9613
1745435372309,59967,62453,0.9602
1745435372315,60010,62567,0.9591
1745435372321,60046,62666,0.9582
1745435372351,60076,62749,0.9574
1745435372395,60101,62824,0.9567
1745435372421,60127,62899,0.9559
1745435372428,60156,62979,0.9552
1745435372494,60186,63063,0.9544
1745435372515,60216,63145,0.9536
1745435372524,60243,63218,0.9529
1745435372578,60262,63276,0.9524
1745435372619,60272,63310,0.9520
1745435372647,60272,63319,0.9519
1745435372672,60264,63309,0.9519
1745435372709,60254,63291,0.9520
1745435372713,60243,63269,0.9522
1745435372770,60231,63240,0.9524
1745435372793,60214,63192,0.9529
1745435372871,60188,63118,0.9536
1745435372923,60153,63016,0.9546
1745435372929,60109,62889,0.9558
1745435372935,60060,62745,0.9572
1745435372971,60008,62595,0.9587
1745435372977,59958,62449,0.9601
1745435373007,59914,62322,0.9614
1745435373036,59881,62223,0.9624
1745435373074,59861,62161,0.9630
1745435373104,59855,62137,0.9633
1745435373146,59861,62151,0.9632
1745435373161,59878,62197,0.9627
1745435373229,59900,62262,0.9621
1745435373248,59921,62324,0.9614
1745435373271,59933,62367,0.9610
1745435373291,59935,62384,0.9607
1745435373323,59928,62373,0.9608
1745435373371,59912,62338,0.9611
1745435373377,59890,62283,0.9616
1745435373416,59864,62216,0.9622
1745435373465,59839,62149,0.9628
1745435373477,59818,62097,0.9633
1745435373531,59805,62067,0.9636
1745435373578,59800,62060,0.9636
1745435373602,59802,62071,0.9634
1745435373626,59808,62091,0.9632
1745435373646,59815,62111,0.9630
1745435373674,59820,62122,0.9629
1745435373704,59820,62117,0.9630
1745435373745,59813,62092,0.9633
1745435373765,59799,62049,0.9637
1745435373778,59778,61990,0.9643
1745435373824,59748,61911,0.9651
1745435373857,59709,61809,0.9660
1745435373909,59663,61688,0.9672
1745435373933,59614,61557,0.9684
1745435373961,59568,61428,0.9697
1745435373980,59527,61310,0.9709
1745435373998,59493,61205,0.9720
1745435374045,59465,61115,0.9730
1745435374097,59442,61036,0.9739
1745435374147,59423,60965,0.9747
1745435374169,59405,60899,0.9755
1745435374176,59392,60843,0.9762
1745435374220,59382,60799,0.9767
1745435374260,59377,60768,0.9771
1745435374264,59372,60744,0.9774
1745435374317,59367,60723,0.9777
1745435374322,59360,60703,0.9779
1745435374356,59355,60691,0.9780
1745435374364,59355,60694,0.9779
1745435374446,59362,60715,0.9777
1745435374467,59377,60754,0.9773
1745435374510,59399,60808,0.9768
1745435374529,59424,60872,0.9762
1745435374561,59451,60940,0.9756
1745435374609,59476,61003,0.9750
1745435374628,59496,61054,0.9745
1745435374657,59512,61096,0.9741
1745435374760,59526,61132,0.9737
1745435374769,59541,61168,0.9734
1745435374775,59560,61213,0.9730
1745435374781,59587,61276,0.9724
1745435374812,59625,61368,0.9716
1745435374842,59677,61494,0.9705
1745435374847,59741,61651,0.9690
1745435374874,59812,61830,0.9674
1745435374907,59887,62018,0.9656
1745435374957,59961,62206,0.9639
1745435374999,60031,62382,0.9623
1745435375019,60091,62537,0.9609
1745435375047,60140,62663,0.9597
1745435375080,60178,62764,0.9588
1745435375101,60208,62848,0.9580
1745435375126,60235,62926,0.9572
1745435375158,60262,63005,0.9565
1745435375212,60292,63089,0.9557
1745435375259,60326,63180,0.9548
1745435375288,60365,63276,0.9540
1745435375294,60404,63372,0.9532
1745435375320,60439,63458,0.9524
1745435375367,60467,63524,0.9519
1745435375380,60485,63570,0.9515
1745435375407,60496,63598,0.9512
1745435375438,60500,63615,0.9510
1745435375475,60502,63629,0.9509
1745435375496,60504,63646,0.9506
1745435375607,60510,63672,0.9503
1745435375624,60520,63713,0.9499
1745435375629,60534,63767,0.9493
1745435375638,60552,63832,0.9486
1745435375660,60572,63904,0.9479
1745435375688,60592,63974,0.9471
1745435375726,60606,64024,0.9466
1745435375748,60610,64038,0.9465
1745435375773,60599,64005,0.9468
1745435375813,60574,63926,0.9476
1745435375866,60538,63815,0.9486
1745435375908,60496,63691,0.9498
1745435375927,60456,63576,0.9509
1745435375954,60426,63492,0.9517
1745435375990,60412,63452,0.9521
1745435375998,60414,63457,0.9520
1745435376078,60429,63497,0.9517
1745435376126,60448,63552,0.9512
1745435376162,60466,63602,0.9507
1745435376167,60474,63626,0.9505
1745435376220,60467,63608,0.9506
1745435376274,60439,63533,0.9513
1745435376279,60392,63401,0.9525
1745435376287,60329,63225,0.9542
1745435376314,60259,63027,0.9561
1745435376332,60191,62831,0.9580
1745435376360,60131,62655,0.9597
1745435376392,60081,62507,0.9612
1745435376417,60041,62389,0.9624
1745435376459,60010,62296,0.9633
1745435376517,59984,62221,0.9641
1745435376542,59960,62153,0.9647
1745435376551,59935,62086,0.9654
1745435376591,59910,62021,0.9660
1745435376611,59885,61961,0.9665
1745435376643,59864,61911,0.9669
1745435376695,59845,61868,0.9673
1745435376739,59827,61828,0.9676
1745435376756,59808,61787,0.9680
1745435376763,59788,61743,0.9683
1745435376796,59767,61692,0.9688
1745435376823,59745,61633,0.9694
1745435376907,59721,61566,0.9700
1745435376912,59696,61495,0.9707
1745435376921,59669,61424,0.9714
1745435376959,59640,61351,0.9721
1745435376977,59609,61276,0.9728
1745435377003,59578,61200,0.9735
1745435377048,59550,61123,0.9743
1745435377074,59524,61045,0.9751
1745435377110,59501,60965,0.9760
1745435377150,59480,60889,0.9769
1745435377160,59462,60822,0.9777
1745435377188,59448,60770,0.9782
1745435377233,59437,60737,0.9786
1745435377260,59428,60714,0.9788
1745435377281,59418,60691,0.9790
1745435377307,59404,60659,0.9793
1745435377342,59387,60616,0.9797
1745435377378,59368,60568,0.9802
1745435377464,59351,60522,0.9807
1745435377511,59340,60488,0.9810
1745435377531,59338,60478,0.9812
1745435377539,59350,60502,0.9810
1745435377578,59376,60563,0.9804
1745435377610,59410,60651,0.9795
1745435377615,59448,60747,0.9786
1745435377644,59480,60831,0.9778
1745435377662,59505,60894,0.9772
1745435377687,59522,60936,0.9768
1745435377729,59535,60968,0.9765
1745435377753,59551,61005,0.9762
1745435377834,59575,61068,0.9756
1745435377914,59615,61168,0.9746
1745435377941,59670,61309,0.9733
1745435377952,59739,61483,0.9716
1745435377960,59815,61677,0.9698
1745435377983,59893,61878,0.9679
1745435377990,59970,62077,0.9660
1745435377996,60044,62275,0.9642
1745435378026,60116,62468,0.9623
1745435378055,60183,62653,0.9606
1745435378098,60245,62824,0.9590
1745435378129,60301,62978,0.9575
1745435378158,60352,63117,0.9562
1745435378226,60400,63245,0.9550
1745435378245,60445,63367,0.9539
1745435378266,60491,63491,0.9528
1745435378278,60538,63620,0.9516
1745435378308,60589,63757,0.9503
1745435378338,60641,63895,0.9491
1745435378374,60691,64028,0.9479
1745435378519,60737,64147,0.9468
1745435378557,60776,64249,0.9460
1745435378565,60808,64332,0.9452
1745435378571,60832,64395,0.9447
1745435378605,60848,64438,0.9443
1745435378610,60857,64459,0.9441
1745435378616,60859,64461,0.9441
1745435378646,60857,64450,0.9442
1745435378666,60851,64432,0.9444
1745435378732,60845,64416,0.9446
1745435378756,60840,64409,0.9446
1745435378763,60838,64415,0.9445
1745435378790,60839,64431,0.9443
1745435378866,60838,64444,0.9440
1745435378873,60829,64433,0.9441
1745435378878,60808,64384,0.9445
1745435378912,60773,64289,0.9453
1745435378939,60727,64158,0.9465
1745435378984,60677,64008,0.9480
1745435379033,60629,63862,0.9494
1745435379046,60588,63738,0.9506
1745435379072,60556,63642,0.9515
1745435379105,60531,63571,0.9522
1745435379140,60509,63512,0.9527
1745435379207,60485,63450,0.9533
1745435379221,60455,63375,0.9539
1745435379242,60420,63281,0.9548
1745435379271,60380,63169,0.9559
1745435379305,60334,63036,0.9571
1745435379313,60280,62880,0.9587
1745435379344,60219,62698,0.9605
1745435379380,60151,62499,0.9624
1745435379415,60083,62302,0.9644
1745435379460,60022,62127,0.9661
1745435379502,59974,61990,0.9675
1745435379528,59940,61898,0.9684
1745435379559,59922,61846,0.9689
1745435379563,59915,61829,0.9690
1745435379598,59918,61836,0.9690
1745435379633,59926,61858,0.9688
1745435379661,59938,61888,0.9685
1745435379697,59951,61921,0.9682
1745435379744,59964,61952,0.9679
1745435379776,59976,61979,0.9677
1745435379797,59986,61995,0.9676
1745435379838,59991,61992,0.9677
1745435379872,59988,61965,0.9681
1745435379878,59977,61919,0.9686
1745435379914,59958,61859,0.9693
1745435379934,59934,61791,0.9699
1745435379980,59905,61721,0.9706
1745435380011,59876,61656,0.9711
1745435380039,59853,61605,0.9716
1745435380079,59838,61576,0.9718
1745435380120,59835,61568,0.9718
1745435380133,59841,61580,0.9717
1745435380158,59854,61612,0.9715
1745435380213,59876,61664,0.9710
1745435380236,59903,61738,0.9703
1745435380275,59936,61827,0.9694
1745435380281,59972,61926,0.9685
1745435380303,60009,62026,0.9675
1745435380348,60046,62124,0.9665
1745435380384,60083,62220,0.9657
1745435380525,60120,62314,0.9648
1745435380541,60157,62405,0.9640
1745435380547,60192,62492,0.9632
1745435380554,60226,62578,0.9624
1745435380559,60259,62669,0.9615
1745435380589,60292,62765,0.9606
1745435380596,60325,62865,0.9596
1745435380622,60356,62964,0.9586
1745435380658,60387,63060,0.9576
1745435380689,60417,63155,0.9567
1745435380723,60447,63245,0.9558
1745435380758,60476,63329,0.9550
1745435380817,60502,63402,0.9543
1745435380880,60525,63466,0.9537
1745435380898,60545,63523,0.9531
1745435380907,60564,63576,0.9526
1745435380942,60583,63631,0.9521
1745435380946,60602,63689,0.9515
1745435380973,60624,63754,0.9509
1745435381008,60650,63831,0.9502
1745435381198,60681,63924,0.9493
1745435381207,60719,64036,0.9482
1745435381215,60763,64163,0.9470
1745435381246,60812,64305,0.9457
1745435381256,60865,64453,0.9443
1745435381262,60917,64598,0.9430
1745435381292,60963,64726,0.9419
1745435381299,60998,64826,0.9409
1745435381316,61021,64898,0.9403
1745435381322,61035,64946,0.9398
1745435381359,61043,64980,0.9394
1745435381390,61050,65009,0.9391
1745435381398,61058,65039,0.9388
1745435381453,61070,65072,0.9385
1745435381462,61083,65106,0.9382
1745435381524,61096,65139,0.9379
1745435381550,61107,65167,0.9377
1745435381576,61116,65191,0.9375
1745435381599,61125,65220,0.9372
1745435381625,61137,65262,0.9368
1745435381746,61154,65318,0.9363
1745435381771,61175,65383,0.9356
1745435381778,61195,65444,0.9351
1745435381782,61207,65486,0.9347
1745435381790,61209,65499,0.9345
1745435381842,61199,65483,0.9346
1745435381866,61182,65449,0.9348
1745435381887,61169,65430,0.9349
1745435382011,61179,65475,0.9344
1745435382015,61227,65632,0.9329
1745435382023,61322,65923,0.9302
1745435382028,61454,66325,0.9265
1745435382057,61601,66772,0.9226
1745435382064,61732,67175,0.9190
1745435382093,61822,67454,0.9165
1745435382159,61854,67560,0.9155
1745435382282,61827,67492,0.9161
1745435382300,61753,67282,0.9178
1745435382309,61651,66989,0.9203
1745435382314,61541,66669,0.9231
1745435382320,61435,66361,0.9258
1745435382325,61339,66081,0.9282
1745435382356,61255,65836,0.9304
1745435382383,61182,65623,0.9323
1745435382424,61117,65436,0.9340
1745435382460,61058,65267,0.9355
1745435382465,61002,65107,0.9370
1745435382561,60946,64951,0.9383
1745435382578,60890,64797,0.9397
1745435382610,60831,64638,0.9411
1745435382635,60768,64468,0.9426
1745435382642,60700,64285,0.9442
1745435382706,60631,64096,0.9460
1745435382712,60566,63913,0.9476
1745435382767,60509,63751,0.9491
1745435382776,60464,63621,0.9504
1745435382786,60432,63528,0.9513
1745435382828,60413,63469,0.9518
1745435382859,60403,63439,0.9522
1745435382899,60398,63423,0.9523
1745435383020,60391,63406,0.9524
1745435383026,60377,63373,0.9527
1745435383031,60354,63317,0.9532
1745435383039,60325,63245,0.9538
1745435383046,60294,63174,0.9544
1745435383088,60268,63119,0.9548
1745435383095,60252,63094,0.9550
1745435383124,60252,63114,0.9547
1745435383183,60274,63188,0.9539
1745435383228,60316,63313,0.9527
1745435383233,60373,63473,0.9512
1745435383258,60438,63644,0.9496
1745435383288,60499,63802,0.9482
1745435383345,60549,63927,0.9472
1745435383378,60584,64011,0.9465
1745435383382,60605,64058,0.9461
1745435383415,60615,64083,0.9459
1745435383445,60624,64108,0.9456
1745435383488,60638,64154,0.9452
1745435383524,60661,64230,0.9444
1745435383566,60695,64337,0.9434
1745435383573,60736,64467,0.9421
1745435383606,60784,64615,0.9407
1745435383643,60839,64782,0.9391
1745435383662,60899,64962,0.9374
1745435383692,60962,65148,0.9358
1745435383725,61025,65329,0.9341
1745435383763,61086,65500,0.9326
1745435383800,61142,65657,0.9312
1745435383857,61191,65798,0.9300
1745435383881,61232,65921,0.9289
1745435383908,61266,66025,0.9279
1745435383981,61294,66114,0.9271
1745435383998,61318,66194,0.9263
1745435384030,61341,66269,0.9256
1745435384055,61365,66344,0.9250
1745435384061,61390,66424,0.9242
1745435384095,61419,66516,0.9234
1745435384121,61454,66623,0.9224
1745435384134,61491,66736,0.9214
1745435384194,61527,66845,0.9205
1745435384209,61558,66934,0.9197
1745435384243,61578,66992,0.9192
1745435384249,61585,67012,0.9190
1745435384284,61576,66990,0.9192
1745435384307,61554,66933,0.9196
1745435384347,61522,66853,0.9202
1745435384395,61486,66764,0.9209
1745435384526,61447,66668,0.9217
1745435384532,61405,66562,0.9225
1745435384539,61360,66443,0.9235
1745435384544,61313,66317,0.9246
1745435384574,61268,66188,0.9257
1745435384578,61226,66065,0.9268
1745435384602,61189,65950,0.9278
1745435384639,61156,65847,0.9288
1745435384671,61129,65762,0.9295
1745435384703,61107,65699,0.9301
1745435384819,61090,65654,0.9305
1745435384824,61075,65618,0.9308
1745435384829,61057,65578,0.9311
1745435384833,61035,65525,0.9315
1745435384872,61009,65461,0.9320
1745435384878,60981,65388,0.9326
1745435384909,60954,65316,0.9332
1745435384982,60931,65252,0.9338
1745435385007,60914,65204,0.9342
1745435385029,60905,65172,0.9345
1745435385036,60898,65148,0.9348
1745435385074,60889,65121,0.9350
1745435385118,60877,65084,0.9354
1745435385139,60861,65041,0.9357
1745435385164,60845,64998,0.9361
1745435385215,60832,64966,0.9364
1745435385258,60826,64952,0.9365
1745435385291,60830,64962,0.9364
1745435385297,60842,64994,0.9361
1745435385328,60859,65042,0.9357
1745435385349,60876,65090,0.9353
1745435385372,60887,65124,0.9349
1745435385519,60889,65135,0.9348
1745435385529,60883,65125,0.9349
1745435385535,60872,65100,0.9350
1745435385548,60858,65068,0.9353
1745435385577,60842,65030,0.9356
1745435385593,60824,64986,0.9360
1745435385615,60805,64938,0.9364
1745435385642,60783,64883,0.9368
1745435385659,60759,64820,0.9373
1745435385701,60730,64743,0.9380
1745435385796,60697,64654,0.9388
1745435385811,60663,64561,0.9396
1745435385815,60633,64476,0.9404
1745435385819,60612,64414,0.9410
1745435385847,60605,64388,0.9412
1745435385895,60612,64407,0.9411
1745435385913,60637,64472,0.9405
1745435385942,60675,64580,0.9395
1745435385983,60722,64714,0.9383
1745435386021,60771,64857,0.9370
1745435386133,60816,64994,0.9357
1745435386152,60854,65118,0.9345
1745435386158,60884,65226,0.9334
1745435386162,60907,65314,0.9325
1745435386166,60923,65387,0.9317
1745435386191,60938,65461,0.9309
1745435386224,60961,65555,0.9299
1745435386263,60996,65685,0.9286
1745435386335,61044,65846,0.9271
1745435386347,61100,66027,0.9254
1745435386375,61160,66211,0.9237
1745435386438,61218,66387,0.9221
1745435386458,61273,66550,0.9207
1745435386464,61327,66706,0.9194
1745435386494,61384,66875,0.9179
1745435386516,61450,67076,0.9161
1745435386554,61529,67321,0.9140
1745435386562,61618,67602,0.9115
1745435386597,61710,67898,0.9089
1745435386652,61797,68185,0.9063
1745435386708,61872,68441,0.9040
1745435386714,61932,68654,0.9021
1745435386761,61975,68818,0.9006
1745435386788,62002,68939,0.8994
1745435386796,62019,69030,0.8984
1745435386830,62030,69105,0.8976
1745435386859,62040,69174,0.8969
1745435386887,62047,69234,0.8962
1745435386923,62049,69275,0.8957
1745435386943,62040,69283,0.8955
1745435386963,62017,69250,0.8955
1745435387034,61980,69178,0.8960
1745435387056,61934,69076,0.8966
1745435387094,61886,68964,0.8974
1745435387113,61843,68865,0.8980
1745435387143,61810,68792,0.8985
1745435387177,61787,68749,0.8987
1745435387199,61768,68721,0.8988
1745435387264,61746,68685,0.8990
1745435387295,61714,68622,0.8993
1745435387342,61668,68528,0.8999
1745435387348,61611,68403,0.9007
1745435387356,61545,68256,0.9017
1745435387403,61473,68095,0.9028
1745435387412,61400,67931,0.9039
1745435387442,61328,67768,0.9050
1745435387475,61255,67606,0.9061
1745435387508,61180,67437,0.9072
1745435387536,61100,67257,0.9085
1745435387562,61016,67067,0.9098
1745435387593,60931,66874,0.9111
1745435387631,60847,66688,0.9124
1745435387683,60769,66519,0.9136
1745435387689,60701,66378,0.9145
1745435387713,60644,66270,0.9151
1745435387769,60600,66196,0.9155
1745435387807,60565,66147,0.9156
1745435387897,60537,66112,0.9157
1745435387914,60510,66077,0.9157
1745435387923,60481,66037,0.9159
1745435387948,60447,65989,0.9160
1745435387981,60408,65931,0.9162
1745435388026,60362,65862,0.9165
1745435388051,60309,65785,0.9168
1745435388058,60254,65700,0.9171
1745435388082,60196,65610,0.9175
1745435388104,60137,65512,0.9180
1745435388143,60076,65403,0.9185
1745435388162,60013,65286,0.9192
1745435388211,59950,65166,0.9200
1745435388263,59889,65050,0.9207
1745435388294,59834,64947,0.9213
1745435388300,59785,64863,0.9217
1745435388370,59749,64809,0.9219
1745435388394,59726,64792,0.9218
1745435388399,59717,64813,0.9214
1745435388426,59718,64861,0.9207
1745435388433,59723,64918,0.9200
1745435388478,59724,64968,0.9193
1745435388515,59719,65006,0.9187
1745435388545,59709,65034,0.9181
1745435388573,59696,65058,0.9176
1745435388620,59685,65091,0.9170
1745435388670,59681,65142,0.9162
1745435388677,59688,65219,0.9152
1745435388729,59705,65319,0.9141
1745435388754,59730,65433,0.9128
1745435388763,59756,65548,0.9116
1745435388793,59782,65655,0.9105
1745435388828,59807,65754,0.9096
1745435388845,59832,65850,0.9086
1745435388902,59861,65956,0.9076
1745435388960,59898,66083,0.9064
1745435388965,59943,66236,0.9050
1745435389040,59993,66405,0.9034
1745435389053,60041,66576,0.9018
1745435389058,60084,66737,0.9003
1745435389078,60119,66880,0.8989
1745435389099,60148,67011,0.8976
1745435389135,60175,67138,0.8963
1745435389161,60202,67268,0.8950
1745435389183,60232,67404,0.8936
1745435389245,60266,67548,0.8922
1745435389260,60305,67705,0.8907
1745435389314,60352,67881,0.8891
1745435389346,60403,68074,0.8873
1745435389388,60457,68272,0.8855
1745435389394,60508,68464,0.8838
1745435389446,60555,68642,0.8822
1745435389454,60597,68806,0.8807
1745435389524,60637,68963,0.8793
1745435389530,60678,69124,0.8778
1745435389539,60723,69293,0.8763
1745435389575,60771,69467,0.8748
1745435389641,60815,69628,0.8734
1745435389662,60848,69753,0.8723
1745435389691,60864,69824,0.8717
1745435389713,60862,69838,0.8715
1745435389742,60844,69804,0.8716
1745435389776,60815,69735,0.8721
1745435389794,60778,69644,0.8727
1745435389856,60736,69541,0.8734
1745435389864,60694,69439,0.8741
1745435389917,60653,69344,0.8747
1745435389953,60614,69253,0.8752
1745435389961,60571,69152,0.8759
1745435390016,60521,69023,0.8768
1745435390031,60458,68859,0.8780
1745435390065,60384,68663,0.8794
1745435390089,60305,68453,0.8810
1745435390098,60228,68248,0.8825
1745435390127,60161,68071,0.8838
1745435390181,60109,67936,0.8848
1745435390320,60076,67847,0.8855
1745435390326,60057,67794,0.8859
1745435390331,60046,67757,0.8862
1745435390336,60033,67713,0.8866
1745435390344,60011,67644,0.8872
1745435390385,59972,67532,0.8881
1745435390397,59913,67362,0.8894
1745435390417,59829,67126,0.8913
1745435390442,59724,66829,0.8937
1745435390473,59604,66493,0.8964
1745435390542,59482,66149,0.8992
1745435390549,59366,65826,0.9019
1745435390594,59266,65548,0.9042
1745435390645,59183,65325,0.9060
1745435390652,59119,65155,0.9074
1745435390676,59068,65022,0.9084
1745435390705,59023,64907,0.9094
1745435390741,58982,64795,0.9103
1745435390772,58940,64678,0.9113
1745435390814,58900,64559,0.9124
1745435390832,58861,64434,0.9135
1745435390862,58819,64298,0.9148
1745435390907,58770,64140,0.9163
1745435390932,58710,63956,0.9180
1745435390957,58644,63754,0.9198
1745435390987,58575,63548,0.9217
1745435390998,58507,63350,0.9236
1745435391028,58444,63165,0.9253
1745435391082,58385,62997,0.9268
1745435391166,58333,62850,0.9281
1745435391183,58289,62731,0.9292
1745435391191,58255,62641,0.9300
1745435391244,58233,62585,0.9305
1745435391283,58225,62567,0.9306
1745435391307,58233,62597,0.9303
1745435391454,58262,62681,0.9295
1745435391461,58312,62823,0.9282
1745435391467,58383,63021,0.9264
1745435391473,58469,63263,0.9242
1745435391480,58564,63529,0.9219
1745435391485,58660,63797,0.9195
1745435391546,58750,64052,0.9172
1745435391587,58833,64291,0.9151
1745435391595,58915,64526,0.9130
1745435391600,59002,64778,0.9108
1745435391643,59101,65063,0.9084
1745435391651,59213,65379,0.9057
1745435391728,59330,65708,0.9029
1745435391740,59446,66028,0.9003
1745435391786,59554,66326,0.8979
1745435391792,59654,66603,0.8957
1745435391798,59748,66869,0.8935
1745435391827,59840,67135,0.8913
1745435391857,59932,67407,0.8891
1745435391889,60026,67685,0.8869
1745435391930,60119,67956,0.8847
1745435391955,60205,68204,0.8827
1745435391993,60280,68416,0.8811
1745435392041,60346,68596,0.8797
1745435392047,60407,68761,0.8785
1745435392096,60471,68934,0.8772
1745435392115,60542,69130,0.8758
1745435392148,60621,69350,0.8741
1745435392161,60704,69579,0.8724
1745435392205,60781,69789,0.8709
1745435392242,60841,69948,0.8698
1745435392265,60875,70030,0.8693
1745435392294,60881,70031,0.8693
1745435392338,60863,69967,0.8699
1745435392442,60832,69866,0.8707
1745435392457,60799,69761,0.8715
1745435392463,60773,69676,0.8722
1745435392469,60756,69619,0.8727
1745435392500,60748,69582,0.8730
1745435392517,60741,69548,0.8734
1745435392528,60730,69498,0.8738
1745435392613,60711,69421,0.8745
1745435392617,60686,69324,0.8754
1745435392659,60661,69223,0.8763
1745435392665,60641,69138,0.8771
1745435392710,60631,69081,0.8777
1745435392761,60630,69051,0.8780
1745435392785,60635,69040,0.8783
1745435392806,60642,69034,0.8784
1745435392825,60645,69019,0.8787
1745435392859,60640,68981,0.8791
1745435392888,60624,68916,0.8797
1745435392915,60601,68828,0.8805
1745435392947,60574,68733,0.8813
1745435392980,60551,68645,0.8821
1745435393045,60532,68572,0.8828
1745435393059,60519,68510,0.8834
1745435393090,60508,68455,0.8839
1745435393098,60496,68399,0.8845
1745435393127,60483,68335,0.8851
1745435393232,60465,68260,0.8858
1745435393257,60444,68175,0.8866
1745435393294,60421,68084,0.8874
1745435393314,60397,67995,0.8883
1745435393338,60373,67908,0.8890
1745435393391,60345,67811,0.8899
1745435393396,60309,67691,0.8909
1745435393404,60262,67539,0.8923
1745435393447,60205,67358,0.8938
1745435393471,60143,67163,0.8955
1745435393479,60083,66972,0.8971
1745435393510,60029,66801,0.8986
1745435393542,59986,66662,0.8998
1745435393563,59954,66564,0.9007
1745435393598,59935,66507,0.9012
1745435393684,59927,66485,0.9014
1745435393691,59927,66489,0.9013
1745435393697,59937,66514,0.9011
1745435393735,59954,66555,0.9008
1745435393779,59979,66611,0.9004
1745435393796,60009,66677,0.9000
1745435393849,60045,66754,0.8995
1745435393870,60084,66845,0.8989
1745435393912,60129,66955,0.8980
1745435393932,60179,67091,0.8970
1745435393957,60235,67249,0.8957
1745435394026,60293,67416,0.8943
1745435394030,60350,67581,0.8930
1745435394062,60403,67734,0.8918
1745435394083,60449,67867,0.8907
1745435394107,60489,67978,0.8898
1745435394143,60523,68065,0.8892
1745435394169,60554,68140,0.8887
1745435394214,60589,68222,0.8881
1745435394233,60633,68330,0.8874
1745435394255,60689,68470,0.8864
1745435394291,60755,68642,0.8851
1745435394374,60828,68837,0.8837
1745435394388,60904,69044,0.8821
1745435394405,60980,69256,0.8805
1745435394428,61055,69468,0.8789
1745435394458,61128,69678,0.8773
1745435394493,61199,69883,0.8757
1745435394522,61268,70084,0.8742
1745435394558,61334,70279,0.8727
1745435394577,61399,70470,0.8713
1745435394706,61463,70655,0.8699
1745435394717,61527,70836,0.8686
1745435394722,61592,71014,0.8673
1745435394727,61656,71191,0.8661
1745435394730,61719,71362,0.8649
1745435394755,61779,71525,0.8637
1745435394847,61834,71675,0.8627
1745435394869,61885,71810,0.8618
1745435394910,61927,71923,0.8610
1745435394939,61957,72001,0.8605
1745435394946,61972,72035,0.8603
1745435394973,61970,72016,0.8605
1745435395029,61952,71949,0.8611
1745435395034,61924,71848,0.8619
1745435395039,61894,71738,0.8628
1745435395082,61872,71650,0.8635
1745435395163,61867,71614,0.8639
1745435395188,61884,71643,0.8638
1745435395203,61920,71731,0.8632
1745435395208,61970,71855,0.8624
1745435395254,62021,71982,0.8616
1745435395266,62064,72079,0.8611
1745435395378,62088,72120,0.8609
1745435395429,62090,72089,0.8613
1745435395447,62069,71990,0.8622
1745435395457,62033,71845,0.8634
1745435395461,61992,71689,0.8647
1745435395467,61958,71557,0.8659
1745435395507,61939,71473,0.8666
1745435395513,61938,71444,0.8669
1745435395544,61949,71452,0.8670
1745435395573,61963,71469,0.8670
1745435395616,61971,71468,0.8671
1745435395652,61969,71432,0.8675
1745435395673,61955,71362,0.8682
1745435395700,61935,71275,0.8690
1745435395722,61916,71199,0.8696
1745435395763,61907,71159,0.8700
1745435395782,61911,71165,0.8700
1745435395817,61927,71212,0.8696
1745435395842,61951,71284,0.8691
1745435395891,61979,71362,0.8685
1745435396065,62005,71429,0.8681
1745435396092,62027,71469,0.8679
1745435396104,62040,71475,0.8680
1745435396108,62045,71447,0.8684
1745435396113,62041,71392,0.8690
1745435396117,62030,71315,0.8698
1745435396138,62012,71219,0.8707
1745435396150,61986,71105,0.8717
1745435396181,61954,70979,0.8729
1745435396259,61921,70851,0.8740
1745435396272,61893,70738,0.8750
1745435396292,61879,70664,0.8757
1745435396316,61885,70650,0.8759
1745435396375,61915,70705,0.8757
1745435396401,61965,70818,0.8750
1745435396407,62023,70958,0.8741
1745435396415,62076,71082,0.8733
1745435396448,62113,71161,0.8729
1745435396481,62134,71189,0.8728
1745435396528,62141,71178,0.8730
1745435396550,62142,71147,0.8734
1745435396562,62142,71115,0.8738
1745435396600,62148,71099,0.8741
1745435396672,62162,71107,0.8742
1745435396712,62182,71139,0.8741
1745435396718,62206,71186,0.8739
1745435396764,62230,71238,0.8736
1745435396781,62254,71293,0.8732
1745435396798,62278,71352,0.8728
1745435396825,62305,71421,0.8724
1745435396859,62338,71505,0.8718
1745435396897,62378,71611,0.8711
1745435396916,62425,71741,0.8701
1745435396962,62479,71895,0.8690
1745435397008,62537,72067,0.8678
1745435397014,62596,72243,0.8665
1745435397044,62654,72414,0.8652
1745435397077,62709,72575,0.8641
1745435397114,62763,72727,0.8630
1745435397138,62816,72870,0.8620
1745435397174,62868,73001,0.8612
1745435397213,62916,73119,0.8605
1745435397299,62961,73231,0.8598
1745435397334,63005,73348,0.8590
1745435397347,63050,73476,0.8581
1745435397366,63097,73619,0.8571
1745435397374,63148,73774,0.8560
1745435397394,63202,73940,0.8548
1745435397438,63260,74113,0.8536
1745435397450,63318,74285,0.8524
1745435397492,63374,74448,0.8513
1745435397515,63426,74598,0.8502
1745435397542,63471,74729,0.8494
1745435397695,63508,74832,0.8487
1745435397710,63532,74895,0.8483
1745435397714,63541,74907,0.8483
1745435397718,63535,74867,0.8486
1745435397724,63516,74784,0.8493
1745435397750,63490,74674,0.8502
1745435397771,63464,74556,0.8512
1745435397814,63442,74449,0.8522
1745435397833,63429,74364,0.8529
1745435397856,63420,74297,0.8536
1745435397891,63408,74228,0.8542
1745435397920,63386,74133,0.8550
1745435398059,63346,73997,0.8561
1745435398065,63290,73815,0.8574
1745435398074,63221,73599,0.8590
1745435398079,63149,73374,0.8607
1745435398084,63087,73173,0.8622
1745435398119,63043,73027,0.8633
1745435398158,63024,72952,0.8639
1745435398189,63026,72940,0.8641
1745435398225,63042,72969,0.8640
1745435398232,63063,73010,0.8638
1745435398299,63080,73038,0.8637
1745435398354,63087,73028,0.8639
1745435398375,63079,72966,0.8645
1745435398380,63053,72852,0.8655
1745435398417,63014,72699,0.8668
1745435398435,62969,72531,0.8682
1745435398444,62922,72368,0.8695
1745435398498,62880,72223,0.8706
1745435398561,62843,72099,0.8716
1745435398583,62812,71995,0.8724
1745435398612,62788,71909,0.8732
1745435398653,62770,71838,0.8738
1745435398662,62757,71778,0.8743
1745435398723,62747,71727,0.8748
1745435398737,62739,71677,0.8753
1745435398776,62728,71618,0.8759
1745435398780,62712,71542,0.8766
1745435398810,62688,71438,0.8775
1745435398833,62654,71306,0.8787
1745435398891,62615,71152,0.8800
1745435398906,62575,70992,0.8814
1745435398941,62538,70842,0.8828
1745435399077,62507,70710,0.8840
1745435399107,62481,70602,0.8850
1745435399111,62461,70516,0.8858
1745435399117,62447,70452,0.8864
1745435399122,62436,70400,0.8869
1745435399145,62423,70348,0.8874
1745435399153,62406,70279,0.8880
1745435399178,62382,70185,0.8888
1745435399210,62350,70060,0.8899
1745435399233,62310,69910,0.8913
1745435399262,62268,69747,0.8928
1745435399292,62228,69593,0.8942
1745435399325,62200,69474,0.8953
1745435399407,62189,69415,0.8959
1745435399416,62201,69428,0.8959
1745435399422,62234,69511,0.8953
1745435399472,62285,69648,0.8943
1745435399478,62346,69819,0.8930
1745435399515,62411,70001,0.8916
1745435399535,62476,70178,0.8902
1745435399582,62535,70337,0.8891
1745435399608,62588,70477,0.8881
1745435399654,62637,70604,0.8872
1745435399694,62685,70732,0.8862
1745435399827,62736,70874,0.8852
1745435399843,62791,71032,0.8840
1745435399848,62849,71203,0.8827
1745435399856,62909,71384,0.8813
1745435399862,62971,71573,0.8798
1745435399889,63038,71772,0.8783
1745435399895,63108,71986,0.8767
1745435399920,63183,72215,0.8749
1745435399973,63263,72462,0.8730
1745435399998,63348,72726,0.8711
1745435400121,63436,73000,0.8690
1745435400133,63523,73271,0.8670
1745435400150,63602,73519,0.8651
1745435400156,63668,73726,0.8636
1745435400176,63719,73882,0.8624
1745435400193,63753,73983,0.8617
1745435400211,63772,74032,0.8614
1745435400236,63777,74036,0.8614
1745435400274,63774,74010,0.8617
1745435400315,63767,73974,0.8620
1745435400331,63764,73949,0.8623
1745435400385,63768,73948,0.8623
1745435400423,63780,73974,0.8622
1745435400462,63796,74016,0.8619
1745435400485,63813,74059,0.8617
1745435400516,63826,74092,0.8614
1745435400540,63838,74121,0.8613
1745435400546,63852,74156,0.8610
1745435400582,63871,74210,0.8607
1745435400616,63894,74283,0.8601
1745435400674,63917,74361,0.8596
1745435400698,63935,74421,0.8591
1745435400758,63941,74438,0.8590
1745435400765,63929,74396,0.8593
1745435400771,63899,74286,0.8602
1745435400801,63849,74104,0.8616
1745435400844,63779,73855,0.8636
1745435400873,63693,73553,0.8659
1745435400923,63600,73230,0.8685
1745435400946,63515,72934,0.8709
1745435401001,63450,72710,0.8726
1745435401009,63414,72586,0.8736
1745435401013,63405,72560,0.8738
1745435401072,63417,72603,0.8735
1745435401078,63436,72672,0.8729
1745435401127,63452,72727,0.8725
1745435401150,63456,72741,0.8724
1745435401195,63448,72705,0.8727
1745435401211,63427,72626,0.8733
1745435401236,63399,72518,0.8742
1745435401288,63367,72397,0.8753
1745435401294,63335,72281,0.8762
1745435401328,63309,72183,0.8771
1745435401360,63288,72111,0.8776
1745435401430,63276,72068,0.8780
1745435401451,63269,72044,0.8782
1745435401571,63262,72016,0.8785
1745435401583,63246,71955,0.8790
1745435401596,63213,71837,0.8800
1745435401605,63161,71653,0.8815
1745435401610,63090,71408,0.8835
1745435401654,63004,71114,0.8860
1745435401676,62905,70779,0.8888
1745435401697,62790,70400,0.8919
1745435401875,62654,69965,0.8955
1745435401909,62494,69462,0.8997
1745435401913,62312,68900,0.9044
1745435401918,62123,68320,0.9093
1745435401922,61948,67782,0.9139
1745435401926,61807,67347,0.9177
1745435401930,61711,67049,0.9204
1745435401958,61661,66889,0.9218
1745435401971,61649,66844,0.9223
1745435401990,61667,66887,0.9220
1745435402029,61709,67000,0.9210
1745435402061,61769,67168,0.9196
1745435402106,61844,67378,0.9179
1745435402122,61927,67609,0.9160
1745435402173,62010,67837,0.9141
1745435402226,62087,68043,0.9125
1745435402255,62153,68214,0.9112
1745435402260,62204,68340,0.9102
1745435402267,62240,68423,0.9096
1745435402296,62265,68477,0.9093
1745435402329,62286,68525,0.9089
1745435402382,62313,68599,0.9084
1745435402408,62356,68729,0.9073
1745435402424,62423,68934,0.9055
1745435402498,62516,69225,0.9031
1745435402547,62636,69595,0.9000
1745435402553,62777,70030,0.8964
1745435402582,62931,70507,0.8926
1745435402607,63091,71001,0.8886
1745435402615,63250,71492,0.8847
1745435402641,63399,71959,0.8810
1745435402680,63532,72382,0.8777
1745435402705,63643,72740,0.8749
1745435402728,63728,73019,0.8728
1745435402773,63789,73223,0.8712
1745435402813,63832,73365,0.8701
1745435402839,63863,73469,0.8693
1745435402847,63890,73554,0.8686
1745435402877,63919,73640,0.8680
1745435402943,63953,73742,0.8673
1745435402988,63997,73872,0.8663
1745435402996,64050,74034,0.8651
1745435403020,64110,74226,0.8637
1745435403048,64176,74439,0.8621
1745435403143,64244,74666,0.8604
1745435403159,64313,74900,0.8587
1745435403180,64380,75124,0.8570
1745435403185,64434,75307,0.8556
1745435403211,64464,75412,0.8548
1745435403226,64460,75406,0.8548
1745435403262,64417,75274,0.8558
1745435403311,64336,75020,0.8576
1745435403354,64223,74661,0.8602
1745435403364,64089,74228,0.8634
1745435403438,63946,73758,0.8670
1745435403445,63803,73280,0.8707
1745435403512,63664,72811,0.8744
1745435403517,63532,72361,0.8780
1745435403523,63410,71944,0.8814
1745435403546,63302,71578,0.8844
1745435403633,63214,71285,0.8868
1745435403689,63150,71075,0.8885
1745435403707,63109,70947,0.8895
1745435403713,63089,70888,0.8900
1745435403720,63084,70876,0.8901
1745435403757,63085,70882,0.8900
1745435403765,63083,70874,0.8901
1745435403829,63069,70830,0.8904
1745435403950,63043,70745,0.8911
1745435403975,63005,70626,0.8921
1745435403981,62958,70478,0.8933
1745435403989,62905,70309,0.8947
1745435403996,62850,70129,0.8962
1745435404003,62799,69957,0.8977
1745435404034,62759,69813,0.8990
1745435404053,62733,69713,0.8999
1745435404079,62722,69657,0.9004
1745435404208,62719,69634,0.9007
1745435404216,62719,69622,0.9009
1745435404221,62716,69605,0.9010
1745435404227,62706,69569,0.9013
1745435404244,62687,69509,0.9019
1745435404271,62662,69428,0.9025
1745435404315,62631,69332,0.9034
1745435404350,62599,69229,0.9042
1745435404366,62566,69125,0.9051
1745435404488,62538,69031,0.9059
1745435404504,62516,68952,0.9067
1745435404509,62500,68889,0.9073
1745435404515,62486,68832,0.9078
1745435404556,62471,68770,0.9084
1745435404570,62450,68694,0.9091
1745435404633,62426,68607,0.9099
1745435404648,62398,68515,0.9107
1745435404675,62367,68418,0.9116
1745435404684,62331,68310,0.9125
1745435404716,62289,68187,0.9135
1745435404762,62242,68051,0.9146
1745435404780,62194,67913,0.9158
1745435404803,62151,67785,0.9169
1745435404840,62115,67681,0.9178
1745435404880,62089,67604,0.9184
1745435404951,62072,67553,0.9189
1745435404960,62062,67523,0.9191
1745435404964,62058,67509,0.9193
1745435404997,62060,67511,0.9193
1745435405023,62069,67538,0.9190
1745435405097,62090,67598,0.9185
1745435405125,62121,67691,0.9177
1745435405132,62161,67806,0.9167
1745435405141,62202,67922,0.9158
1745435405176,62235,68013,0.9151
1745435405211,62254,68054,0.9148
1745435405232,62250,68026,0.9151
1745435405264,62220,67923,0.9160
1745435405310,62164,67750,0.9176
1745435405363,62089,67526,0.9195
1745435405382,62002,67278,0.9216
1745435405413,61915,67033,0.9236
1745435405463,61836,66817,0.9255
1745435405482,61775,66649,0.9269
1745435405487,61738,66544,0.9278
1745435405538,61725,66501,0.9282
1745435405547,61730,66502,0.9282
1745435405585,61738,66511,0.9282
1745435405630,61735,66488,0.9285
1745435405648,61710,66405,0.9293
1745435405673,61662,66262,0.9306
1745435405770,61598,66080,0.9322
1745435405782,61529,65890,0.9338
1745435405788,61467,65718,0.9353
1745435405817,61416,65581,0.9365
1745435405824,61378,65477,0.9374
1745435405865,61348,65393,0.9381
1745435405892,61322,65314,0.9389
1745435405931,61297,65235,0.9396
1745435406000,61275,65163,0.9403
1745435406023,61262,65113,0.9408
1745435406074,61261,65098,0.9411
1745435406079,61272,65117,0.9410
1745435406128,61286,65150,0.9407
1745435406145,61295,65173,0.9405
1745435406150,61288,65156,0.9406
1745435406176,61257,65080,0.9413
1745435406205,61202,64938,0.9425
1745435406264,61126,64734,0.9443
1745435406310,61035,64485,0.9465
1745435406316,60939,64218,0.9489
1745435406338,60848,63960,0.9513
1745435406393,60765,63726,0.9535
1745435406399,60692,63520,0.9555
1745435406442,60627,63336,0.9572
1745435406450,60568,63170,0.9588
1745435406477,60516,63025,0.9602
1745435406510,60472,62907,0.9613
1745435406572,60438,62819,0.9621
1745435406630,60414,62765,0.9625
1745435406655,60401,62743,0.9627
1745435406712,60400,62750,0.9625
1745435406749,60408,62780,0.9622
1745435406757,60425,62820,0.9619
1745435406800,60444,62857,0.9616
1745435406809,60464,62886,0.9615
1745435406824,60483,62913,0.9614
1745435406880,60506,62953,0.9611
1745435406898,60534,63013,0.9606
1745435406935,60567,63096,0.9599
1745435406967,60605,63196,0.9590
1745435406976,60646,63308,0.9580
1745435407006,60692,63433,0.9568
1745435407062,60743,63573,0.9555
1745435407094,60804,63735,0.9540
1745435407164,60876,63928,0.9523
1745435407194,60959,64154,0.9502
1745435407216,61050,64403,0.9479
1745435407221,61142,64655,0.9457
1745435407230,61225,64887,0.9436
1745435407267,61295,65086,0.9418
1745435407301,61354,65255,0.9402
1745435407313,61408,65411,0.9388
1745435407335,61460,65565,0.9374
1745435407379,61512,65715,0.9360
1745435407446,61557,65843,0.9349
1745435407509,61586,65922,0.9342
1745435407516,61596,65943,0.9341
1745435407521,61590,65916,0.9344
1745435407527,61580,65879,0.9347
1745435407561,61579,65862,0.9350
1745435407601,61583,65857,0.9351
1745435407624,61573,65806,0.9357
1745435407632,61522,65632,0.9374
1745435407699,61416,65301,0.9405
1745435407726,61269,64858,0.9447
1745435407731,61118,64410,0.9489
1745435407789,61002,64069,0.9521
1745435407820,60942,63903,0.9537
1745435407852,60943,63917,0.9535
1745435407877,60990,64070,0.9519
1745435407898,61063,64301,0.9497
1745435407928,61143,64550,0.9472
1745435408008,61216,64774,0.9451
1745435408016,61273,64947,0.9434
1745435408048,61313,65065,0.9423
1745435408073,61337,65131,0.9418
1745435408080,61347,65150,0.9416
1745435408166,61345,65132,0.9418
1745435408189,61334,65093,0.9423
1745435408196,61321,65055,0.9426
1745435408235,61316,65046,0.9427
1745435408259,61323,65079,0.9423
1745435408266,61342,65154,0.9415
1745435408296,61370,65252,0.9405
1745435408336,61396,65345,0.9396
1745435408372,61411,65404,0.9389
1745435408382,61409,65407,0.9389
1745435408415,61384,65344,0.9394
1745435408457,61337,65213,0.9406
1745435408493,61267,65021,0.9423
1745435408518,61177,64778,0.9444
1745435408566,61076,64505,0.9468
1745435408583,60977,64240,0.9492
1745435408632,60898,64031,0.9511
1745435408693,60856,63922,0.9520
1745435408720,60858,63933,0.9519
1745435408729,60899,64054,0.9508
1745435408767,60967,64250,0.9489
1745435408811,61043,64468,0.9469
1745435408862,61109,64660,0.9451
1745435408885,61153,64789,0.9439
1745435408895,61171,64844,0.9434
1745435408933,61168,64835,0.9434
1745435408946,61149,64781,0.9439
1745435408994,61123,64703,0.9447
1745435409082,61095,64613,0.9455
1745435409103,61064,64520,0.9464
1745435409109,61031,64423,0.9474
1745435409114,60994,64316,0.9483
1745435409123,60950,64197,0.9494
1745435409190,60900,64063,0.9506
1745435409211,60845,63917,0.9519
1745435409219,60787,63766,0.9533
1745435409258,60728,63612,0.9547
1745435409267,60668,63451,0.9561
1745435409298,60605,63282,0.9577
1745435409341,60542,63108,0.9593
1745435409378,60479,62934,0.9610
1745435409395,60416,62762,0.9626
1745435409425,60352,62591,0.9642
1745435409467,60287,62418,0.9658
1745435409514,60222,62249,0.9674
1745435409549,60162,62094,0.9689
1745435409576,60112,61961,0.9702
1745435409583,60072,61855,0.9712
1745435409612,60041,61774,0.9719
1745435409644,60017,61712,0.9725
1745435409682,59994,61652,0.9731
1745435409726,59964,61574,0.9739
1745435409848,59921,61458,0.9750
1745435409870,59861,61296,0.9766
1745435409877,59788,61097,0.9786
1745435409883,59712,60888,0.9807
1745435409889,59646,60703,0.9826
1745435409897,59605,60579,0.9839
1745435409923,59601,60552,0.9843
1745435410039,59640,60644,0.9835
1745435410055,59724,60858,0.9814
1745435410080,59845,61175,0.9783
1745435410121,59988,61554,0.9746
1745435410127,60132,61937,0.9709
1745435410152,60256,62267,0.9677
1745435410193,60342,62497,0.9655
1745435410212,60381,62603,0.9645
1745435410266,60375,62588,0.9646
1745435410286,60334,62480,0.9656
1745435410310,60274,62323,0.9671
1745435410330,60217,62169,0.9686
1745435410373,60181,62071,0.9696
1745435410380,60184,62073,0.9696
1745435410423,60235,62203,0.9684
1745435410428,60336,62470,0.9658
1745435410514,60481,62857,0.9622
1745435410551,60655,63325,0.9578
1745435410562,60835,63816,0.9533
1745435410587,60998,64259,0.9492
1745435410610,61116,64587,0.9463
1745435410617,61173,64746,0.9448
1745435410650,61160,64712,0.9451
1745435410678,61087,64509,0.9470
1745435410715,60978,64207,0.9497
1745435410756,60867,63900,0.9525
1745435410815,60785,63673,0.9547
1745435410851,60749,63577,0.9555
1745435410956,60764,63623,0.9551
1745435410964,60820,63788,0.9535
1745435410975,60901,64022,0.9512
1745435410981,60984,64262,0.9490
1745435410990,61048,64444,0.9473
1745435411013,61075,64520,0.9466
1745435411043,61057,64469,0.9471
1745435411078,60997,64301,0.9486
1745435411105,60912,64058,0.9509
1745435411115,60822,63802,0.9533
1745435411174,60751,63596,0.9553
1745435411222,60716,63489,0.9563
1745435411259,60725,63505,0.9562
1745435411265,60775,63637,0.9550
1745435411273,60852,63851,0.9530
1745435411314,60938,64097,0.9507
1745435411383,61014,64319,0.9486
1745435411426,61060,64463,0.9472
1745435411453,61065,64490,0.9469
1745435411481,61026,64391,0.9477
1745435411504,60950,64182,0.9497
1745435411572,60855,63909,0.9522
1745435411617,60761,63633,0.9549
1745435411626,60690,63417,0.9570
1745435411631,60659,63309,0.9581
1745435411662,60674,63333,0.9580
1745435411669,60730,63476,0.9567
1745435411699,60812,63696,0.9547
1745435411742,60900,63936,0.9525
1745435411747,60973,64137,0.9507
1745435411816,61017,64257,0.9496
1745435411839,61024,64276,0.9494
1745435411863,60998,64204,0.9501
1745435411878,60949,64065,0.9514
1745435411983,60890,63900,0.9529
1745435412043,60836,63748,0.9543
1745435412060,60800,63645,0.9553
1745435412074,60789,63614,0.9556
1745435412081,60803,63655,0.9552
1745435412128,60833,63745,0.9543
1745435412137,60866,63844,0.9533
1745435412165,60886,63907,0.9527
1745435412172,60881,63899,0.9528
1745435412199,60846,63804,0.9536
1745435412396,60783,63630,0.9553
1745435412414,60704,63408,0.9574
1745435412422,60626,63185,0.9595
1745435412429,60565,63010,0.9612
1745435412441,60534,62920,0.9621
1745435412449,60540,62924,0.9621
1745435412457,60572,62999,0.9615
1745435412492,60611,63090,0.9607
1745435412497,60632,63124,0.9605
1745435412509,60614,63047,0.9614
1745435412532,60550,62846,0.9635
1745435412567,60449,62550,0.9664
1745435412593,60331,62214,0.9697
1745435412632,60216,61898,0.9728
1745435412680,60121,61649,0.9752
1745435412726,60059,61497,0.9766
1745435412765,60034,61451,0.9769
1745435412792,60042,61498,0.9763
1745435412797,60074,61613,0.9750
1745435412854,60121,61762,0.9734
1745435412864,60171,61919,0.9718
1745435412870,60217,62058,0.9703
1745435412899,60250,62158,0.9693
1745435412944,60268,62208,0.9688
1745435412994,60268,62206,0.9688
1745435413002,60257,62167,0.9693
1745435413058,60243,62119,0.9698
1745435413065,60239,62094,0.9701
1745435413138,60252,62114,0.9700
1745435413151,60283,62185,0.9694
1745435413157,60330,62297,0.9684
1745435413166,60387,62437,0.9672
1745435413197,60451,62599,0.9657
1745435413226,60522,62781,0.9640
1745435413265,60597,62977,0.9622
1745435413333,60668,63172,0.9604
1745435413355,60731,63345,0.9587
1745435413363,60778,63483,0.9574
1745435413429,60810,63578,0.9565
1745435413452,60828,63640,0.9558
1745435413490,60840,63684,0.9553
1745435413566,60854,63732,0.9548
1745435413606,60874,63797,0.9542
1745435413611,60905,63885,0.9534
1745435413622,60943,63993,0.9523
1745435413627,60986,64114,0.9512
1745435413678,61031,64240,0.9501
1745435413684,61076,64364,0.9489
1745435413742,61117,64479,0.9479
1745435413748,61156,64583,0.9469
1745435413848,61192,64682,0.9461
1745435413885,61232,64784,0.9452
1745435413899,61278,64904,0.9441
1745435413906,61337,65060,0.9428
1745435413943,61414,65268,0.9409
1745435413950,61506,65531,0.9386
1745435413995,61607,65825,0.9359
1745435414015,61701,66106,0.9334
1745435414048,61773,66328,0.9313
1745435414076,61812,66456,0.9301
1745435414115,61813,66473,0.9299
1745435414131,61777,66380,0.9307
1745435414225,61709,66194,0.9322
1745435414280,61621,65951,0.9343
1745435414284,61531,65703,0.9365
1745435414310,61457,65505,0.9382
1745435414316,61419,65409,0.9390
1745435414351,61427,65446,0.9386
1745435414357,61485,65624,0.9369
1745435414379,61582,65910,0.9343
1745435414418,61696,66242,0.9314
1745435414443,61802,66549,0.9287
1745435414482,61881,66775,0.9267
1745435414505,61923,66894,0.9257
1745435414516,61929,66905,0.9256
1745435414571,61905,66832,0.9263
1745435414619,61864,66708,0.9274
1745435414677,61818,66575,0.9285
1745435414682,61782,66472,0.9294
1745435414694,61769,66438,0.9297
1745435414719,61786,66492,0.9292
1745435414728,61831,66629,0.9280
1745435414756,61894,66814,0.9264
1745435414825,61956,66994,0.9248
1745435414884,62000,67123,0.9237
1745435414907,62016,67170,0.9233
1745435415005,61999,67124,0.9237
1745435415018,61953,66994,0.9247
1745435415034,61883,66802,0.9264
1745435415047,61801,66579,0.9282
1745435415052,61717,66355,0.9301
1745435415078,61641,66154,0.9318
1745435415097,61581,65999,0.9331
1745435415139,61546,65907,0.9338
1745435415149,61538,65887,0.9340
1745435415181,61557,65935,0.9336
1745435415233,61593,66028,0.9328
1745435415248,61632,66131,0.9320
1745435415299,61662,66211,0.9313
1745435415338,61674,66244,0.9310
1745435415371,61666,66227,0.9311
1745435415377,61640,66167,0.9316
1745435415412,61600,66075,0.9323
1745435415428,61550,65955,0.9332
1745435415457,61489,65810,0.9343
1745435415477,61419,65636,0.9357
1745435415577,61340,65433,0.9374
1745435415583,61256,65208,0.9394
1745435415610,61173,64978,0.9414
1745435415658,61104,64777,0.9433
1745435415725,61061,64645,0.9446
1745435415777,61057,64620,0.9449
1745435415785,61098,64717,0.9441
1745435415790,61174,64917,0.9423
1745435415819,61266,65164,0.9402
1745435415825,61347,65385,0.9382
1745435415879,61395,65519,0.9371
1745435415883,61400,65539,0.9369
1745435415958,61361,65444,0.9376
1745435415979,61287,65255,0.9392
1745435415984,61188,65000,0.9413
1745435416057,61081,64722,0.9437
1745435416063,60986,64472,0.9459
1745435416093,60921,64302,0.9474
1745435416134,60904,64255,0.9479
1745435416151,60944,64358,0.9470
1745435416190,61041,64616,0.9447
1745435416198,61186,65006,0.9412
1745435416205,61360,65478,0.9371
1745435416256,61537,65960,0.9329
1745435416280,61688,66370,0.9295
1745435416322,61792,66647,0.9272
1745435416348,61839,66764,0.9262
1745435416482,61834,66738,0.9265
1745435416501,61794,66615,0.9276
1745435416508,61740,66453,0.9291
1745435416513,61690,66312,0.9303
1745435416517,61663,66241,0.9309
1745435416560,61671,66274,0.9305
1745435416568,61719,66425,0.9292
1745435416630,61804,66683,0.9268
1745435416651,61916,67015,0.9239
1745435416692,62037,67374,0.9208
1745435416699,62151,67707,0.9179
1745435416734,62238,67963,0.9158
1745435416759,62287,68106,0.9146
1745435416786,62292,68121,0.9144
1745435416844,62260,68028,0.9152
1745435416863,62208,67875,0.9165
1745435416907,62157,67723,0.9178
1745435416915,62126,67632,0.9186
1745435416949,62129,67640,0.9185
1745435416980,62169,67757,0.9175
1745435417091,62242,67967,0.9158
1745435417103,62333,68232,0.9135
1745435417115,62426,68501,0.9113
1745435417126,62500,68721,0.9095
1745435417195,62544,68854,0.9084
1745435417246,62550,68880,0.9081
1745435417251,62521,68807,0.9087
1745435417258,62469,68664,0.9098
1745435417283,62411,68500,0.9111
1745435417289,62363,68364,0.9122
1745435417311,62338,68290,0.9129
1745435417334,62340,68290,0.9129
1745435417353,62364,68356,0.9123
1745435417399,62400,68456,0.9115
1745435417469,62431,68543,0.9108
1745435417495,62443,68573,0.9106
1745435417532,62426,68518,0.9111
1745435417597,62383,68382,0.9123
1745435417633,62323,68193,0.9139
1745435417682,62262,67997,0.9157
1745435417699,62212,67833,0.9171
1745435417703,62178,67719,0.9182
1745435417724,62161,67656,0.9188
1745435417747,62157,67634,0.9190
1745435417765,62162,67642,0.9190
1745435417781,62172,67669,0.9188
1745435417841,62182,67701,0.9185
1745435417846,62190,67729,0.9182
1745435417892,62194,67746,0.9181
1745435417956,62196,67754,0.9180
1745435417983,62196,67757,0.9179
1745435417990,62199,67765,0.9179
1745435418026,62209,67790,0.9177
1745435418033,62229,67841,0.9173
1745435418066,62256,67912,0.9167
1745435418094,62284,67982,0.9162
1745435418131,62304,68024,0.9159
1745435418159,62308,68018,0.9160
1745435418202,62295,67961,0.9166
1745435418216,62265,67856,0.9176
1745435418242,62220,67709,0.9189
1745435418297,62159,67523,0.9206
1745435418365,62084,67302,0.9225
1745435418422,61999,67060,0.9245
1745435418433,61912,66816,0.9266
1745435418442,61831,66593,0.9285
1745435418450,61763,66406,0.9301
1745435418473,61710,66263,0.9313
1745435418518,61674,66160,0.9322
1745435418542,61648,66086,0.9328
1745435418581,61628,66022,0.9334
1745435418591,61607,65953,0.9341
1745435418611,61582,65872,0.9349
1745435418682,61556,65783,0.9357
1745435418694,61531,65698,0.9366
1745435418706,61511,65629,0.9373
1745435418738,61500,65584,0.9377
1745435418761,61497,65568,0.9379
1745435418808,61503,65578,0.9379
1745435418827,61514,65606,0.9376
1745435418893,61528,65642,0.9373
1745435418900,61542,65676,0.9371
1745435418982,61556,65708,0.9368
1745435419023,61570,65742,0.9365
1745435419028,61588,65784,0.9362
1745435419034,61612,65839,0.9358
1745435419074,61643,65913,0.9352
1745435419082,61681,66008,0.9345
1745435419135,61725,66113,0.9336
1745435419178,61767,66212,0.9329
1745435419223,61801,66288,0.9323
1745435419230,61828,66334,0.9321
1745435419281,61850,66363,0.9320
1745435419324,61874,66392,0.9320
1745435419347,61907,66440,0.9318
1745435419419,61952,66521,0.9313
1745435419433,62009,66638,0.9305
1745435419441,62075,66787,0.9294
1745435419447,62146,66958,0.9281
1745435419494,62216,67135,0.9267
1745435419501,62281,67306,0.9253
1745435419525,62339,67463,0.9240
1745435419560,62389,67601,0.9229
1745435419652,62431,67717,0.9219
1745435419674,62466,67813,0.9212
1745435419732,62496,67893,0.9205
1745435419795,62524,67968,0.9199
1745435419804,62553,68043,0.9193
1745435419811,62581,68118,0.9187
1745435419816,62609,68191,0.9181
1745435419839,62637,68262,0.9176
1745435419862,62666,68334,0.9171
1745435419877,62696,68408,0.9165
1745435419913,62726,68481,0.9160
1745435419929,62752,68546,0.9155
1745435419974,62773,68600,0.9151
1745435420023,62792,68648,0.9147
1745435420029,62810,68697,0.9143
1745435420099,62830,68756,0.9138
1745435420133,62855,68833,0.9131
1745435420160,62889,68939,0.9122
1745435420165,62935,69085,0.9110
1745435420203,62994,69271,0.9094
1745435420227,63060,69481,0.9076
1745435420266,63123,69682,0.9059
1745435420299,63171,69837,0.9045
1745435420329,63194,69912,0.9039
1745435420372,63185,69885,0.9041
1745435420380,63140,69749,0.9053
1745435420471,63065,69517,0.9072
1745435420479,62972,69230,0.9096
1745435420483,62880,68942,0.9121
1745435420526,62805,68702,0.9142
1745435420534,62756,68536,0.9157
1745435420572,62736,68451,0.9165
1745435420601,62741,68443,0.9167
1745435420632,62766,68497,0.9163
1745435420668,62804,68593,0.9156
1745435420698,62847,68709,0.9147
1745435420728,62885,68818,0.9138
1745435420803,62911,68893,0.9132
1745435420829,62915,68908,0.9130
1745435420836,62892,68844,0.9135
1745435420870,62840,68697,0.9147
1745435420900,62764,68482,0.9165
1745435420943,62674,68232,0.9185
1745435420975,62584,67985,0.9206
1745435420982,62504,67771,0.9223
1745435420989,62439,67607,0.9236
1745435421020,62392,67496,0.9244
1745435421078,62360,67428,0.9248
1745435421180,62336,67381,0.9251
1745435421232,62314,67333,0.9255
1745435421260,62286,67264,0.9260
1745435421266,62250,67166,0.9268
1745435421275,62209,67042,0.9279
1745435421285,62164,66906,0.9291
1745435421333,62120,66769,0.9304
1745435421339,62078,66640,0.9315
1745435421358,62037,66517,0.9326
1745435421366,61995,66391,0.9338
1745435421391,61949,66251,0.9351
1745435421515,61900,66101,0.9364
1745435421543,61852,65955,0.9378
1745435421550,61812,65827,0.9390
1745435421560,61780,65720,0.9400
1745435421598,61752,65626,0.9410
1745435421627,61723,65529,0.9419
1745435421658,61689,65418,0.9430
1745435421665,61649,65291,0.9442
1745435421706,61609,65162,0.9455
1745435421716,61576,65050,0.9466
1745435421762,61557,64976,0.9474
1745435421766,61555,64949,0.9477
1745435421835,61569,64968,0.9477
1745435421881,61594,65020,0.9473
1745435421953,61624,65089,0.9468
1745435421961,61655,65164,0.9461
1745435421982,61687,65244,0.9455
1745435421992,61721,65332,0.9447
1745435422023,61758,65429,0.9439
1745435422030,61800,65538,0.9430
1745435422063,61845,65656,0.9420
1745435422119,61893,65781,0.9409
1745435422168,61942,65907,0.9398
1745435422235,61990,66031,0.9388
1745435422281,62037,66152,0.9378
1745435422288,62083,66270,0.9368
1745435422294,62126,66382,0.9359
1745435422356,62166,66486,0.9350
1745435422377,62203,66580,0.9343
1745435422382,62240,66676,0.9335
1745435422390,62285,66795,0.9325
1745435422420,62347,66961,0.9311
1745435422453,62435,67199,0.9291
1745435422477,62550,67517,0.9264
1745435422484,62688,67905,0.9232
1745435422520,62839,68329,0.9196
1745435422573,62984,68743,0.9162
1745435422607,63105,69091,0.9134
1745435422725,63189,69332,0.9114
1745435422751,63228,69444,0.9105
1745435422761,63226,69435,0.9106
1745435422770,63195,69340,0.9114
1745435422813,63154,69212,0.9125
1745435422822,63123,69114,0.9133
1745435422866,63123,69107,0.9134
1745435422874,63166,69228,0.9124
1745435422911,63251,69481,0.9103
1745435422944,63368,69830,0.9075
1745435422951,63496,70215,0.9043
1745435422985,63617,70577,0.9014
1745435423009,63717,70871,0.8990
1745435423062,63787,71076,0.8975
1745435423098,63829,71190,0.8966
1745435423126,63844,71224,0.8964
1745435423133,63838,71194,0.8967
1745435423160,63815,71115,0.8974
1745435423207,63781,70998,0.8984
1745435423216,63738,70857,0.8995
1745435423261,63693,70714,0.9007
1745435423267,63651,70584,0.9018
1745435423332,63613,70471,0.9027
1745435423346,63575,70363,0.9035
1745435423406,63532,70236,0.9046
1745435423434,63478,70073,0.9059
1745435423468,63411,69862,0.9077
1745435423494,63329,69607,0.9098
1745435423501,63237,69321,0.9122
1745435423535,63141,69024,0.9148
1745435423558,63050,68746,0.9171
1745435423593,62973,68514,0.9191
1745435423629,62917,68343,0.9206
1745435423652,62882,68236,0.9215
1745435423725,62864,68179,0.9220
1745435423773,62856,68152,0.9223
1745435423820,62851,68130,0.9225
1745435423826,62841,68091,0.9229
1745435423864,62819,68019,0.9235
1745435423883,62782,67907,0.9245
1745435423912,62731,67760,0.9258
1745435423943,62670,67583,0.9273
1745435423951,62600,67387,0.9290
1745435423981,62526,67177,0.9308
1745435424010,62449,66957,0.9327
1745435424049,62372,66731,0.9347
1745435424075,62296,66506,0.9367
1745435424117,62226,66291,0.9387
1745435424174,62165,66100,0.9405
1745435424210,62118,65950,0.9419
1745435424215,62090,65854,0.9428
1745435424237,62081,65813,0.9433
1745435424245,62086,65816,0.9433
1745435424294,62098,65840,0.9432
1745435424298,62108,65863,0.9430
1745435424359,62112,65870,0.9429
1745435424365,62107,65852,0.9431
1745435424417,62093,65806,0.9436
1745435424482,62071,65735,0.9443
1745435424526,62047,65650,0.9451
1745435424530,62024,65567,0.9460
1745435424560,62006,65497,0.9467
1745435424567,61995,65450,0.9472
1745435424591,61990,65425,0.9475
1745435424635,61991,65420,0.9476
1745435424684,61995,65432,0.9475
1745435424734,62005,65461,0.9472
1745435424760,62024,65515,0.9467
1745435424767,62057,65606,0.9459
1745435424825,62110,65745,0.9447
1745435424862,62183,65936,0.9431
1745435424884,62272,66174,0.9410
1745435424918,62370,66438,0.9388
1745435424949,62467,66702,0.9365
1745435424957,62555,66947,0.9344
1745435424980,62629,67161,0.9325
1745435425009,62691,67345,0.9309
1745435425052,62743,67505,0.9295
1745435425070,62791,67653,0.9281
1745435425110,62839,67801,0.9268
1745435425117,62890,67959,0.9254
1745435425173,62945,68126,0.9239
1745435425207,63002,68299,0.9224
1745435425266,63061,68476,0.9209
1745435425306,63124,68661,0.9194
1745435425323,63194,68862,0.9177
1745435425344,63272,69083,0.9159
1745435425362,63358,69330,0.9139
1745435425379,63453,69607,0.9116
1745435425410,63558,69924,0.9090
1745435425436,63681,70300,0.9058
1745435425481,63830,70764,0.9020
1745435425511,64016,71344,0.8973
1745435425551,64241,72049,0.8916
1745435425586,64495,72841,0.8854
1745435425705,64750,73638,0.8793
1745435425729,64973,74339,0.8740
1745435425734,65139,74862,0.8701
1745435425743,65235,75172,0.8678
1745435425748,65264,75281,0.8669
1745435425776,65241,75232,0.8672
1745435425783,65182,75077,0.8682
1745435425811,65105,74870,0.8696
1745435425844,65028,74660,0.8710
1745435426031,64964,74490,0.8721
1745435426084,64923,74388,0.8728
1745435426090,64909,74363,0.8729
1745435426097,64920,74418,0.8724
1745435426102,64955,74545,0.8714
1745435426110,65009,74731,0.8699
1745435426117,65075,74954,0.8682
1745435426143,65145,75187,0.8664
1745435426149,65210,75408,0.8648
1745435426179,65263,75592,0.8634
1745435426185,65298,75718,0.8624
1745435426222,65310,75769,0.8620
1745435426246,65296,75740,0.8621
1745435426397,65261,75644,0.8627
1745435426415,65214,75508,0.8637
1745435426425,65164,75363,0.8647
1745435426432,65120,75230,0.8656
1745435426442,65086,75127,0.8664
1745435426475,65066,75061,0.8668
1745435426513,65060,75035,0.8671
1745435426544,65066,75048,0.8670
1745435426552,65084,75096,0.8667
1745435426559,65110,75176,0.8661
1745435426586,65144,75283,0.8653
1745435426776,65180,75403,0.8644
1745435426781,65214,75516,0.8636
1745435426787,65240,75604,0.8629
1745435426792,65254,75654,0.8625
1745435426797,65253,75658,0.8625
1745435426803,65235,75613,0.8628
1745435426832,65203,75518,0.8634
1745435426855,65160,75387,0.8643
1745435426864,65113,75239,0.8654
1745435426899,65068,75092,0.8665
1745435426947,65026,74954,0.8675
1745435426960,64987,74823,0.8685
1745435427011,64950,74695,0.8695
1745435427075,64912,74565,0.8705
1745435427097,64872,74429,0.8716
1745435427118,64831,74286,0.8727
1745435427144,64788,74142,0.8738
1745435427152,64747,74007,0.8749
1745435427192,64713,73891,0.8758
1745435427231,64686,73800,0.8765
1745435427252,64666,73730,0.8771
1745435427314,64650,73673,0.8775
1745435427319,64635,73624,0.8779
1745435427367,64620,73580,0.8782
1745435427395,64605,73536,0.8785
1745435427402,64588,73489,0.8789
1745435427455,64567,73431,0.8793
1745435427476,64543,73361,0.8798
1745435427499,64520,73283,0.8804
1745435427530,64498,73206,0.8810
1745435427551,64481,73134,0.8817
1745435427584,64467,73068,0.8823
1745435427611,64455,73004,0.8829
1745435427649,64443,72943,0.8835
1745435427692,64433,72886,0.8840
1745435427739,64422,72835,0.8845
1745435427758,64412,72789,0.8849
1745435427804,64401,72746,0.8853
1745435427859,64391,72712,0.8856
1745435427883,64386,72696,0.8857
1745435427895,64391,72710,0.8856
1745435427916,64408,72765,0.8852
1745435427948,64440,72865,0.8844
1745435427968,64485,73002,0.8833
1745435428113,64535,73154,0.8822
1745435428126,64579,73286,0.8812
1745435428133,64605,73357,0.8807
1745435428139,64604,73336,0.8809
1745435428145,64573,73210,0.8820
1745435428175,64514,72990,0.8839
1745435428181,64441,72716,0.8862
1745435428214,64368,72447,0.8885
1745435428259,64314,72244,0.8902
1745435428296,64292,72150,0.8911
1745435428301,64307,72180,0.8909
1745435428331,64355,72321,0.8899
1745435428479,64426,72541,0.8881
1745435428511,64511,72809,0.8860
1745435428517,64599,73094,0.8838
1745435428524,64684,73375,0.8816
1745435428529,64762,73641,0.8794
1745435428561,64835,73893,0.8774
1745435428568,64907,74143,0.8754
1745435428595,64982,74403,0.8734
1745435428627,65062,74674,0.8713
1745435428698,65147,74949,0.8692
1745435428702,65234,75221,0.8672
1745435428763,65324,75483,0.8654
1745435428810,65416,75733,0.8638
1745435428816,65508,75965,0.8623
1745435428825,65594,76172,0.8611
1745435428847,65671,76353,0.8601
1745435428969,65734,76504,0.8592
1745435429003,65779,76620,0.8585
1745435429011,65806,76695,0.8580
1745435429016,65814,76730,0.8577
1745435429053,65811,76739,0.8576
1745435429063,65805,76743,0.8575
1745435429095,65805,76760,0.8573
1745435429120,65811,76793,0.8570
1745435429166,65819,76829,0.8567
1745435429190,65822,76841,0.8566
1745435429197,65809,76796,0.8569
1745435429224,65772,76669,0.8579
1745435429261,65712,76464,0.8594
1745435429304,65639,76213,0.8613
1745435429314,65567,75962,0.8631
1745435429346,65505,75746,0.8648
1745435429480,65456,75575,0.8661
1745435429531,65418,75441,0.8672
1745435429538,65384,75321,0.8681
1745435429546,65346,75192,0.8691
1745435429552,65300,75037,0.8702
1745435429569,65246,74854,0.8716
1745435429577,65189,74657,0.8732
1745435429626,65135,74470,0.8747
1745435429631,65093,74317,0.8759
1745435429666,65066,74213,0.8767
1745435429691,65057,74164,0.8772
1745435429729,65065,74167,0.8773
1745435429807,65086,74211,0.8770
1745435429820,65114,74281,0.8766
1745435429861,65143,74354,0.8761
1745435429867,65165,74411,0.8757
1745435429873,65179,74442,0.8756
1745435429894,65184,74448,0.8756
1745435429929,65185,74439,0.8757
1745435429974,65183,74419,0.8759
1745435430009,65179,74393,0.8761
1745435430026,65173,74362,0.8764
1745435430132,65166,74327,0.8767
1745435430152,65160,74294,0.8771
1745435430159,65157,74272,0.8773
1745435430166,65160,74266,0.8774
1745435430196,65168,74280,0.8773
1745435430221,65178,74304,0.8772
1745435430277,65186,74324,0.8771
1745435430283,65189,74328,0.8771
1745435430316,65185,74308,0.8772
1745435430362,65174,74260,0.8776
1745435430411,65153,74179,0.8783
1745435430438,65121,74059,0.8793
1745435430447,65077,73901,0.8806
1745435430482,65025,73721,0.8820
1745435430511,64974,73540,0.8835
1745435430541,64928,73380,0.8848
1745435430551,64893,73258,0.8858
1745435430652,64870,73175,0.8865
1745435430665,64858,73124,0.8870
1745435430754,64853,73095,0.8872
1745435430766,64854,73080,0.8874
1745435430772,64860,73078,0.8875
1745435430781,64872,73092,0.8875
1745435430828,64891,73129,0.8874
1745435430835,64915,73186,0.8870
1745435430917,64939,73249,0.8865
1745435430925,64956,73298,0.8862
1745435430930,64962,73311,0.8861
1745435430979,64954,73282,0.8864
1745435430983,64932,73212,0.8869
1745435431052,64900,73111,0.8877
1745435431082,64861,72994,0.8886
1745435431089,64823,72879,0.8895
1745435431131,64790,72782,0.8902
1745435431230,64766,72713,0.8907
1745435431252,64753,72675,0.8910
1745435431257,64752,72667,0.8911
1745435431263,64759,72683,0.8910
1745435431292,64773,72718,0.8907
1745435431300,64792,72769,0.8904
1745435431326,64811,72828,0.8899
1745435431334,64830,72890,0.8894
1745435431363,64847,72952,0.8889
1745435431415,64863,73016,0.8884
1745435431463,64882,73089,0.8877
1745435431480,64906,73182,0.8869
1745435431515,64938,73301,0.8859
1745435431544,64980,73452,0.8847
1745435431578,65031,73630,0.8832
1745435431586,65088,73822,0.8817
1745435431776,65147,74015,0.8802
1745435431800,65206,74207,0.8787
1745435431809,65267,74406,0.8772
1745435431816,65334,74626,0.8755
1745435431822,65408,74877,0.8735
1745435431827,65491,75161,0.8713
1745435431862,65581,75472,0.8689
1745435431879,65676,75801,0.8664
1745435431902,65771,76132,0.8639
1745435431915,65863,76449,0.8615
1745435431968,65947,76742,0.8593
1745435432017,66024,77012,0.8573
1745435432070,66098,77269,0.8554
1745435432078,66170,77522,0.8536
1745435432119,66239,77767,0.8518
1745435432128,66300,77990,0.8501
1745435432182,66346,78169,0.8488
1745435432211,66372,78283,0.8478
1745435432217,66373,78321,0.8475
1745435432225,66355,78293,0.8475
1745435432291,66325,78225,0.8479
1745435432364,66292,78146,0.8483
1745435432412,66264,78077,0.8487
1745435432421,66243,78026,0.8490
1745435432473,66226,77987,0.8492
1745435432488,66212,77946,0.8495
1745435432569,66194,77890,0.8498
1745435432575,66171,77809,0.8504
1745435432583,66141,77701,0.8512
1745435432640,66104,77576,0.8521
1745435432645,66064,77443,0.8531
1745435432651,66024,77310,0.8540
1745435432658,65983,77179,0.8549
1745435432700,65946,77054,0.8558
1745435432731,65913,76942,0.8567
1745435432757,65886,76847,0.8574
1745435432763,65866,76766,0.8580
1745435432800,65849,76695,0.8586
1745435432832,65833,76628,0.8591
1745435432874,65814,76558,0.8597
1745435432944,65789,76474,0.8603
1745435432954,65753,76361,0.8611
1745435433016,65706,76212,0.8622
1745435433062,65647,76024,0.8635
1745435433067,65580,75803,0.8651
1745435433077,65508,75565,0.8669
1745435433083,65439,75330,0.8687
1745435433116,65378,75119,0.8703
1745435433148,65332,74951,0.8717
1745435433194,65300,74830,0.8726
1745435433203,65280,74746,0.8734
1745435433234,65266,74681,0.8739
1745435433308,65251,74619,0.8745
1745435433380,65235,74551,0.8750
1745435433406,65215,74476,0.8757
1745435433418,65192,74389,0.8764
1745435433426,65161,74282,0.8772
1745435433432,65122,74150,0.8783
1745435433481,65074,73991,0.8795
1745435433498,65018,73809,0.8809
1745435433522,64958,73610,0.8825
1745435433541,64896,73406,0.8841
1745435433560,64838,73212,0.8856
1745435433601,64789,73045,0.8870
1745435433632,64751,72916,0.8880
1745435433713,64727,72829,0.8887
1745435433744,64715,72784,0.8891
1745435433749,64716,72779,0.8892
1745435433757,64728,72814,0.8889
1745435433810,64750,72881,0.8884
1745435433846,64777,72962,0.8878
1745435433854,64801,73038,0.8872
1745435433983,64818,73094,0.8868
1745435434016,64828,73128,0.8865
1745435434025,64831,73143,0.8864
1745435434035,64831,73146,0.8863
1745435434048,64829,73142,0.8863
1745435434118,64829,73142,0.8863
1745435434167,64837,73162,0.8862
1745435434176,64856,73214,0.8858
1745435434184,64886,73297,0.8852
1745435434225,64924,73404,0.8845
1745435434231,64967,73523,0.8836
1745435434244,65011,73646,0.8828
1745435434281,65055,73768,0.8819
1745435434319,65097,73888,0.8810
1745435434350,65138,74007,0.8802
1745435434358,65180,74134,0.8792
1745435434396,65228,74284,0.8781
1745435434424,65289,74476,0.8766
1745435434477,65365,74722,0.8748
1745435434502,65459,75023,0.8725
1745435434542,65568,75372,0.8699
1745435434547,65690,75759,0.8671
1745435434579,65818,76167,0.8641
1745435434611,65946,76576,0.8612
1745435434647,66066,76964,0.8584
1745435434681,66176,77321,0.8559
1745435434716,66275,77647,0.8535
1745435434753,66365,77948,0.8514
1745435434798,66450,78231,0.8494
1745435434871,66531,78504,0.8475
1745435434918,66611,78769,0.8457
1745435434931,66689,79028,0.8439
1745435434969,66765,79281,0.8421
1745435434977,66838,79529,0.8404
1745435434982,66910,79775,0.8387
1745435435003,66980,80019,0.8370
1745435435028,67048,80260,0.8354
1745435435060,67109,80483,0.8338
1745435435068,67158,80671,0.8325
1745435435097,67189,80807,0.8315
1745435435132,67200,80879,0.8309
1745435435172,67190,80885,0.8307
1745435435230,67161,80833,0.8309
1745435435254,67122,80739,0.8313
1745435435285,67078,80629,0.8319
1745435435315,67036,80525,0.8325
1745435435358,66997,80433,0.8330
1745435435367,66958,80342,0.8334
1745435435373,66913,80234,0.8340
1745435435409,66856,80095,0.8347
1745435435466,66787,79922,0.8357
1745435435487,66709,79721,0.8368
1745435435515,66626,79506,0.8380
1745435435568,66545,79298,0.8392
1745435435592,66474,79119,0.8402
1745435435597,66418,78987,0.8409
1745435435632,66376,78906,0.8412
1745435435659,66347,78866,0.8413
1745435435699,66324,78855,0.8411
1745435435719,66302,78856,0.8408
1745435435783,66274,78849,0.8405
1745435435805,66236,78815,0.8404
1745435435926,66182,78744,0.8405
1745435435932,66117,78641,0.8407
1745435435948,66043,78516,0.8411
1745435435955,65966,78384,0.8416
1745435435982,65890,78250,0.8420
1745435436016,65813,78116,0.8425
1745435436039,65737,77982,0.8430
1745435436049,65661,77846,0.8435
1745435436090,65586,77707,0.8440
1745435436098,65511,77566,0.8446
1745435436121,65438,77427,0.8452
1745435436275,65371,77300,0.8457
1745435436290,65312,77196,0.8461
1745435436297,65263,77119,0.8463
1745435436306,65220,77064,0.8463
1745435436312,65179,77022,0.8462
1745435436346,65137,76987,0.8461
1745435436353,65091,76952,0.8459
1745435436411,65041,76915,0.8456
1745435436418,64988,76872,0.8454
1745435436475,64931,76819,0.8452
1745435436576,64871,76752,0.8452
1745435436584,64810,76671,0.8453
1745435436606,64746,76575,0.8455
1745435436616,64678,76461,0.8459
1745435436626,64605,76330,0.8464
1745435436711,64527,76187,0.8470
1745435436780,64445,76039,0.8475
1745435436785,64364,75893,0.8481
1745435436793,64286,75758,0.8486
1745435436799,64214,75640,0.8489
1745435436832,64152,75543,0.8492
1745435436847,64098,75463,0.8494
1745435436853,64049,75388,0.8496
1745435436875,63997,75301,0.8499
1745435436992,63937,75190,0.8503
1745435437021,63871,75058,0.8509
1745435437034,63800,74919,0.8516
1745435437108,63730,74786,0.8522
1745435437117,63662,74665,0.8526
1745435437140,63598,74560,0.8530
1745435437148,63540,74471,0.8532
1745435437185,63487,74397,0.8534
1745435437194,63440,74336,0.8534
1745435437231,63400,74289,0.8534
1745435437242,63365,74260,0.8533
1745435437269,63338,74252,0.8530
1745435437293,63318,74270,0.8525
1745435437301,63306,74317,0.8518
1745435437337,63307,74401,0.8509
1745435437398,63321,74528,0.8496
1745435437447,63349,74693,0.8481
1745435437469,63384,74882,0.8465
1745435437507,63419,75069,0.8448
1745435437516,63445,75232,0.8433
1745435437551,63460,75367,0.8420
1745435437577,63464,75486,0.8407
1745435437606,63462,75603,0.8394
1745435437616,63459,75729,0.8380
1745435437659,63457,75871,0.8364
1745435437701,63460,76032,0.8347
1745435437727,63469,76212,0.8328
1745435437799,63485,76408,0.8309
1745435437830,63505,76615,0.8289
1745435437879,63529,76829,0.8269
1745435437885,63557,77049,0.8249
1745435437901,63588,77273,0.8229
1745435437953,63620,77494,0.8210
1745435437982,63650,77703,0.8192
1745435437991,63678,77902,0.8174
1745435438020,63707,78106,0.8157
1745435438052,63743,78336,0.8137
1745435438079,63788,78606,0.8115
1745435438110,63844,78920,0.8090
1745435438241,63911,79276,0.8062
1745435438260,63987,79667,0.8032
1745435438267,64070,80082,0.8001
1745435438272,64156,80508,0.7969
1745435438280,64241,80930,0.7938
1745435438329,64321,81332,0.7908
1745435438361,64391,81701,0.7881
1745435438368,64445,82014,0.7858
1745435438374,64476,82252,0.7839
1745435438403,64482,82402,0.7825
1745435438427,64462,82461,0.7817
1745435438468,64419,82435,0.7815
1745435438508,64358,82339,0.7816
1745435438532,64287,82204,0.7820
1745435438583,64220,82068,0.7825
1745435438599,64165,81969,0.7828
1745435438629,64129,81923,0.7828
1745435438664,64108,81923,0.7825
1745435438687,64093,81941,0.7822
1745435438717,64075,81948,0.7819
1745435438768,64043,81912,0.7819
1745435438814,63992,81813,0.7822
1745435438821,63919,81642,0.7829
1745435438861,63828,81412,0.7840
1745435439015,63729,81149,0.7853
1745435439028,63630,80886,0.7867
1745435439057,63539,80646,0.7879
1745435439063,63458,80440,0.7889
1745435439069,63389,80272,0.7897
1745435439114,63331,80137,0.7903
1745435439121,63282,80024,0.7908
1745435439137,63238,79922,0.7912
1745435439144,63196,79817,0.7918
1745435439151,63153,79703,0.7924
1745435439181,63106,79572,0.7931
1745435439281,63053,79416,0.7940
1745435439294,62990,79228,0.7950
1745435439301,62918,79010,0.7963
1745435439340,62840,78770,0.7978
1745435439347,62760,78526,0.7992
1745435439377,62684,78294,0.8006
1745435439406,62617,78088,0.8019
1745435439431,62563,77921,0.8029
1745435439471,62522,77798,0.8037
1745435439512,62493,77709,0.8042
1745435439535,62469,77634,0.8047
1745435439560,62441,77549,0.8052
1745435439620,62406,77436,0.8059
1745435439628,62362,77298,0.8068
1745435439674,62316,77153,0.8077
1745435439686,62276,77031,0.8085
1745435439726,62254,76966,0.8089
1745435439765,62256,76977,0.8088
1745435439790,62278,77055,0.8082
1745435439843,62311,77165,0.8075
1745435439853,62341,77261,0.8069
1745435439912,62359,77312,0.8066
1745435439917,62363,77312,0.8066
1745435439928,62356,77272,0.8070
1745435439982,62342,77205,0.8075
1745435440004,62324,77123,0.8081
1745435440030,62303,77035,0.8088
1745435440095,62278,76938,0.8095
1745435440107,62247,76828,0.8102
1745435440160,62209,76696,0.8111
1745435440167,62163,76546,0.8121
1745435440194,62115,76388,0.8131
1745435440274,62069,76235,0.8142
1745435440330,62030,76102,0.8151
1745435440340,62001,75997,0.8158
1745435440374,61983,75925,0.8164
1745435440383,61975,75886,0.8167
1745435440392,61975,75873,0.8168
1745435440425,61978,75872,0.8169
1745435440435,61983,75873,0.8169
1745435440477,61988,75868,0.8170
1745435440514,61993,75866,0.8171
1745435440544,62003,75876,0.8172
1745435440611,62021,75913,0.8170
1745435440653,62048,75983,0.8166
1745435440661,62084,76086,0.8160
1745435440691,62128,76209,0.8152
1745435440697,62172,76334,0.8145
1745435440735,62211,76442,0.8138
1745435440776,62243,76525,0.8134
1745435440783,62268,76590,0.8130
1745435440877,62291,76650,0.8127
1745435440902,62317,76720,0.8123
1745435440910,62349,76815,0.8117
1745435440976,62392,76950,0.8108
1745435440983,62451,77135,0.8096
1745435440990,62526,77375,0.8081
1745435441049,62617,77669,0.8062
1745435441054,62722,78008,0.8040
1745435441079,62838,78383,0.8017
1745435441126,62962,78786,0.7992
1745435441135,63089,79202,0.7966
1745435441170,63214,79608,0.7941
1745435441212,63327,79975,0.7918
1745435441241,63423,80279,0.7900
1745435441282,63497,80511,0.7887
1745435441325,63552,80681,0.7877
1745435441370,63592,80805,0.7870
1745435441395,63622,80903,0.7864
1745435441434,63648,80990,0.7859
1745435441455,63674,81079,0.7853
1745435441463,63702,81175,0.7847
1745435441489,63732,81278,0.7841
1745435441501,63765,81385,0.7835
1745435441542,63797,81487,0.7829
1745435441598,63824,81572,0.7824
1745435441647,63843,81628,0.7821
1745435441700,63850,81643,0.7821
1745435441706,63846,81617,0.7823
1745435441735,63834,81562,0.7826
1745435441744,63820,81492,0.7831
1745435441771,63806,81418,0.7837
1745435441779,63793,81343,0.7842
1745435441820,63777,81261,0.7848
1745435441871,63759,81169,0.7855
1745435441880,63734,81056,0.7863
1745435441919,63700,80916,0.7872
1745435441935,63657,80744,0.7884
1745435441990,63606,80548,0.7897
1745435442047,63552,80342,0.7910
1745435442077,63500,80144,0.7923
1745435442084,63452,79965,0.7935
1745435442124,63412,79811,0.7945
1745435442131,63380,79685,0.7954
1745435442167,63359,79590,0.7961
1745435442197,63347,79523,0.7966
1745435442228,63344,79476,0.7970
1745435442256,63344,79436,0.7974
1745435442301,63341,79391,0.7978
1745435442323,63332,79325,0.7984
1745435442379,63310,79223,0.7991
1745435442412,63273,79072,0.8002
1745435442464,63221,78873,0.8015
1745435442473,63158,78640,0.8031
1745435442480,63093,78396,0.8048
1745435442503,63033,78165,0.8064
1745435442524,62980,77957,0.8079
1745435442658,62935,77776,0.8092
1745435442680,62898,77617,0.8104
1745435442704,62866,77478,0.8114
1745435442737,62842,77364,0.8123
1745435442744,62826,77280,0.8130
1745435442792,62822,77238,0.8134
1745435442817,62830,77243,0.8134
1745435442828,62852,77294,0.8132
1745435442893,62881,77373,0.8127
1745435442899,62910,77454,0.8122
1745435442903,62932,77507,0.8120
1745435442909,62942,77517,0.8120
1745435442962,62939,77486,0.8123
1745435442977,62928,77426,0.8127
1745435443017,62910,77345,0.8134
1745435443041,62886,77249,0.8141
1745435443082,62859,77143,0.8148
1745435443109,62832,77031,0.8157
1745435443149,62806,76918,0.8165
1745435443194,62782,76803,0.8174
1745435443219,62760,76688,0.8184
1745435443259,62739,76572,0.8194
1745435443265,62719,76457,0.8203
1745435443298,62700,76347,0.8212
1745435443323,62684,76251,0.8221
1745435443378,62672,76173,0.8228
1745435443411,62665,76121,0.8232
1745435443419,62665,76099,0.8235
1745435443460,62674,76109,0.8235
1745435443468,62690,76151,0.8232
1745435443586,62716,76222,0.8228
1745435443597,62750,76318,0.8222
1745435443602,62792,76438,0.8215
1745435443658,62839,76570,0.8207
1745435443665,62886,76698,0.8199
1745435443670,62927,76810,0.8193
1745435443715,62962,76904,0.8187
1745435443746,62995,76994,0.8182
1745435443766,63030,77095,0.8176
1745435443828,63069,77211,0.8168
1745435443835,63113,77338,0.8161
1745435443895,63157,77468,0.8153
1745435443967,63199,77590,0.8145
1745435443975,63237,77704,0.8138
1745435444015,63271,77812,0.8131
1745435444022,63305,77925,0.8124
1745435444041,63343,78057,0.8115
1745435444049,63390,78217,0.8104
1745435444080,63446,78404,0.8092
1745435444111,63507,78609,0.8079
1745435444148,63570,78818,0.8065
1745435444168,63632,79021,0.8053
1745435444197,63693,79217,0.8040
1745435444249,63751,79406,0.8029
1745435444287,63807,79588,0.8017
1745435444333,63860,79762,0.8006
1745435444364,63910,79931,0.7996
1745435444374,63958,80102,0.7985
1745435444401,64008,80281,0.7973
1745435444432,64060,80469,0.7961
1745435444457,64112,80654,0.7949
1745435444502,64161,80819,0.7939
1745435444528,64202,80947,0.7931
1745435444560,64231,81027,0.7927
1745435444683,64246,81058,0.7926
1745435444714,64251,81050,0.7927
1745435444726,64249,81025,0.7930
1745435444735,64247,81006,0.7931
1745435444744,64250,81010,0.7931
1745435444775,64259,81041,0.7929
1745435444782,64273,81092,0.7926
1745435444811,64287,81145,0.7923
1745435444818,64296,81175,0.7921
1745435444846,64293,81161,0.7922
1745435444884,64274,81087,0.7927
1745435444911,64242,80959,0.7935
1745435444952,64201,80797,0.7946
1745435444993,64156,80626,0.7957
1745435445057,64113,80462,0.7968
1745435445065,64071,80309,0.7978
1745435445074,64031,80168,0.7987
1745435445120,63994,80040,0.7995
1745435445136,63960,79926,0.8002
1745435445180,63931,79824,0.8009
1745435445236,63905,79727,0.8015
1745435445270,63879,79632,0.8022
1745435445281,63855,79536,0.8028
1745435445303,63831,79439,0.8035
1745435445392,63807,79346,0.8042
1745435445398,63784,79255,0.8048
1745435445404,63762,79167,0.8054
1745435445436,63741,79080,0.8060
1745435445461,63720,78990,0.8067
1745435445468,63699,78892,0.8074
1745435445499,63675,78778,0.8083
1745435445535,63646,78646,0.8093
1745435445574,63612,78499,0.8104
1745435445620,63573,78338,0.8115
1745435445628,63527,78161,0.8128
1745435445703,63474,77963,0.8141
1745435445734,63413,77742,0.8157
1745435445775,63346,77502,0.8173
1745435445783,63276,77250,0.8191
1745435445790,63208,76999,0.8209
1745435445831,63146,76764,0.8226
1745435445856,63093,76560,0.8241
1745435445865,63053,76398,0.8253
1745435445931,63027,76284,0.8262
1745435445949,63014,76215,0.8268
1745435445980,63008,76175,0.8272
1745435446036,63006,76149,0.8274
1745435446079,63004,76128,0.8276
1745435446085,63001,76104,0.8278
1745435446114,62995,76072,0.8281
1745435446143,62985,76022,0.8285
1745435446163,62970,75951,0.8291
1745435446191,62952,75866,0.8298
1745435446219,62936,75781,0.8305
1745435446295,62925,75713,0.8311
1745435446311,62924,75676,0.8315
1745435446387,62936,75683,0.8316
1745435446407,62963,75741,0.8313
1745435446466,63003,75846,0.8307
1745435446485,63053,75986,0.8298
1745435446518,63107,76145,0.8288
1745435446528,63163,76312,0.8277
1745435446561,63219,76483,0.8266
1745435446567,63275,76655,0.8255
1745435446574,63332,76826,0.8244
1745435446612,63389,76995,0.8233
1745435446764,63446,77169,0.8222
1745435446805,63506,77359,0.8209
1745435446812,63569,77569,0.8195
1745435446817,63635,77796,0.8180
1745435446820,63701,78032,0.8163
1745435446825,63767,78270,0.8147
1745435446829,63833,78504,0.8131
1745435446866,63897,78724,0.8117
1745435446883,63955,78916,0.8104
1745435446923,64006,79074,0.8094
1745435446935,64049,79197,0.8087
1745435447016,64086,79295,0.8082
1745435447076,64120,79380,0.8078
1745435447083,64154,79471,0.8073
1745435447093,64194,79589,0.8066
1745435447125,64243,79750,0.8056
1745435447167,64306,79965,0.8042
1745435447190,64382,80231,0.8025
1745435447231,64469,80533,0.8005
1745435447250,64562,80847,0.7986
1745435447279,64653,81146,0.7967
1745435447287,64733,81401,0.7952
1745435447355,64795,81586,0.7942
1745435447362,64832,81689,0.7937
1745435447368,64845,81710,0.7936
1745435447418,64835,81662,0.7939
1745435447445,64811,81566,0.7946
1745435447485,64777,81443,0.7954
1745435447567,64743,81315,0.7962
1745435447585,64713,81199,0.7970
1745435447592,64687,81099,0.7976
1745435447626,64665,81009,0.7982
1745435447675,64643,80924,0.7988
1745435447700,64622,80843,0.7993
1745435447726,64602,80768,0.7998
1745435447733,64582,80697,0.8003
1745435447762,64564,80626,0.8008
1745435447787,64546,80553,0.8013
1745435447832,64528,80477,0.8018
1745435447851,64510,80398,0.8024
1745435447890,64489,80306,0.8030
1745435448054,64464,80196,0.8038
1745435448064,64435,80068,0.8048
1745435448070,64404,79929,0.8058
1745435448076,64373,79786,0.8068
1745435448081,64342,79642,0.8079
1745435448092,64311,79491,0.8090
1745435448127,64276,79326,0.8103
1745435448166,64237,79143,0.8117
1745435448170,64192,78943,0.8131
1745435448214,64144,78735,0.8147
1745435448260,64099,78538,0.8161
1745435448268,64062,78376,0.8174
1745435448295,64039,78259,0.8183
1745435448376,64028,78185,0.8189
1745435448381,64025,78135,0.8194
1745435448387,64023,78085,0.8199
1745435448417,64015,78018,0.8205
1745435448441,63997,77918,0.8213
1745435448468,63967,77779,0.8224
1745435448511,63926,77607,0.8237
1745435448549,63879,77415,0.8251
1745435448565,63831,77223,0.8266
1745435448599,63786,77035,0.8280
1745435448661,63741,76847,0.8295
1745435448707,63694,76645,0.8310
1745435448716,63644,76422,0.8328
1745435448752,63590,76186,0.8347
1745435448773,63538,75952,0.8366
1745435448781,63492,75743,0.8383
1745435448825,63459,75586,0.8396
1745435448872,63446,75501,0.8403
1745435448886,63452,75493,0.8405
1745435449030,63476,75547,0.8402
1745435449054,63508,75638,0.8396
1745435449060,63544,75741,0.8390
1745435449067,63581,75846,0.8383
1745435449075,63618,75951,0.8376
1745435449080,63656,76058,0.8369
1745435449114,63693,76166,0.8362
1745435449135,63728,76268,0.8356
1745435449166,63757,76354,0.8350
1745435449183,63777,76412,0.8346
1745435449246,63786,76437,0.8345
1745435449285,63785,76429,0.8346
1745435449322,63778,76400,0.8348
1745435449330,63768,76359,0.8351
1745435449356,63755,76305,0.8355
1745435449391,63735,76226,0.8361
1745435449453,63706,76121,0.8369
1745435449505,63674,76006,0.8378
1745435449513,63651,75921,0.8384
1745435449518,63649,75908,0.8385
1745435449554,63676,75991,0.8379
1745435449563,63733,76173,0.8367
1745435449642,63812,76432,0.8349
1745435449648,63906,76735,0.8328
1745435449679,64002,77042,0.8307
1745435449707,64093,77326,0.8289
1745435449749,64173,77575,0.8272
1745435449800,64244,77799,0.8258
1745435449815,64308,78009,0.8244
1745435449848,64369,78215,0.8230
1745435449855,64427,78420,0.8216
1745435449911,64486,78627,0.8201
1745435449966,64545,78836,0.8187
1745435450003,64605,79043,0.8173
1745435450010,64663,79236,0.8161
1745435450048,64714,79400,0.8150
1745435450079,64756,79523,0.8143
1745435450085,64787,79606,0.8138
1745435450139,64810,79653,0.8136
1745435450148,64827,79679,0.8136
1745435450177,64841,79695,0.8136
1745435450185,64855,79714,0.8136
1745435450232,64870,79742,0.8135
1745435450291,64884,79772,0.8134
1745435450300,64893,79788,0.8133
1745435450329,64894,79775,0.8135
1745435450362,64882,79722,0.8139
1745435450435,64858,79626,0.8145
1745435450460,64823,79490,0.8155
1745435450497,64778,79322,0.8167
1745435450519,64728,79132,0.8180
1745435450528,64673,78928,0.8194
1745435450552,64613,78711,0.8209
1745435450619,64550,78482,0.8225
1745435450642,64484,78247,0.8241
1745435450648,64421,78020,0.8257
1745435450702,64367,77821,0.8271
1745435450720,64326,77667,0.8282
1745435450777,64303,77568,0.8290
1745435450785,64296,77525,0.8294
1745435450794,64303,77528,0.8294
1745435450820,64318,77558,0.8293
1745435450847,64331,77589,0.8291
1745435451013,64333,77591,0.8291
1745435451018,64318,77541,0.8295
1745435451035,64285,77430,0.8302
1745435451041,64237,77270,0.8313
1745435451048,64184,77088,0.8326
1745435451076,64135,76914,0.8339
1745435451081,64096,76765,0.8350
1745435451113,64068,76647,0.8359
1745435451141,64048,76555,0.8366
1745435451183,64034,76477,0.8373
1745435451200,64020,76404,0.8379
1745435451265,64004,76329,0.8385
1745435451301,63987,76254,0.8391
1745435451331,63968,76181,0.8397
1745435451354,63947,76104,0.8403
1745435451375,63920,76012,0.8409
1745435451379,63883,75885,0.8418
1745435451413,63830,75704,0.8432
1745435451441,63764,75471,0.8449
1745435451483,63689,75205,0.8469
1745435451650,63617,74945,0.8489
1745435451667,63560,74730,0.8505
1745435451675,63526,74592,0.8517
1745435451679,63519,74548,0.8521
1745435451683,63542,74608,0.8517
1745435451706,63592,74768,0.8505
1745435451714,63663,75002,0.8488
1745435451729,63744,75274,0.8468
1745435451764,63822,75541,0.8449
1745435451786,63889,75769,0.8432
1745435451836,63940,75937,0.8420
1745435451877,63974,76045,0.8413
1745435451904,63994,76104,0.8409
1745435451950,64006,76139,0.8407
1745435451977,64018,76178,0.8404
1745435451984,64037,76248,0.8398
1745435452017,64068,76368,0.8389
1745435452058,64116,76545,0.8376
1745435452067,64179,76773,0.8360
1745435452095,64253,77037,0.8341
1745435452131,64336,77322,0.8321
1745435452156,64423,77617,0.8300
1745435452198,64511,77911,0.8280
1745435452250,64595,78191,0.8261
1745435452382,64670,78441,0.8244
1745435452404,64735,78654,0.8230
1745435452414,64790,78838,0.8218
1745435452418,64841,79007,0.8207
1745435452426,64889,79171,0.8196
1745435452431,64936,79335,0.8185
1745435452474,64982,79498,0.8174
1745435452485,65026,79655,0.8163
1745435452526,65066,79804,0.8153
1745435452532,65103,79944,0.8144
1745435452593,65138,80072,0.8135
1745435452600,65169,80186,0.8127
1745435452653,65196,80284,0.8121
1745435452712,65221,80367,0.8115
1745435452718,65246,80443,0.8111
1745435452746,65270,80518,0.8106
1745435452754,65295,80596,0.8101
1745435452783,65320,80680,0.8096
1745435452831,65347,80771,0.8090
1745435452873,65374,80864,0.8084
1745435452878,65396,80941,0.8080
1745435453105,65407,80979,0.8077
1745435453115,65401,80963,0.8078
1745435453121,65377,80888,0.8082
1745435453129,65336,80758,0.8090
1745435453134,65283,80585,0.8101
1745435453140,65220,80380,0.8114
1745435453146,65155,80160,0.8128
1745435453180,65092,79942,0.8142
1745435453187,65035,79741,0.8156
1745435453211,64987,79567,0.8168
1745435453217,64948,79427,0.8177
1745435453252,64919,79322,0.8184
1745435453284,64897,79243,0.8190
1745435453326,64877,79172,0.8195
1745435453386,64856,79093,0.8200
1745435453444,64828,78993,0.8207
1745435453453,64793,78864,0.8216
1745435453461,64748,78704,0.8227
1745435453498,64695,78519,0.8239
1745435453532,64637,78316,0.8253
1745435453570,64575,78100,0.8268
1745435453607,64511,77880,0.8283
1745435453617,64446,77661,0.8298
1745435453664,64383,77448,0.8313
1745435453709,64320,77243,0.8327
1745435453719,64259,77041,0.8341
1745435453767,64198,76838,0.8355
1745435453820,64137,76631,0.8370
1745435453903,64078,76424,0.8384
1745435453927,64021,76223,0.8399
1745435453943,63966,76029,0.8413
1745435453951,63913,75842,0.8427
1745435453958,63859,75656,0.8441
1745435454008,63804,75465,0.8455
1745435454013,63746,75268,0.8469
1745435454019,63687,75073,0.8483
1745435454066,63631,74888,0.8497
1745435454102,63580,74724,0.8509
1745435454143,63539,74592,0.8518
1745435454154,63508,74500,0.8525
1745435454193,63488,74444,0.8528
1745435454228,63476,74414,0.8530
1745435454294,63470,74400,0.8531
1745435454320,63468,74399,0.8531
1745435454330,63470,74414,0.8529
1745435454380,63478,74449,0.8526
1745435454425,63492,74507,0.8522
1745435454436,63513,74590,0.8515
1745435454445,63541,74695,0.8507
1745435454477,63574,74816,0.8497
1745435454484,63610,74940,0.8488
1745435454533,63644,75055,0.8480
1745435454554,63675,75155,0.8472
1745435454613,63701,75241,0.8466
1745435454669,63725,75323,0.8460
1745435454680,63752,75418,0.8453
1745435454749,63786,75542,0.8444
1745435454758,63829,75701,0.8432
1745435454780,63881,75890,0.8418
1745435454784,63942,76107,0.8402
1745435454820,64009,76345,0.8384
1745435454848,64080,76599,0.8366
1745435454900,64152,76856,0.8347
1745435454950,64221,77104,0.8329
1745435454964,64285,77337,0.8312
1745435455031,64344,77554,0.8297
1745435455098,64399,77758,0.8282
1745435455108,64451,77948,0.8268
1745435455150,64498,78122,0.8256
1745435455188,64541,78283,0.8245
1745435455200,64581,78433,0.8234
1745435455211,64619,78578,0.8224
1745435455229,64656,78724,0.8213
1745435455235,64695,78878,0.8202
1745435455248,64737,79045,0.8190
1745435455306,64784,79229,0.8177
1745435455336,64834,79426,0.8163
1745435455371,64884,79621,0.8149
1745435455392,64924,79787,0.8137
1745435455403,64948,79895,0.8129
1745435455472,64950,79930,0.8126
1745435455501,64930,79889,0.8128
1745435455534,64893,79787,0.8133
1745435455579,64846,79647,0.8142
1745435455598,64797,79500,0.8150
1745435455635,64753,79366,0.8159
1745435455658,64714,79246,0.8166
1745435455714,64678,79130,0.8174
1745435455721,64637,79001,0.8182
1745435455763,64587,78843,0.8192
1745435455768,64526,78649,0.8204
1745435455787,64454,78415,0.8220
1745435455813,64373,78148,0.8237
1745435455929,64287,77862,0.8257
1745435455964,64203,77577,0.8276
1745435455976,64125,77315,0.8294
1745435455989,64060,77095,0.8309
1745435456033,64011,76926,0.8321
1745435456046,63979,76810,0.8329
1745435456091,63962,76740,0.8335
1745435456100,63954,76698,0.8338
1745435456117,63947,76657,0.8342
1745435456166,63935,76600,0.8347
1745435456176,63916,76523,0.8352
1745435456219,63893,76443,0.8358
1745435456267,63877,76384,0.8363
1745435456273,63873,76373,0.8363
1745435456327,63886,76421,0.8360
1745435456383,63915,76519,0.8353
1745435456389,63951,76641,0.8344
1745435456425,63984,76750,0.8337
1745435456431,63999,76800,0.8333
1745435456438,63984,76747,0.8337
1745435456466,63931,76562,0.8350
1745435456508,63838,76242,0.8373
1745435456526,63714,75816,0.8404
1745435456533,63577,75343,0.8438
1745435456569,63449,74901,0.8471
1745435456599,63356,74571,0.8496
1745435456643,63316,74424,0.8508
1745435456683,63339,74483,0.8504
1745435456749,63414,74716,0.8487
1745435456778,63517,75041,0.8464
1745435456784,63616,75355,0.8442
1745435456811,63684,75569,0.8427
1745435456821,63706,75627,0.8424
1745435456854,63677,75516,0.8432
1745435456886,63605,75259,0.8451
1745435457022,63506,74911,0.8478
1745435457041,63398,74537,0.8506
1745435457046,63300,74198,0.8531
1745435457051,63224,73936,0.8551
1745435457056,63178,73773,0.8564
1745435457078,63163,73714,0.8569
1745435457100,63179,73750,0.8567
1745435457139,63217,73851,0.8560
1745435457217,63262,73976,0.8552
1745435457235,63301,74084,0.8545
1745435457272,63325,74145,0.8541
1745435457279,63333,74158,0.8540
1745435457285,63329,74142,0.8542
1745435457310,63327,74131,0.8543
1745435457366,63336,74163,0.8540
1745435457435,63369,74274,0.8532
1745435457461,63431,74482,0.8516
1745435457468,63522,74787,0.8494
1745435457500,63635,75164,0.8466
1745435457509,63758,75576,0.8436
1745435457550,63881,75983,0.8407
1745435457570,63995,76358,0.8381
1745435457609,64095,76687,0.8358
1745435457659,64179,76960,0.8339
1745435457821,64245,77170,0.8325
1745435457859,64292,77316,0.8315
1745435457866,64325,77414,0.8309
1745435457877,64353,77501,0.8303
1745435457882,64391,77631,0.8295
1745435457890,64457,77859,0.8279
1745435457898,64563,78228,0.8253
1745435457947,64710,78745,0.8218
1745435457954,64890,79374,0.8175
1745435457962,65083,80046,0.8131
1745435457985,65265,80678,0.8090
1745435458015,65414,81200,0.8056
1745435458084,65517,81560,0.8033
1745435458101,65567,81738,0.8022
1745435458215,65568,81746,0.8021
1745435458264,65534,81633,0.8028
1745435458271,65484,81465,0.8038
1745435458279,65439,81310,0.8048
1745435458311,65415,81226,0.8053
1745435458321,65423,81252,0.8052
1745435458344,65468,81405,0.8042
1745435458350,65545,81672,0.8025
1745435458356,65641,82005,0.8004
1745435458391,65735,82336,0.7984
1745435458436,65808,82600,0.7967
1745435458452,65849,82750,0.7958
1745435458505,65851,82766,0.7956
1745435458579,65814,82646,0.7963
1745435458631,65747,82416,0.7977
1745435458637,65665,82130,0.7995
1745435458647,65588,81857,0.8012
1745435458652,65532,81659,0.8025
1745435458726,65505,81568,0.8031
1745435458734,65507,81578,0.8030
1745435458738,65527,81656,0.8025
1745435458781,65554,81760,0.8018
1745435458812,65577,81847,0.8012
1745435458848,65583,81877,0.8010
1745435458900,65564,81817,0.8014
1745435458949,65516,81648,0.8024
1745435459030,65439,81377,0.8042
1745435459086,65343,81033,0.8064
1745435459104,65239,80660,0.8088
1745435459111,65139,80303,0.8112
1745435459116,65055,80003,0.8132
1745435459126,64995,79793,0.8145
1745435459154,64962,79682,0.8153
1745435459163,64950,79654,0.8154
1745435459200,64951,79675,0.8152
1745435459267,64952,79696,0.8150
1745435459305,64939,79670,0.8151
1745435459317,64901,79551,0.8158
1745435459382,64828,79308,0.8174
1745435459388,64719,78936,0.8199
1745435459430,64582,78462,0.8231
1745435459437,64433,77936,0.8267
1745435459525,64288,77421,0.8304
1745435459536,64164,76976,0.8336
1745435459543,64075,76648,0.8360
1745435459551,64026,76460,0.8374
1745435459562,64015,76409,0.8378
1745435459609,64033,76462,0.8374
1745435459614,64064,76566,0.8367
1745435459653,64092,76662,0.8360
1745435459779,64103,76700,0.8358
1745435459806,64090,76655,0.8361
1745435459816,64050,76522,0.8370
1745435459823,63992,76324,0.8384
1745435459828,63927,76103,0.8400
1745435459835,63870,75907,0.8414
1745435459879,63834,75781,0.8424
1745435459901,63826,75751,0.8426
1745435459969,63850,75825,0.8421
1745435459993,63903,75996,0.8409
1745435460027,63981,76242,0.8392
1745435460060,64072,76529,0.8372
1745435460130,64165,76814,0.8353
1745435460154,64247,77059,0.8337
1745435460182,64310,77245,0.8325
1745435460189,64354,77373,0.8317
1745435460213,64385,77464,0.8312
1745435460227,64410,77544,0.8306
1745435460266,64437,77638,0.8300
1745435460296,64473,77766,0.8291
1745435460304,64520,77936,0.8279
1745435460350,64580,78148,0.8264
1745435460391,64648,78388,0.8247
1745435460401,64721,78639,0.8230
1745435460450,64795,78886,0.8214
1745435460513,64865,79118,0.8198
1745435460548,64929,79326,0.8185
1745435460555,64983,79502,0.8174
1745435460565,65026,79639,0.8165
1745435460597,65059,79741,0.8159
1745435460653,65083,79819,0.8154
1745435460684,65105,79890,0.8149
1745435460693,65130,79970,0.8144
1745435460717,65160,80071,0.8138
1745435460747,65197,80199,0.8129
1745435460766,65241,80351,0.8120
1745435460821,65291,80523,0.8108
1745435460871,65345,80704,0.8097
1745435460921,65398,80883,0.8086
1745435460932,65448,81044,0.8076
1745435460964,65488,81172,0.8068
1745435460971,65514,81255,0.8063
1745435461016,65524,81288,0.8061
1745435461048,65519,81272,0.8062
1745435461071,65502,81218,0.8065
1745435461099,65478,81141,0.8070
1745435461152,65453,81055,0.8075
1745435461173,65429,80971,0.8081
1745435461289,65409,80897,0.8085
1745435461309,65394,80843,0.8089
1745435461316,65388,80816,0.8091
1745435461326,65389,80815,0.8091
1745435461332,65394,80826,0.8091
1745435461353,65396,80826,0.8091
1745435461396,65390,80799,0.8093
1745435461417,65372,80730,0.8098
1745435461469,65340,80613,0.8105
1745435461494,65293,80449,0.8116
1745435461507,65235,80247,0.8129
1745435461546,65171,80027,0.8144
1745435461600,65111,79824,0.8157
1745435461638,65067,79676,0.8166
1745435461650,65048,79617,0.8170
1745435461677,65062,79673,0.8166
1745435461685,65111,79847,0.8154
1745435461716,65186,80111,0.8137
1745435461744,65273,80409,0.8118
1745435461753,65347,80661,0.8101
1745435461780,65389,80793,0.8093
1745435461853,65385,80760,0.8096
1745435461876,65333,80557,0.8110
1745435461930,65242,80216,0.8133
1745435461995,65125,79789,0.8162
1745435462001,64995,79319,0.8194
1745435462011,64859,78840,0.8227
1745435462058,64728,78384,0.8258
1745435462066,64615,77998,0.8284
1745435462081,64537,77735,0.8302
1745435462127,64505,77629,0.8309
1745435462135,64516,77674,0.8306
1745435462204,64558,77824,0.8295
1745435462243,64612,78015,0.8282
1745435462252,64659,78181,0.8270
1745435462345,64685,78275,0.8264
1745435462371,64685,78273,0.8264
1745435462377,64660,78182,0.8270
1745435462385,64616,78022,0.8282
1745435462431,64559,77817,0.8296
1745435462467,64495,77586,0.8313
1745435462477,64429,77349,0.8330
1745435462510,64365,77121,0.8346
1745435462518,64305,76912,0.8361
1745435462550,64251,76720,0.8375
1745435462580,64202,76539,0.8388
1745435462628,64154,76359,0.8402
1745435462707,64105,76174,0.8416
1745435462720,64055,75985,0.8430
1745435462811,64006,75801,0.8444
1745435462837,63959,75631,0.8457
1745435462849,63918,75489,0.8467
1745435462857,63886,75387,0.8474
1745435462864,63870,75342,0.8477
1745435462886,63875,75367,0.8475
1745435462914,63900,75462,0.8468
1745435462954,63942,75612,0.8457
1745435463080,63993,75790,0.8443
1745435463109,64044,75964,0.8431
1745435463148,64088,76111,0.8420
1745435463222,64121,76213,0.8413
1745435463242,64143,76270,0.8410
1745435463254,64158,76294,0.8409
1745435463262,64170,76311,0.8409
1745435463269,64188,76348,0.8407
1745435463274,64219,76437,0.8402
1745435463304,64270,76597,0.8391
1745435463317,64340,76831,0.8374
1745435463344,64427,77121,0.8354
1745435463350,64520,77434,0.8332
1745435463383,64612,77737,0.8312
1745435463416,64693,78003,0.8294
1745435463465,64760,78222,0.8279
1745435463501,64817,78405,0.8267
1745435463565,64869,78578,0.8255
1745435463569,64926,78768,0.8243
1745435463579,64992,78994,0.8228
1745435463584,65071,79263,0.8209
1745435463619,65163,79578,0.8188
1745435463664,65266,79931,0.8165
1745435463703,65375,80298,0.8141
1745435463779,65478,80648,0.8119
1745435463837,65564,80944,0.8100
1745435463849,65626,81158,0.8086
1745435463855,65659,81280,0.8078
1745435463911,65668,81321,0.8075
1745435463918,65663,81311,0.8076
1745435463928,65655,81293,0.8076
1745435464021,65658,81310,0.8075
1745435464104,65681,81392,0.8070
1745435464111,65724,81542,0.8060
1745435464116,65783,81742,0.8048
1745435464121,65846,81955,0.8034
1745435464171,65903,82146,0.8023
1745435464177,65945,82287,0.8014
1745435464197,65965,82360,0.8009
1745435464204,65961,82350,0.8010
1745435464213,65933,82259,0.8015
1745435464250,65889,82114,0.8024
1745435464280,65841,81955,0.8034
1745435464319,65800,81821,0.8042
1745435464341,65772,81728,0.8048
1745435464417,65754,81671,0.8051
1745435464443,65739,81623,0.8054
1745435464452,65714,81543,0.8059
1745435464462,65671,81396,0.8068
1745435464508,65604,81165,0.8083
1745435464517,65520,80865,0.8102
1745435464546,65430,80539,0.8124
1745435464585,65348,80239,0.8144
1745435464611,65288,80020,0.8159
1745435464650,65261,79921,0.8166
1745435464669,65273,79965,0.8163
1745435464725,65323,80143,0.8151
1745435464778,65400,80418,0.8132
1745435464828,65488,80731,0.8112
1745435464862,65565,81006,0.8094
1745435464869,65610,81172,0.8083
1745435464879,65609,81180,0.8082
1745435464928,65560,81019,0.8092
1745435464951,65469,80716,0.8111
1745435464983,65352,80325,0.8136
1745435465018,65231,79913,0.8163
1745435465043,65124,79547,0.8187
1745435465051,65046,79281,0.8205
1745435465110,65009,79147,0.8214
1745435465118,65011,79146,0.8214
1745435465185,65045,79252,0.8207
1745435465202,65097,79419,0.8197
1745435465231,65152,79596,0.8185
1745435465237,65195,79735,0.8177
1745435465273,65216,79798,0.8173
1745435465321,65208,79766,0.8175
1745435465337,65171,79637,0.8184
1745435465381,65112,79434,0.8197
1745435465414,65042,79197,0.8213
1745435465422,64973,78971,0.8227
1745435465471,64915,78787,0.8239
1745435465533,64871,78651,0.8248
1745435465579,64837,78552,0.8254
1745435465586,64808,78467,0.8259
1745435465594,64779,78374,0.8265
1745435465628,64742,78251,0.8274
1745435465637,64693,78081,0.8285
1745435465677,64630,77858,0.8301
1745435465720,64554,77587,0.8320
1745435465739,64469,77283,0.8342
1745435465785,64380,76968,0.8364
1745435465914,64296,76673,0.8386
1745435465953,64227,76431,0.8403
1745435465963,64181,76271,0.8415
1745435465968,64164,76210,0.8419
1745435465976,64176,76250,0.8416
1745435466014,64213,76380,0.8407
1745435466021,64269,76574,0.8393
1745435466030,64336,76801,0.8377
1745435466086,64403,77032,0.8361
1745435466110,64462,77237,0.8346
1745435466163,64508,77392,0.8335
1745435466209,64537,77491,0.8328
1745435466214,64553,77547,0.8324
1745435466234,64565,77585,0.8322
1745435466279,64580,77636,0.8318
1745435466285,64605,77719,0.8313
1745435466336,64640,77838,0.8304
1745435466360,64684,77987,0.8294
1745435466400,64732,78151,0.8283
1745435466435,64780,78319,0.8271
1745435466461,64826,78481,0.8260
1745435466468,64869,78632,0.8250
1745435466559,64910,78774,0.8240
1745435466580,64951,78911,0.8231
1745435466586,64993,79052,0.8222
1745435466596,65039,79202,0.8212
1745435466631,65089,79366,0.8201
1745435466663,65143,79543,0.8190
1745435466694,65202,79735,0.8177
1745435466702,65262,79936,0.8164
1745435466732,65322,80138,0.8151
1745435466770,65380,80337,0.8138
1745435466806,65437,80535,0.8125
1745435466820,65494,80737,0.8112
1745435466876,65553,80943,0.8099
1745435466882,65611,81149,0.8085
1745435466964,65664,81339,0.8073
1745435466971,65706,81493,0.8063
1745435467031,65732,81590,0.8056
1745435467038,65739,81620,0.8054
1745435467060,65728,81591,0.8056
1745435467200,65707,81528,0.8059
1745435467223,65688,81471,0.8063
1745435467231,65681,81457,0.8063
1745435467238,65692,81506,0.8060
1745435467271,65719,81613,0.8053
1745435467280,65756,81754,0.8043
1745435467323,65793,81892,0.8034
1745435467335,65818,81989,0.8028
1745435467382,65822,82011,0.8026
1745435467405,65800,81944,0.8030
1745435467414,65754,81795,0.8039
1745435467429,65692,81587,0.8052
1745435467467,65619,81348,0.8067
1745435467490,65545,81098,0.8082
1745435467542,65473,80856,0.8097
1745435467586,65408,80635,0.8112
1745435467611,65353,80445,0.8124
1745435467761,65310,80292,0.8134
1745435467769,65277,80177,0.8142
1745435467778,65252,80092,0.8147
1745435467784,65232,80029,0.8151
1745435467795,65214,79971,0.8155
1745435467800,65193,79902,0.8159
1745435467863,65161,79800,0.8166
1745435467886,65116,79648,0.8175
1745435467891,65054,79442,0.8189
1745435467918,64980,79188,0.8206
1745435467946,64896,78904,0.8225
1745435467953,64810,78611,0.8244
1745435467985,64726,78329,0.8263
1745435468054,64649,78071,0.8281
1745435468130,64578,77837,0.8297
1745435468144,64511,77618,0.8311
1745435468184,64446,77403,0.8326
1745435468193,64383,77189,0.8341
1745435468230,64325,76982,0.8356
1745435468236,64276,76797,0.8370
1745435468246,64238,76646,0.8381
1745435468284,64211,76532,0.8390
1745435468310,64192,76454,0.8396
1745435468319,64179,76402,0.8400
1745435468355,64167,76366,0.8403
1745435468383,64152,76329,0.8405
1745435468426,64134,76281,0.8408
1745435468475,64113,76219,0.8412
1745435468529,64089,76148,0.8416
1745435468534,64067,76076,0.8421
1745435468564,64044,76004,0.8426
1745435468609,64020,75931,0.8431
1745435468615,63996,75862,0.8436
1745435468649,63974,75801,0.8440
1745435468696,63956,75751,0.8443
1745435468701,63941,75710,0.8446
1745435468737,63931,75680,0.8448
1745435468767,63926,75663,0.8449
1745435468834,63928,75662,0.8449
1745435468908,63937,75681,0.8448
1745435468915,63954,75722,0.8446
1745435468922,63977,75785,0.8442
1745435468952,64005,75868,0.8436
1745435468969,64035,75965,0.8430
1745435469015,64064,76065,0.8422
1745435469022,64088,76157,0.8415
1745435469066,64106,76239,0.8409
1745435469092,64121,76316,0.8402
1745435469101,64137,76402,0.8395
1745435469134,64156,76503,0.8386
1745435469226,64181,76624,0.8376
1745435469232,64214,76768,0.8365
1745435469238,64256,76935,0.8352
1745435469267,64305,77122,0.8338
1745435469311,64358,77317,0.8324
1745435469342,64413,77511,0.8310
1745435469354,64467,77699,0.8297
1745435469412,64518,77881,0.8284
1745435469417,64567,78054,0.8272
1745435469455,64611,78214,0.8261
1745435469478,64651,78363,0.8250
1745435469536,64690,78510,0.8240
1745435469592,64734,78668,0.8229
1745435469602,64785,78851,0.8216
1745435469629,64846,79066,0.8201
1745435469649,64917,79312,0.8185
1745435469688,64993,79578,0.8167
1745435469705,65071,79847,0.8149
1745435469761,65142,80101,0.8132
1745435469769,65201,80320,0.8118
1745435469911,65246,80495,0.8106
1745435469918,65278,80626,0.8096
1745435469927,65299,80721,0.8089
1745435469933,65313,80790,0.8084
1745435469946,65322,80840,0.8080
1745435469969,65328,80878,0.8077
1745435469995,65333,80905,0.8075
1745435470016,65334,80920,0.8074
1745435470053,65333,80923,0.8074
1745435470210,65330,80917,0.8074
1745435470215,65326,80911,0.8074
1745435470219,65323,80913,0.8073
1745435470223,65323,80921,0.8072
1745435470230,65320,80925,0.8072
1745435470277,65311,80909,0.8072
1745435470282,65292,80859,0.8075
1745435470305,65260,80770,0.8080
1745435470315,65217,80642,0.8087
1745435470381,65167,80488,0.8097
1745435470408,65115,80326,0.8106
1745435470561,65070,80187,0.8115
1745435470581,65038,80092,0.8120
1745435470588,65022,80053,0.8122
1745435470605,65019,80058,0.8122
1745435470612,65023,80085,0.8119
1745435470635,65027,80110,0.8117
1745435470654,65026,80114,0.8117
1745435470676,65015,80079,0.8119
1745435470683,64989,79993,0.8124
1745435470705,64948,79850,0.8134
1745435470734,64893,79654,0.8147
1745435470769,64829,79426,0.8162
1745435470821,64765,79193,0.8178
1745435470867,64708,78984,0.8193
1745435470901,64664,78822,0.8204
1745435470905,64636,78718,0.8211
1745435470928,64621,78670,0.8214
1745435471039,64616,78664,0.8214
1745435471073,64616,78680,0.8213
1745435471083,64618,78702,0.8210
1745435471100,64617,78715,0.8209
1745435471105,64611,78702,0.8210
1745435471137,64593,78644,0.8213
1745435471187,64560,78526,0.8221
1745435471230,64507,78342,0.8234
1745435471250,64438,78098,0.8251
1745435471257,64358,77816,0.8271
1745435471306,64273,77524,0.8291
1745435471319,64194,77257,0.8309
1745435471363,64129,77041,0.8324
1745435471371,64084,76897,0.8334
1745435471406,64061,76824,0.8339
1745435471415,64056,76810,0.8340
1745435471551,64061,76826,0.8338
1745435471568,64067,76847,0.8337
1745435471576,64067,76853,0.8336
1745435471584,64060,76834,0.8337
1745435471617,64043,76783,0.8341
1745435471635,64015,76694,0.8347
1745435471665,63978,76570,0.8355
1745435471698,63934,76422,0.8366
1745435471705,63890,76265,0.8377
1745435471735,63847,76116,0.8388
1745435471772,63811,75985,0.8398
1745435471833,63783,75880,0.8406
1745435471856,63765,75806,0.8412
1745435471864,63758,75768,0.8415
1745435471896,63762,75769,0.8415
1745435471934,63777,75810,0.8413
1745435471956,63802,75886,0.8408
1745435471984,63833,75985,0.8401
1745435472013,63864,76091,0.8393
1745435472053,63892,76184,0.8386
1745435472077,63910,76248,0.8382
1745435472119,63917,76276,0.8380
1745435472154,63915,76272,0.8380
1745435472181,63910,76257,0.8381
1745435472212,63908,76248,0.8382
1745435472236,63914,76258,0.8381
1745435472265,63929,76291,0.8380
1745435472298,63951,76349,0.8376
1745435472352,63978,76425,0.8371
1745435472367,64005,76507,0.8366
1745435472394,64028,76580,0.8361
1745435472451,64046,76635,0.8357
1745435472490,64058,76675,0.8355
1745435472499,64069,76712,0.8352
1745435472536,64084,76762,0.8348
1745435472548,64108,76842,0.8343
1745435472585,64143,76960,0.8335
1745435472649,64189,77119,0.8323
1745435472653,64247,77313,0.8310
1745435472705,64312,77534,0.8295
1745435472716,64381,77768,0.8279
1745435472784,64451,78004,0.8263
1745435472806,64518,78235,0.8247
1745435472814,64582,78462,0.8231
1745435472849,64644,78682,0.8216
1745435472880,64702,78892,0.8201
1745435472906,64754,79080,0.8188
1745435472914,64799,79241,0.8177
1745435472977,64838,79380,0.8168
1745435472985,64875,79506,0.8160
1745435473093,64914,79633,0.8152
1745435473113,64957,79769,0.8143
1745435473120,65003,79915,0.8134
1745435473127,65050,80063,0.8125
1745435473166,65093,80197,0.8117
1745435473188,65127,80300,0.8110
1745435473209,65150,80363,0.8107
1745435473260,65160,80389,0.8106
1745435473269,65164,80392,0.8106
1745435473314,65167,80399,0.8105
1745435473345,65174,80431,0.8103
1745435473404,65189,80495,0.8098
1745435473476,65209,80582,0.8092
1745435473498,65231,80676,0.8086
1745435473503,65250,80755,0.8080
1745435473509,65261,80797,0.8077
1745435473528,65259,80786,0.8078
1745435473558,65241,80717,0.8083
1745435473632,65211,80601,0.8091
1745435473652,65173,80460,0.8100
1745435473661,65133,80313,0.8110
1745435473683,65093,80174,0.8119
1745435473728,65056,80046,0.8127
1745435473759,65024,79934,0.8135
1745435473802,64997,79838,0.8141
1745435473821,64978,79760,0.8147
1745435473850,64964,79700,0.8151
1745435473866,64958,79661,0.8154
1745435473904,64959,79649,0.8156
1745435473921,64969,79667,0.8155
1745435474064,64986,79714,0.8152
1745435474118,65008,79787,0.8148
1745435474124,65036,79884,0.8141
1745435474132,65069,79999,0.8134
1745435474139,65103,80121,0.8126
1745435474172,65133,80225,0.8119
1745435474200,65150,80281,0.8115
1745435474207,65150,80270,0.8116
1745435474234,65132,80196,0.8122
1745435474268,65104,80079,0.8130
1745435474293,65071,79948,0.8139
1745435474318,65040,79826,0.8148
1745435474337,65015,79723,0.8155
1745435474386,64993,79634,0.8162
1745435474410,64972,79542,0.8168
1745435474469,64945,79431,0.8176
1745435474499,64913,79293,0.8186
1745435474505,64875,79132,0.8198
1745435474535,64835,78957,0.8211
1745435474566,64795,78781,0.8225
1745435474594,64756,78606,0.8238
1745435474604,64716,78429,0.8252
1745435474634,64672,78245,0.8265
1745435474665,64625,78057,0.8279
1745435474763,64577,77875,0.8292
1745435474788,64533,77712,0.8304
1745435474795,64494,77571,0.8314
1745435474810,64459,77446,0.8323
1745435474832,64425,77327,0.8331
1745435474865,64389,77204,0.8340
1745435474898,64349,77064,0.8350
1745435474969,64300,76896,0.8362
1745435474975,64241,76694,0.8376
1745435475087,64174,76463,0.8393
1745435475129,64103,76219,0.8410
1745435475135,64037,75987,0.8427
1745435475145,63982,75795,0.8441
1745435475152,63949,75669,0.8451
1745435475158,63940,75627,0.8455
1745435475185,63958,75674,0.8452
1745435475204,64000,75802,0.8443
1745435475256,64061,75992,0.8430
1745435475301,64132,76214,0.8415
1745435475315,64203,76439,0.8399
1745435475342,64269,76644,0.8385
1745435475423,64323,76818,0.8373
1745435475452,64364,76953,0.8364
1745435475458,64391,77050,0.8357
1745435475483,64408,77121,0.8352
1745435475515,64423,77186,0.8346
1745435475540,64442,77270,0.8340
1745435475549,64471,77385,0.8331
1745435475586,64511,77538,0.8320
1745435475670,64562,77723,0.8307
1745435475714,64620,77930,0.8292
1745435475720,64680,78144,0.8277
1745435475750,64740,78356,0.8262
1745435475776,64797,78558,0.8248
1745435475784,64850,78747,0.8235
1745435475811,64899,78924,0.8223
1745435475853,64944,79087,0.8212
1745435475871,64987,79239,0.8201
1745435475930,65029,79386,0.8192
1745435475938,65075,79541,0.8181
1745435475964,65127,79716,0.8170
1745435476023,65187,79917,0.8157
1745435476049,65255,80142,0.8142
1745435476071,65326,80384,0.8127
1745435476114,65398,80633,0.8111
1745435476121,65469,80880,0.8095
1745435476154,65536,81117,0.8079
1745435476174,65597,81330,0.8066
1745435476233,65647,81504,0.8054
1745435476253,65681,81621,0.8047
1745435476304,65696,81667,0.8044
1745435476316,65689,81636,0.8047
1745435476359,65660,81534,0.8053
1745435476379,65616,81378,0.8063
1745435476431,65563,81193,0.8075
1745435476436,65511,81007,0.8087
1745435476471,65464,80841,0.8098
1745435476503,65427,80707,0.8107
1745435476536,65401,80610,0.8113
1745435476560,65386,80558,0.8117
1745435476569,65384,80556,0.8117
1745435476601,65396,80607,0.8113
1745435476636,65419,80703,0.8106
1745435476701,65453,80831,0.8097
1745435476746,65491,80972,0.8088
1745435476810,65526,81094,0.8080
1745435476819,65546,81162,0.8076
1745435476826,65540,81139,0.8078
1745435476870,65499,80999,0.8086
1745435476900,65421,80737,0.8103
1745435476928,65310,80372,0.8126
1745435476944,65177,79936,0.8154
1745435477060,65037,79482,0.8183
1745435477103,64907,79066,0.8209
1745435477119,64805,78746,0.8230
1745435477154,64744,78564,0.8241
1745435477185,64730,78534,0.8242
1745435477190,64761,78652,0.8234
1745435477197,64830,78899,0.8217
1745435477321,64930,79249,0.8193
1745435477330,65051,79672,0.8165
1745435477337,65179,80130,0.8134
1745435477351,65304,80584,0.8104
1745435477366,65411,80983,0.8077
1745435477373,65486,81270,0.8058
1745435477427,65511,81388,0.8049
1745435477445,65476,81296,0.8054
1745435477450,65379,80984,0.8073
1745435477557,65226,80480,0.8105
1745435477588,65035,79844,0.8145
1745435477595,64829,79152,0.8190
1745435477605,64631,78490,0.8234
1745435477632,64467,77938,0.8272
1745435477650,64352,77556,0.8297
1745435477697,64293,77367,0.8310
1745435477723,64286,77351,0.8311
1745435477732,64313,77457,0.8303
1745435477760,64357,77620,0.8291
1745435477812,64400,77780,0.8280
1745435477819,64428,77889,0.8272
1745435477877,64429,77910,0.8270
1745435477902,64400,77825,0.8275
1745435477977,64337,77632,0.8288
1745435478009,64245,77340,0.8307
1745435478014,64129,76970,0.8332
1745435478020,63997,76547,0.8360
1745435478063,63858,76105,0.8391
1745435478103,63725,75684,0.8420
1745435478114,63611,75329,0.8444
1745435478143,63530,75084,0.8461
1745435478153,63491,74983,0.8467
1745435478199,63502,75049,0.8461
1745435478272,63562,75280,0.8443
1745435478328,63662,75644,0.8416
1745435478337,63783,76080,0.8384
1745435478349,63905,76517,0.8352
1745435478416,64005,76887,0.8325
1745435478445,64070,77142,0.8305
1745435478479,64090,77256,0.8296
1745435478497,64066,77231,0.8295
1745435478510,64007,77096,0.8302
1745435478543,63931,76906,0.8313
1745435478586,63857,76725,0.8323
1745435478653,63803,76608,0.8328
1745435478671,63781,76599,0.8327
1745435478679,63800,76723,0.8316
1745435478718,63863,76991,0.8295
1745435478780,63966,77392,0.8265
1745435478789,64101,77900,0.8229
1745435478798,64255,78469,0.8189
1745435478835,64413,79052,0.8148
1745435478852,64562,79601,0.8111
1745435478968,64691,80080,0.8078
1745435478997,64793,80460,0.8053
1745435479032,64861,80725,0.8035
1745435479046,64894,80878,0.8024
1745435479054,64897,80934,0.8019
1745435479060,64879,80927,0.8017
1745435479099,64852,80898,0.8017
1745435479114,64831,80896,0.8014
1745435479181,64831,80966,0.8007
1745435479188,64862,81142,0.7994
1745435479195,64926,81426,0.7974
1745435479212,65016,81793,0.7949
1745435479237,65117,82189,0.7923
1745435479348,65209,82550,0.7899
1745435479356,65276,82818,0.7882
1745435479363,65306,82959,0.7872
1745435479370,65296,82965,0.7870
1745435479396,65252,82853,0.7876
1745435479404,65184,82665,0.7885
1745435479437,65108,82448,0.7897
1745435479456,65036,82245,0.7908
1745435479496,64977,82081,0.7916
1745435479533,64935,81970,0.7922
1745435479565,64909,81909,0.7924
1745435479640,64893,81883,0.7925
1745435479687,64879,81861,0.7925
1745435479718,64853,81804,0.7928
1745435479727,64806,81680,0.7934
1745435479764,64732,81463,0.7946
1745435479777,64627,81135,0.7965
1745435479809,64485,80679,0.7993
1745435479832,64307,80090,0.8029
1745435479867,64095,79386,0.8074
1745435479871,63866,78617,0.8124
1745435479910,63639,77856,0.8174
1745435479918,63437,77179,0.8219
1745435480014,63280,76657,0.8255
1745435480048,63181,76338,0.8276
1745435480054,63149,76242,0.8283
1745435480102,63179,76357,0.8274
1745435480133,63260,76641,0.8254
1745435480146,63374,77031,0.8227
1745435480196,63497,77453,0.8198
1745435480248,63604,77825,0.8173
1745435480268,63670,78067,0.8156
1745435480321,63673,78106,0.8152
1745435480330,63601,77906,0.8164
1745435480373,63463,77492,0.8190
1745435480383,63285,76952,0.8224
1745435480431,63107,76411,0.8259
1745435480452,62964,75989,0.8286
1745435480456,62885,75774,0.8299
1745435480482,62882,75809,0.8295
1745435480502,62959,76104,0.8273
1745435480532,63110,76649,0.8234
1745435480557,63328,77420,0.8180
1745435480605,63600,78372,0.8115
1745435480620,63904,79429,0.8045
1745435480655,64206,80483,0.7978
1745435480702,64471,81409,0.7919
1745435480762,64668,82102,0.7876
1745435480791,64782,82513,0.7851
1745435480847,64817,82657,0.7842
1745435480854,64794,82608,0.7844
1745435480861,64741,82461,0.7851
1745435480913,64685,82303,0.7859
1745435480947,64642,82194,0.7865
1745435480959,64624,82172,0.7865
1745435481003,64640,82267,0.7857
1745435481061,64695,82499,0.7842
1745435481069,64791,82874,0.7818
1745435481076,64924,83375,0.7787
1745435481106,65082,83961,0.7751
1745435481132,65246,84566,0.7715
1745435481198,65392,85110,0.7683
1745435481203,65500,85518,0.7659
1745435481288,65556,85746,0.7645
1745435481353,65558,85783,0.7642
1745435481361,65512,85653,0.7649
1745435481366,65433,85404,0.7662
1745435481403,65340,85103,0.7678
1745435481429,65255,84826,0.7693
1745435481472,65197,84635,0.7703
1745435481484,65177,84573,0.7707
1745435481509,65196,84644,0.7702
1745435481517,65244,84815,0.7693
1745435481562,65301,85016,0.7681
1745435481571,65343,85168,0.7672
1745435481617,65350,85200,0.7670
1745435481650,65307,85063,0.7677
1745435481727,65207,84737,0.7695
1745435481755,65051,84228,0.7723
1745435481762,64849,83568,0.7760
1745435481768,64618,82819,0.7802
1745435481821,64382,82057,0.7846
1745435481841,64162,81358,0.7886
1745435481864,63979,80784,0.7920
1745435481909,63845,80373,0.7944
1745435481917,63764,80138,0.7957
1745435481960,63735,80070,0.7960
1745435481969,63754,80149,0.7954
1745435482007,63811,80344,0.7942
1745435482020,63895,80622,0.7925
1745435482098,63995,80945,0.7906
1745435482105,64099,81285,0.7886
1745435482132,64203,81625,0.7866
1745435482167,64303,81958,0.7846
1745435482193,64398,82279,0.7827
1745435482240,64485,82583,0.7808
1745435482261,64563,82864,0.7791
1745435482270,64631,83115,0.7776
1745435482328,64687,83330,0.7763
1745435482364,64728,83498,0.7752
1745435482376,64753,83612,0.7744
1745435482429,64760,83665,0.7740
1745435482471,64753,83666,0.7739
1745435482488,64736,83633,0.7740
1745435482511,64717,83592,0.7742
1745435482518,64703,83570,0.7742
1745435482545,64702,83588,0.7741
1745435482611,64716,83657,0.7736
1745435482629,64743,83775,0.7728
1745435482676,64782,83927,0.7719
1745435482683,64828,84097,0.7709
1745435482709,64874,84262,0.7699
1745435482780,64913,84395,0.7692
1745435482804,64937,84475,0.7687
1745435482833,64942,84494,0.7686
1745435482839,64930,84461,0.7688
1745435482867,64905,84389,0.7691
1745435482901,64870,84288,0.7696
1745435482933,64826,84163,0.7702
1745435482969,64776,84011,0.7710
1745435483003,64719,83828,0.7720
1745435483032,64654,83615,0.7732
1745435483086,64582,83373,0.7746
1745435483137,64506,83112,0.7761
1745435483169,64432,82851,0.7777
1745435483177,64365,82616,0.7791
1745435483206,64312,82426,0.7802
1745435483243,64275,82295,0.7810
1745435483256,64255,82227,0.7814
1745435483291,64251,82215,0.7815
1745435483297,64259,82244,0.7813
1745435483353,64270,82279,0.7811
1745435483443,64273,82283,0.7811
1745435483469,64259,82222,0.7815
1745435483489,64225,82086,0.7824
1745435483543,64172,81884,0.7837
1745435483559,64105,81637,0.7853
1745435483611,64032,81369,0.7869
1745435483622,63959,81108,0.7886
1745435483672,63894,80878,0.7900
1745435483678,63839,80692,0.7911
1745435483684,63797,80554,0.7920
1745435483706,63768,80455,0.7926
1745435483732,63749,80384,0.7931
1745435483754,63737,80329,0.7935
1745435483786,63732,80285,0.7938
1745435483830,63733,80255,0.7941
1745435483902,63739,80243,0.7943
1745435483937,63751,80253,0.7944
1745435483950,63766,80282,0.7943
1745435483980,63782,80320,0.7941
1745435483990,63792,80350,0.7939
1745435484051,63790,80344,0.7940
1745435484056,63769,80278,0.7943
1745435484094,63728,80146,0.7951
1745435484137,63672,79959,0.7963
1745435484156,63612,79754,0.7976
1745435484203,63562,79576,0.7988
1745435484258,63533,79469,0.7995
1745435484267,63533,79460,0.7996
1745435484309,63564,79556,0.7990
1745435484317,63620,79740,0.7978
1745435484336,63694,79984,0.7963
1745435484361,63774,80249,0.7947
1745435484370,63849,80501,0.7932
1745435484401,63913,80711,0.7919
1745435484432,63958,80861,0.7910
1745435484467,63983,80947,0.7904
1745435484521,63991,80981,0.7902
1745435484566,63993,80997,0.7901
1745435484628,64001,81036,0.7898
1745435484635,64024,81126,0.7892
1745435484657,64065,81275,0.7883
1745435484689,64122,81474,0.7870
1745435484717,64191,81715,0.7855
1745435484724,64269,81986,0.7839
1745435484753,64352,82273,0.7822
1745435484789,64431,82545,0.7805
1745435484821,64493,82761,0.7793
1745435484851,64529,82883,0.7786
1745435484888,64532,82893,0.7785
1745435484951,64509,82811,0.7790
1745435485012,64473,82683,0.7798
1745435485018,64441,82570,0.7804
1745435485027,64429,82527,0.7807
1745435485039,64448,82592,0.7803
1745435485083,64501,82784,0.7792
1745435485104,64588,83097,0.7773
1745435485132,64702,83510,0.7748
1745435485165,64834,83984,0.7720
1745435485200,64968,84464,0.7692
1745435485223,65086,84886,0.7667
1745435485271,65169,85184,0.7650
1745435485311,65207,85320,0.7643
1745435485396,65196,85293,0.7644
1745435485431,65148,85139,0.7652
1745435485438,65078,84913,0.7664
1745435485445,65001,84667,0.7677
1745435485453,64933,84447,0.7689
1745435485481,64884,84290,0.7698
1745435485510,64863,84228,0.7701
1745435485519,64875,84279,0.7698
1745435485555,64922,84447,0.7688
1745435485584,64997,84714,0.7673
1745435485618,65090,85037,0.7654
1745435485666,65182,85360,0.7636
1745435485706,65258,85620,0.7622
1745435485751,65300,85760,0.7614
1745435485764,65300,85747,0.7615
1745435485798,65256,85583,0.7625
1745435485852,65180,85306,0.7641
1745435485881,65089,84980,0.7659
1745435485901,65003,84675,0.7677
1745435485942,64941,84456,0.7689
1745435485968,64916,84370,0.7694
1745435486000,64932,84425,0.7691
1745435486052,64980,84590,0.7682
1745435486096,65041,84806,0.7669
1745435486104,65098,85005,0.7658
1745435486117,65136,85136,0.7651
1745435486148,65148,85172,0.7649
1745435486172,65133,85113,0.7653
1745435486197,65097,84979,0.7660
1745435486204,65049,84803,0.7671
1745435486247,65001,84625,0.7681
1745435486286,64964,84487,0.7689
1745435486316,64948,84422,0.7693
1745435486347,64959,84454,0.7692
1745435486388,64997,84586,0.7684
1745435486430,65058,84804,0.7672
1745435486535,65134,85071,0.7656
1745435486562,65208,85334,0.7642
1745435486567,65265,85527,0.7631
1745435486600,65288,85596,0.7627
1745435486634,65270,85517,0.7632
1745435486645,65211,85298,0.7645
1745435486673,65122,84973,0.7664
1745435486687,65016,84591,0.7686
1745435486703,64911,84209,0.7708
1745435486750,64821,83881,0.7728
1745435486782,64759,83652,0.7741
1745435486793,64734,83548,0.7748
1745435486867,64746,83570,0.7747
1745435486910,64788,83702,0.7740
1745435486919,64852,83909,0.7729
1745435486933,64925,84151,0.7715
1745435486948,64992,84378,0.7703
1745435486980,65041,84538,0.7694
1745435486988,65057,84585,0.7691
1745435487044,65036,84498,0.7697
1745435487055,64982,84295,0.7709
1745435487093,64909,84022,0.7725
1745435487129,64832,83734,0.7743
1745435487148,64765,83484,0.7758
1745435487216,64721,83309,0.7769
1745435487277,64702,83225,0.7774
1745435487285,64706,83221,0.7775
1745435487304,64723,83259,0.7774
1745435487349,64738,83292,0.7772
1745435487356,64741,83281,0.7774
1745435487363,64723,83202,0.7779
1745435487414,64685,83055,0.7788
1745435487447,64634,82862,0.7800
1745435487503,64582,82666,0.7812
1745435487532,64543,82517,0.7822
1745435487569,64531,82457,0.7826
1745435487578,64549,82504,0.7824
1745435487628,64598,82652,0.7816
1745435487655,64669,82880,0.7803
1745435487697,64755,83161,0.7787
1745435487705,64849,83469,0.7769
1745435487709,64941,83772,0.7752
1745435487740,65020,84033,0.7737
1745435487804,65077,84220,0.7727
1745435487819,65110,84321,0.7722
1745435487854,65124,84355,0.7720
1745435487888,65129,84358,0.7721
1745435487931,65137,84373,0.7720
1745435487979,65159,84438,0.7717
1745435488027,65200,84575,0.7709
1745435488031,65264,84790,0.7697
1745435488059,65347,85076,0.7681
1745435488067,65443,85406,0.7662
1745435488097,65541,85751,0.7643
1745435488134,65637,86079,0.7625
1745435488164,65723,86373,0.7609
1745435488202,65799,86624,0.7596
1745435488233,65863,86833,0.7585
1745435488269,65919,87010,0.7576
1745435488312,65971,87177,0.7568
1745435488345,66027,87360,0.7558
1745435488394,66091,87580,0.7546
1745435488423,66168,87844,0.7532
1745435488434,66254,88146,0.7516
1745435488462,66346,88471,0.7499
1745435488469,66436,88794,0.7482
1745435488497,66518,89083,0.7467
1745435488528,66580,89299,0.7456
1745435488567,66613,89406,0.7451
1745435488594,66612,89388,0.7452
1745435488629,66578,89250,0.7460
1745435488682,66521,89028,0.7472
1745435488711,66453,88775,0.7486
1745435488762,66392,88554,0.7497
1745435488794,66353,88420,0.7504
1745435488800,66348,88407,0.7505
1745435488811,66374,88509,0.7499
1745435488846,66422,88683,0.7490
1745435488877,66474,88867,0.7480
1745435488923,66514,89000,0.7473
1745435488948,66529,89034,0.7472
1745435488991,66511,88944,0.7478
1745435489015,66461,88733,0.7490
1745435489023,66385,88432,0.7507
1745435489080,66296,88087,0.7526
1745435489128,66206,87749,0.7545
1745435489158,66129,87460,0.7561
1745435489166,66071,87248,0.7573
1745435489205,66037,87122,0.7580
1745435489232,66024,87067,0.7583
1745435489239,66024,87054,0.7584
1745435489282,66025,87044,0.7585
1745435489327,66018,87008,0.7588
1745435489341,66000,86929,0.7592
1745435489389,65971,86813,0.7599
1745435489410,65936,86674,0.7607
1745435489485,65898,86529,0.7616
1745435489500,65862,86388,0.7624
1745435489507,65829,86260,0.7631
1745435489541,65804,86158,0.7638
1745435489565,65788,86091,0.7642
1745435489585,65782,86055,0.7644
1745435489655,65782,86036,0.7646
1745435489679,65782,86014,0.7648
1745435489691,65778,85971,0.7651
1745435489729,65764,85892,0.7657
1745435489739,65739,85770,0.7665
1745435489802,65701,85607,0.7675
1745435489852,65651,85407,0.7687
1745435489881,65592,85180,0.7700
1745435489888,65528,84937,0.7715
1745435489919,65462,84694,0.7729
1745435489946,65404,84475,0.7742
1745435489954,65360,84307,0.7753
1745435489999,65336,84213,0.7758
1745435490044,65334,84191,0.7760
1745435490055,65347,84221,0.7759
1745435490084,65368,84276,0.7756
1745435490150,65391,84336,0.7754
1745435490167,65414,84391,0.7751
1745435490200,65434,84433,0.7750
1745435490217,65447,84453,0.7749
1745435490251,65451,84442,0.7751
1745435490266,65447,84402,0.7754
1745435490299,65437,84344,0.7758
1745435490335,65425,84282,0.7763
1745435490384,65417,84238,0.7766
1745435490435,65418,84227,0.7767
1745435490464,65433,84261,0.7766
1745435490470,65461,84335,0.7762
1745435490499,65499,84437,0.7757
1745435490526,65540,84548,0.7752
1745435490575,65581,84658,0.7747
1745435490613,65620,84766,0.7741
1745435490621,65658,84874,0.7736
1745435490650,65696,84991,0.7730
1745435490766,65738,85124,0.7723
1745435490771,65785,85283,0.7714
1745435490780,65841,85473,0.7703
1745435490809,65903,85690,0.7691
1745435490817,65971,85927,0.7678
1745435490904,66042,86175,0.7664
1745435490930,66116,86434,0.7649
1745435490966,66193,86706,0.7634
1745435490974,66273,86985,0.7619
1745435490984,66352,87264,0.7604
1745435491035,66430,87532,0.7589
1745435491095,66503,87784,0.7576
1745435491106,66570,88010,0.7564
1745435491146,66629,88207,0.7554
1745435491175,66680,88377,0.7545
1745435491181,66727,88535,0.7537
1745435491202,66775,88703,0.7528
1745435491230,66831,88898,0.7518
1745435491238,66895,89126,0.7506
1745435491277,66968,89383,0.7492
1745435491325,67046,89665,0.7477
1745435491371,67130,89966,0.7462
1745435491503,67215,90277,0.7445
1745435491529,67298,90581,0.7430
1745435491535,67373,90862,0.7415
1745435491562,67438,91106,0.7402
1745435491567,67490,91305,0.7392
1745435491573,67529,91457,0.7384
1745435491599,67556,91563,0.7378
1745435491624,67571,91628,0.7375
1745435491651,67579,91662,0.7373
1745435491684,67583,91679,0.7372
1745435491731,67586,91688,0.7371
1745435491737,67588,91694,0.7371
1745435491745,67588,91697,0.7371
1745435491797,67585,91696,0.7371
1745435491832,67579,91684,0.7371
1745435491881,67567,91655,0.7372
1745435491888,67548,91601,0.7374
1745435491930,67524,91523,0.7378
1745435491961,67494,91420,0.7383
1745435491968,67460,91298,0.7389
1745435492022,67424,91164,0.7396
1745435492047,67388,91031,0.7403
1745435492053,67356,90912,0.7409
1745435492098,67330,90816,0.7414
1745435492137,67307,90740,0.7418
1745435492184,67285,90673,0.7421
1745435492233,67261,90603,0.7424
1745435492263,67234,90522,0.7427
1745435492270,67202,90425,0.7432
1745435492306,67165,90307,0.7437
1745435492341,67125,90170,0.7444
1745435492351,67084,90023,0.7452
1745435492389,67048,89889,0.7459
1745435492420,67022,89789,0.7464
1745435492463,67012,89737,0.7468
1745435492472,67014,89733,0.7468
1745435492529,67026,89763,0.7467
1745435492545,67042,89808,0.7465
1745435492612,67054,89845,0.7463
1745435492641,67057,89852,0.7463
1745435492681,67046,89815,0.7465
1745435492688,67020,89732,0.7469
1745435492699,66981,89605,0.7475
1745435492735,66930,89437,0.7483
1745435492764,66868,89224,0.7494
1745435492772,66794,88964,0.7508
1745435492806,66711,88668,0.7524
1745435492833,66624,88356,0.7540
1745435492866,66538,88055,0.7556
1745435492932,66462,87794,0.7570
1745435492962,66402,87594,0.7581
1745435492972,66364,87472,0.7587
1745435493052,66348,87431,0.7589
1745435493073,66353,87461,0.7587
1745435493083,66371,87536,0.7582
1745435493120,66393,87618,0.7578
1745435493149,66408,87676,0.7574
1745435493187,66411,87692,0.7573
1745435493207,66401,87660,0.7575
1745435493230,66376,87584,0.7579
1745435493339,66340,87470,0.7584
1745435493369,66297,87335,0.7591
1745435493378,66255,87206,0.7598
1745435493410,66222,87109,0.7602
1745435493434,66207,87067,0.7604
1745435493446,66211,87091,0.7603
1745435493462,66235,87180,0.7598
1745435493500,66273,87317,0.7590
1745435493520,66317,87479,0.7581
1745435493566,66360,87640,0.7572
1745435493605,66396,87784,0.7564
1745435493645,66424,87905,0.7556
1745435493650,66448,88011,0.7550
1745435493657,66472,88121,0.7543
1745435493755,66502,88254,0.7535
1745435493838,66543,88429,0.7525
1745435493846,66600,88657,0.7512
1745435493853,66674,88945,0.7496
1745435493863,66768,89300,0.7477
1745435493894,66880,89717,0.7455
1745435493900,67004,90179,0.7430
1745435493907,67135,90662,0.7405
1745435493940,67263,91137,0.7380
1745435493966,67382,91579,0.7358
1745435494001,67484,91965,0.7338
1745435494029,67568,92285,0.7322
1745435494094,67633,92539,0.7309
1745435494124,67680,92732,0.7298
1745435494160,67715,92878,0.7291
1745435494170,67741,92992,0.7285
1745435494205,67764,93095,0.7279
1745435494234,67791,93211,0.7273
1745435494269,67827,93358,0.7265
1745435494302,67874,93543,0.7256
1745435494351,67931,93761,0.7245
1745435494385,67993,93997,0.7233
1745435494403,68054,94232,0.7222
1745435494430,68106,94442,0.7211
1745435494456,68146,94611,0.7203
1745435494504,68170,94723,0.7197
1745435494534,68176,94770,0.7194
1745435494565,68168,94759,0.7194
1745435494573,68150,94709,0.7196
1745435494628,68131,94654,0.7198
1745435494635,68116,94621,0.7199
1745435494716,68108,94616,0.7198
1745435494738,68103,94624,0.7197
1745435494755,68092,94617,0.7197
1745435494785,68067,94563,0.7198
1745435494806,68023,94434,0.7203
1745435494879,67957,94220,0.7213
1745435494920,67872,93930,0.7226
1745435494930,67777,93593,0.7242
1745435494964,67681,93247,0.7258
1745435494971,67592,92928,0.7274
1745435495016,67517,92661,0.7286
1745435495021,67459,92461,0.7296
1745435495052,67420,92334,0.7302
1745435495076,67400,92277,0.7304
1745435495081,67396,92281,0.7303
1745435495132,67402,92320,0.7301
1745435495170,67410,92362,0.7298
1745435495217,67412,92377,0.7298
1745435495365,67402,92339,0.7299
1745435495374,67375,92237,0.7305
1745435495385,67330,92070,0.7313
1745435495390,67268,91844,0.7324
1745435495404,67191,91567,0.7338
1745435495411,67104,91256,0.7353
1745435495445,67012,90932,0.7369
1745435495468,66925,90623,0.7385
1745435495512,66852,90359,0.7399
1745435495556,66799,90162,0.7409
1745435495563,66768,90040,0.7415
1745435495595,66754,89984,0.7418
1745435495604,66752,89969,0.7419
1745435495649,66750,89959,0.7420
1745435495679,66740,89921,0.7422
1745435495712,66717,89838,0.7426
1745435495719,66682,89717,0.7433
1745435495752,66641,89573,0.7440
1745435495777,66598,89420,0.7448
1745435495798,66555,89266,0.7456
1745435495837,66515,89120,0.7464
1745435495910,66480,88986,0.7471
1745435495922,66449,88868,0.7477
1745435495961,66420,88757,0.7483
1745435495971,66392,88647,0.7489
1745435496007,66362,88532,0.7496
1745435496027,66333,88416,0.7502
1745435496073,66308,88312,0.7508
1745435496094,66292,88239,0.7513
1745435496145,66291,88220,0.7514
1745435496169,66308,88272,0.7512
1745435496219,66344,88397,0.7505
1745435496263,66395,88586,0.7495
1745435496272,66458,88813,0.7483
1745435496304,66525,89055,0.7470
1745435496334,66595,89298,0.7458
1745435496364,66667,89545,0.7445
1745435496372,66745,89805,0.7432
1745435496418,66828,90082,0.7419
1745435496471,66913,90370,0.7404
1745435496515,66998,90663,0.7390
1745435496522,67080,90953,0.7375
1745435496553,67158,91235,0.7361
1745435496587,67230,91501,0.7348
1745435496628,67297,91750,0.7335
1745435496636,67359,91983,0.7323
1745435496668,67416,92201,0.7312
1745435496705,67467,92399,0.7302
1745435496731,67513,92578,0.7293
1745435496773,67556,92750,0.7284
1745435496791,67600,92927,0.7275
1745435496818,67649,93123,0.7264
1745435496883,67705,93348,0.7253
1745435496903,67772,93605,0.7240
1745435496936,67849,93889,0.7226
1745435496969,67933,94194,0.7212
1745435496990,68021,94511,0.7197
1745435497017,68111,94835,0.7182
1745435497045,68199,95160,0.7167
1745435497088,68283,95473,0.7152
1745435497231,68358,95759,0.7138
1745435497257,68420,96005,0.7127
1745435497264,68468,96202,0.7117
1745435497272,68504,96346,0.7110
1745435497276,68527,96439,0.7106
1745435497284,68539,96486,0.7104
1745435497302,68543,96496,0.7103
1745435497332,68542,96482,0.7104
1745435497346,68538,96461,0.7105
1745435497362,68536,96449,0.7106
1745435497403,68538,96457,0.7106
1745435497452,68546,96491,0.7104
1745435497479,68563,96555,0.7101
1745435497555,68589,96651,0.7097
1745435497593,68625,96778,0.7091
1745435497600,68670,96935,0.7084
1745435497653,68719,97111,0.7076
1745435497685,68769,97287,0.7069
1745435497693,68813,97439,0.7062
1745435497718,68846,97548,0.7058
1745435497768,68866,97611,0.7055
1745435497790,68878,97642,0.7054
1745435497802,68885,97660,0.7054
1745435497866,68892,97683,0.7053
1745435497950,68902,97716,0.7051
1745435497988,68913,97752,0.7050
1745435498019,68922,97775,0.7049
1745435498027,68924,97768,0.7050
1745435498033,68916,97723,0.7052
1745435498067,68898,97644,0.7056
1745435498074,68876,97556,0.7060
1745435498081,68858,97486,0.7063
1745435498120,68850,97457,0.7065
1745435498164,68853,97470,0.7064
1745435498173,68864,97513,0.7062
1745435498222,68880,97568,0.7060
1745435498256,68897,97620,0.7058
1745435498297,68911,97659,0.7056
1745435498340,68919,97676,0.7056
1745435498386,68920,97669,0.7057
1745435498401,68916,97645,0.7058
1745435498438,68908,97615,0.7059
1745435498455,68901,97588,0.7060
1745435498503,68893,97558,0.7062
1745435498515,68882,97516,0.7064
1745435498580,68867,97453,0.7067
1745435498590,68847,97368,0.7071
1745435498628,68822,97263,0.7076
1745435498640,68794,97144,0.7082
1745435498686,68766,97022,0.7088
1745435498755,68739,96909,0.7093
1745435498770,68718,96816,0.7098
1745435498851,68702,96750,0.7101
1745435498865,68692,96703,0.7103
1745435498871,68682,96658,0.7106
1745435498915,68668,96600,0.7109
1745435498930,68648,96519,0.7112
1745435498939,68622,96412,0.7118
1745435498986,68588,96279,0.7124
1745435498998,68549,96121,0.7132
1745435499030,68506,95941,0.7140
1745435499040,68460,95746,0.7150
1745435499072,68414,95542,0.7161
1745435499116,68366,95333,0.7171
1745435499127,68320,95130,0.7182
1745435499164,68279,94953,0.7191
1745435499273,68249,94823,0.7198
1745435499305,68235,94758,0.7201
1745435499348,68241,94767,0.7201
1745435499388,68265,94845,0.7198
1745435499398,68304,94978,0.7192
1745435499403,68352,95145,0.7184
1745435499441,68402,95320,0.7176
1745435499450,68450,95483,0.7169
1745435499461,68492,95623,0.7163
1745435499485,68528,95739,0.7158
1745435499496,68556,95828,0.7154
1745435499537,68575,95882,0.7152
1745435499574,68580,95896,0.7152
1745435499582,68576,95879,0.7152
1745435499618,68568,95857,0.7153
1745435499699,68568,95863,0.7153
1745435499740,68583,95917,0.7150
1745435499754,68614,96025,0.7145
1745435499785,68659,96174,0.7139
1745435499796,68711,96349,0.7131
1745435499848,68766,96534,0.7124
1745435499859,68821,96719,0.7116
1745435499903,68873,96900,0.7108
1745435499915,68923,97082,0.7099
1745435499963,68976,97275,0.7091
1745435499974,69033,97487,0.7081
1745435500014,69098,97726,0.7071
1745435500079,69170,97992,0.7059
1745435500179,69251,98285,0.7046
1745435500191,69337,98601,0.7032
1745435500202,69427,98927,0.7018
1745435500244,69516,99250,0.7004
1745435500254,69600,99557,0.6991
1745435500269,69679,99846,0.6979
1745435500280,69753,100122,0.6967
1745435500329,69824,100387,0.6955
1745435500335,69891,100639,0.6945
1745435500342,69952,100867,0.6935
1745435500386,70004,101054,0.6927
1745435500421,70043,101184,0.6922
1745435500468,70063,101246,0.6920
1745435500489,70066,101241,0.6921
1745435500517,70055,101184,0.6924
1745435500547,70037,101103,0.6927
1745435500599,70020,101025,0.6931
1745435500604,70009,100977,0.6933
1745435500655,70011,100980,0.6933
1745435500666,70031,101048,0.6930
1745435500714,70065,101170,0.6925
1745435500721,70106,101309,0.6920
1745435500731,70138,101412,0.6916
1745435500761,70151,101437,0.6916
1745435500812,70140,101370,0.6919
1745435500823,70106,101222,0.6926
1745435500868,70055,101019,0.6935
1745435500983,69995,100787,0.6945
1745435501049,69932,100545,0.6955
1745435501055,69871,100310,0.6966
1745435501067,69817,100098,0.6975
1745435501079,69777,99926,0.6983
1745435501085,69755,99812,0.6989
1745435501090,69752,99767,0.6991
1745435501122,69767,99790,0.6991
1745435501148,69795,99865,0.6989
1745435501154,69829,99971,0.6985
1745435501196,69866,100088,0.6980
1745435501235,69900,100200,0.6976
1745435501253,69931,100295,0.6973
1745435501304,69955,100360,0.6970
1745435501399,69969,100383,0.6970
1745435501406,69973,100363,0.6972
1745435501416,69969,100309,0.6975
1745435501421,69958,100231,0.6980
1745435501458,69943,100136,0.6985
1745435501477,69922,100018,0.6991
1745435501548,69894,99874,0.6998
1745435501572,69859,99710,0.7006
1745435501605,69822,99544,0.7014
1745435501636,69790,99397,0.7021
1745435501671,69768,99294,0.7026
1745435501734,69763,99247,0.7029
1745435501743,69773,99257,0.7029
1745435501784,69795,99316,0.7028
1745435501797,69824,99405,0.7024
1745435501821,69855,99506,0.7020
1745435501847,69882,99603,0.7016
1745435501855,69904,99687,0.7012
1745435501894,69924,99765,0.7009
1745435501903,69947,99848,0.7005
1745435501951,69976,99950,0.7001
1745435501984,70016,100087,0.6995
1745435502016,70070,100275,0.6988
1745435502071,70141,100519,0.6978
1745435502121,70224,100810,0.6966
1745435502149,70313,101124,0.6953
1745435502160,70401,101429,0.6941
1745435502190,70479,101700,0.6930
1745435502212,70545,101920,0.6922
1745435502251,70595,102083,0.6915
1745435502275,70630,102186,0.6912
1745435502288,70652,102238,0.6911
1745435502358,70666,102250,0.6911
1745435502464,70674,102237,0.6913
1745435502472,70680,102212,0.6915
1745435502507,70684,102183,0.6917
1745435502527,70689,102158,0.6920
1745435502532,70695,102145,0.6921
1745435502569,70705,102159,0.6921
1745435502582,70725,102215,0.6919
1745435502603,70755,102314,0.6915
1745435502634,70789,102437,0.6910
1745435502671,70822,102558,0.6906
1745435502686,70851,102660,0.6902
1745435502714,70877,102750,0.6898
1745435502722,70904,102846,0.6894
1745435502756,70938,102962,0.6890
1745435502798,70977,103105,0.6884
1745435502827,71022,103270,0.6877
1745435502918,71069,103447,0.6870
1745435502976,71115,103625,0.6863
1745435502990,71160,103801,0.6855
1745435503056,71207,103979,0.6848
1745435503066,71255,104163,0.6841
1745435503072,71304,104351,0.6833
1745435503097,71353,104537,0.6826
1745435503103,71402,104721,0.6818
1745435503111,71450,104908,0.6811
1745435503155,71501,105106,0.6803
1745435503206,71555,105325,0.6794
1745435503233,71615,105579,0.6783
1745435503256,71684,105875,0.6771
1745435503465,71761,106209,0.6757
1745435503474,71843,106567,0.6742
1745435503481,71928,106934,0.6726
1745435503486,72012,107292,0.6712
1745435503491,72090,107623,0.6698
1745435503497,72158,107902,0.6687
1745435503505,72208,108104,0.6680
1745435503564,72234,108208,0.6676
1745435503573,72233,108204,0.6676
1745435503708,72205,108097,0.6680
1745435503715,72157,107912,0.6687
1745435503720,72098,107691,0.6695
1745435503724,72043,107484,0.6703
1745435503731,72003,107339,0.6708
1745435503781,71989,107287,0.6710
1745435503789,72001,107340,0.6708
1745435503900,72037,107481,0.6702
1745435503906,72088,107680,0.6695
1745435503917,72145,107898,0.6686
1745435503950,72197,108100,0.6679
1745435504147,72235,108247,0.6673
1745435504157,72249,108305,0.6671
1745435504166,72233,108258,0.6672
1745435504173,72191,108115,0.6677
1745435504183,72131,107906,0.6685
1745435504206,72065,107676,0.6693
1745435504216,72005,107464,0.6700
1745435504231,71959,107305,0.6706
1745435504237,71933,107214,0.6709
1745435504243,71925,107189,0.6710
1745435504251,71932,107212,0.6709
1745435504299,71945,107259,0.6708
1745435504313,71958,107303,0.6706
1745435504358,71964,107316,0.6706
1745435504367,71959,107286,0.6707
1745435504397,71947,107221,0.6710
1745435504403,71935,107155,0.6713
1745435504472,71936,107139,0.6714
1745435504514,71963,107223,0.6712
1745435504522,72022,107434,0.6704
1745435504530,72109,107755,0.6692
1745435504568,72211,108134,0.6678
1745435504606,72312,108503,0.6665
1745435504653,72395,108799,0.6654
1745435504660,72450,108987,0.6648
1745435504712,72473,109052,0.6646
1745435504719,72464,108998,0.6648
1745435504727,72430,108845,0.6654
1745435504757,72375,108617,0.6663
1745435504881,72306,108337,0.6674
1745435504919,72230,108031,0.6686
1745435504928,72156,107734,0.6698
1745435504946,72097,107496,0.6707
1745435504981,72065,107365,0.6712
1745435504987,72069,107374,0.6712
1745435505008,72109,107518,0.6707
1745435505033,72173,107756,0.6698
1745435505046,72245,108027,0.6688
1745435505092,72310,108276,0.6678
1745435505101,72361,108472,0.6671
1745435505133,72396,108609,0.6666
1745435505221,72417,108691,0.6663
1745435505252,72425,108719,0.6662
1745435505260,72421,108700,0.6663
1745435505267,72409,108646,0.6665
1745435505289,72395,108581,0.6667
1745435505317,72383,108526,0.6670
1745435505352,72377,108497,0.6671
1745435505368,72379,108498,0.6671
1745435505555,72386,108522,0.6670
1745435505585,72395,108552,0.6669
1745435505591,72399,108568,0.6669
1745435505599,72394,108548,0.6669
1745435505605,72376,108477,0.6672
1745435505609,72345,108359,0.6676
1745435505639,72308,108217,0.6682
1745435505655,72272,108081,0.6687
1745435505670,72244,107978,0.6691
1745435505700,72227,107926,0.6692
1745435505729,72225,107938,0.6691
1745435505767,72242,108027,0.6687
1745435505825,72280,108201,0.6680
1745435505885,72337,108452,0.6670
1745435505890,72410,108758,0.6658
1745435505931,72489,109087,0.6645
1745435505937,72568,109406,0.6633
1745435505978,72638,109686,0.6622
1745435505985,72694,109911,0.6614
1745435506028,72735,110080,0.6607
1745435506036,72763,110199,0.6603
1745435506063,72782,110284,0.6600
1745435506121,72797,110349,0.6597
1745435506169,72811,110410,0.6595
1745435506238,72829,110484,0.6592
1745435506246,72858,110592,0.6588
1745435506270,72901,110755,0.6582
1745435506276,72960,110983,0.6574
1745435506305,73034,111270,0.6564
1745435506346,73116,111597,0.6552
1745435506355,73198,111928,0.6540
1745435506392,73271,112225,0.6529
1745435506424,73326,112451,0.6521
1745435506452,73359,112588,0.6516
1745435506497,73372,112642,0.6514
1745435506520,73370,112635,0.6514
1745435506590,73358,112593,0.6515
1745435506609,73342,112532,0.6517
1745435506615,73322,112455,0.6520
1745435506657,73295,112356,0.6523
1745435506688,73259,112223,0.6528
1745435506733,73214,112056,0.6534
1745435506757,73165,111867,0.6540
1745435506766,73117,111682,0.6547
1745435506823,73080,111530,0.6552
1745435506854,73057,111430,0.6556
1745435506866,73048,111374,0.6559
1745435506916,73045,111343,0.6560
1745435506974,73043,111312,0.6562
1745435507004,73039,111265,0.6564
1745435507009,73029,111192,0.6568
1745435507036,73011,111086,0.6572
1745435507070,72984,110945,0.6578
1745435507103,72952,110781,0.6585
1745435507131,72916,110610,0.6592
1745435507137,72879,110443,0.6599
1745435507183,72843,110281,0.6605
1745435507219,72804,110118,0.6611
1745435507248,72762,109951,0.6618
1745435507379,72719,109780,0.6624
1745435507402,72675,109608,0.6630
1745435507410,72633,109443,0.6637
1745435507419,72597,109295,0.6642
1745435507426,72572,109178,0.6647
1745435507476,72559,109103,0.6651
1745435507494,72560,109072,0.6652
1745435507499,72571,109077,0.6653
1745435507534,72589,109109,0.6653
1745435507541,72612,109164,0.6652
1745435507580,72638,109235,0.6650
1745435507588,72663,109308,0.6648
1745435507633,72680,109354,0.6646
1745435507689,72682,109348,0.6647
1745435507724,72667,109272,0.6650
1745435507747,72631,109121,0.6656
1745435507756,72579,108901,0.6665
1745435507803,72514,108628,0.6675
1745435507846,72445,108331,0.6687
1745435507855,72379,108044,0.6699
1745435507921,72323,107794,0.6709
1745435507961,72278,107589,0.6718
1745435507968,72245,107430,0.6725
1745435507974,72222,107318,0.6730
1745435508120,72211,107254,0.6733
1745435508154,72212,107236,0.6734
1745435508164,72220,107247,0.6734
1745435508169,72229,107261,0.6734
1745435508177,72232,107255,0.6735
1745435508225,72231,107226,0.6736
1745435508248,72226,107183,0.6739
1745435508255,72222,107141,0.6741
1745435508272,72224,107120,0.6742
1745435508297,72238,107144,0.6742
1745435508389,72268,107236,0.6739
1745435508431,72317,107408,0.6733
1745435508438,72385,107655,0.6724
1745435508451,72462,107946,0.6713
1745435508459,72539,108243,0.6701
1745435508499,72607,108507,0.6691
1745435508519,72661,108717,0.6683
1745435508548,72701,108873,0.6678
1745435508578,72736,109004,0.6673
1745435508627,72776,109154,0.6667
1745435508641,72836,109377,0.6659
1745435508674,72922,109711,0.6647
1745435508735,73039,110165,0.6630
1745435508785,73181,110725,0.6609
1745435508791,73341,111359,0.6586
1745435508800,73511,112029,0.6562
1745435508851,73679,112693,0.6538
1745435508857,73835,113309,0.6516
1745435508904,73971,113848,0.6497
1745435508964,74085,114303,0.6481
1745435508974,74180,114685,0.6468
1745435508983,74261,115014,0.6457
1745435509012,74334,115306,0.6447
1745435509036,74401,115573,0.6438
1745435509101,74466,115823,0.6429
1745435509112,74529,116066,0.6421
1745435509166,74593,116312,0.6413
1745435509234,74658,116574,0.6404
1745435509240,74729,116870,0.6394
1745435509265,74809,117213,0.6382
1745435509287,74899,117608,0.6369
1745435509320,74995,118029,0.6354
1745435509343,75086,118428,0.6340
1745435509370,75160,118750,0.6329
1745435509416,75207,118950,0.6323
1745435509468,75222,119011,0.6321
1745435509507,75207,118941,0.6323
1745435509515,75168,118774,0.6329
1745435509562,75118,118561,0.6336
1745435509571,75067,118351,0.6343
1745435509580,75024,118175,0.6349
1745435509620,74991,118040,0.6353
1745435509636,74965,117931,0.6357
1745435509728,74941,117826,0.6360
1745435509737,74915,117711,0.6364
1745435509756,74888,117583,0.6369
1745435509805,74860,117448,0.6374
1745435509853,74833,117315,0.6379
1745435509863,74807,117190,0.6383
1745435509881,74783,117073,0.6388
1745435509888,74758,116958,0.6392
1745435509957,74728,116831,0.6396
1745435509997,74692,116683,0.6401
1745435510005,74652,116519,0.6407
1745435510014,74612,116356,0.6412
1745435510051,74575,116203,0.6418
1745435510082,74541,116058,0.6423
1745435510109,74508,115909,0.6428
1745435510155,74474,115751,0.6434
1745435510172,74437,115583,0.6440
1745435510204,74395,115399,0.6447
1745435510245,74346,115187,0.6454
1745435510271,74286,114930,0.6464
1745435510340,74213,114619,0.6475
1745435510371,74125,114252,0.6488
1745435510378,74023,113829,0.6503
1745435510402,73906,113354,0.6520
1745435510435,73777,112842,0.6538
1745435510472,73643,112315,0.6557
1745435510505,73512,111803,0.6575
1745435510538,73389,111323,0.6592
1745435510561,73276,110878,0.6609
1745435510569,73172,110453,0.6625
1745435510605,73072,110039,0.6641
1745435510664,72977,109638,0.6656
1745435510703,72890,109262,0.6671
1745435510737,72812,108921,0.6685
1745435510765,72744,108616,0.6697
1745435510773,72685,108343,0.6709
1745435510812,72631,108096,0.6719
1745435510863,72583,107872,0.6729
1745435510870,72542,107677,0.6737
1745435510905,72513,107530,0.6743
1745435510952,72502,107458,0.6747
1745435511020,72517,107486,0.6747
1745435511071,72561,107634,0.6741
1745435511078,72635,107907,0.6731
1745435511086,72739,108296,0.6717
1745435511117,72868,108780,0.6699
1745435511123,73016,109332,0.6678
1745435511144,73174,109919,0.6657
1745435511169,73336,110509,0.6636
1745435511210,73491,111074,0.6616
1745435511220,73638,111607,0.6598
1745435511258,73777,112115,0.6580
1745435511299,73912,112616,0.6563
1745435511352,74044,113117,0.6546
1745435511380,74173,113613,0.6529
1745435511417,74297,114096,0.6512
1745435511424,74414,114558,0.6496
1745435511470,74523,114986,0.6481
1745435511502,74619,115367,0.6468
1745435511525,74701,115692,0.6457
1745435511534,74773,115975,0.6447
1745435511580,74843,116246,0.6438
1745435511596,74919,116536,0.6429
1745435511639,75004,116861,0.6418
1745435511679,75099,117218,0.6407
1745435511688,75198,117592,0.6395
1745435511739,75299,117969,0.6383
1745435511761,75399,118342,0.6371
1745435511773,75496,118713,0.6360
1745435511824,75591,119076,0.6348
1745435511855,75681,119425,0.6337
1745435511897,75764,119749,0.6327
1745435512031,75839,120042,0.6318
1745435512047,75905,120286,0.6310
1745435512054,75955,120458,0.6306
1745435512062,75984,120534,0.6304
1745435512068,75988,120508,0.6306
1745435512105,75969,120394,0.6310
1745435512113,75936,120229,0.6316
1745435512133,75899,120055,0.6322
1745435512204,75867,119910,0.6327
1745435512226,75846,119808,0.6331
1745435512249,75833,119742,0.6333
1745435512272,75823,119684,0.6335
1745435512327,75807,119603,0.6338
1745435512361,75781,119475,0.6343
1745435512387,75738,119290,0.6349
1745435512455,75680,119045,0.6357
1745435512475,75605,118745,0.6367
1745435512507,75516,118397,0.6378
1745435512519,75420,118023,0.6390
1745435512548,75325,117658,0.6402
1745435512554,75243,117337,0.6413
1745435512583,75181,117086,0.6421
1745435512624,75142,116920,0.6427
1745435512653,75127,116839,0.6430
1745435512679,75131,116826,0.6431
1745435512688,75142,116841,0.6431
1745435512731,75146,116826,0.6432
1745435512764,75127,116723,0.6436
1745435512785,75076,116496,0.6445
1745435512840,74989,116135,0.6457
1745435512863,74874,115666,0.6473
1745435512872,74744,115140,0.6492
1745435512953,74615,114621,0.6510
1745435513000,74502,114171,0.6525
1745435513024,74418,113835,0.6537
1745435513033,74363,113619,0.6545
1745435513052,74332,113497,0.6549
1745435513080,74310,113418,0.6552
1745435513114,74289,113340,0.6555
1745435513151,74264,113241,0.6558
1745435513156,74234,113117,0.6563
1745435513185,74203,112975,0.6568
1745435513264,74172,112821,0.6574
1745435513289,74143,112669,0.6581
1745435513321,74117,112529,0.6587
1745435513340,74097,112407,0.6592
1745435513368,74080,112309,0.6596
1745435513421,74069,112239,0.6599
1745435513441,74065,112201,0.6601
1745435513478,74067,112195,0.6602
1745435513512,74077,112218,0.6601
1745435513522,74094,112267,0.6600
1745435513599,74117,112342,0.6597
1745435513607,74148,112449,0.6594
1745435513614,74189,112590,0.6589
1745435513636,74236,112758,0.6584
1745435513671,74286,112936,0.6578
1745435513700,74333,113102,0.6572
1745435513741,74376,113251,0.6567
1745435513783,74417,113389,0.6563
1745435513790,74460,113529,0.6559
1745435513823,74507,113682,0.6554
1745435513883,74561,113860,0.6548
1745435513909,74626,114084,0.6541
1745435513934,74706,114370,0.6532
1745435513956,74799,114716,0.6520
1745435513986,74902,115107,0.6507
1745435514056,75009,115521,0.6493
1745435514098,75116,115938,0.6479
1745435514103,75219,116342,0.6465
1745435514156,75318,116724,0.6453
1745435514236,75410,117078,0.6441
1745435514243,75498,117407,0.6430
1745435514273,75581,117718,0.6421
1745435514279,75662,118018,0.6411
1745435514344,75742,118316,0.6402
1745435514357,75821,118617,0.6392
1745435514392,75899,118920,0.6382
1745435514399,75975,119221,0.6373
1745435514420,76047,119509,0.6363
1745435514477,76113,119769,0.6355
1745435514488,76169,119990,0.6348
1745435514493,76215,120165,0.6343
1745435514519,76247,120286,0.6339
1745435514647,76263,120343,0.6337
1745435514661,76258,120320,0.6338
1745435514667,76229,120200,0.6342
1745435514672,76177,119985,0.6349
1745435514677,76108,119699,0.6358
1745435514706,76033,119383,0.6369
1745435514731,75962,119084,0.6379
1745435514760,75906,118843,0.6387
1745435514802,75870,118679,0.6393
1745435514818,75852,118586,0.6396
1745435514851,75843,118532,0.6399
1745435515024,75831,118466,0.6401
1745435515051,75805,118347,0.6405
1745435515058,75759,118151,0.6412
1745435515066,75695,117883,0.6421
1745435515072,75617,117563,0.6432
1745435515078,75534,117222,0.6444
1745435515111,75453,116889,0.6455
1745435515117,75380,116589,0.6465
1745435515146,75318,116333,0.6474
1745435515182,75266,116115,0.6482
1745435515213,75221,115919,0.6489
1745435515223,75178,115730,0.6496
1745435515257,75135,115539,0.6503
1745435515307,75093,115343,0.6510
1745435515356,75051,115147,0.6518
1745435515381,75010,114955,0.6525
1745435515414,74973,114779,0.6532
1745435515421,74943,114631,0.6538
1745435515473,74923,114526,0.6542
1745435515512,74913,114467,0.6545
1745435515521,74911,114440,0.6546
1745435515551,74913,114427,0.6547
1745435515605,74916,114416,0.6548
1745435515638,74921,114402,0.6549
1745435515751,74925,114379,0.6551
1745435515773,74926,114342,0.6553
1745435515783,74921,114287,0.6556
1745435515802,74910,114218,0.6559
1745435515825,74896,114150,0.6561
1745435515834,74881,114096,0.6563
1745435515841,74871,114072,0.6564
1745435515870,74871,114087,0.6563
1745435515964,74882,114145,0.6560
1745435515995,74904,114237,0.6557
1745435516002,74932,114346,0.6553
1745435516030,74964,114464,0.6549
1745435516040,74999,114591,0.6545
1745435516058,75038,114735,0.6540
1745435516088,75084,114907,0.6534
1745435516124,75137,115113,0.6527
1745435516188,75201,115359,0.6519
1745435516215,75276,115650,0.6509
1745435516222,75361,115978,0.6498
1745435516320,75448,116313,0.6487
1745435516331,75524,116611,0.6477
1745435516414,75583,116838,0.6469
1745435516419,75620,116985,0.6464
1745435516424,75644,117079,0.6461
1745435516474,75664,117160,0.6458
1745435516500,75692,117274,0.6454
1745435516508,75736,117455,0.6448
1745435516538,75802,117725,0.6439
1745435516574,75889,118082,0.6427
1745435516585,75994,118506,0.6413
1745435516606,76106,118959,0.6398
1745435516615,76217,119404,0.6383
1745435516680,76319,119816,0.6370
1745435516731,76411,120187,0.6358
1745435516738,76494,120525,0.6347
1745435516776,76575,120849,0.6336
1745435516809,76658,121180,0.6326
1745435516823,76748,121537,0.6315
1745435516833,76847,121923,0.6303
1745435516880,76951,122330,0.6290
1745435516928,77059,122752,0.6278
1745435516936,77170,123186,0.6265
1745435516945,77284,123631,0.6251
1745435516981,77398,124081,0.6238
1745435517133,77509,124516,0.6225
1745435517172,77610,124913,0.6213
1745435517179,77694,125244,0.6203
1745435517186,77756,125483,0.6197
1745435517198,77789,125611,0.6193
1745435517229,77792,125624,0.6192
1745435517238,77771,125540,0.6195
1745435517245,77734,125394,0.6199
1745435517292,77692,125227,0.6204
1745435517322,77654,125077,0.6208
1745435517370,77626,124968,0.6212
1745435517392,77613,124915,0.6213
1745435517401,77612,124908,0.6213
1745435517440,77615,124918,0.6213
1745435517480,77612,124901,0.6214
1745435517512,77593,124822,0.6216
1745435517556,77556,124668,0.6221
1745435517582,77504,124451,0.6228
1745435517589,77443,124196,0.6236
1745435517628,77380,123934,0.6244
1745435517663,77318,123684,0.6251
1745435517672,77259,123456,0.6258
1745435517709,77204,123251,0.6264
1745435517751,77154,123066,0.6269
1745435517757,77109,122903,0.6274
1745435517806,77074,122771,0.6278
1745435517882,77052,122679,0.6281
1745435517915,77041,122631,0.6282
1745435517927,77038,122608,0.6283
1745435517976,77033,122583,0.6284
1745435518026,77020,122525,0.6286
1745435518047,76992,122409,0.6290
1745435518082,76945,122219,0.6296
1745435518096,76877,121951,0.6304
1745435518135,76792,121615,0.6314
1745435518147,76698,121246,0.6326
1745435518203,76606,120886,0.6337
1745435518217,76525,120569,0.6347
1745435518268,76458,120304,0.6355
1745435518280,76404,120081,0.6363
1745435518372,76358,119879,0.6370
1745435518379,76313,119678,0.6377
1745435518442,76266,119465,0.6384
1745435518456,76215,119232,0.6392
1745435518469,76160,118985,0.6401
1745435518482,76102,118730,0.6410
1745435518510,76042,118473,0.6419
1745435518517,75979,118207,0.6428
1745435518570,75909,117920,0.6437
1745435518648,75833,117607,0.6448
1745435518664,75750,117272,0.6459
1745435518712,75664,116920,0.6471
1745435518718,75573,116556,0.6484
1745435518724,75480,116185,0.6496
1745435518731,75388,115823,0.6509
1745435518738,75303,115491,0.6520
1745435518764,75231,115210,0.6530
1745435518844,75178,114996,0.6537
1745435518856,75145,114858,0.6542
1745435518889,75132,114793,0.6545
1745435518992,75135,114788,0.6545
1745435519017,75146,114821,0.6545
1745435519022,75160,114865,0.6543
1745435519030,75171,114902,0.6542
1745435519065,75179,114933,0.6541
1745435519104,75189,114968,0.6540
1745435519115,75202,115019,0.6538
1745435519134,75221,115090,0.6536
1745435519156,75244,115187,0.6532
1745435519246,75276,115323,0.6527
1745435519255,75318,115511,0.6520
1745435519266,75371,115746,0.6512
1745435519316,75430,116005,0.6502
1745435519322,75489,116261,0.6493
1745435519331,75542,116493,0.6485
1745435519369,75588,116690,0.6478
1745435519400,75624,116843,0.6472
1745435519428,75649,116951,0.6468
1745435519440,75665,117020,0.6466
1745435519485,75676,117070,0.6464
1745435519546,75688,117124,0.6462
1745435519551,75707,117206,0.6459
1745435519608,75737,117331,0.6455
1745435519666,75782,117511,0.6449
1745435519672,75842,117748,0.6441
1745435519676,75916,118038,0.6432
1745435519729,75998,118359,0.6421
1745435519747,76078,118680,0.6410
1745435519783,76148,118962,0.6401
1745435519790,76196,119166,0.6394
1745435519820,76214,119256,0.6391
1745435519888,76195,119209,0.6392
1745435519908,76141,119032,0.6397
1745435519953,76063,118766,0.6404
1745435520006,75978,118471,0.6413
1745435520023,75901,118205,0.6421
1745435520142,75842,118000,0.6427
1745435520164,75801,117851,0.6432
1745435520174,75769,117725,0.6436
1745435520182,75736,117586,0.6441
1745435520196,75696,117414,0.6447
1745435520205,75647,117212,0.6454
1745435520260,75596,117007,0.6461
1745435520280,75549,116832,0.6466
1745435520435,75513,116707,0.6470
1745435520459,75487,116631,0.6472
1745435520470,75472,116596,0.6473
1745435520478,75467,116594,0.6473
1745435520485,75471,116620,0.6472
1745435520498,75483,116667,0.6470
1745435520503,75496,116713,0.6469
1745435520531,75504,116735,0.6468
1745435520607,75501,116712,0.6469
1745435520638,75483,116632,0.6472
1745435520686,75447,116484,0.6477
1745435520719,75392,116258,0.6485
1745435520733,75316,115953,0.6495
1745435520739,75224,115578,0.6508
1745435520793,75117,115149,0.6523
1745435520814,75003,114687,0.6540
1745435520873,74886,114212,0.6557
1745435520907,74772,113749,0.6573
1745435520917,74668,113322,0.6589
1745435520927,74579,112955,0.6603
1745435520935,74507,112652,0.6614
1745435520966,74447,112401,0.6623
1745435520974,74396,112185,0.6632
1745435520981,74351,111991,0.6639
1745435521006,74309,111814,0.6646
1745435521041,74271,111650,0.6652
1745435521172,74237,111494,0.6658
1745435521187,74206,111351,0.6664
1745435521195,74182,111227,0.6669
1745435521205,74163,111127,0.6674
1745435521238,74149,111044,0.6677
1745435521258,74135,110967,0.6681
1745435521274,74120,110886,0.6684
1745435521298,74103,110799,0.6688
1745435521330,74088,110715,0.6692
1745435521397,74079,110653,0.6695
1745435521416,74083,110642,0.6696
1745435521456,74110,110716,0.6694
1745435521490,74165,110897,0.6688
1745435521505,74246,111181,0.6678
1745435521548,74343,111526,0.6666
1745435521554,74441,111873,0.6654
1745435521590,74526,112172,0.6644
1745435521627,74590,112394,0.6636
1745435521672,74631,112538,0.6632
1745435521677,74654,112617,0.6629
1745435521738,74666,112662,0.6627
1745435521746,74676,112713,0.6625
1745435521753,74695,112800,0.6622
1745435521781,74726,112936,0.6617
1745435521831,74767,113112,0.6610
1745435521870,74816,113313,0.6603
1745435521934,74869,113527,0.6595
1745435521958,74927,113750,0.6587
1745435521967,74988,113986,0.6579
1745435522002,75055,114239,0.6570
1745435522155,75127,114518,0.6560
1745435522174,75205,114827,0.6549
1745435522183,75288,115168,0.6537
1745435522188,75374,115529,0.6524
1745435522196,75461,115899,0.6511
1745435522223,75549,116276,0.6497
1745435522233,75641,116662,0.6484
1745435522257,75737,117061,0.6470
1745435522283,75836,117465,0.6456
1745435522308,75934,117869,0.6442
1745435522336,76034,118274,0.6429
1745435522420,76137,118697,0.6414
1745435522432,76247,119146,0.6399
1745435522438,76362,119613,0.6384
1745435522444,76474,120067,0.6369
1745435522469,76571,120464,0.6356
1745435522517,76643,120764,0.6347
1745435522556,76685,120940,0.6341
1745435522575,76697,120994,0.6339
1745435522637,76689,120957,0.6340
1745435522656,76672,120882,0.6343
1745435522730,76659,120817,0.6345
1745435522737,76659,120792,0.6346
1745435522745,76669,120810,0.6346
1745435522776,76687,120853,0.6345
1745435522824,76704,120896,0.6345
1745435522849,76711,120910,0.6344
1745435522880,76705,120874,0.6346
1745435522887,76682,120783,0.6349
1745435522963,76649,120656,0.6353
1745435522970,76615,120522,0.6357
1745435522992,76586,120409,0.6360
1745435523062,76565,120326,0.6363
1745435523068,76552,120265,0.6365
1745435523075,76541,120211,0.6367
1745435523103,76528,120145,0.6370
1745435523150,76509,120055,0.6373
1745435523170,76484,119938,0.6377
1745435523196,76455,119810,0.6381
1745435523230,76429,119694,0.6385
1745435523270,76412,119611,0.6388
1745435523297,76403,119566,0.6390
1745435523369,76402,119550,0.6391
1745435523387,76406,119554,0.6391
1745435523419,76414,119572,0.6391
1745435523426,76421,119592,0.6390
1745435523453,76424,119597,0.6390
1745435523478,76417,119563,0.6391
1745435523638,76395,119472,0.6394
1745435523664,76354,119314,0.6399
1745435523672,76295,119083,0.6407
1745435523678,76218,118789,0.6416
1745435523686,76130,118448,0.6427
1745435523708,76036,118084,0.6439
1745435523762,75945,117722,0.6451
1745435523781,75863,117389,0.6463
1745435523829,75797,117110,0.6472
1745435523837,75750,116906,0.6480
1745435523844,75724,116783,0.6484
1745435523868,75713,116726,0.6486
1745435523898,75709,116700,0.6487
1745435523922,75703,116673,0.6489
1745435523963,75691,116625,0.6490
1745435524013,75674,116560,0.6492
1745435524030,75656,116488,0.6495
1745435524090,75638,116411,0.6497
1745435524112,75617,116322,0.6501
1745435524131,75590,116209,0.6505
1745435524138,75556,116068,0.6510
1745435524171,75516,115909,0.6515
1745435524207,75475,115753,0.6520
1745435524242,75441,115629,0.6524
1745435524266,75422,115566,0.6526
1745435524302,75423,115582,0.6526
1745435524333,75445,115676,0.6522
1745435524395,75484,115829,0.6517
1745435524416,75533,116018,0.6510
1745435524426,75585,116218,0.6504
1745435524462,75634,116406,0.6497
1745435524505,75674,116563,0.6492
1745435524550,75703,116681,0.6488
1745435524584,75724,116770,0.6485
1745435524599,75745,116860,0.6482
1745435524620,75774,116985,0.6477
1745435524681,75818,117166,0.6471
1745435524715,75877,117409,0.6463
1745435524724,75949,117708,0.6452
1745435524779,76031,118046,0.6441
1745435524787,76117,118402,0.6429
1745435524816,76200,118749,0.6417
1745435524824,76276,119070,0.6406
1745435524860,76345,119360,0.6396
1745435524902,76411,119636,0.6387
1745435524923,76489,119949,0.6377
1745435524965,76602,120388,0.6363
1745435524974,76778,121069,0.6342
1745435525082,77041,122085,0.6310
1745435525095,77396,123458,0.6269
1745435525169,77821,125103,0.6221
1745435525193,78273,126853,0.6170
1745435525207,78702,128514,0.6124
1745435525214,79067,129932,0.6085
1745435525220,79347,131015,0.6056
1745435525256,79535,131743,0.6037
1745435525284,79641,132149,0.6027
1745435525290,79679,132298,0.6023
1745435525319,79671,132266,0.6024
1745435525413,79635,132125,0.6027
1745435525419,79586,131932,0.6032
1745435525425,79537,131733,0.6038
1745435525457,79494,131563,0.6042
1745435525476,79465,131440,0.6046
1745435525523,79450,131374,0.6048
1745435525567,79448,131358,0.6048
1745435525586,79457,131379,0.6048
1745435525618,79473,131419,0.6047
1745435525760,79487,131454,0.6047
1745435525778,79495,131463,0.6047
1745435525788,79493,131436,0.6048
1745435525799,79482,131381,0.6050
1745435525804,79470,131318,0.6052
1745435525809,79459,131260,0.6054
1745435525837,79449,131207,0.6055
1745435525867,79440,131156,0.6057
1745435525900,79430,131104,0.6059
1745435525917,79420,131053,0.6060
1745435525973,79407,130993,0.6062
1745435526054,79385,130901,0.6064
1745435526070,79346,130746,0.6069
1745435526076,79285,130508,0.6075
1745435526114,79205,130193,0.6084
1745435526123,79112,129832,0.6093
1745435526144,79020,129470,0.6103
1745435526171,78943,129159,0.6112
1745435526263,78892,128945,0.6118
1745435526271,78873,128850,0.6121
1745435526279,78885,128869,0.6121
1745435526326,78921,128978,0.6119
1745435526383,78973,129145,0.6115
1745435526390,79031,129335,0.6111
1745435526414,79082,129500,0.6107
1745435526421,79111,129588,0.6105
1745435526447,79108,129559,0.6106
1745435526488,79070,129401,0.6110
1745435526511,79001,129131,0.6118
1745435526535,78912,128783,0.6128
1745435526575,78813,128399,0.6138
1745435526615,78719,128034,0.6148
1745435526659,78644,127738,0.6157
1745435526706,78598,127551,0.6162
1745435526762,78584,127488,0.6164
1745435526786,78603,127545,0.6163
1745435526791,78650,127705,0.6159
1745435526797,78717,127939,0.6153
1745435526819,78793,128206,0.6146
1745435526849,78862,128449,0.6140
1745435527016,78912,128623,0.6135
1745435527053,78938,128704,0.6133
1745435527059,78942,128701,0.6134
1745435527065,78931,128635,0.6136
1745435527073,78910,128531,0.6139
1745435527136,78887,128413,0.6143
1745435527142,78870,128313,0.6147
1745435527175,78868,128261,0.6149
1745435527270,78886,128280,0.6150
1745435527302,78923,128367,0.6148
1745435527311,78972,128500,0.6146
1745435527320,79022,128648,0.6143
1745435527326,79066,128778,0.6140
1745435527365,79096,128869,0.6138
1745435527372,79110,128910,0.6137
1745435527377,79112,128910,0.6137
1745435527401,79106,128889,0.6138
1745435527525,79102,128871,0.6138
1745435527541,79103,128872,0.6138
1745435527554,79114,128904,0.6137
1745435527560,79137,128977,0.6136
1745435527599,79174,129095,0.6133
1745435527605,79221,129251,0.6129
1745435527632,79275,129432,0.6125
1745435527646,79331,129627,0.6120
1745435527663,79389,129838,0.6114
1745435527781,79453,130077,0.6108
1745435527817,79522,130344,0.6101
1745435527824,79595,130627,0.6093
1745435527849,79667,130905,0.6086
1745435527854,79735,131158,0.6079
1745435527880,79796,131376,0.6074
1745435527888,79850,131556,0.6070
1745435527938,79898,131707,0.6066
1745435528014,79945,131856,0.6063
1745435528020,80001,132037,0.6059
1745435528028,80071,132276,0.6053
1745435528060,80157,132579,0.6046
1745435528106,80254,132926,0.6038
1745435528141,80354,133280,0.6029
1745435528207,80444,133596,0.6021
1745435528225,80513,133833,0.6016
1745435528233,80554,133972,0.6013
1745435528254,80570,134019,0.6012
1745435528278,80569,134008,0.6012
1745435528287,80561,133970,0.6013
1745435528319,80552,133927,0.6015
1745435528353,80541,133877,0.6016
1745435528399,80526,133807,0.6018
1745435528535,80502,133703,0.6021
1745435528554,80467,133557,0.6025
1745435528559,80423,133375,0.6030
1745435528565,80375,133176,0.6035
1745435528570,80329,132988,0.6040
1745435528603,80292,132835,0.6045
1745435528630,80269,132736,0.6047
1745435528639,80264,132702,0.6048
1745435528691,80278,132742,0.6048
1745435528752,80311,132851,0.6045
1745435528788,80356,133001,0.6042
1745435528806,80398,133145,0.6038
1745435528882,80427,133240,0.6036
1745435528888,80436,133261,0.6036
1745435528955,80422,133206,0.6037
1745435529010,80390,133086,0.6041
1745435529079,80344,132913,0.6045
1745435529088,80287,132703,0.6050
1745435529121,80226,132477,0.6056
1745435529130,80167,132262,0.6061
1745435529136,80119,132085,0.6066
1745435529140,80086,131964,0.6069
1745435529146,80069,131903,0.6070
1745435529173,80068,131899,0.6070
1745435529186,80079,131939,0.6069
1745435529209,80094,131992,0.6068
1745435529234,80105,132023,0.6068
1745435529270,80104,132007,0.6068
1745435529409,80089,131939,0.6070
1745435529418,80061,131824,0.6073
1745435529426,80022,131670,0.6078
1745435529433,79976,131493,0.6082
1745435529454,79929,131316,0.6087
1745435529482,79886,131154,0.6091
1745435529497,79847,131013,0.6095
1745435529516,79811,130884,0.6098
1745435529551,79779,130768,0.6101
1745435529585,79753,130675,0.6103
1745435529678,79738,130620,0.6105
1745435529685,79737,130616,0.6105
1745435529691,79754,130673,0.6103
1745435529719,79790,130799,0.6100
1745435529744,79846,131000,0.6095
1745435529757,79920,131262,0.6089
1745435529793,80001,131552,0.6081
1745435529818,80076,131819,0.6075
1745435529853,80132,132027,0.6069
1745435529899,80167,132159,0.6066
1745435529922,80180,132217,0.6064
1745435529989,80175,132215,0.6064
1745435530017,80159,132177,0.6065
1745435530024,80143,132139,0.6065
1745435530064,80137,132141,0.6064
1745435530072,80150,132214,0.6062
1745435530104,80187,132370,0.6058
1745435530132,80249,132604,0.6052
1745435530166,80330,132898,0.6044
1745435530205,80423,133229,0.6036
1745435530233,80521,133569,0.6028
1745435530304,80616,133898,0.6021
1745435530374,80703,134202,0.6014
1745435530431,80783,134488,0.6007
1745435530436,80861,134778,0.6000
1745435530444,80945,135100,0.5991
1745435530466,81042,135479,0.5982
1745435530530,81157,135926,0.5971
1745435530722,81289,136438,0.5958
1745435530733,81438,137002,0.5944
1745435530757,81597,137592,0.5930
1745435530833,81757,138172,0.5917
1745435530917,81907,138702,0.5905
1745435530922,82034,139141,0.5896
1745435530955,82125,139448,0.5889
1745435530969,82170,139594,0.5886
1745435530975,82168,139573,0.5887
1745435530984,82126,139417,0.5891
1745435531007,82062,139186,0.5896
1745435531019,81996,138956,0.5901
1745435531025,81949,138791,0.5905
1745435531032,81934,138733,0.5906
1745435531038,81953,138796,0.5905
1745435531272,82004,138960,0.5901
1745435531288,82071,139181,0.5897
1745435531306,82137,139396,0.5892
1745435531314,82185,139551,0.5889
1745435531438,82206,139612,0.5888
1745435531468,82196,139569,0.5889
1745435531524,82155,139424,0.5892
1745435531540,82090,139194,0.5898
1745435531549,82008,138906,0.5904
1745435531558,81918,138594,0.5911
1745435531565,81830,138288,0.5917
1745435531570,81748,138006,0.5924
1745435531599,81678,137765,0.5929
1745435531604,81623,137573,0.5933
1745435531609,81583,137437,0.5936
1745435531616,81559,137347,0.5938
1745435531657,81544,137285,0.5940
1745435531671,81531,137226,0.5941
1745435531729,81515,137145,0.5944
1745435531735,81490,137028,0.5947
1745435531780,81450,136863,0.5951
1745435531788,81393,136642,0.5957
1745435531797,81318,136366,0.5963
1745435531805,81231,136056,0.5970
1745435531896,81142,135743,0.5978
1745435531902,81060,135456,0.5984
1745435531909,80990,135209,0.5990
1745435531915,80933,135006,0.5995
1745435531969,80894,134854,0.5999
1745435531975,80871,134757,0.6001
1745435532093,80864,134708,0.6003
1745435532155,80865,134687,0.6004
1745435532164,80869,134674,0.6005
1745435532169,80871,134658,0.6006
1745435532202,80872,134635,0.6007
1745435532207,80872,134614,0.6008
1745435532223,80876,134603,0.6008
1745435532230,80886,134620,0.6008
1745435532234,80907,134678,0.6007
1745435532347,80939,134779,0.6005
1745435532353,80978,134908,0.6002
1745435532360,81014,135034,0.6000
1745435532399,81042,135128,0.5997
1745435532439,81058,135180,0.5996
1745435532563,81064,135197,0.5996
1745435532568,81063,135197,0.5996
1745435532581,81063,135205,0.5996
1745435532593,81075,135254,0.5994
1745435532601,81108,135377,0.5991
1745435532606,81167,135589,0.5986
1745435532615,81248,135873,0.5980
1745435532666,81341,136193,0.5973
1745435532702,81435,136512,0.5965
1745435532725,81523,136807,0.5959
1745435532754,81601,137072,0.5953
1745435532761,81668,137304,0.5948
1745435532774,81726,137506,0.5943
1745435532792,81776,137684,0.5939
1745435532867,81824,137855,0.5936
1745435532875,81879,138042,0.5931
1745435532942,81946,138267,0.5927
1745435532950,82027,138536,0.5921
1745435532961,82119,138847,0.5914
1745435532983,82218,139182,0.5907
1745435532988,82317,139518,0.5900
1745435532994,82405,139821,0.5894
1745435533019,82475,140069,0.5888
1745435533160,82524,140247,0.5884
1745435533181,82548,140346,0.5882
1745435533211,82547,140356,0.5881
1745435533222,82518,140272,0.5883
1745435533285,82467,140107,0.5886
1745435533292,82403,139898,0.5890
1745435533305,82343,139701,0.5894
1745435533309,82301,139568,0.5897
1745435533340,82287,139535,0.5897
1745435533398,82306,139612,0.5895
1745435533407,82353,139781,0.5892
1745435533414,82416,140003,0.5887
1745435533464,82477,140220,0.5882
1745435533626,82520,140374,0.5879
1745435533689,82531,140425,0.5877
1745435533700,82508,140365,0.5878
1745435533722,82455,140205,0.5881
1745435533730,82378,139961,0.5886
1745435533736,82283,139652,0.5892
1745435533783,82176,139300,0.5899
1745435533789,82065,138932,0.5907
1745435533795,81959,138579,0.5914
1745435533802,81864,138258,0.5921
1745435533820,81779,137970,0.5927
1745435533854,81703,137704,0.5933
1745435533873,81627,137439,0.5939
1745435533918,81548,137161,0.5945
1745435533932,81464,136864,0.5952
1745435533957,81378,136565,0.5959
1745435534004,81299,136291,0.5965
1745435534049,81235,136071,0.5970
1745435534054,81191,135924,0.5973
1745435534080,81167,135845,0.5975
1745435534125,81160,135822,0.5975
1745435534134,81165,135839,0.5975
1745435534163,81181,135891,0.5974
1745435534170,81205,135972,0.5972
1745435534198,81235,136076,0.5970
1745435534238,81269,136193,0.5967
1745435534296,81306,136321,0.5964
1745435534308,81346,136463,0.5961
1745435534423,81392,136627,0.5957
1745435534464,81444,136812,0.5953
1745435534472,81500,137009,0.5948
1745435534481,81551,137194,0.5944
1745435534487,81592,137343,0.5941
1745435534533,81619,137439,0.5939
1745435534555,81632,137483,0.5938
1745435534614,81636,137493,0.5937
1745435534632,81638,137491,0.5938
1745435534640,81641,137485,0.5938
1745435534648,81640,137469,0.5939
1745435534676,81632,137431,0.5940
1745435534710,81617,137371,0.5941
1745435534787,81598,137306,0.5943
1745435534898,81584,137259,0.5944
1745435534921,81578,137241,0.5944
1745435534949,81583,137257,0.5944
1745435534954,81599,137307,0.5943
1745435534961,81624,137391,0.5941
1745435535012,81656,137494,0.5939
1745435535019,81683,137585,0.5937
1745435535026,81695,137625,0.5936
1745435535032,81682,137585,0.5937
1745435535173,81644,137459,0.5940
1745435535273,81587,137269,0.5944
1745435535282,81522,137052,0.5948
1745435535287,81462,136849,0.5953
1745435535296,81415,136692,0.5956
1745435535334,81389,136605,0.5958
1745435535357,81387,136602,0.5958
1745435535371,81411,136687,0.5956
1745435535376,81460,136858,0.5952
1745435535396,81532,137113,0.5946
1745435535401,81624,137440,0.5939
1745435535424,81729,137812,0.5930
1745435535528,81834,138188,0.5922
1745435535578,81928,138525,0.5914
1745435535621,82003,138797,0.5908
1745435535626,82060,138999,0.5904
1745435535632,82102,139148,0.5900
1745435535666,82136,139265,0.5898
1745435535673,82168,139374,0.5896
1745435535680,82204,139494,0.5893
1745435535717,82244,139631,0.5890
1745435535722,82288,139782,0.5887
1745435535754,82334,139939,0.5884
1745435535777,82381,140099,0.5880
1745435535789,82432,140265,0.5877
1745435535834,82491,140447,0.5873
1745435535897,82559,140653,0.5870
1745435535925,82635,140879,0.5866
1745435535998,82713,141111,0.5862
1745435536003,82784,141326,0.5858
1745435536008,82839,141496,0.5855
1745435536039,82870,141600,0.5852
1745435536115,82875,141634,0.5851
1745435536149,82858,141607,0.5851
1745435536155,82826,141533,0.5852
1745435536166,82783,141426,0.5853
1745435536204,82732,141290,0.5855
1745435536231,82677,141133,0.5858
1745435536285,82622,140969,0.5861
1745435536360,82573,140816,0.5864
1745435536384,82536,140696,0.5866
1745435536395,82515,140624,0.5868
1745435536402,82514,140611,0.5868
1745435536466,82531,140653,0.5868
1745435536537,82558,140728,0.5866
1745435536546,82584,140802,0.5865
1745435536554,82595,140836,0.5865
1745435536590,82581,140797,0.5865
1745435536599,82537,140664,0.5868
1745435536685,82459,140423,0.5872
1745435536691,82347,140070,0.5879
1745435536710,82208,139626,0.5888
1745435536719,82055,139129,0.5898
1745435536779,81902,138634,0.5908
1745435536800,81767,138190,0.5917
1745435536808,81661,137838,0.5924
1745435536843,81592,137604,0.5929
1745435536922,81561,137497,0.5932
1745435536940,81568,137513,0.5932
1745435536973,81605,137634,0.5929
1745435537027,81668,137842,0.5925
1745435537035,81753,138118,0.5919
1745435537063,81852,138439,0.5912
1745435537071,81952,138762,0.5906
1745435537081,82038,139033,0.5901
1745435537154,82094,139204,0.5897
1745435537186,82111,139247,0.5897
1745435537198,82085,139155,0.5899
1745435537281,82018,138928,0.5904
1745435537288,81911,138579,0.5911
1745435537397,81774,138129,0.5920
1745435537403,81617,137616,0.5931
1745435537409,81455,137082,0.5942
1745435537438,81300,136568,0.5953
1745435537453,81162,136106,0.5963
1745435537458,81051,135724,0.5972
1745435537502,80972,135445,0.5978
1745435537514,80929,135281,0.5982
1745435537538,80919,135230,0.5984
1745435537545,80938,135272,0.5983
1745435537603,80976,135382,0.5981
1745435537678,81024,135529,0.5978
1745435537694,81071,135681,0.5975
1745435537721,81107,135801,0.5972
1745435537767,81122,135854,0.5971
1745435537775,81110,135818,0.5972
1745435537821,81072,135688,0.5975
1745435537830,81010,135479,0.5980
1745435537907,80933,135217,0.5985
1745435537917,80852,134940,0.5992
1745435537968,80780,134697,0.5997
1745435537985,80732,134539,0.6001
1745435537991,80718,134504,0.6001
1745435538038,80744,134605,0.5999
1745435538046,80805,134830,0.5993
1745435538101,80892,135143,0.5986
1745435538108,80988,135490,0.5977
1745435538120,81077,135810,0.5970
1745435538167,81143,136052,0.5964
1745435538269,81178,136187,0.5961
1745435538332,81183,136213,0.5960
1745435538357,81164,136154,0.5961
1745435538367,81132,136052,0.5963
1745435538373,81102,135957,0.5965
1745435538416,81083,135903,0.5966
1745435538427,81079,135911,0.5966
1745435538437,81091,135981,0.5963
1745435538450,81116,136101,0.5960
1745435538488,81150,136253,0.5956
1745435538500,81191,136425,0.5951
1745435538572,81237,136611,0.5947
1745435538610,81287,136805,0.5942
1745435538621,81338,136994,0.5937
1745435538662,81385,137162,0.5933
1745435538726,81424,137296,0.5931
1745435538735,81455,137402,0.5928
1745435538741,81483,137493,0.5926
1745435538749,81509,137584,0.5924
1745435538777,81537,137684,0.5922
1745435538844,81565,137796,0.5919
1745435538851,81597,137926,0.5916
1745435538855,81635,138084,0.5912
1745435538896,81683,138274,0.5907
1745435538908,81739,138489,0.5902
1745435538964,81797,138708,0.5897
1745435538971,81848,138899,0.5893
1745435539019,81883,139033,0.5889
1745435539040,81896,139090,0.5888
1745435539058,81887,139068,0.5888
1745435539083,81861,138989,0.5890
1745435539138,81828,138889,0.5892
1745435539171,81799,138801,0.5893
1745435539213,81778,138744,0.5894
1745435539237,81766,138720,0.5894
1745435539282,81761,138715,0.5894
1745435539315,81755,138707,0.5894
1745435539322,81743,138675,0.5895
1745435539357,81722,138609,0.5896
1745435539381,81692,138514,0.5898
1745435539392,81661,138411,0.5900
1745435539431,81633,138323,0.5902
1745435539481,81617,138274,0.5903
1745435539519,81616,138277,0.5902
1745435539580,81629,138334,0.5901
1745435539618,81655,138434,0.5898
1745435539634,81688,138559,0.5896
1745435539670,81721,138680,0.5893
1745435539676,81744,138765,0.5891
1745435539718,81750,138787,0.5890
1745435539757,81736,138736,0.5891
1745435539782,81700,138615,0.5894
1745435539788,81647,138435,0.5898
1745435539934,81580,138211,0.5903
1745435540020,81504,137962,0.5908
1745435540026,81428,137709,0.5913
1745435540031,81358,137478,0.5918
1745435540037,81300,137290,0.5922
1745435540042,81260,137160,0.5924
1745435540064,81240,137100,0.5926
1745435540071,81241,137109,0.5925
1745435540103,81261,137184,0.5924
1745435540173,81296,137307,0.5921
1745435540181,81336,137450,0.5917
1745435540191,81371,137577,0.5915
1745435540252,81391,137655,0.5913
1745435540258,81393,137669,0.5912
1745435540266,81376,137618,0.5913
1745435540272,81340,137501,0.5916
1745435540319,81288,137321,0.5920
1745435540375,81221,137089,0.5925
1745435540433,81145,136827,0.5930
1745435540443,81066,136560,0.5936
1745435540452,80993,136315,0.5942
1745435540505,80932,136116,0.5946
1745435540534,80887,135975,0.5949
1745435540542,80858,135891,0.5950
1745435540570,80843,135848,0.5951
1745435540609,80836,135825,0.5951
1745435540653,80833,135810,0.5952
1745435540659,80833,135800,0.5952
1745435540774,80838,135802,0.5953
1745435540803,80847,135822,0.5952
1745435540817,80861,135863,0.5952
1745435540823,80877,135912,0.5951
1745435540930,80889,135954,0.5950
1745435540934,80896,135979,0.5949
1745435540978,80899,135990,0.5949
1745435540986,80901,135998,0.5949
1745435540993,80905,136015,0.5948
1745435541023,80912,136046,0.5947
1745435541032,80923,136099,0.5946
1745435541065,80939,136177,0.5944
1745435541072,80960,136279,0.5941
1745435541168,80984,136391,0.5938
1745435541202,81009,136502,0.5935
1745435541219,81035,136603,0.5932
1745435541240,81060,136696,0.5930
1745435541308,81090,136794,0.5928
1745435541319,81129,136921,0.5925
1745435541385,81185,137104,0.5921
1745435541391,81260,137352,0.5916
1745435541409,81351,137653,0.5910
1745435541419,81449,137980,0.5903
1745435541439,81542,138292,0.5896
1745435541464,81619,138556,0.5891
1745435541474,81678,138759,0.5886
1745435541504,81722,138918,0.5883
1745435541540,81763,139070,0.5879
1745435541582,81810,139245,0.5875
1745435541589,81865,139446,0.5871
1745435541644,81925,139662,0.5866
1745435541667,81986,139884,0.5861
1745435541690,82047,140105,0.5856
1745435541727,82107,140324,0.5851
1745435541787,82164,140538,0.5846
1745435541794,82218,140739,0.5842
1745435541834,82266,140922,0.5838
1745435541904,82309,141080,0.5834
1745435541910,82347,141215,0.5831
1745435541953,82381,141332,0.5829
1745435541965,82415,141444,0.5827
1745435542000,82454,141570,0.5824
1745435542009,82504,141734,0.5821
1745435542064,82572,141962,0.5816
1745435542072,82660,142276,0.5810
1745435542122,82772,142686,0.5801
1745435542241,82902,143178,0.5790
1745435542334,83044,143717,0.5778
1745435542341,83181,144242,0.5767
1745435542387,83298,144688,0.5757
1745435542392,83378,145001,0.5750
1745435542403,83416,145161,0.5746
1745435542460,83415,145181,0.5746
1745435542471,83384,145096,0.5747
1745435542496,83338,144957,0.5749
1745435542501,83291,144820,0.5751
1745435542534,83258,144727,0.5753
1745435542543,83244,144702,0.5753
1745435542561,83250,144739,0.5752
1745435542608,83268,144818,0.5750
1745435542621,83292,144910,0.5748
1745435542681,83311,144985,0.5746
1745435542689,83316,145017,0.5745
1745435542737,83303,144988,0.5745
1745435542745,83267,144888,0.5747
1745435542857,83210,144719,0.5750
1745435542867,83137,144498,0.5753
1745435542875,83054,144246,0.5758
1745435542914,82970,143990,0.5762
1745435542920,82891,143752,0.5766
1745435542927,82826,143558,0.5769
1745435542934,82780,143429,0.5771
1745435542974,82756,143372,0.5772
1745435543023,82751,143372,0.5772
1745435543069,82755,143398,0.5771
1745435543133,82757,143412,0.5771
1745435543156,82746,143378,0.5771
1745435543168,82713,143271,0.5773
1745435543220,82656,143085,0.5777
1745435543226,82581,142836,0.5782
1745435543235,82498,142558,0.5787
1745435543259,82416,142289,0.5792
1745435543268,82346,142057,0.5797
1745435543290,82290,141877,0.5800
1745435543327,82249,141750,0.5802
1745435543365,82223,141672,0.5804
1745435543373,82209,141637,0.5804
1745435543414,82205,141637,0.5804
1745435543423,82204,141651,0.5803
1745435543503,82198,141651,0.5803
1745435543525,82181,141611,0.5803
1745435543548,82148,141523,0.5805
1745435543621,82105,141394,0.5807
1745435543637,82056,141242,0.5810
1745435543684,82008,141089,0.5813
1745435543718,81970,140963,0.5815
1745435543723,81952,140894,0.5817
1745435543754,81961,140911,0.5816
1745435543835,82000,141028,0.5814
1745435543841,82069,141242,0.5811
1745435543848,82160,141530,0.5805
1745435543855,82266,141863,0.5799
1745435543885,82373,142199,0.5793
1745435543923,82469,142499,0.5787
1745435544048,82545,142732,0.5783
1745435544066,82598,142892,0.5780
1745435544072,82630,142995,0.5779
1745435544080,82647,143058,0.5777
1745435544093,82653,143090,0.5776
1745435544152,82648,143094,0.5776
1745435544226,82637,143077,0.5776
1745435544237,82626,143058,0.5776
1745435544268,82621,143054,0.5775
1745435544273,82624,143075,0.5775
1745435544280,82634,143116,0.5774
1745435544290,82645,143156,0.5773
1745435544358,82646,143170,0.5773
1745435544427,82632,143133,0.5773
1745435544462,82596,143030,0.5775
1745435544472,82541,142865,0.5778
1745435544481,82475,142663,0.5781
1745435544490,82410,142465,0.5785
1745435544595,82359,142311,0.5787
1745435544659,82329,142227,0.5789
1745435544666,82323,142223,0.5788
1745435544699,82342,142302,0.5786
1745435544708,82381,142454,0.5783
1745435544718,82434,142657,0.5778
1745435544725,82493,142884,0.5773
1745435544758,82553,143113,0.5768
1745435544804,82609,143332,0.5764
1745435544851,82661,143529,0.5759
1745435544864,82703,143689,0.5756
1745435544887,82730,143797,0.5753
1745435544894,82742,143852,0.5752
1745435544919,82741,143864,0.5751
1745435545024,82732,143850,0.5751
1745435545077,82718,143822,0.5751
1745435545085,82704,143797,0.5751
1745435545093,82696,143796,0.5751
1745435545152,82702,143842,0.5749
1745435545163,82727,143948,0.5747
1745435545198,82774,144118,0.5743
1745435545212,82841,144348,0.5739
1745435545233,82923,144624,0.5734
1745435545247,83011,144918,0.5728
1745435545271,83091,145191,0.5723
1745435545293,83151,145406,0.5719
1745435545319,83185,145541,0.5716
1745435545347,83191,145592,0.5714
1745435545401,83174,145573,0.5714
1745435545432,83142,145505,0.5714
1745435545471,83100,145412,0.5715
1745435545480,83056,145310,0.5716
1745435545518,83010,145200,0.5717
1745435545528,82957,145073,0.5718
1745435545554,82896,144924,0.5720
1745435545608,82831,144765,0.5722
1745435545625,82771,144624,0.5723
1745435545727,82725,144524,0.5724
1745435545758,82696,144474,0.5724
1745435545765,82685,144472,0.5723
1745435545773,82689,144516,0.5722
1745435545794,82707,144598,0.5720
1745435545818,82732,144704,0.5717
1745435545834,82760,144816,0.5715
1745435545899,82785,144916,0.5713
1745435545914,82803,144995,0.5711
1745435545940,82810,145037,0.5710
1745435545979,82799,145027,0.5709
1745435546021,82767,144952,0.5710
1745435546029,82713,144811,0.5712
1745435546090,82642,144610,0.5715
1745435546106,82554,144356,0.5719
1745435546141,82453,144055,0.5724
1745435546162,82342,143721,0.5729
1745435546170,82230,143382,0.5735
1745435546222,82128,143074,0.5740
1745435546265,82046,142828,0.5744
1745435546305,81991,142665,0.5747
1745435546333,81966,142595,0.5748
1745435546360,81968,142613,0.5748
1745435546426,81989,142688,0.5746
1745435546447,82010,142769,0.5744
1745435546457,82017,142807,0.5743
1745435546464,82002,142777,0.5743
1745435546501,81964,142677,0.5745
1745435546529,81908,142522,0.5747
1745435546542,81841,142326,0.5750
1745435546571,81767,142105,0.5754
1745435546620,81694,141876,0.5758
1745435546668,81627,141655,0.5762
1745435546700,81569,141452,0.5767
1745435546731,81520,141269,0.5771
1745435546738,81476,141103,0.5774
1745435546772,81436,140951,0.5778
1745435546841,81398,140810,0.5781
1745435546872,81361,140677,0.5784
1745435546896,81325,140551,0.5786
1745435546921,81292,140438,0.5788
1745435546964,81266,140350,0.5790
1745435546989,81252,140297,0.5791
1745435547055,81246,140272,0.5792
1745435547075,81246,140265,0.5792
1745435547091,81251,140272,0.5792
1745435547115,81260,140298,0.5792
1745435547121,81278,140350,0.5791
1745435547152,81304,140427,0.5790
1745435547185,81336,140523,0.5788
1745435547217,81371,140625,0.5786
1745435547267,81405,140720,0.5785
1745435547304,81435,140798,0.5784
1745435547325,81457,140850,0.5783
1745435547389,81469,140871,0.5783
1745435547411,81470,140864,0.5784
1745435547440,81464,140843,0.5784
1745435547465,81460,140833,0.5784
1745435547472,81465,140858,0.5784
1745435547516,81485,140933,0.5782
1745435547523,81520,141060,0.5779
1745435547551,81567,141226,0.5776
1745435547590,81621,141408,0.5772
1745435547617,81670,141575,0.5769
1745435547700,81708,141699,0.5766
1745435547716,81735,141783,0.5765
1745435547722,81761,141857,0.5764
1745435547753,81799,141968,0.5762
1745435547774,81859,142152,0.5759
1745435547822,81947,142424,0.5754
1745435547845,82060,142776,0.5747
1745435547884,82191,143185,0.5740
1745435547918,82329,143617,0.5733
1745435547964,82464,144038,0.5725
1745435548007,82588,144421,0.5719
1745435548038,82694,144752,0.5713
1745435548045,82783,145031,0.5708
1745435548069,82861,145272,0.5704
1745435548091,82933,145496,0.5700
1745435548127,83008,145722,0.5696
1745435548171,83084,145952,0.5693
1745435548200,83158,146172,0.5689
1745435548209,83221,146358,0.5686
1745435548267,83265,146486,0.5684
1745435548304,83288,146548,0.5683
1745435548396,83293,146556,0.5683
1745435548417,83289,146539,0.5684
1745435548427,83289,146530,0.5684
1745435548435,83296,146542,0.5684
1745435548451,83308,146571,0.5684
1745435548484,83320,146598,0.5684
1745435548492,83324,146599,0.5684
1745435548522,83313,146553,0.5685
1745435548558,83284,146455,0.5687
1745435548688,83241,146316,0.5689
1745435548709,83192,146160,0.5692
1745435548715,83146,146013,0.5694
1745435548724,83109,145894,0.5697
1745435548731,83082,145804,0.5698
1745435548771,83064,145740,0.5699
1745435548802,83052,145698,0.5700
1745435548831,83048,145681,0.5701
1745435548839,83053,145693,0.5701
1745435548902,83067,145729,0.5700
1745435548940,83084,145768,0.5700
1745435548976,83095,145783,0.5700
1745435549010,83092,145751,0.5701
1745435549025,83070,145660,0.5703
1745435549047,83027,145512,0.5706
1745435549092,82969,145321,0.5709
1745435549184,82901,145104,0.5713
1745435549218,82831,144882,0.5717
1745435549226,82764,144668,0.5721
1745435549234,82702,144469,0.5725
1745435549280,82647,144292,0.5728
1745435549296,82601,144141,0.5731
1745435549319,82563,144013,0.5733
1745435549379,82529,143894,0.5735
1745435549399,82493,143769,0.5738
1745435549404,82451,143625,0.5741
1745435549437,82400,143454,0.5744
1745435549470,82341,143260,0.5748
1745435549477,82278,143051,0.5752
1745435549518,82214,142838,0.5756
1745435549526,82150,142622,0.5760
1745435549558,82088,142405,0.5764
1745435549614,82027,142190,0.5769
1745435549692,81970,141983,0.5773
1745435549707,81919,141790,0.5777
1745435549715,81871,141611,0.5781
1745435549754,81828,141448,0.5785
1745435549795,81790,141300,0.5788
1745435549820,81755,141166,0.5791
1745435549870,81722,141040,0.5794
1745435549888,81687,140911,0.5797
1745435549895,81651,140775,0.5800
1745435549926,81613,140636,0.5803
1745435549941,81577,140504,0.5806
1745435549990,81544,140384,0.5809
1745435550005,81515,140273,0.5811
1745435550029,81483,140155,0.5814
1745435550051,81445,140012,0.5817
1745435550090,81398,139838,0.5821
1745435550112,81346,139648,0.5825
1745435550155,81298,139469,0.5829
1745435550204,81259,139322,0.5832
1745435550219,81233,139223,0.5835
1745435550276,81223,139183,0.5836
1745435550310,81230,139206,0.5835
1745435550452,81252,139283,0.5834
1745435550463,81283,139391,0.5831
1745435550471,81315,139500,0.5829
1745435550475,81341,139590,0.5827
1745435550480,81357,139648,0.5826
1745435550485,81364,139676,0.5825
1745435550526,81364,139683,0.5825
1745435550547,81365,139689,0.5825
1745435550681,81373,139717,0.5824
1745435550700,81397,139790,0.5823
1745435550707,81442,139928,0.5820
1745435550713,81510,140141,0.5816
1745435550719,81598,140417,0.5811
1745435550741,81696,140731,0.5805
1745435550765,81798,141060,0.5799
1745435550773,81901,141389,0.5793
1745435550849,82000,141705,0.5787
1745435550856,82092,141993,0.5781
1745435550888,82171,142241,0.5777
1745435550933,82239,142453,0.5773
1745435550977,82301,142648,0.5769
1745435550984,82365,142851,0.5766
1745435551054,82439,143084,0.5762
1745435551074,82524,143357,0.5757
1745435551100,82621,143662,0.5751
1745435551114,82722,143979,0.5745
1745435551121,82820,144284,0.5740
1745435551154,82909,144555,0.5735
1745435551203,82985,144783,0.5732
1745435551221,83046,144965,0.5729
1745435551250,83096,145114,0.5726
1745435551291,83138,145240,0.5724
1745435551302,83172,145349,0.5722
1745435551364,83199,145439,0.5721
1745435551377,83218,145503,0.5719
1745435551406,83228,145540,0.5719
1745435551440,83233,145553,0.5718
1745435551476,83234,145552,0.5719
1745435551495,83236,145544,0.5719
1745435551540,83239,145537,0.5719
1745435551563,83241,145523,0.5720
1745435551617,83237,145486,0.5721
1745435551625,83220,145405,0.5723
1745435551670,83183,145267,0.5726
1745435551699,83126,145070,0.5730
1745435551818,83052,144823,0.5735
1745435551827,82968,144549,0.5740
1745435551834,82885,144281,0.5745
1745435551855,82815,144055,0.5749
1745435551879,82768,143900,0.5752
1745435551892,82747,143823,0.5753
1745435551927,82748,143808,0.5754
1745435552074,82759,143821,0.5754
1745435552092,82770,143832,0.5755
1745435552105,82775,143820,0.5755
1745435552110,82769,143771,0.5757
1745435552118,82746,143674,0.5759
1745435552124,82704,143514,0.5763
1745435552166,82639,143285,0.5767
1745435552173,82552,142989,0.5773
1745435552196,82449,142639,0.5780
1745435552259,82338,142263,0.5788
1745435552280,82233,141907,0.5795
1745435552324,82156,141634,0.5801
1745435552365,82124,141506,0.5804
1745435552371,82148,141556,0.5803
1745435552401,82225,141781,0.5799
1745435552409,82343,142138,0.5793
1745435552439,82478,142558,0.5786
1745435552470,82608,142964,0.5778
1745435552503,82710,143283,0.5772
1745435552553,82765,143456,0.5769
1745435552571,82767,143453,0.5770
1745435552716,82718,143282,0.5773
1745435552723,82633,142992,0.5779
1745435552768,82532,142647,0.5786
1745435552773,82432,142304,0.5793
1745435552778,82343,142001,0.5799
1745435552804,82271,141756,0.5804
1745435552812,82215,141570,0.5807
1745435552838,82170,141422,0.5810
1745435552864,82126,141279,0.5813
1745435552871,82074,141108,0.5816
1745435552906,82007,140885,0.5821
1745435553131,81922,140602,0.5827
1745435553167,81823,140266,0.5833
1745435553172,81715,139900,0.5841
1745435553178,81615,139555,0.5848
1745435553185,81542,139298,0.5854
1745435553190,81519,139203,0.5856
1745435553195,81558,139315,0.5854
1745435553201,81661,139635,0.5848
1745435553206,81813,140118,0.5839
1745435553234,81993,140690,0.5828
1745435553256,82178,141270,0.5817
1745435553277,82343,141786,0.5808
1745435553318,82471,142183,0.5800
1745435553468,82555,142436,0.5796
1745435553505,82597,142558,0.5794
1745435553511,82609,142586,0.5794
1745435553519,82607,142569,0.5794
1745435553527,82604,142551,0.5795
1745435553569,82610,142558,0.5795
1745435553577,82628,142605,0.5794
1745435553601,82661,142699,0.5793
1745435553608,82710,142846,0.5790
1745435553616,82779,143055,0.5787
1745435553686,82865,143319,0.5782
1745435553701,82965,143624,0.5777
1745435553720,83068,143943,0.5771
1745435553817,83167,144246,0.5766
1745435553854,83253,144508,0.5761
1745435553860,83326,144725,0.5758
1745435553908,83390,144915,0.5754
1745435553915,83455,145107,0.5751
1745435553937,83527,145323,0.5748
1745435553942,83609,145574,0.5743
1745435553969,83701,145860,0.5738
1745435553998,83802,146177,0.5733
1745435554032,83910,146515,0.5727
1745435554187,84018,146854,0.5721
1745435554193,84117,147159,0.5716
1745435554200,84196,147397,0.5712
1745435554206,84246,147541,0.5710
1745435554211,84263,147582,0.5710
1745435554317,84251,147531,0.5711
1745435554343,84220,147421,0.5713
1745435554352,84186,147301,0.5715
1745435554367,84165,147219,0.5717
1745435554403,84167,147205,0.5718
1745435554410,84195,147264,0.5717
1745435554424,84243,147380,0.5716
1745435554456,84300,147519,0.5714
1745435554502,84348,147636,0.5713
1745435554557,84372,147675,0.5713
1745435554623,84356,147597,0.5715
1745435554630,84297,147389,0.5719
1745435554679,84200,147071,0.5725
1745435554685,84080,146686,0.5732
1745435554692,83954,146285,0.5739
1745435554706,83837,145914,0.5746
1745435554742,83743,145609,0.5751
1745435554786,83680,145394,0.5755
1745435554808,83648,145272,0.5758
1745435554832,83642,145227,0.5759
1745435554840,83651,145226,0.5760
1745435554873,83661,145231,0.5761
1745435554919,83661,145204,0.5762
1745435555009,83641,145120,0.5764
1745435555045,83598,144964,0.5767
1745435555055,83533,144743,0.5771
1745435555064,83454,144476,0.5776
1745435555100,83367,144185,0.5782
1745435555122,83277,143880,0.5788
1745435555145,83183,143563,0.5794
1745435555194,83086,143239,0.5801
1745435555206,82990,142917,0.5807
1745435555359,82898,142609,0.5813
1745435555377,82812,142317,0.5819
1745435555403,82731,142041,0.5824
1745435555415,82655,141779,0.5830
1745435555426,82582,141526,0.5835
1745435555433,82509,141277,0.5840
1745435555470,82436,141025,0.5845
1745435555479,82362,140772,0.5851
1745435555503,82291,140531,0.5856
1745435555511,82230,140317,0.5860
1745435555545,82179,140138,0.5864
1745435555566,82140,139993,0.5867
1745435555604,82108,139871,0.5870
1745435555642,82082,139767,0.5873
1745435555683,82060,139677,0.5875
1745435555710,82042,139597,0.5877
1745435555733,82027,139522,0.5879
1745435555749,82012,139455,0.5881
1745435555784,82001,139400,0.5882
1745435555810,81995,139364,0.5884
1745435555858,81993,139344,0.5884
1745435555881,81996,139341,0.5885
1745435555924,82005,139356,0.5885
1745435556026,82022,139395,0.5884
1745435556065,82048,139463,0.5883
1745435556073,82084,139560,0.5882
1745435556083,82126,139681,0.5880
1745435556105,82171,139816,0.5877
1745435556131,82216,139950,0.5875
1745435556171,82254,140065,0.5873
1745435556177,82284,140152,0.5871
1745435556185,82306,140214,0.5870
1745435556242,82328,140275,0.5869
1745435556322,82359,140365,0.5867
1745435556371,82405,140505,0.5865
1745435556376,82469,140699,0.5861
1745435556381,82547,140941,0.5857
1745435556402,82638,141222,0.5852
1745435556423,82735,141525,0.5846
1745435556443,82830,141825,0.5840
1745435556477,82914,142091,0.5835
1745435556542,82979,142302,0.5831
1745435556570,83021,142448,0.5828
1745435556578,83044,142535,0.5826
1745435556652,83052,142574,0.5825
1745435556692,83053,142585,0.5825
1745435556698,83053,142591,0.5825
1745435556718,83064,142621,0.5824
1745435556738,83094,142707,0.5823
1745435556758,83150,142868,0.5820
1745435556783,83231,143108,0.5816
1745435556825,83331,143406,0.5811
1745435556844,83438,143730,0.5805
1745435556892,83538,144040,0.5800
1745435556915,83620,144297,0.5795
1745435556922,83677,144475,0.5792
1745435556998,83707,144566,0.5790
1745435557007,83712,144572,0.5790
1745435557060,83690,144489,0.5792
1745435557077,83633,144294,0.5796
1745435557113,83528,143945,0.5803
1745435557120,83359,143394,0.5813
1745435557154,83123,142620,0.5828
1745435557192,82831,141661,0.5847
1745435557240,82516,140619,0.5868
1745435557281,82220,139637,0.5888
1745435557328,81986,138850,0.5905
1745435557339,81836,138340,0.5916
1745435557373,81770,138109,0.5921
1745435557400,81768,138091,0.5921
1745435557409,81802,138196,0.5919
1745435557442,81849,138344,0.5916
1745435557501,81892,138478,0.5914
1745435557509,81921,138555,0.5913
1745435557587,81926,138547,0.5913
1745435557605,81903,138440,0.5916
1745435557613,81852,138241,0.5921
1745435557661,81777,137963,0.5927
1745435557680,81679,137618,0.5935
1745435557689,81565,137219,0.5944
1745435557724,81439,136784,0.5954
1745435557791,81309,136333,0.5964
1745435557859,81182,135889,0.5974
1745435557883,81063,135463,0.5984
1745435557906,80950,135058,0.5994
1745435557916,80844,134671,0.6003
1745435557952,80739,134294,0.6012
1745435557961,80636,133920,0.6021
1745435557969,80532,133547,0.6030
1745435557999,80430,133179,0.6039
1745435558033,80334,132827,0.6048
1745435558069,80248,132509,0.6056
1745435558137,80181,132252,0.6063
1745435558164,80139,132079,0.6068
1745435558173,80125,131998,0.6070
1745435558200,80135,132003,0.6071
1745435558242,80162,132072,0.6070
1745435558260,80196,132172,0.6068
1745435558303,80226,132262,0.6066
1745435558311,80239,132302,0.6065
1745435558466,80229,132263,0.6066
1745435558475,80195,132131,0.6069
1745435558483,80138,131913,0.6075
1745435558508,80066,131631,0.6083
1745435558516,79988,131325,0.6091
1745435558561,79917,131041,0.6099
1745435558577,79864,130826,0.6105
1745435558586,79837,130713,0.6108
1745435558623,79840,130712,0.6108
1745435558643,79867,130804,0.6106
1745435558687,79912,130964,0.6102
1745435558755,79971,131173,0.6097
1745435558761,80041,131422,0.6090
1745435558790,80117,131693,0.6084
1745435558797,80190,131952,0.6077
1745435558822,80249,132164,0.6072
1745435558857,80292,132319,0.6068
1745435558887,80323,132438,0.6065
1745435558924,80353,132554,0.6062
1745435558970,80391,132700,0.6058
1745435559022,80442,132893,0.6053
1745435559054,80507,133134,0.6047
1745435559060,80583,133413,0.6040
1745435559087,80668,133721,0.6033
1745435559109,80760,134055,0.6024
1745435559185,80861,134418,0.6016
1745435559199,80972,134814,0.6006
1745435559230,81095,135249,0.5996
1745435559302,81230,135724,0.5985
1745435559322,81376,136229,0.5973
1745435559351,81524,136741,0.5962
1745435559357,81667,137229,0.5951
1745435559366,81796,137671,0.5941
1745435559390,81908,138055,0.5933
1745435559414,82000,138371,0.5926
1745435559451,82072,138621,0.5921
1745435559489,82126,138817,0.5916
1745435559496,82172,138986,0.5912
1745435559586,82216,139155,0.5908
1745435559620,82267,139344,0.5904
1745435559628,82324,139553,0.5899
1745435559665,82385,139766,0.5894
1745435559672,82439,139949,0.5891
1745435559702,82473,140061,0.5888
1745435559780,82477,140071,0.5888
1745435559797,82451,139973,0.5890
1745435559880,82401,139793,0.5894
1745435559921,82340,139576,0.5899
1745435559945,82283,139371,0.5904
1745435559954,82239,139208,0.5908
1745435559965,82207,139090,0.5910
1745435559993,82181,138994,0.5913
1745435560005,82150,138890,0.5915
1745435560035,82107,138748,0.5918
1745435560067,82045,138545,0.5922
1745435560103,81964,138276,0.5928
1745435560174,81869,137954,0.5935
1745435560237,81769,137609,0.5942
1745435560255,81672,137267,0.5950
1745435560268,81581,136946,0.5957
1745435560320,81497,136650,0.5964
1745435560324,81419,136378,0.5970
1745435560332,81346,136123,0.5976
1745435560337,81276,135877,0.5982
1745435560362,81207,135636,0.5987
1745435560404,81142,135402,0.5993
1745435560412,81083,135186,0.5998
1745435560507,81034,135002,0.6002
1745435560552,80999,134865,0.6006
1745435560558,80977,134774,0.6008
1745435560586,80963,134718,0.6010
1745435560593,80954,134679,0.6011
1745435560616,80944,134641,0.6012
1745435560641,80930,134587,0.6013
1745435560657,80906,134505,0.6015
1745435560689,80872,134385,0.6018
1745435560792,80828,134229,0.6022
1745435560827,80775,134047,0.6026
1745435560833,80717,133847,0.6031
1745435560860,80655,133635,0.6035
1745435560867,80590,133407,0.6041
1745435560910,80521,133158,0.6047
1745435560954,80445,132887,0.6054
1745435560977,80364,132595,0.6061
1745435560985,80279,132294,0.6068
1745435560993,80197,132004,0.6075
1745435561065,80126,131751,0.6082
1745435561124,80073,131560,0.6086
1745435561173,80045,131447,0.6090
1745435561183,80042,131417,0.6091
1745435561242,80060,131459,0.6090
1745435561252,80094,131554,0.6088
1745435561291,80138,131681,0.6086
1745435561335,80181,131809,0.6083
1745435561367,80211,131893,0.6082
1745435561377,80215,131888,0.6082
1745435561422,80187,131771,0.6085
1745435561431,80132,131563,0.6091
1745435561494,80066,131316,0.6097
1745435561507,80004,131090,0.6103
1745435561590,79960,130929,0.6107
1745435561606,79937,130849,0.6109
1745435561629,79934,130846,0.6109
1745435561640,79947,130904,0.6107
1745435561673,79976,131024,0.6104
1745435561683,80029,131229,0.6098
1745435561701,80120,131568,0.6090
1745435561723,80262,132090,0.6076
1745435561746,80459,132808,0.6058
1745435561767,80701,133685,0.6037
1745435561834,80967,134646,0.6013
1745435561867,81235,135608,0.5990
1745435561876,81488,136504,0.5970
1745435561907,81709,137282,0.5952
1745435561959,81888,137904,0.5938
1745435561985,82018,138349,0.5928
1745435561995,82100,138623,0.5923
1745435562044,82145,138761,0.5920
1745435562073,82165,138818,0.5919
1745435562080,82180,138860,0.5918
1745435562123,82208,138950,0.5916
1745435562168,82266,139146,0.5912
1745435562218,82364,139480,0.5905
1745435562321,82505,139960,0.5895
1745435562330,82685,140566,0.5882
1745435562368,82894,141261,0.5868
1745435562377,83120,142001,0.5853
1745435562388,83349,142748,0.5839
1745435562395,83572,143462,0.5825
1745435562404,83774,144102,0.5814
1745435562450,83943,144628,0.5804
1745435562460,84067,145010,0.5797
1745435562470,84141,145228,0.5794
1745435562525,84161,145282,0.5793
1745435562582,84134,145188,0.5795
1745435562617,84071,144981,0.5799
1745435562637,83985,144706,0.5804
1745435562661,83890,144406,0.5809
1745435562677,83799,144114,0.5815
1745435562686,83713,143841,0.5820
1745435562727,83633,143578,0.5825
1745435562751,83551,143307,0.5830
1745435562789,83463,143011,0.5836
1745435562866,83366,142687,0.5843
1745435562949,83266,142352,0.5849
1745435562959,83172,142040,0.5856
1745435562968,83092,141779,0.5861
1745435562975,83032,141583,0.5865
1745435563020,82992,141450,0.5867
1745435563056,82968,141372,0.5869
1745435563068,82960,141339,0.5870
1745435563109,82963,141342,0.5870
1745435563139,82970,141356,0.5870
1745435563152,82969,141345,0.5870
1745435563210,82944,141266,0.5871
1745435563237,82885,141087,0.5875
1745435563244,82788,140792,0.5880
1745435563290,82657,140391,0.5888
1745435563307,82501,139908,0.5897
1745435563327,82330,139373,0.5907
1745435563352,82154,138807,0.5919
1745435563503,81977,138225,0.5931
1745435563568,81801,137634,0.5943
1745435563575,81629,137045,0.5956
1745435563581,81468,136485,0.5969
1745435563589,81325,135988,0.5980
1745435563596,81208,135587,0.5989
1745435563603,81120,135293,0.5996
1745435563672,81060,135097,0.6000
1745435563702,81021,134979,0.6003
1745435563710,80996,134906,0.6004
1745435563757,80973,134833,0.6005
1745435563803,80936,134704,0.6008
1745435563857,80870,134473,0.6014
1745435563867,80772,134124,0.6022
1745435563874,80647,133682,0.6033
1745435563895,80510,133196,0.6044
1745435563904,80373,132717,0.6056
1745435563957,80250,132287,0.6066
1745435563979,80146,131925,0.6075
1745435563987,80062,131632,0.6082
1745435564026,79997,131398,0.6088
1745435564107,79947,131210,0.6093
1745435564124,79910,131062,0.6097
1745435564135,79886,130959,0.6100
1745435564178,79876,130905,0.6102
1745435564206,79879,130895,0.6103
1745435564228,79890,130918,0.6102
1745435564245,79905,130960,0.6101
1745435564253,79922,131015,0.6100
1745435564296,79940,131080,0.6099
1745435564335,79959,131145,0.6097
1745435564364,79975,131196,0.6096
1745435564419,79986,131222,0.6095
1745435564467,79991,131220,0.6096
1745435564509,79989,131189,0.6097
1745435564544,79977,131120,0.6100
1745435564569,79950,130995,0.6103
1745435564578,79907,130804,0.6109
1745435564586,79849,130549,0.6116
1745435564612,79783,130253,0.6125
1745435564712,79718,129961,0.6134
1745435564735,79670,129733,0.6141
1745435564759,79650,129620,0.6145
1745435564769,79667,129655,0.6145
1745435564821,79720,129836,0.6140
1745435564827,79801,130137,0.6132
1745435564834,79902,130513,0.6122
1745435564866,80014,130927,0.6111
1745435564894,80131,131358,0.6100
1745435564929,80252,131797,0.6089
1745435564999,80374,132236,0.6078
1745435565077,80493,132663,0.6067
1745435565093,80602,133056,0.6058
1745435565172,80693,133386,0.6050
1745435565210,80759,133630,0.6044
1745435565219,80801,133783,0.6040
1745435565241,80823,133868,0.6038
1745435565258,80839,133923,0.6036
1745435565269,80860,133996,0.6035
1745435565327,80895,134117,0.6032
1745435565336,80948,134300,0.6027
1745435565360,81016,134539,0.6022
1745435565369,81094,134812,0.6015
1745435565553,81174,135092,0.6009
1745435565580,81248,135357,0.6002
1745435565592,81311,135590,0.5997
1745435565606,81362,135784,0.5992
1745435565611,81403,135943,0.5988
1745435565617,81437,136081,0.5984
1745435565622,81468,136210,0.5981
1745435565628,81500,136339,0.5978
1745435565804,81533,136472,0.5974
1745435565823,81570,136612,0.5971
1745435565840,81609,136758,0.5967
1745435565856,81649,136905,0.5964
1745435565869,81686,137040,0.5961
1745435565874,81718,137157,0.5958
1745435565886,81743,137251,0.5956
1745435565895,81760,137320,0.5954
1745435565975,81768,137362,0.5953
1745435566011,81770,137379,0.5952
1745435566050,81767,137383,0.5952
1745435566060,81767,137392,0.5951
1745435566069,81776,137428,0.5950
1745435566077,81798,137508,0.5949
1745435566084,81833,137628,0.5946
1745435566090,81875,137770,0.5943
1745435566119,81915,137903,0.5940
1745435566131,81941,137988,0.5938
1745435566169,81945,137996,0.5938
1745435566212,81921,137907,0.5940
1745435566275,81867,137725,0.5944
1745435566325,81789,137464,0.5950
1745435566332,81694,137152,0.5956
1745435566360,81591,136815,0.5964
1745435566383,81488,136480,0.5971
1745435566418,81395,136172,0.5977
1745435566425,81318,135911,0.5983
1745435566454,81262,135713,0.5988
1745435566478,81227,135586,0.5991
1745435566569,81211,135524,0.5992
1745435566574,81209,135514,0.5993
1745435566579,81217,135544,0.5992
1745435566613,81231,135600,0.5990
1745435566626,81247,135667,0.5989
1745435566670,81259,135726,0.5987
1745435566698,81263,135761,0.5986
1745435566750,81258,135766,0.5985
1745435566760,81243,135732,0.5986
1745435566791,81215,135650,0.5987
1745435566850,81175,135518,0.5990
1745435566874,81127,135355,0.5994
1745435566904,81080,135189,0.5998
1745435566935,81039,135047,0.6001
1745435566968,81009,134939,0.6003
1745435566976,80990,134868,0.6005
1745435567004,80981,134837,0.6006
1745435567033,80986,134854,0.6005
1745435567087,81006,134926,0.6004
1745435567110,81037,135038,0.6001
1745435567155,81067,135150,0.5998
1745435567180,81081,135207,0.5997
1745435567192,81066,135163,0.5998
1745435567224,81017,134998,0.6001
1745435567270,80938,134724,0.6008
1745435567278,80840,134383,0.6016
1745435567333,80739,134032,0.6024
1745435567388,80652,133726,0.6031
1745435567426,80586,133494,0.6037
1745435567463,80540,133332,0.6041
1745435567484,80509,133216,0.6043
1745435567503,80487,133129,0.6046
1745435567512,80470,133060,0.6048
1745435567544,80456,132999,0.6049
1745435567591,80439,132932,0.6051
1745435567617,80415,132840,0.6054
1745435567625,80381,132712,0.6057
1745435567686,80336,132548,0.6061
1745435567695,80285,132362,0.6066
1745435567721,80235,132181,0.6070
1745435567755,80199,132047,0.6074
1745435567787,80189,132003,0.6075
1745435567821,80214,132082,0.6073
1745435567849,80276,132290,0.6068
1745435567921,80368,132605,0.6061
1745435567957,80477,132982,0.6052
1745435567983,80586,133367,0.6042
1745435567992,80681,133710,0.6034
1745435568002,80753,133975,0.6027
1745435568025,80795,134145,0.6023
1745435568089,80812,134225,0.6021
1745435568109,80813,134250,0.6020
1745435568147,80812,134268,0.6019
1745435568156,80822,134321,0.6017
1745435568217,80852,134437,0.6014
1745435568366,80903,134624,0.6010
1745435568376,80972,134873,0.6004
1745435568384,81053,135163,0.5997
1745435568397,81135,135464,0.5989
1745435568405,81211,135744,0.5983
1745435568410,81274,135983,0.5977
1745435568437,81321,136169,0.5972
1745435568463,81352,136300,0.5969
1745435568545,81370,136380,0.5966
1745435568574,81378,136423,0.5965
1745435568586,81382,136449,0.5964
1745435568605,81389,136483,0.5963
1745435568612,81406,136546,0.5962
1745435568642,81435,136651,0.5959
1745435568671,81476,136797,0.5956
1745435568702,81525,136979,0.5952
1745435568734,81579,137185,0.5947
1745435568850,81634,137397,0.5941
1745435568857,81682,137589,0.5937
1745435568865,81716,137731,0.5933
1745435568873,81730,137803,0.5931
1745435568905,81724,137795,0.5931
1745435568971,81697,137712,0.5932
1745435569009,81653,137571,0.5935
1745435569018,81600,137402,0.5939
1745435569053,81549,137243,0.5942
1745435569061,81511,137132,0.5944
1745435569069,81491,137092,0.5944
1745435569130,81493,137126,0.5943
1745435569172,81513,137220,0.5940
1745435569201,81543,137347,0.5937
1745435569210,81575,137474,0.5934
1745435569237,81597,137563,0.5932
1745435569262,81595,137574,0.5931
1745435569306,81563,137482,0.5933
1745435569323,81504,137297,0.5936
1745435569368,81429,137056,0.5941
1745435569452,81349,136800,0.5947
1745435569482,81274,136557,0.5952
1745435569489,81205,136333,0.5956
1745435569497,81138,136115,0.5961
1745435569524,81065,135873,0.5966
1745435569552,80972,135555,0.5973
1745435569594,80841,135094,0.5984
1745435569611,80656,134431,0.6000
1745435569636,80409,133536,0.6022
1745435569706,80107,132431,0.6049
1745435569743,79769,131192,0.6080
1745435569776,79430,129940,0.6113
1745435569790,79132,128835,0.6142
1745435569825,78917,128044,0.6163
1745435569851,78817,127683,0.6173
1745435569859,78835,127768,0.6170
1745435569882,78949,128218,0.6157
1745435569918,79120,128888,0.6139
1745435569975,79312,129637,0.6118
1745435570015,79496,130353,0.6099
1745435570024,79654,130969,0.6082
1745435570066,79776,131450,0.6069
1745435570075,79860,131787,0.6060
1745435570108,79907,131988,0.6054
1745435570140,79924,132073,0.6051
1745435570163,79916,132069,0.6051
1745435570203,79892,132001,0.6052
1745435570253,79856,131889,0.6055
1745435570307,79814,131746,0.6058
1745435570328,79768,131583,0.6062
1745435570352,79719,131406,0.6067
1745435570385,79667,131216,0.6071
1745435570395,79611,131014,0.6077
1745435570426,79553,130810,0.6082
1745435570452,79499,130621,0.6086
1745435570491,79453,130465,0.6090
1745435570534,79421,130362,0.6092
1745435570592,79407,130326,0.6093
1745435570612,79414,130366,0.6092
1745435570624,79444,130483,0.6088
1745435570633,79492,130668,0.6084
1745435570669,79557,130905,0.6077
1745435570705,79633,131183,0.6070
1745435570725,79717,131493,0.6062
1745435570759,79806,131823,0.6054
1745435570804,79894,132152,0.6046
1745435570833,79976,132462,0.6038
1745435570886,80048,132739,0.6030
1745435570892,80112,132988,0.6024
1745435570925,80173,133225,0.6018
1745435570967,80237,133472,0.6012
1745435570982,80310,133749,0.6005
1745435571027,80398,134078,0.5996
1745435571054,80506,134475,0.5987
1745435571125,80635,134941,0.5976
1745435571150,80778,135457,0.5963
1745435571158,80927,135985,0.5951
1745435571168,81071,136493,0.5940
1745435571200,81202,136950,0.5929
1745435571232,81313,137340,0.5921
1745435571352,81403,137656,0.5913
1745435571402,81471,137902,0.5908
1745435571423,81522,138093,0.5903
1745435571430,81563,138251,0.5900
1745435571441,81602,138399,0.5896
1745435571476,81645,138558,0.5892
1745435571485,81699,138747,0.5888
1745435571502,81769,138985,0.5883
1745435571533,81862,139289,0.5877
1745435571547,81977,139662,0.5870
1745435571566,82108,140084,0.5861
1745435571641,82245,140521,0.5853
1745435571659,82375,140934,0.5845
1745435571692,82488,141290,0.5838
1745435571713,82574,141564,0.5833
1745435571743,82631,141745,0.5830
1745435571759,82658,141834,0.5828
1745435571801,82659,141846,0.5827
1745435571884,82639,141795,0.5828
1745435571893,82603,141699,0.5829
1745435571902,82558,141576,0.5831
1745435571928,82511,141449,0.5833
1745435571962,82469,141335,0.5835
1745435572004,82429,141228,0.5837
1745435572012,82384,141100,0.5839
1745435572049,82324,140924,0.5842
1745435572086,82245,140688,0.5846
1745435572137,82147,140395,0.5851
1745435572155,82034,140051,0.5857
1745435572191,81908,139656,0.5865
1745435572209,81764,139197,0.5874
1745435572242,81594,138634,0.5886
1745435572270,81379,137901,0.5901
1745435572303,81100,136929,0.5923
1745435572329,80754,135710,0.5950
1745435572399,80366,134335,0.5983
1745435572412,79984,132981,0.6015
1745435572479,79663,131850,0.6042
1745435572501,79448,131097,0.6060
1745435572508,79355,130785,0.6068
1745435572514,79375,130881,0.6065
1745435572553,79479,131281,0.6054
1745435572595,79632,131851,0.6040
1745435572756,79797,132463,0.6024
1745435572782,79946,133012,0.6010
1745435572799,80061,133435,0.6000
1745435572807,80133,133703,0.5993
1745435572812,80162,133815,0.5991
1745435572820,80152,133788,0.5991
1745435572845,80111,133653,0.5994
1745435572853,80051,133455,0.5998
1745435572874,79985,133241,0.6003
1745435572909,79923,133044,0.6007
1745435572956,79868,132874,0.6011
1745435573006,79817,132723,0.6014
1745435573023,79768,132576,0.6017
1745435573034,79716,132419,0.6020
1745435573061,79660,132240,0.6024
1745435573086,79597,132031,0.6029
1745435573111,79526,131789,0.6034
1745435573189,79449,131518,0.6041
1745435573252,79369,131228,0.6048
1745435573257,79287,130930,0.6056
1745435573263,79208,130637,0.6063
1745435573270,79134,130365,0.6070
1745435573302,79070,130133,0.6076
1745435573321,79020,129960,0.6080
1745435573348,78989,129863,0.6083
1745435573391,78980,129847,0.6083
1745435573417,78993,129914,0.6080
1745435573509,79026,130054,0.6076
1745435573523,79074,130247,0.6071
1745435573531,79129,130463,0.6065
1745435573570,79182,130668,0.6060
1745435573579,79226,130845,0.6055
1745435573602,79263,130995,0.6051
1745435573641,79298,131137,0.6047
1745435573756,79337,131288,0.6043
1745435573772,79379,131451,0.6039
1745435573779,79420,131615,0.6034
1745435573790,79457,131763,0.6030
1745435573825,79483,131882,0.6027
1745435573842,79501,131971,0.6024
1745435573877,79516,132047,0.6022
1745435573903,79535,132136,0.6019
1745435574007,79569,132274,0.6015
1745435574028,79625,132489,0.6010
1745435574035,79707,132792,0.6002
1745435574042,79809,133171,0.5993
1745435574081,79919,133586,0.5983
1745435574093,80022,133990,0.5972
1745435574132,80103,134345,0.5963
1745435574142,80159,134640,0.5954
1745435574196,80193,134885,0.5945
1745435574217,80213,135098,0.5937
1745435574374,80231,135292,0.5930
1745435574413,80253,135471,0.5924
1745435574423,80282,135629,0.5919
1745435574432,80313,135751,0.5916
1745435574451,80337,135814,0.5915
1745435574457,80345,135798,0.5917
1745435574468,80334,135708,0.5920
1745435574509,80308,135572,0.5924
1745435574530,80280,135444,0.5927
1745435574559,80268,135380,0.5929
1745435574641,80282,135423,0.5928
1745435574649,80328,135586,0.5925
1745435574693,80403,135855,0.5918
1745435574707,80497,136195,0.5910
1745435574716,80595,136552,0.5902
1745435574746,80681,136864,0.5895
1745435574758,80737,137079,0.5890
1745435574764,80759,137180,0.5887
1745435574809,80753,137186,0.5886
1745435574848,80732,137143,0.5887
1745435574858,80712,137100,0.5887
1745435574954,80704,137099,0.5887
1745435575028,80714,137159,0.5885
1745435575037,80741,137272,0.5882
1745435575046,80776,137413,0.5878
1745435575090,80811,137546,0.5875
1745435575098,80837,137639,0.5873
1745435575107,80847,137674,0.5872
1745435575148,80841,137652,0.5873
1745435575168,80823,137591,0.5874
1745435575188,80799,137514,0.5876
1745435575194,80777,137442,0.5877
1745435575264,80761,137393,0.5878
1745435575293,80754,137373,0.5878
1745435575336,80754,137372,0.5878
1745435575362,80754,137372,0.5878
1745435575375,80749,137355,0.5879
1745435575388,80734,137305,0.5880
1745435575434,80707,137217,0.5882
1745435575470,80670,137090,0.5884
1745435575510,80625,136934,0.5888
1745435575569,80576,136763,0.5892
1745435575617,80531,136600,0.5895
1745435575650,80494,136461,0.5899
1745435575684,80466,136355,0.5901
1745435575694,80449,136286,0.5903
1745435575707,80441,136252,0.5904
1745435575732,80443,136252,0.5904
1745435575753,80453,136281,0.5903
1745435575770,80469,136328,0.5903
1745435575790,80488,136388,0.5901
1745435575821,80512,136465,0.5900
1745435576018,80544,136569,0.5898
1745435576027,80585,136702,0.5895
1745435576037,80634,136858,0.5892
1745435576046,80684,137019,0.5889
1745435576055,80729,137163,0.5886
1745435576061,80760,137260,0.5884
1745435576092,80766,137271,0.5884
1745435576102,80738,137168,0.5886
1745435576123,80676,136944,0.5891
1745435576274,80584,136621,0.5898
1745435576317,80476,136243,0.5907
1745435576340,80368,135863,0.5915
1745435576352,80276,135537,0.5923
1745435576361,80215,135314,0.5928
1745435576394,80198,135239,0.5930
1745435576406,80234,135347,0.5928
1745435576431,80325,135647,0.5922
1745435576439,80463,136112,0.5912
1745435576477,80627,136673,0.5899
1745435576489,80790,137235,0.5887
1745435576546,80923,137699,0.5877
1745435576570,81006,137992,0.5870
1745435576609,81030,138087,0.5868
1745435576617,81004,138013,0.5869
1745435576650,80948,137833,0.5873
1745435576702,80884,137624,0.5877
1745435576734,80829,137445,0.5881
1745435576778,80795,137331,0.5883
1745435576806,80784,137290,0.5884
1745435576818,80788,137301,0.5884
1745435576848,80796,137316,0.5884
1745435576855,80791,137289,0.5885
1745435576875,80769,137206,0.5887
1745435577029,80742,137105,0.5889
1745435577060,80727,137056,0.5890
1745435577075,80744,137115,0.5889
1745435577083,80796,137300,0.5885
1745435577092,80874,137575,0.5879
1745435577098,80957,137867,0.5872
1745435577133,81018,138083,0.5867
1745435577142,81027,138123,0.5866
1745435577159,80964,137914,0.5871
1745435577238,80827,137447,0.5881
1745435577252,80635,136789,0.5895
1745435577285,80427,136072,0.5911
1745435577292,80245,135438,0.5925
1745435577332,80119,134999,0.5935
1745435577451,80063,134800,0.5939
1745435577463,80071,134819,0.5939
1745435577493,80124,134994,0.5935
1745435577502,80205,135262,0.5930
1745435577508,80299,135576,0.5923
1745435577531,80399,135907,0.5916
1745435577558,80496,136226,0.5909
1745435577592,80579,136503,0.5903
1745435577628,80641,136711,0.5899
1745435577652,80679,136842,0.5896
1745435577708,80694,136901,0.5894
1745435577845,80691,136895,0.5894
1745435577854,80669,136825,0.5896
1745435577868,80628,136681,0.5899
1745435577874,80560,136442,0.5904
1745435577890,80461,136088,0.5912
1745435577960,80328,135610,0.5923
1745435578018,80165,135023,0.5937
1745435578096,79983,134361,0.5953
1745435578104,79796,133678,0.5969
1745435578110,79620,133030,0.5985
1745435578118,79469,132473,0.5999
1745435578124,79356,132062,0.6009
1745435578147,79291,131831,0.6015
1745435578154,79277,131783,0.6016
1745435578315,79301,131876,0.6013
1745435578344,79345,132034,0.6009
1745435578352,79386,132181,0.6006
1745435578359,79410,132260,0.6004
1745435578366,79410,132246,0.6005
1745435578375,79383,132136,0.6008
1745435578380,79333,131938,0.6013
1745435578386,79261,131665,0.6020
1745435578507,79174,131337,0.6028
1745435578518,79079,130980,0.6037
1745435578527,78983,130627,0.6047
1745435578535,78898,130310,0.6055
1745435578542,78832,130067,0.6061
1745435578557,78799,129936,0.6064
1745435578594,78808,129953,0.6064
1745435578688,78866,130142,0.6060
1745435578700,78974,130509,0.6051
1745435578707,79128,131038,0.6039
1745435578759,79315,131691,0.6023
1745435578769,79522,132412,0.6006
1745435578777,79726,133133,0.5988
1745435578813,79912,133789,0.5973
1745435578829,80063,134329,0.5960
1745435578841,80171,134717,0.5951
1745435578921,80230,134937,0.5946
1745435578945,80240,134992,0.5944
1745435578959,80211,134910,0.5945
1745435579008,80155,134742,0.5949
1745435579038,80093,134550,0.5953
1745435579046,80040,134393,0.5956
1745435579078,80013,134322,0.5957
1745435579102,80022,134370,0.5955
1745435579122,80073,134553,0.5951
1745435579255,80164,134869,0.5944
1745435579274,80291,135303,0.5934
1745435579284,80448,135839,0.5922
1745435579304,80631,136458,0.5909
1745435579310,80832,137135,0.5894
1745435579345,81039,137827,0.5880
1745435579354,81235,138477,0.5866
1745435579368,81400,139023,0.5855
1745435579389,81517,139405,0.5848
1745435579524,81571,139577,0.5844
1745435579537,81554,139517,0.5845
1745435579554,81472,139243,0.5851
1745435579560,81342,138813,0.5860
1745435579591,81191,138314,0.5870
1745435579610,81044,137833,0.5880
1745435579659,80923,137434,0.5888
1745435579703,80838,137149,0.5894
1745435579711,80789,136980,0.5898
1745435579784,80770,136911,0.5899
1745435579821,80773,136916,0.5899
1745435579842,80793,136976,0.5898
1745435579849,80828,137087,0.5896
1745435579855,80878,137250,0.5893
1745435579875,80941,137456,0.5889
1745435579896,81011,137684,0.5884
1745435579916,81077,137899,0.5879
1745435579957,81127,138058,0.5876
1745435579976,81149,138125,0.5875
1745435580042,81136,138070,0.5876
1745435580068,81084,137877,0.5881
1745435580118,80992,137547,0.5888
1745435580127,80867,137103,0.5898
1745435580163,80722,136590,0.5910
1745435580174,80575,136069,0.5922
1745435580206,80441,135600,0.5932
1745435580230,80335,135229,0.5941
1745435580273,80263,134977,0.5946
1745435580378,80225,134846,0.5949
1745435580402,80221,134824,0.5950
1745435580410,80244,134893,0.5949
1745435580418,80289,135033,0.5946
1745435580426,80350,135224,0.5942
1745435580466,80420,135443,0.5938
1745435580474,80489,135669,0.5933
1745435580525,80553,135882,0.5928
1745435580654,80609,136076,0.5924
1745435580704,80658,136246,0.5920
1745435580712,80696,136381,0.5917
1745435580721,80721,136466,0.5915
1745435580727,80730,136491,0.5915
1745435580751,80723,136463,0.5915
1745435580759,80705,136392,0.5917
1745435580806,80677,136286,0.5920
1745435580825,80640,136145,0.5923
1745435580843,80595,135975,0.5927
1745435580895,80546,135793,0.5932
1745435580924,80502,135625,0.5936
1745435580951,80470,135502,0.5939
1745435580979,80459,135451,0.5940
1745435581005,80475,135493,0.5939
1745435581034,80522,135642,0.5936
1745435581060,80597,135892,0.5931
1745435581093,80697,136227,0.5924
1745435581112,80812,136618,0.5915
1745435581224,80937,137038,0.5906
1745435581263,81062,137460,0.5897
1745435581271,81181,137858,0.5889
1745435581284,81285,138207,0.5881
1745435581293,81371,138493,0.5875
1745435581322,81437,138715,0.5871
1745435581350,81486,138880,0.5867
1745435581363,81518,138986,0.5865
1745435581495,81531,139026,0.5864
1745435581525,81526,139000,0.5865
1745435581539,81510,138934,0.5867
1745435581551,81493,138868,0.5868
1745435581557,81489,138843,0.5869
1745435581578,81505,138889,0.5868
1745435581608,81547,139020,0.5866
1745435581636,81615,139238,0.5862
1745435581643,81708,139536,0.5856
1745435581666,81822,139897,0.5849
1745435581741,81950,140300,0.5841
1745435581776,82085,140720,0.5833
1745435581811,82221,141135,0.5826
1745435581832,82351,141523,0.5819
1745435581842,82468,141863,0.5813
1745435581864,82565,142139,0.5809
1745435581907,82638,142343,0.5806
1745435582024,82686,142474,0.5804
1745435582044,82707,142533,0.5803
1745435582058,82702,142519,0.5803
1745435582067,82672,142436,0.5804
1745435582074,82622,142301,0.5806
1745435582100,82564,142143,0.5809
1745435582118,82511,141998,0.5811
1745435582157,82474,141894,0.5812
1745435582275,82456,141846,0.5813
1745435582291,82458,141851,0.5813
1745435582304,82470,141881,0.5813
1745435582311,82477,141896,0.5813
1745435582347,82465,141855,0.5813
1745435582357,82429,141745,0.5815
1745435582363,82372,141580,0.5818
1745435582389,82307,141392,0.5821
1745435582444,82241,141206,0.5824
1745435582472,82179,141031,0.5827
1745435582552,82123,140872,0.5830
1745435582559,82073,140731,0.5832
1745435582567,82029,140607,0.5834
1745435582606,81987,140484,0.5836
1745435582625,81940,140339,0.5839
1745435582658,81879,140143,0.5843
1745435582687,81798,139876,0.5848
1745435582719,81696,139532,0.5855
1745435582728,81576,139126,0.5863
1745435582771,81449,138694,0.5873
1745435582828,81331,138284,0.5881
1745435582856,81235,137947,0.5889
1745435582880,81170,137714,0.5894
1745435582890,81139,137591,0.5897
1745435582921,81136,137565,0.5898
1745435582949,81156,137618,0.5897
1745435582985,81195,137738,0.5895
1745435583005,81245,137905,0.5891
1745435583096,81298,138084,0.5888
1745435583117,81337,138221,0.5885
1745435583124,81347,138262,0.5884
1745435583159,81315,138163,0.5885
1745435583184,81237,137907,0.5891
1745435583220,81117,137507,0.5899
1745435583229,80968,137002,0.5910
1745435583422,80806,136449,0.5922
1745435583445,80651,135918,0.5934
1745435583457,80524,135480,0.5944
1745435583468,80442,135196,0.5950
1745435583475,80417,135108,0.5952
1745435583481,80454,135232,0.5949
1745435583503,80547,135550,0.5942
1745435583511,80681,136011,0.5932
1745435583530,80829,136527,0.5920
1745435583556,80961,136992,0.5910
1745435583611,81052,137315,0.5903
1745435583653,81089,137460,0.5899
1745435583662,81081,137444,0.5899
1745435583691,81043,137320,0.5902
1745435583720,80993,137151,0.5905
1745435583729,80949,136993,0.5909
1745435583759,80920,136890,0.5911
1745435583800,80912,136856,0.5912
1745435583821,80920,136886,0.5911
1745435583881,80942,136968,0.5910
1745435583909,80977,137096,0.5907
1745435583960,81026,137274,0.5902
1745435583984,81092,137507,0.5897
1745435584011,81174,137797,0.5891
1745435584035,81273,138137,0.5884
1745435584044,81385,138518,0.5875
1745435584092,81508,138931,0.5867
1745435584119,81640,139369,0.5858
1745435584173,81777,139822,0.5849
1745435584222,81920,140286,0.5839
1745435584240,82066,140766,0.5830
1745435584246,82215,141266,0.5820
1745435584270,82363,141780,0.5809
1745435584297,82501,142283,0.5798
1745435584310,82620,142743,0.5788
1745435584355,82718,143137,0.5779
1745435584395,82795,143458,0.5771
1745435584424,82855,143708,0.5766
1745435584520,82902,143897,0.5761
1745435584536,82942,144041,0.5758
1745435584544,82978,144158,0.5756
1745435584555,83014,144263,0.5754
1745435584587,83051,144370,0.5753
1745435584607,83091,144489,0.5751
1745435584628,83138,144632,0.5748
1745435584803,83193,144807,0.5745
1745435584812,83257,145013,0.5741
1745435584822,83326,145236,0.5737
1745435584829,83395,145456,0.5733
1745435584836,83456,145653,0.5730
1745435584861,83505,145810,0.5727
1745435584887,83535,145904,0.5725
1745435584895,83540,145917,0.5725
1745435584928,83513,145832,0.5727
1745435584956,83452,145645,0.5730
1745435584983,83357,145361,0.5735
1745435585038,83231,144984,0.5741
1745435585076,83077,144525,0.5748
1745435585095,82902,144002,0.5757
1745435585117,82718,143444,0.5767
1745435585154,82537,142895,0.5776
1745435585171,82377,142403,0.5785
1745435585211,82252,142019,0.5792
1745435585256,82176,141788,0.5796
1745435585309,82157,141744,0.5796
1745435585352,82199,141892,0.5793
1745435585360,82291,142202,0.5787
1745435585368,82417,142613,0.5779
1745435585400,82549,143043,0.5771
1745435585408,82663,143410,0.5764
1745435585440,82734,143638,0.5760
1745435585498,82746,143679,0.5759
1745435585657,82693,143516,0.5762
1745435585674,82582,143168,0.5768
1745435585680,82426,142676,0.5777
1745435585688,82243,142096,0.5788
1745435585702,82053,141485,0.5799
1745435585707,81871,140897,0.5811
1745435585737,81711,140375,0.5821
1745435585757,81580,139944,0.5829
1745435585788,81479,139614,0.5836
1745435585819,81407,139381,0.5841
1745435585828,81362,139233,0.5844
1745435585878,81337,139152,0.5845
1745435585926,81322,139103,0.5846
1745435585960,81307,139046,0.5848
1745435585983,81281,138949,0.5850
1745435586001,81241,138803,0.5853
1745435586024,81189,138624,0.5857
1745435586055,81132,138436,0.5861
1745435586095,81078,138261,0.5864
1745435586153,81031,138109,0.5867
1745435586230,80993,137987,0.5870
1745435586241,80963,137888,0.5872
1745435586255,80936,137791,0.5874
1745435586264,80903,137669,0.5877
1745435586297,80856,137501,0.5880
1745435586315,80792,137274,0.5885
1745435586324,80712,136994,0.5892
1745435586365,80622,136684,0.5898
1745435586390,80538,136393,0.5905
1745435586524,80477,136185,0.5909
1745435586555,80457,136116,0.5911
1745435586561,80483,136214,0.5909
1745435586638,80556,136472,0.5903
1745435586643,80665,136863,0.5894
1745435586691,80800,137341,0.5883
1745435586710,80943,137850,0.5872
1745435586726,81076,138318,0.5862
1745435586756,81180,138687,0.5853
1745435586813,81252,138939,0.5848
1745435586822,81295,139093,0.5845
1745435586856,81324,139192,0.5843
1745435586867,81346,139270,0.5841
1745435586872,81366,139340,0.5839
1745435586912,81383,139396,0.5838
1745435586985,81392,139430,0.5837
1745435587004,81395,139444,0.5837
1745435587038,81396,139458,0.5837
1745435587045,81409,139510,0.5835
1745435587052,81444,139641,0.5832
1745435587060,81511,139877,0.5827
1745435587113,81609,140214,0.5820
1745435587141,81729,140626,0.5812
1745435587171,81862,141078,0.5803
1745435587179,81998,141539,0.5793
1745435587242,82130,141982,0.5785
1745435587304,82249,142379,0.5777
1745435587316,82347,142705,0.5770
1745435587376,82420,142941,0.5766
1745435587399,82466,143087,0.5763
1745435587426,82488,143154,0.5762
1745435587437,82490,143154,0.5762
1745435587483,82474,143097,0.5763
1745435587491,82441,142990,0.5766
1745435587547,82393,142838,0.5768
1745435587683,82333,142652,0.5772
1745435587694,82269,142451,0.5775
1745435587703,82211,142266,0.5779
1745435587711,82169,142136,0.5781
1745435587720,82154,142092,0.5782
1745435587726,82167,142140,0.5781
1745435587758,82198,142252,0.5778
1745435587769,82233,142384,0.5775
1745435587804,82257,142486,0.5773
1745435587812,82256,142511,0.5772
1745435587871,82220,142420,0.5773
1745435587949,82143,142197,0.5777
1745435587976,82031,141852,0.5783
1745435588014,81896,141420,0.5791
1745435588025,81750,140945,0.5800
1745435588031,81604,140464,0.5810
1745435588037,81465,140007,0.5819
1745435588070,81339,139595,0.5827
1745435588079,81233,139249,0.5834
1745435588108,81156,138993,0.5839
1745435588141,81114,138852,0.5842
1745435588260,81113,138837,0.5842
1745435588329,81148,138941,0.5840
1745435588360,81208,139125,0.5837
1745435588367,81272,139324,0.5833
1745435588379,81315,139455,0.5831
1745435588386,81313,139438,0.5832
1745435588392,81250,139214,0.5836
1745435588435,81122,138769,0.5846
1745435588488,80939,138134,0.5859
1745435588501,80722,137383,0.5876
1745435588559,80500,136619,0.5892
1745435588569,80304,135947,0.5907
1745435588672,80156,135449,0.5918
1745435588679,80069,135162,0.5924
1745435588729,80037,135064,0.5926
1745435588825,80040,135079,0.5925
1745435588834,80046,135096,0.5925
1745435588841,80025,135007,0.5928
1745435588851,79961,134752,0.5934
1745435588859,79854,134348,0.5944
1745435588874,79730,133879,0.5955
1745435588879,79620,133465,0.5966
1745435588947,79554,133214,0.5972
1745435588972,79551,133196,0.5972
1745435589037,79619,133432,0.5967
1745435589046,79753,133906,0.5956
1745435589054,79943,134575,0.5940
1745435589144,80172,135381,0.5922
1745435589155,80426,136270,0.5902
1745435589165,80691,137197,0.5881
1745435589226,80957,138121,0.5861
1745435589243,81209,138993,0.5843
1745435589257,81432,139759,0.5827
1745435589315,81611,140368,0.5814
1745435589325,81739,140801,0.5805
1745435589336,81821,141072,0.5800
1745435589361,81866,141217,0.5797
1745435589373,81889,141289,0.5796
1745435589451,81909,141350,0.5795
1745435589484,81944,141462,0.5793
1745435589506,82008,141675,0.5788
1745435589538,82110,142013,0.5782
1745435589547,82250,142477,0.5773
1745435589559,82426,143049,0.5762
1745435589619,82628,143702,0.5750
1745435589629,82849,144404,0.5737
1745435589658,83075,145109,0.5725
1745435589722,83286,145757,0.5714
1745435589783,83461,146287,0.5705
1745435589833,83582,146650,0.5699
1745435589843,83640,146821,0.5697
1745435589855,83630,146793,0.5697
1745435589883,83554,146569,0.5701
1745435589927,83418,146170,0.5707
1745435589940,83240,145638,0.5716
1745435589951,83039,145041,0.5725
1745435590010,82843,144456,0.5735
1745435590031,82673,143949,0.5743
1745435590090,82544,143569,0.5749
1745435590106,82463,143335,0.5753
1745435590117,82428,143241,0.5755
1745435590155,82430,143260,0.5754
1745435590167,82454,143346,0.5752
1745435590240,82486,143451,0.5750
1745435590252,82513,143537,0.5749
1745435590316,82528,143583,0.5748
1745435590326,82530,143580,0.5748
1745435590374,82518,143531,0.5749
1745435590387,82491,143435,0.5751
1745435590398,82446,143281,0.5754
1745435590445,82377,143048,0.5759
1745435590455,82274,142705,0.5765
1745435590517,82131,142233,0.5774
1745435590535,81952,141639,0.5786
1745435590596,81747,140964,0.5799
1745435590638,81536,140273,0.5813
1745435590651,81341,139635,0.5825
1745435590677,81181,139116,0.5836
1745435590687,81074,138768,0.5842
1745435590728,81027,138617,0.5845
1745435590785,81041,138662,0.5844
1745435590793,81108,138878,0.5840
1745435590820,81215,139226,0.5833
1745435590837,81348,139663,0.5825
1745435590849,81489,140131,0.5815
1745435590896,81617,140560,0.5807
1745435590909,81710,140872,0.5800
1745435590951,81751,141013,0.5797
1745435590961,81739,140973,0.5798
1745435590989,81683,140788,0.5802
1745435591060,81600,140506,0.5808
1745435591071,81500,140164,0.5815
1745435591127,81387,139773,0.5823
1745435591136,81261,139336,0.5832
1745435591178,81128,138873,0.5842
1745435591195,81002,138433,0.5851
1745435591252,80902,138083,0.5859
1745435591259,80844,137881,0.5863
1745435591297,80839,137857,0.5864
1745435591305,80885,138009,0.5861
1745435591312,80975,138314,0.5854
1745435591350,81096,138724,0.5846
1745435591358,81233,139182,0.5836
1745435591437,81366,139624,0.5828
1745435591479,81474,139974,0.5821
1745435591506,81534,140161,0.5817
1745435591511,81532,140137,0.5818
1745435591519,81467,139906,0.5823
1745435591547,81357,139525,0.5831
1745435591580,81225,139070,0.5841
1745435591613,81087,138601,0.5850
1745435591660,80952,138136,0.5860
1745435591695,80815,137663,0.5871
1745435591753,80673,137169,0.5881
1745435591797,80529,136664,0.5893
1745435591855,80395,136191,0.5903
1745435591870,80292,135820,0.5912
1745435591877,80237,135617,0.5916
1745435591903,80243,135626,0.5916
1745435591912,80310,135851,0.5912
1745435591954,80429,136258,0.5903
1745435592052,80580,136783,0.5891
1745435592081,80744,137350,0.5879
1745435592103,80899,137884,0.5867
1745435592109,81025,138316,0.5858
1745435592164,81106,138587,0.5852
1745435592174,81131,138666,0.5851
1745435592225,81103,138565,0.5853
1745435592243,81038,138335,0.5858
1745435592272,80958,138048,0.5864
1745435592286,80881,137770,0.5871
1745435592311,80822,137550,0.5876
1745435592323,80788,137414,0.5879
1745435592354,80781,137370,0.5881
1745435592448,80798,137409,0.5880
1745435592507,80827,137498,0.5878
1745435592524,80852,137575,0.5877
1745435592530,80849,137562,0.5877
1745435592536,80805,137406,0.5881
1745435592566,80719,137109,0.5887
1745435592576,80608,136725,0.5896
1745435592663,80493,136331,0.5904
1745435592672,80389,135970,0.5912
1745435592739,80288,135609,0.5921
1745435592751,80159,135133,0.5932
1745435592779,79964,134389,0.5950
1745435592794,79675,133272,0.5978
1745435592930,79293,131780,0.6017
1745435592942,78847,130024,0.6064
1745435593006,78388,128203,0.6114
1745435593038,77980,126564,0.6161
1745435593044,77684,125351,0.6197
1745435593056,77542,124735,0.6217
1745435593097,77564,124757,0.6217
1745435593107,77724,125328,0.6202
1745435593139,77982,126291,0.6175
1745435593151,78301,127503,0.6141
1745435593171,78662,128881,0.6103
1745435593180,79066,130415,0.6063
1745435593189,79529,132142,0.6018
1745435593213,80072,134116,0.5970
1745435593244,80701,136345,0.5919
1745435593270,81394,138753,0.5866
1745435593306,82104,141174,0.5816
1745435593374,82770,143411,0.5772
1745435593410,83342,145304,0.5736
1745435593424,83796,146777,0.5709
1745435593446,84125,147817,0.5691
1745435593455,84335,148450,0.5681
1745435593491,84438,148728,0.5677
1745435593550,84454,148728,0.5678
1745435593556,84411,148548,0.5682
1745435593563,84338,148286,0.5688
1745435593627,84262,148025,0.5692
1745435593662,84203,147831,0.5696
1745435593690,84177,147750,0.5697
1745435593711,84192,147796,0.5697
1745435593734,84241,147943,0.5694
1745435593742,84310,148144,0.5691
1745435593770,84387,148365,0.5688
1745435593839,84474,148605,0.5684
1745435593985,84578,148893,0.5680
1745435593993,84708,149256,0.5675
1745435594003,84862,149689,0.5669
1745435594013,85025,150153,0.5663
1745435594022,85177,150584,0.5656
1745435594028,85296,150925,0.5652
1745435594113,85372,151142,0.5648
1745435594231,85402,151233,0.5647
1745435594253,85397,151223,0.5647
1745435594261,85370,151152,0.5648
1745435594270,85335,151053,0.5649
1745435594277,85302,150959,0.5651
1745435594334,85282,150898,0.5652
1745435594339,85281,150891,0.5652
1745435594349,85299,150942,0.5651
1745435594407,85331,151032,0.5650
1745435594489,85366,151134,0.5648
1745435594497,85400,151236,0.5647
1745435594505,85440,151352,0.5645
1745435594513,85497,151511,0.5643
1745435594520,85581,151743,0.5640
1745435594554,85698,152060,0.5636
1745435594565,85845,152453,0.5631
1745435594587,86011,152893,0.5626
1745435594595,86174,153328,0.5620
1745435594632,86313,153697,0.5616
1745435594659,86406,153950,0.5613
1745435594720,86444,154059,0.5611
1745435594753,86428,154028,0.5611
1745435594802,86371,153890,0.5613
1745435594812,86291,153692,0.5615
1745435594824,86210,153494,0.5617
1745435594860,86148,153349,0.5618
1745435594879,86120,153296,0.5618
1745435594907,86132,153349,0.5617
1745435594960,86178,153497,0.5614
1745435595009,86250,153715,0.5611
1745435595019,86334,153966,0.5607
1745435595050,86412,154206,0.5604
1745435595061,86464,154384,0.5601
1745435595091,86476,154453,0.5599
1745435595116,86438,154389,0.5599
1745435595148,86352,154195,0.5600
1745435595321,86229,153900,0.5603
1745435595330,86091,153557,0.5606
1745435595343,85961,153237,0.5610
1745435595355,85867,153009,0.5612
1745435595361,85823,152910,0.5613
1745435595368,85825,152934,0.5612
1745435595394,85859,153038,0.5610
1745435595414,85906,153173,0.5608
1745435595424,85951,153301,0.5607
1745435595492,85986,153406,0.5605
1745435595524,86011,153486,0.5604
1745435595572,86028,153552,0.5603
1745435595651,86043,153619,0.5601
1745435595658,86060,153694,0.5599
1745435595677,86077,153774,0.5598
1745435595689,86091,153848,0.5596
1745435595696,86104,153915,0.5594
1745435595725,86117,153980,0.5593
1745435595759,86134,154052,0.5591
1745435595779,86156,154133,0.5590
1745435595810,86179,154215,0.5588
1745435595884,86201,154287,0.5587
1745435595930,86218,154340,0.5586
1745435595941,86229,154370,0.5586
1745435596063,86233,154379,0.5586
1745435596073,86233,154377,0.5586
1745435596079,86234,154376,0.5586
1745435596090,86237,154381,0.5586
1745435596124,86240,154388,0.5586
1745435596135,86241,154393,0.5586
1745435596158,86241,154398,0.5586
1745435596166,86241,154408,0.5585
1745435596200,86244,154426,0.5585
1745435596244,86253,154458,0.5584
1745435596256,86269,154504,0.5584
1745435596371,86288,154554,0.5583
1745435596465,86298,154574,0.5583
1745435596472,86277,154505,0.5584
1745435596483,86204,154286,0.5587
1745435596501,86065,153883,0.5593
1745435596546,85864,153310,0.5601
1745435596559,85622,152625,0.5610
1745435596575,85370,151919,0.5619
1745435596588,85143,151288,0.5628
1745435596619,84966,150805,0.5634
1745435596650,84849,150499,0.5638
1745435596686,84786,150345,0.5639
1745435596720,84760,150291,0.5640
1745435596785,84750,150282,0.5639
1745435596796,84743,150273,0.5639
1745435596804,84726,150229,0.5640
1745435596827,84692,150130,0.5641
1745435596854,84642,149978,0.5644
1745435596878,84579,149791,0.5646
1745435596888,84509,149585,0.5650
1745435596912,84430,149356,0.5653
1745435596969,84336,149088,0.5657
1745435597021,84223,148764,0.5662
1745435597071,84088,148380,0.5667
1745435597080,83938,147955,0.5673
1745435597110,83787,147526,0.5680
1745435597120,83653,147144,0.5685
1745435597144,83552,146852,0.5690
1745435597175,83490,146668,0.5692
1745435597206,83461,146578,0.5694
1745435597240,83454,146552,0.5694
1745435597264,83458,146566,0.5694
1745435597276,83466,146603,0.5693
1745435597355,83473,146647,0.5692
1745435597476,83469,146668,0.5691
1745435597483,83448,146642,0.5691
1745435597518,83408,146558,0.5691
1745435597525,83354,146429,0.5692
1745435597535,83296,146284,0.5694
1745435597552,83245,146158,0.5696
1745435597559,83213,146086,0.5696
1745435597583,83207,146092,0.5696
1745435597612,83228,146178,0.5694
1745435597636,83269,146323,0.5691
1745435597706,83318,146489,0.5688
1745435597767,83361,146644,0.5685
1745435597775,83392,146765,0.5682
1745435597823,83409,146850,0.5680
1745435597856,83416,146910,0.5678
1745435597893,83421,146962,0.5676
1745435597903,83429,147020,0.5675
1745435597909,83440,147082,0.5673
1745435597947,83448,147132,0.5672
1745435597956,83450,147159,0.5671
1745435597969,83447,147168,0.5670
1745435598005,83444,147182,0.5669
1745435598106,83452,147232,0.5668
1745435598129,83478,147335,0.5666
1745435598139,83521,147495,0.5663
1745435598164,83579,147696,0.5659
1745435598178,83642,147906,0.5655
1745435598218,83696,148087,0.5652
1745435598227,83732,148211,0.5650
1745435598256,83751,148282,0.5648
1745435598392,83762,148335,0.5647
1745435598420,83782,148416,0.5645
1745435598429,83821,148558,0.5642
1745435598440,83883,148773,0.5638
1745435598449,83968,149052,0.5633
1745435598459,84069,149375,0.5628
1745435598478,84175,149709,0.5623
1745435598510,84273,150016,0.5618
1745435598536,84352,150263,0.5614
1745435598547,84404,150432,0.5611
1745435598597,84426,150512,0.5609
1745435598637,84417,150504,0.5609
1745435598662,84381,150418,0.5610
1745435598681,84326,150279,0.5611
1745435598726,84262,150113,0.5613
1745435598753,84196,149942,0.5615
1745435598762,84132,149778,0.5617
1745435598790,84075,149630,0.5619
1745435598858,84027,149509,0.5620
1745435598890,83992,149422,0.5621
1745435598941,83967,149370,0.5621
1745435598967,83953,149349,0.5621
1745435599012,83950,149360,0.5621
1745435599029,83957,149401,0.5620
1745435599040,83969,149457,0.5618
1745435599064,83977,149498,0.5617
1745435599086,83970,149494,0.5617
1745435599118,83940,149430,0.5617
1745435599260,83890,149310,0.5619
1745435599279,83825,149149,0.5620
1745435599290,83750,148964,0.5622
1745435599304,83671,148765,0.5624
1745435599311,83592,148561,0.5627
1745435599348,83515,148358,0.5629
1745435599359,83445,148166,0.5632
1745435599370,83382,147994,0.5634
1745435599404,83331,147852,0.5636
1745435599432,83292,147743,0.5638
1745435599467,83263,147667,0.5639
1745435599488,83244,147618,0.5639
1745435599522,83233,147595,0.5639
1745435599601,83230,147594,0.5639
1745435599618,83229,147596,0.5639
1745435599626,83221,147574,0.5639
1745435599669,83197,147502,0.5640
1745435599684,83155,147378,0.5642
1745435599725,83103,147220,0.5645
1745435599796,83046,147049,0.5647
1745435599810,82991,146880,0.5650
1745435599920,82938,146713,0.5653
1745435599952,82885,146544,0.5656
1745435599961,82831,146370,0.5659
1745435599970,82776,146197,0.5662
1745435599976,82725,146038,0.5665
1745435599985,82683,145913,0.5667
1745435600014,82659,145844,0.5668
1745435600135,82656,145840,0.5668
1745435600143,82672,145894,0.5667
1745435600151,82699,145979,0.5665
1745435600159,82731,146073,0.5664
1745435600167,82762,146164,0.5662
1745435600201,82794,146250,0.5661
1745435600210,82825,146334,0.5660
1745435600248,82857,146421,0.5659
1745435600400,82894,146521,0.5657
1745435600411,82939,146642,0.5656
1745435600423,82992,146787,0.5654
1745435600428,83050,146945,0.5652
1745435600436,83107,147103,0.5650
1745435600467,83157,147246,0.5647
1745435600476,83197,147364,0.5646
1745435600509,83226,147456,0.5644
1745435600542,83250,147536,0.5643
1745435600567,83278,147630,0.5641
1745435600593,83325,147773,0.5639
1745435600648,83399,147998,0.5635
1745435600671,83506,148314,0.5630
1745435600680,83641,148712,0.5624
1745435600709,83795,149165,0.5618
1745435600736,83960,149649,0.5610
1745435600770,84129,150138,0.5603
1745435600804,84289,150601,0.5597
1745435600851,84428,151002,0.5591
1745435600887,84533,151307,0.5587
1745435600930,84597,151500,0.5584
1745435600961,84621,151588,0.5582
1745435600987,84614,151590,0.5582
1745435601015,84585,151535,0.5582
1745435601025,84545,151444,0.5583
1745435601055,84500,151336,0.5584
1745435601080,84455,151219,0.5585
1745435601115,84413,151104,0.5586
1745435601178,84379,151005,0.5588
1745435601219,84359,150946,0.5589
1745435601227,84361,150951,0.5589
1745435601255,84389,151032,0.5587
1745435601279,84440,151181,0.5585
1745435601304,84507,151375,0.5583
1745435601340,84579,151583,0.5580
1745435601373,84646,151776,0.5577
1745435601428,84699,151927,0.5575
1745435601470,84734,152026,0.5574
1745435601479,84754,152075,0.5573
1745435601507,84763,152094,0.5573
1745435601528,84769,152107,0.5573
1745435601557,84780,152132,0.5573
1745435601578,84797,152179,0.5572
1745435601621,84823,152248,0.5571
1745435601641,84854,152331,0.5570
1745435601721,84886,152411,0.5570
1745435601743,84911,152467,0.5569
1745435601775,84922,152483,0.5569
1745435601801,84921,152463,0.5570
1745435601812,84912,152421,0.5571
1745435601853,84900,152377,0.5572
1745435601879,84891,152344,0.5572
1745435601904,84890,152331,0.5573
1745435601957,84899,152343,0.5573
1745435601997,84916,152376,0.5573
1745435602008,84937,152420,0.5573
1745435602059,84956,152456,0.5572
1745435602077,84968,152472,0.5573
1745435602114,84969,152460,0.5573
1745435602124,84957,152414,0.5574
1745435602154,84930,152331,0.5575
1745435602194,84889,152208,0.5577
1745435602272,84833,152045,0.5579
1745435602303,84764,151843,0.5582
1745435602309,84684,151607,0.5586
1745435602326,84595,151349,0.5589
1745435602371,84507,151093,0.5593
1745435602402,84430,150871,0.5596
1745435602410,84373,150707,0.5598
1745435602449,84338,150610,0.5600
1745435602459,84325,150569,0.5600
1745435602485,84327,150569,0.5601
1745435602563,84338,150589,0.5601
1745435602592,84348,150605,0.5601
1745435602620,84347,150593,0.5601
1745435602647,84330,150533,0.5602
1745435602657,84295,150424,0.5604
1745435602692,84247,150278,0.5606
1745435602714,84191,150112,0.5609
1745435602729,84135,149943,0.5611
1745435602778,84081,149787,0.5613
1745435602806,84036,149653,0.5615
1745435602858,83999,149548,0.5617
1745435602881,83971,149470,0.5618
1745435602961,83950,149411,0.5619
1745435602988,83933,149359,0.5620
1745435602995,83915,149303,0.5620
1745435603018,83893,149235,0.5622
1745435603026,83864,149147,0.5623
1745435603089,83822,149027,0.5625
1745435603111,83767,148867,0.5627
1745435603138,83697,148667,0.5630
1745435603146,83620,148439,0.5633
1745435603203,83539,148201,0.5637
1745435603212,83461,147965,0.5641
1745435603243,83387,147741,0.5644
1745435603275,83320,147535,0.5647
1745435603401,83260,147353,0.5650
1745435603418,83208,147192,0.5653
1745435603425,83159,147041,0.5655
1745435603436,83112,146894,0.5658
1745435603445,83066,146750,0.5660
1745435603476,83027,146623,0.5663
1745435603501,82998,146526,0.5664
1745435603510,82986,146475,0.5666
1745435603539,82993,146480,0.5666
1745435603587,83019,146542,0.5665
1745435603631,83064,146656,0.5664
1745435603660,83119,146805,0.5662
1745435603704,83178,146962,0.5660
1745435603711,83230,147104,0.5658
1745435603741,83273,147219,0.5656
1745435603768,83308,147313,0.5655
1745435603811,83337,147395,0.5654
1745435603839,83362,147471,0.5653
1745435603901,83385,147544,0.5652
1745435603922,83406,147617,0.5650
1745435604038,83427,147692,0.5649
1745435604063,83446,147759,0.5647
1745435604073,83458,147805,0.5646
1745435604081,83460,147818,0.5646
1745435604093,83451,147797,0.5646
1745435604131,83437,147756,0.5647
1745435604150,83424,147722,0.5647
1745435604184,83424,147726,0.5647
1745435604220,83442,147786,0.5646
1745435604228,83479,147905,0.5644
1745435604253,83528,148061,0.5641
1745435604272,83579,148219,0.5639
1745435604302,83618,148345,0.5637
1745435604354,83644,148425,0.5635
1745435604372,83662,148474,0.5635
1745435604415,83680,148518,0.5634
1745435604486,83703,148575,0.5634
1745435604515,83731,148644,0.5633
1745435604535,83760,148723,0.5632
1745435604567,83790,148813,0.5631
1745435604596,83824,148922,0.5629
1745435604606,83863,149049,0.5627
1745435604636,83904,149185,0.5624
1745435604645,83943,149312,0.5622
1745435604701,83975,149415,0.5620
1745435604739,83996,149483,0.5619
1745435604774,84007,149516,0.5619
1745435604808,84011,149528,0.5618
1745435604855,84013,149535,0.5618
1745435604887,84020,149557,0.5618
1745435604897,84035,149605,0.5617
1745435604909,84061,149680,0.5616
1745435604989,84096,149777,0.5615
1745435605056,84138,149892,0.5613
1745435605063,84186,150021,0.5612
1745435605097,84234,150152,0.5610
1745435605107,84275,150269,0.5608
1745435605118,84304,150351,0.5607
1745435605153,84316,150391,0.5606
1745435605180,84313,150391,0.5606
1745435605202,84301,150366,0.5606
1745435605210,84285,150329,0.5607
1745435605243,84269,150288,0.5607
1745435605326,84252,150242,0.5608
1745435605359,84232,150184,0.5609
1745435605369,84207,150108,0.5610
1745435605401,84180,150019,0.5611
1745435605411,84155,149936,0.5613
1745435605455,84141,149885,0.5614
1745435605463,84144,149883,0.5614
1745435605502,84163,149926,0.5614
1745435605542,84192,149995,0.5613
1745435605581,84223,150065,0.5612
1745435605639,84247,150110,0.5612
1745435605691,84256,150105,0.5613
1745435605752,84244,150037,0.5615
1745435605762,84212,149911,0.5617
1745435605771,84170,149757,0.5620
1745435605779,84129,149614,0.5623
1745435605787,84102,149514,0.5625
1745435605825,84095,149479,0.5626
1745435605856,84110,149512,0.5626
1745435605891,84144,149601,0.5625
1745435606013,84188,149720,0.5623
1745435606054,84232,149840,0.5621
1745435606088,84270,149944,0.5620
1745435606135,84301,150023,0.5619
1745435606143,84323,150076,0.5619
1745435606165,84334,150096,0.5619
1745435606176,84332,150078,0.5619
1745435606186,84319,150025,0.5620
1745435606194,84299,149949,0.5622
1745435606205,84274,149859,0.5624
1745435606268,84246,149756,0.5626
1745435606280,84212,149636,0.5628
1745435606298,84174,149501,0.5630
1745435606381,84132,149354,0.5633
1745435606440,84089,149200,0.5636
1745435606456,84043,149034,0.5639
1745435606468,83992,148850,0.5643
1745435606512,83935,148647,0.5647
1745435606526,83872,148431,0.5651
1745435606570,83806,148211,0.5655
1745435606624,83740,147994,0.5658
1745435606642,83677,147789,0.5662
1745435606672,83620,147603,0.5665
1745435606682,83571,147445,0.5668
1745435606697,83533,147315,0.5670
1745435606754,83504,147208,0.5673
1745435606786,83484,147120,0.5675
1745435606802,83470,147045,0.5676
1745435606839,83457,146969,0.5679
1745435606850,83437,146871,0.5681
1745435606888,83403,146731,0.5684
1745435606898,83351,146542,0.5688
1745435606936,83283,146313,0.5692
1745435606974,83206,146063,0.5697
1745435607004,83126,145806,0.5701
1745435607012,83048,145555,0.5706
1745435607073,82974,145316,0.5710
1745435607115,82905,145092,0.5714
1745435607130,82843,144881,0.5718
1745435607161,82786,144689,0.5722
1745435607169,82739,144522,0.5725
1745435607195,82703,144392,0.5728
1745435607292,82679,144303,0.5730
1745435607329,82667,144247,0.5731
1745435607356,82660,144209,0.5732
1745435607373,82656,144175,0.5733
1745435607408,82655,144150,0.5734
1745435607440,82664,144149,0.5735
1745435607470,82688,144191,0.5735
1745435607493,82730,144285,0.5734
1745435607510,82788,144430,0.5732
1745435607553,82856,144608,0.5730
1745435607605,82923,144791,0.5727
1745435607628,82981,144952,0.5725
1745435607663,83022,145070,0.5723
1745435607675,83048,145143,0.5722
1745435607714,83061,145176,0.5721
1745435607731,83063,145171,0.5722
1745435607821,83055,145128,0.5723
1745435607852,83037,145050,0.5725
1745435607880,83012,144949,0.5727
1745435607893,82985,144842,0.5729
1745435607901,82959,144740,0.5732
1745435607906,82933,144646,0.5734
1745435607939,82910,144561,0.5735
1745435608030,82890,144486,0.5737
1745435608038,82877,144427,0.5738
1745435608045,82872,144390,0.5739
1745435608071,82876,144377,0.5740
1745435608080,82891,144395,0.5741
1745435608162,82922,144460,0.5740
1745435608230,82973,144592,0.5738
1745435608253,83050,144805,0.5735
1745435608268,83155,145106,0.5731
1745435608329,83284,145484,0.5725
1745435608344,83431,145913,0.5718
1745435608369,83581,146347,0.5711
1745435608390,83716,146731,0.5705
1745435608399,83817,147010,0.5701
1745435608407,83870,147148,0.5700
1745435608430,83873,147137,0.5700
1745435608453,83834,146999,0.5703
1745435608517,83765,146774,0.5707
1745435608549,83682,146506,0.5712
1745435608555,83598,146232,0.5717
1745435608612,83522,145980,0.5721
1745435608637,83459,145768,0.5725
1745435608645,83412,145603,0.5729
1745435608655,83379,145480,0.5731
1745435608688,83358,145392,0.5733
1745435608749,83345,145332,0.5735
1745435608757,83339,145296,0.5736
1745435608821,83339,145277,0.5737
1745435608838,83340,145263,0.5737
1745435608862,83336,145235,0.5738
1745435608877,83322,145172,0.5740
1745435608905,83291,145057,0.5742
1745435608993,83245,144888,0.5745
1745435609094,83188,144683,0.5750
1745435609107,83129,144469,0.5754
1745435609114,83078,144273,0.5758
1745435609124,83039,144108,0.5762
1745435609132,83009,143972,0.5766
1745435609141,82984,143851,0.5769
1745435609175,82960,143736,0.5772
1745435609213,82936,143627,0.5774
1745435609241,82917,143532,0.5777
1745435609271,82902,143453,0.5779
1745435609289,82890,143384,0.5781
1745435609382,82877,143310,0.5783
1745435609393,82856,143210,0.5786
1745435609406,82822,143069,0.5789
1745435609439,82774,142880,0.5793
1745435609452,82714,142655,0.5798
1745435609478,82649,142411,0.5804
1745435609519,82582,142163,0.5809
1745435609557,82514,141912,0.5814
1745435609594,82444,141654,0.5820
1745435609637,82368,141383,0.5826
1745435609694,82283,141082,0.5832
1745435609812,82180,140715,0.5840
1745435609854,82044,140229,0.5851
1745435609863,81864,139575,0.5865
1745435609872,81637,138740,0.5884
1745435609879,81380,137787,0.5906
1745435609887,81132,136854,0.5928
1745435609894,80942,136118,0.5946
1745435609902,80850,135732,0.5957
1745435609930,80872,135764,0.5957
1745435609963,80999,136178,0.5948
1745435610128,81198,136857,0.5933
1745435610152,81428,137654,0.5915
1745435610157,81654,138435,0.5898
1745435610165,81854,139122,0.5884
1745435610172,82023,139698,0.5871
1745435610177,82170,140191,0.5861
1745435610183,82306,140640,0.5852
1745435610302,82437,141068,0.5844
1745435610311,82562,141471,0.5836
1745435610320,82676,141829,0.5829
1745435610328,82771,142116,0.5824
1745435610337,82839,142317,0.5821
1745435610375,82880,142425,0.5819
1745435610439,82894,142453,0.5819
1745435610448,82893,142433,0.5820
1745435610479,82894,142424,0.5820
1745435610490,82918,142490,0.5819
1745435610517,82978,142670,0.5816
1745435610526,83074,142963,0.5811
1745435610555,83194,143334,0.5804
1745435610677,83322,143736,0.5797
1745435610693,83447,144133,0.5790
1745435610703,83563,144505,0.5783
1745435610711,83669,144848,0.5776
1745435610751,83766,145163,0.5770
1745435610762,83856,145449,0.5765
1745435610790,83937,145705,0.5761
1745435610964,84011,145935,0.5757
1745435610977,84082,146149,0.5753
1745435610989,84153,146361,0.5750
1745435610997,84227,146585,0.5746
1745435611005,84310,146835,0.5742
1745435611011,84404,147122,0.5737
1745435611037,84512,147449,0.5732
1745435611047,84634,147819,0.5726
1745435611068,84770,148226,0.5719
1745435611108,84914,148653,0.5712
1745435611127,85057,149075,0.5706
1745435611158,85190,149471,0.5699
1745435611242,85309,149827,0.5694
1745435611255,85414,150139,0.5689
1745435611279,85503,150403,0.5685
1745435611309,85575,150610,0.5682
1745435611335,85626,150754,0.5680
1745435611347,85657,150833,0.5679
1745435611381,85666,150850,0.5679
1745435611391,85659,150816,0.5680
1745435611429,85640,150751,0.5681
1745435611482,85620,150684,0.5682
1745435611509,85610,150645,0.5683
1745435611547,85616,150656,0.5683
1745435611653,85638,150714,0.5682
1745435611662,85667,150793,0.5681
1745435611671,85694,150863,0.5680
1745435611679,85710,150901,0.5680
1745435611719,85712,150898,0.5680
1745435611727,85701,150859,0.5681
1745435611768,85681,150794,0.5682
1745435611777,85655,150716,0.5683
1745435611836,85631,150640,0.5684
1745435611927,85611,150577,0.5686
1745435611957,85598,150530,0.5686
1745435611966,85591,150493,0.5687
1745435611974,85587,150460,0.5688
1745435612009,85580,150418,0.5689
1745435612036,85567,150358,0.5691
1745435612044,85542,150268,0.5693
1745435612144,85504,150145,0.5695
1745435612161,85454,149993,0.5697
1745435612167,85398,149823,0.5700
1745435612192,85338,149638,0.5703
1745435612211,85272,149435,0.5706
1745435612228,85200,149210,0.5710
1745435612248,85123,148968,0.5714
1745435612288,85045,148722,0.5718
1745435612376,84967,148477,0.5723
1745435612408,84888,148225,0.5727
1745435612415,84804,147960,0.5732
1745435612450,84719,147692,0.5736
1745435612459,84641,147448,0.5740
1745435612469,84579,147252,0.5744
1745435612510,84538,147121,0.5746
1745435612537,84517,147052,0.5747
1745435612577,84513,147032,0.5748
1745435612630,84517,147036,0.5748
1745435612655,84517,147029,0.5748
1745435612677,84500,146970,0.5749
1745435612705,84452,146816,0.5752
1745435612713,84367,146551,0.5757
1745435612757,84248,146187,0.5763
1745435612784,84109,145765,0.5770
1745435612948,83970,145347,0.5777
1745435612960,83855,145006,0.5783
1745435612966,83791,144818,0.5786
1745435612974,83792,144832,0.5785
1745435612981,83861,145050,0.5782
1745435612988,83984,145426,0.5775
1745435613017,84138,145895,0.5767
1745435613034,84304,146398,0.5759
1745435613161,84467,146894,0.5750
1745435613175,84617,147352,0.5743
1745435613182,84746,147746,0.5736
1745435613191,84849,148059,0.5731
1745435613226,84921,148279,0.5727
1745435613254,84960,148396,0.5725
1745435613287,84962,148402,0.5725
1745435613302,84927,148295,0.5727
1745435613311,84859,148094,0.5730
1745435613406,84771,147837,0.5734
1745435613413,84684,147585,0.5738
1745435613441,84621,147407,0.5741
1745435613475,84603,147367,0.5741
1745435613513,84646,147511,0.5738
1745435613540,84755,147852,0.5732
1745435613549,84923,148364,0.5724
1745435613576,85130,148989,0.5714
1745435613601,85353,149654,0.5703
1745435613649,85568,150292,0.5693
1745435613660,85759,150854,0.5685
1745435613811,85916,151314,0.5678
1745435613849,86036,151663,0.5673
1745435613862,86121,151911,0.5669
1745435613870,86177,152074,0.5667
1745435613879,86213,152178,0.5665
1745435613920,86238,152250,0.5664
1745435613929,86263,152324,0.5663
1745435613943,86299,152428,0.5662
1745435613973,86351,152578,0.5659
1745435614002,86419,152772,0.5657
1745435614010,86497,152993,0.5654
1745435614047,86579,153224,0.5650
1745435614075,86661,153456,0.5647
1745435614090,86740,153678,0.5644
1745435614140,86811,153875,0.5642
1745435614187,86865,154026,0.5640
1745435614219,86900,154118,0.5638
1745435614257,86913,154153,0.5638
1745435614315,86911,154142,0.5638
1745435614325,86896,154094,0.5639
1745435614333,86870,154017,0.5640
1745435614362,86835,153917,0.5642
1745435614403,86797,153812,0.5643
1745435614422,86767,153731,0.5644
1745435614429,86758,153710,0.5644
1745435614462,86781,153781,0.5643
1745435614506,86845,153962,0.5641
1745435614539,86950,154259,0.5637
1745435614677,87090,154653,0.5631
1745435614701,87253,155105,0.5625
1745435614712,87420,155564,0.5620
1745435614720,87569,155975,0.5614
1745435614728,87683,156285,0.5610
1745435614739,87744,156453,0.5608
1745435614771,87746,156464,0.5608
1745435614788,87694,156330,0.5610
1745435614826,87605,156096,0.5612
1745435614970,87501,155817,0.5616
1745435614978,87401,155548,0.5619
1745435614988,87322,155330,0.5622
1745435614997,87274,155195,0.5624
1745435615007,87266,155165,0.5624
1745435615030,87302,155251,0.5623
1745435615052,87379,155446,0.5621
1745435615088,87489,155722,0.5618
1745435615096,87613,156030,0.5615
1745435615222,87725,156307,0.5612
1745435615231,87800,156491,0.5611
1745435615252,87823,156543,0.5610
1745435615258,87793,156467,0.5611
1745435615277,87733,156318,0.5612
1745435615311,87681,156190,0.5614
1745435615331,87672,156170,0.5614
1745435615342,87727,156305,0.5613
1745435615373,87841,156586,0.5610
1745435615403,87991,156961,0.5606
1745435615465,88144,157366,0.5601
1745435615491,88274,157741,0.5596
1745435615539,88361,158044,0.5591
1745435615561,88402,158258,0.5586
1745435615594,88404,158386,0.5582
1745435615615,88382,158444,0.5578
1745435615625,88346,158443,0.5576
1745435615671,88299,158381,0.5575
1745435615680,88238,158252,0.5576
1745435615730,88159,158049,0.5578
1745435615765,88060,157777,0.5581
1745435615775,87945,157458,0.5585
1745435615803,87828,157132,0.5589
1745435615853,87727,156855,0.5593
1745435615878,87663,156683,0.5595
1745435615910,87646,156647,0.5595
1745435615944,87679,156751,0.5594
1745435615978,87757,156981,0.5590
1745435616033,87870,157308,0.5586
1745435616041,88005,157696,0.5581
1745435616081,88143,158089,0.5576
1745435616098,88262,158427,0.5571
1745435616118,88345,158664,0.5568
1745435616148,88386,158785,0.5566
1745435616194,88391,158803,0.5566
1745435616226,88370,158750,0.5567
1745435616257,88336,158663,0.5568
1745435616324,88304,158585,0.5568
1745435616354,88290,158559,0.5568
1745435616364,88306,158616,0.5567
1745435616397,88358,158767,0.5565
1745435616427,88440,158999,0.5562
1745435616560,88542,159282,0.5559
1745435616594,88648,159575,0.5555
1745435616604,88741,159835,0.5552
1745435616633,88807,160025,0.5550
1745435616660,88841,160129,0.5548
1745435616763,88843,160146,0.5548
1745435616772,88816,160088,0.5548
1745435616779,88769,159971,0.5549
1745435616812,88709,159818,0.5551
1745435616820,88647,159655,0.5552
1745435616829,88594,159511,0.5554
1745435616838,88555,159402,0.5555
1745435616862,88531,159334,0.5556
1745435616873,88521,159306,0.5557
1745435616901,88524,159314,0.5557
1745435616911,88537,159352,0.5556
1745435616958,88554,159402,0.5555
1745435617021,88565,159436,0.5555
1745435617030,88561,159427,0.5555
1745435617039,88535,159356,0.5556
1745435617067,88485,159216,0.5558
1745435617101,88411,159007,0.5560
1745435617148,88316,158738,0.5564
1745435617195,88211,158435,0.5568
1745435617206,88107,158137,0.5572
1745435617244,88018,157879,0.5575
1745435617282,87951,157683,0.5578
1745435617291,87906,157549,0.5580
1745435617337,87876,157462,0.5581
1745435617345,87854,157400,0.5582
1745435617375,87832,157342,0.5582
1745435617402,87803,157270,0.5583
1745435617444,87766,157170,0.5584
1745435617464,87718,157040,0.5586
1745435617489,87659,156877,0.5588
1745435617558,87590,156680,0.5590
1745435617582,87513,156457,0.5593
1745435617597,87435,156226,0.5597
1745435617634,87362,156005,0.5600
1745435617656,87295,155799,0.5603
1745435617728,87233,155609,0.5606
1745435617830,87177,155437,0.5608
1745435617891,87130,155293,0.5611
1745435617907,87094,155185,0.5612
1745435617915,87068,155110,0.5613
1745435617958,87047,155050,0.5614
1745435617965,87025,154988,0.5615
1745435617975,86998,154911,0.5616
1745435618020,86964,154817,0.5617
1745435618028,86925,154709,0.5619
1745435618034,86885,154596,0.5620
1745435618046,86848,154495,0.5621
1745435618071,86820,154416,0.5622
1745435618199,86801,154362,0.5623
1745435618225,86786,154319,0.5624
1745435618254,86768,154269,0.5624
1745435618264,86747,154211,0.5625
1745435618298,86724,154152,0.5626
1745435618307,86706,154105,0.5626
1745435618314,86695,154082,0.5627
1745435618334,86696,154092,0.5626
1745435618351,86711,154139,0.5625
1745435618448,86738,154219,0.5624
1745435618465,86771,154314,0.5623
1745435618473,86801,154398,0.5622
1745435618479,86818,154450,0.5621
1745435618517,86818,154456,0.5621
1745435618528,86798,154412,0.5621
1745435618593,86762,154325,0.5622
1745435618620,86716,154212,0.5623
1745435618709,86670,154104,0.5624
1745435618728,86639,154034,0.5625
1745435618742,86629,154023,0.5624
1745435618756,86644,154076,0.5623
1745435618777,86680,154187,0.5622
1745435618817,86735,154349,0.5619
1745435618827,86803,154546,0.5617
1745435618850,86875,154754,0.5614
1745435618893,86943,154951,0.5611
1745435618912,87005,155133,0.5608
1745435619003,87065,155313,0.5606
1745435619008,87127,155504,0.5603
1745435619014,87192,155705,0.5600
1745435619037,87253,155897,0.5597
1745435619070,87306,156063,0.5594
1745435619092,87350,156199,0.5592
1745435619130,87385,156308,0.5591
1745435619162,87414,156400,0.5589
1745435619210,87442,156485,0.5588
1745435619267,87473,156580,0.5587
1745435619290,87514,156699,0.5585
1745435619296,87566,156847,0.5583
1745435619315,87624,157012,0.5581
1745435619341,87680,157169,0.5579
1745435619365,87723,157290,0.5577
1745435619429,87740,157345,0.5576
1745435619459,87726,157315,0.5576
1745435619541,87680,157205,0.5577
1745435619582,87614,157043,0.5579
1745435619590,87542,156870,0.5581
1745435619690,87479,156717,0.5582
1745435619711,87430,156599,0.5583
1745435619725,87398,156523,0.5584
1745435619736,87381,156482,0.5584
1745435619746,87372,156461,0.5584
1745435619791,87364,156439,0.5585
1745435619814,87350,156400,0.5585
1745435619894,87328,156342,0.5586
1745435619905,87301,156273,0.5586
1745435619956,87274,156200,0.5587
1745435619965,87244,156122,0.5588
1745435619975,87212,156034,0.5589
1745435619998,87174,155929,0.5591
1745435620043,87129,155804,0.5592
1745435620071,87075,155656,0.5594
1745435620084,87017,155493,0.5596
1745435620093,86959,155336,0.5598
1745435620123,86910,155202,0.5600
1745435620174,86872,155098,0.5601
1745435620244,86841,155012,0.5602
1745435620259,86810,154922,0.5603
1745435620269,86771,154810,0.5605
1745435620294,86722,154665,0.5607
1745435620302,86664,154491,0.5610
1745435620330,86601,154305,0.5612
1745435620354,86542,154132,0.5615
1745435620390,86496,153993,0.5617
1745435620452,86467,153900,0.5618
1745435620510,86453,153850,0.5619
1745435620547,86452,153832,0.5620
1745435620558,86458,153833,0.5620
1745435620582,86466,153838,0.5621
1745435620594,86471,153831,0.5621
1745435620630,86466,153800,0.5622
1745435620669,86451,153740,0.5623
1745435620682,86425,153650,0.5625
1745435620727,86385,153526,0.5627
1745435620772,86330,153360,0.5629
1745435620838,86257,153146,0.5632
1745435620850,86171,152890,0.5636
1745435620911,86077,152609,0.5640
1745435620929,85985,152324,0.5645
1745435620946,85899,152055,0.5649
1745435621007,85824,151816,0.5653
1745435621015,85764,151621,0.5656
1745435621025,85720,151482,0.5659
1745435621033,85691,151395,0.5660
1745435621064,85673,151339,0.5661
1745435621107,85655,151288,0.5662
1745435621143,85634,151222,0.5663
1745435621156,85610,151144,0.5664
1745435621217,85587,151068,0.5665
1745435621281,85572,151007,0.5667
1745435621303,85567,150973,0.5668
1745435621328,85574,150972,0.5668
1745435621338,85590,151000,0.5668
1745435621346,85609,151044,0.5668
1745435621384,85623,151077,0.5668
1745435621397,85619,151065,0.5668
1745435621431,85590,150980,0.5669
1745435621580,85533,150815,0.5671
1745435621624,85455,150586,0.5675
1745435621633,85368,150329,0.5679
1745435621659,85289,150096,0.5682
1745435621674,85235,149934,0.5685
1745435621683,85218,149881,0.5686
1745435621729,85244,149956,0.5685
1745435621742,85313,150160,0.5681
1745435621761,85420,150479,0.5677
1745435621791,85558,150888,0.5670
1745435621807,85715,151349,0.5663
1745435621842,85874,151815,0.5657
1745435621890,86018,152235,0.5650
1745435621926,86134,152575,0.5645
1745435621945,86216,152822,0.5642
1745435621950,86266,152978,0.5639
1745435621976,86287,153056,0.5638
1745435621996,86286,153074,0.5637
1745435622020,86273,153056,0.5637
1745435622032,86259,153031,0.5637
1745435622091,86257,153035,0.5636
1745435622128,86279,153102,0.5635
1745435622175,86334,153259,0.5633
1745435622243,86426,153520,0.5630
1745435622296,86550,153869,0.5625
1745435622306,86688,154260,0.5620
1745435622312,86818,154631,0.5615
1745435622338,86918,154923,0.5610
1745435622362,86978,155108,0.5608
1745435622370,86999,155187,0.5606
1745435622392,86992,155186,0.5606
1745435622437,86970,155141,0.5606
1745435622509,86946,155086,0.5606
1745435622525,86927,155043,0.5607
1745435622562,86911,155006,0.5607
1745435622586,86886,154944,0.5608
1745435622615,86836,154812,0.5609
1745435622669,86750,154577,0.5612
1745435622704,86624,154230,0.5617
1745435622712,86465,153794,0.5622
1745435622722,86292,153317,0.5628
1745435622730,86128,152865,0.5634
1745435622771,85998,152509,0.5639
1745435622830,85923,152309,0.5641
1745435622840,85917,152300,0.5641
1745435622882,85978,152478,0.5639
1745435622914,86091,152800,0.5634
1745435622997,86230,153195,0.5629
1745435623006,86364,153573,0.5624
1745435623070,86461,153849,0.5620
1745435623085,86500,153965,0.5618
1745435623120,86476,153906,0.5619
1745435623132,86400,153702,0.5621
1745435623141,86289,153402,0.5625
1745435623163,86161,153055,0.5629
1745435623175,86031,152696,0.5634
1745435623215,85906,152348,0.5639
1745435623265,85793,152029,0.5643
1745435623340,85696,151752,0.5647
1745435623347,85618,151529,0.5650
1745435623370,85562,151368,0.5653
1745435623389,85529,151275,0.5654
1745435623410,85516,151244,0.5654
1745435623444,85516,151256,0.5654
1745435623464,85519,151278,0.5653
1745435623475,85515,151277,0.5653
1745435623521,85497,151231,0.5653
1745435623584,85464,151138,0.5655
1745435623621,85417,151003,0.5657
1745435623637,85359,150836,0.5659
1745435623661,85292,150645,0.5662
1745435623695,85221,150445,0.5665
1745435623724,85151,150252,0.5667
1745435623753,85087,150080,0.5669
1745435623763,85033,149939,0.5671
1745435623823,84993,149837,0.5672
1745435623844,84971,149788,0.5673
1745435623953,84972,149803,0.5672
1745435623961,84998,149881,0.5671
1745435624011,85042,150010,0.5669
1745435624019,85099,150169,0.5667
1745435624026,85162,150343,0.5665
1745435624065,85224,150518,0.5662
1745435624073,85284,150686,0.5660
1745435624095,85338,150846,0.5657
1745435624127,85393,151008,0.5655
1745435624181,85454,151192,0.5652
1745435624206,85526,151409,0.5649
1745435624218,85608,151653,0.5645
1745435624306,85695,151908,0.5641
1745435624346,85782,152163,0.5638
1745435624393,85867,152408,0.5634
1745435624398,85946,152638,0.5631
1745435624449,86016,152839,0.5628
1745435624511,86071,153000,0.5626
1745435624561,86110,153116,0.5624
1745435624569,86134,153190,0.5623
1745435624575,86145,153227,0.5622
1745435624581,86146,153239,0.5622
1745435624589,86145,153245,0.5621
1745435624620,86150,153272,0.5621
1745435624635,86172,153349,0.5619
1745435624730,86218,153491,0.5617
1745435624740,86286,153697,0.5614
1745435624776,86373,153957,0.5610
1745435624787,86476,154256,0.5606
1745435624811,86586,154578,0.5601
1745435624819,86698,154902,0.5597
1745435624913,86802,155203,0.5593
1745435624964,86890,155457,0.5589
1745435625031,86954,155646,0.5587
1745435625058,86991,155759,0.5585
1745435625063,86999,155795,0.5584
1745435625069,86980,155756,0.5584
1745435625095,86940,155660,0.5585
1745435625104,86888,155529,0.5587
1745435625111,86835,155392,0.5588
1745435625129,86791,155279,0.5589
1745435625156,86769,155219,0.5590
1745435625199,86774,155233,0.5590
1745435625266,86806,155321,0.5589
1745435625272,86857,155459,0.5587
1745435625278,86912,155613,0.5585
1745435625284,86960,155747,0.5583
1745435625317,86990,155834,0.5582
1745435625360,86996,155854,0.5582
1745435625387,86976,155805,0.5582
1745435625397,86936,155701,0.5583
1745435625508,86885,155574,0.5585
1745435625523,86836,155454,0.5586
1745435625529,86794,155360,0.5587
1745435625555,86762,155293,0.5587
1745435625564,86737,155246,0.5587
1745435625596,86716,155200,0.5587
1745435625624,86690,155138,0.5588
1745435625654,86657,155051,0.5589
1745435625689,86619,154945,0.5590
1745435625762,86579,154837,0.5592
1745435625782,86546,154747,0.5593
1745435625790,86520,154678,0.5594
1745435625818,86500,154623,0.5594
1745435625857,86479,154568,0.5595
1745435625891,86453,154499,0.5596
1745435625959,86417,154398,0.5597
1745435626019,86363,154244,0.5599
1745435626044,86285,154020,0.5602
1745435626080,86181,153720,0.5606
1745435626091,86055,153356,0.5611
1745435626110,85913,152951,0.5617
1745435626177,85765,152528,0.5623
1745435626214,85617,152109,0.5629
1745435626224,85476,151709,0.5634
1745435626230,85346,151342,0.5639
1745435626256,85231,151016,0.5644
1745435626280,85132,150732,0.5648
1745435626340,85047,150487,0.5651
1745435626355,84972,150266,0.5655
1745435626362,84897,150042,0.5658
1745435626397,84810,149780,0.5662
1745435626420,84701,149455,0.5667
1745435626460,84568,149061,0.5673
1745435626478,84412,148601,0.5680
1745435626502,84237,148086,0.5688
1745435626536,84051,147532,0.5697
1745435626578,83865,146976,0.5706
1745435626625,83698,146467,0.5714
1745435626651,83561,146046,0.5722
1745435626660,83457,145721,0.5727
1745435626689,83379,145477,0.5731
1745435626734,83320,145289,0.5735
1745435626878,83274,145135,0.5738
1745435626944,83233,144997,0.5740
1745435626952,83194,144858,0.5743
1745435626958,83151,144706,0.5746
1745435626972,83103,144538,0.5750
1745435626980,83052,144365,0.5753
1745435627010,83005,144208,0.5756
1745435627033,82972,144098,0.5758
1745435627046,82963,144068,0.5759
1745435627056,82988,144139,0.5757
1745435627082,83046,144308,0.5755
1745435627106,83127,144545,0.5751
1745435627145,83219,144811,0.5747
1745435627173,83311,145075,0.5743
1745435627195,83395,145317,0.5739
1745435627240,83468,145524,0.5736
1745435627247,83525,145691,0.5733
1745435627280,83567,145815,0.5731
1745435627307,83596,145903,0.5730
1745435627343,83618,145970,0.5728
1745435627396,83639,146035,0.5727
1745435627426,83667,146117,0.5726
1745435627463,83706,146232,0.5724
1745435627488,83760,146389,0.5722
1745435627519,83829,146588,0.5719
1745435627537,83908,146817,0.5715
1745435627582,83992,147061,0.5711
1745435627593,84078,147308,0.5708
1745435627627,84161,147550,0.5704
1745435627655,84238,147775,0.5700
1745435627725,84306,147974,0.5697
1745435627750,84365,148147,0.5695
1745435627775,84420,148312,0.5692
1745435627794,84480,148497,0.5689
1745435627818,84556,148728,0.5685
1745435627859,84652,149020,0.5681
1745435627915,84766,149364,0.5675
1745435627929,84890,149733,0.5669
1745435627965,85009,150088,0.5664
1745435628032,85113,150396,0.5659
1745435628044,85195,150639,0.5656
1745435628072,85254,150812,0.5653
1745435628092,85291,150918,0.5651
1745435628099,85307,150954,0.5651
1745435628146,85299,150917,0.5652
1745435628177,85272,150819,0.5654
1745435628208,85234,150690,0.5656
1745435628246,85199,150572,0.5658
1745435628300,85184,150510,0.5660
1745435628319,85198,150541,0.5659
1745435628324,85250,150681,0.5658
1745435628348,85336,150922,0.5654
1745435628373,85441,151220,0.5650
1745435628395,85544,151512,0.5646
1745435628460,85626,151738,0.5643
1745435628484,85673,151860,0.5642
1745435628502,85682,151867,0.5642
1745435628565,85656,151768,0.5644
1745435628622,85604,151592,0.5647
1745435628644,85540,151382,0.5651
1745435628656,85482,151189,0.5654
1745435628690,85443,151053,0.5656
1745435628714,85430,151001,0.5658
1745435628754,85448,151040,0.5657
1745435628870,85490,151153,0.5656
1745435628879,85545,151302,0.5654
1745435628895,85597,151442,0.5652
1745435628907,85635,151538,0.5651
1745435628913,85655,151581,0.5651
1745435628942,85660,151580,0.5651
1745435628962,85653,151550,0.5652
1745435629006,85641,151504,0.5653
1745435629107,85626,151452,0.5654
1745435629127,85610,151399,0.5655
1745435629135,85595,151343,0.5656
1745435629153,85580,151283,0.5657
1745435629180,85565,151218,0.5658
1745435629188,85551,151153,0.5660
1745435629297,85539,151091,0.5661
1745435629305,85528,151032,0.5663
1745435629362,85515,150968,0.5664
1745435629412,85497,150890,0.5666
1745435629421,85471,150791,0.5668
1745435629431,85433,150663,0.5670
1745435629442,85382,150497,0.5673
1745435629464,85319,150298,0.5677
1745435629474,85248,150080,0.5680
1745435629500,85177,149864,0.5684
1745435629510,85109,149657,0.5687
1745435629540,85041,149449,0.5690
1745435629646,84964,149217,0.5694
1745435629662,84872,148937,0.5699
1745435629670,84762,148604,0.5704
1745435629710,84639,148231,0.5710
1745435629743,84513,147846,0.5716
1745435629757,84394,147480,0.5722
1745435629777,84290,147154,0.5728
1745435629813,84204,146875,0.5733
1745435629831,84132,146637,0.5737
1745435629950,84070,146426,0.5741
1745435629962,84013,146230,0.5745
1745435629969,83961,146050,0.5749
1745435629979,83915,145889,0.5752
1745435630013,83876,145745,0.5755
1745435630042,83838,145602,0.5758
1745435630068,83793,145437,0.5761
1745435630091,83739,145245,0.5765
1745435630110,83680,145041,0.5769
1745435630194,83625,144857,0.5773
1745435630224,83583,144718,0.5776
1745435630233,83559,144638,0.5777
1745435630262,83555,144617,0.5778
1745435630276,83569,144653,0.5777
1745435630309,83602,144744,0.5776
1745435630342,83656,144898,0.5773
1745435630364,83733,145122,0.5770
1745435630391,83833,145417,0.5765
1745435630435,83954,145772,0.5759
1745435630457,84087,146161,0.5753
1745435630466,84224,146561,0.5747
1745435630497,84362,146959,0.5741
1745435630523,84502,147367,0.5734
1745435630561,84650,147803,0.5727
1745435630605,84808,148277,0.5720
1745435630730,84976,148785,0.5711
1745435630760,85151,149312,0.5703
1745435630770,85328,149839,0.5695
1745435630775,85500,150344,0.5687
1745435630809,85658,150799,0.5680
1745435630816,85790,151177,0.5675
1745435630824,85891,151459,0.5671
1745435630848,85958,151645,0.5668
1745435630904,85994,151742,0.5667
1745435630920,86006,151767,0.5667
1745435630988,86000,151743,0.5667
1745435631018,85985,151696,0.5668
1745435631026,85970,151645,0.5669
1745435631054,85952,151588,0.5670
1745435631063,85921,151486,0.5672
1745435631114,85856,151281,0.5675
1745435631195,85743,150936,0.5681
1745435631229,85586,150461,0.5688
1745435631259,85404,149915,0.5697
1745435631304,85228,149393,0.5705
1745435631311,85094,148995,0.5711
1745435631321,85027,148798,0.5714
1745435631329,85038,148835,0.5714
1745435631357,85119,149083,0.5709
1745435631377,85250,149480,0.5703
1745435631408,85406,149952,0.5696
1745435631439,85565,150430,0.5688
1745435631479,85713,150871,0.5681
1745435631536,85844,151250,0.5676
1745435631566,85956,151570,0.5671
1745435631575,86057,151849,0.5667
1745435631606,86152,152111,0.5664
1745435631643,86244,152366,0.5660
1745435631679,86333,152614,0.5657
1745435631705,86416,152847,0.5654
1745435631714,86490,153055,0.5651
1745435631772,86554,153231,0.5649
1745435631829,86605,153371,0.5647
1745435631852,86647,153484,0.5645
1745435631955,86686,153590,0.5644
1745435631964,86731,153717,0.5642
1745435631971,86790,153884,0.5640
1745435631981,86863,154088,0.5637
1745435632022,86942,154304,0.5634
1745435632031,87015,154496,0.5632
1745435632044,87072,154634,0.5631
1745435632094,87106,154704,0.5631
1745435632131,87116,154706,0.5631
1745435632157,87106,154654,0.5632
1745435632188,87080,154560,0.5634
1745435632219,87041,154435,0.5636
1745435632230,86993,154285,0.5638
1745435632273,86939,154122,0.5641
1745435632281,86888,153961,0.5643
1745435632310,86844,153820,0.5646
1745435632360,86813,153710,0.5648
1745435632401,86794,153631,0.5650
1745435632409,86783,153572,0.5651
1745435632434,86773,153520,0.5652
1745435632478,86760,153460,0.5654
1745435632543,86741,153385,0.5655
1745435632566,86715,153288,0.5657
1745435632576,86680,153172,0.5659
1745435632716,86639,153037,0.5661
1745435632732,86592,152887,0.5664
1745435632749,86543,152730,0.5666
1745435632757,86495,152578,0.5669
1745435632763,86455,152449,0.5671
1745435632785,86432,152366,0.5673
1745435632796,86430,152345,0.5673
1745435632819,86452,152391,0.5673
1745435632968,86492,152495,0.5672
1745435633006,86547,152641,0.5670
1745435633015,86609,152807,0.5668
1745435633023,86666,152962,0.5666
1745435633030,86708,153072,0.5665
1745435633059,86728,153116,0.5664
1745435633066,86724,153095,0.5665
1745435633091,86705,153026,0.5666
1745435633113,86674,152929,0.5668
1745435633212,86638,152816,0.5669
1745435633229,86597,152696,0.5671
1745435633237,86555,152574,0.5673
1745435633246,86513,152452,0.5675
1745435633275,86470,152329,0.5677
1745435633308,86429,152209,0.5678
1745435633333,86396,152109,0.5680
1745435633347,86378,152052,0.5681
1745435633378,86381,152052,0.5681
1745435633406,86400,152100,0.5681
1745435633474,86428,152169,0.5680
1745435633502,86454,152233,0.5679
1745435633510,86474,152282,0.5679
1745435633537,86490,152325,0.5678
1745435633574,86505,152370,0.5677
1745435633608,86521,152426,0.5676
1745435633640,86541,152499,0.5675
1745435633742,86569,152600,0.5673
1745435633761,86608,152732,0.5671
1745435633768,86657,152892,0.5668
1745435633777,86715,153072,0.5665
1745435633811,86780,153269,0.5662
1745435633834,86855,153487,0.5659
1745435633871,86941,153732,0.5655
1745435633880,87037,154003,0.5652
1745435633994,87142,154294,0.5648
1745435634027,87250,154594,0.5644
1745435634039,87358,154896,0.5640
1745435634060,87465,155192,0.5636
1745435634094,87566,155475,0.5632
1745435634128,87660,155739,0.5629
1745435634141,87744,155980,0.5625
1745435634190,87821,156202,0.5622
1745435634245,87890,156405,0.5619
1745435634263,87953,156594,0.5617
1745435634292,88011,156772,0.5614
1745435634325,88066,156947,0.5611
1745435634388,88120,157122,0.5608
1745435634399,88175,157300,0.5606
1745435634454,88231,157472,0.5603
1745435634463,88284,157628,0.5601
1745435634473,88330,157761,0.5599
1745435634480,88369,157866,0.5598
1745435634516,88399,157948,0.5597
1745435634563,88425,158021,0.5596
1745435634575,88455,158109,0.5595
1745435634609,88496,158228,0.5593
1745435634659,88550,158383,0.5591
1745435634668,88614,158565,0.5589
1745435634716,88684,158753,0.5586
1745435634743,88748,158924,0.5584
1745435634756,88794,159042,0.5583
1745435634799,88806,159069,0.5583
1745435634845,88775,158981,0.5584
1745435634891,88702,158783,0.5586
1745435634904,88599,158504,0.5590
1745435634945,88482,158185,0.5594
1745435634955,88365,157866,0.5597
1745435634979,88261,157579,0.5601
1745435635005,88179,157353,0.5604
1745435635108,88125,157202,0.5606
1745435635128,88100,157126,0.5607
1745435635145,88100,157114,0.5607
1745435635155,88120,157153,0.5607
1745435635194,88154,157231,0.5607
1745435635205,88197,157332,0.5606
1745435635234,88239,157433,0.5605
1745435635278,88270,157509,0.5604
1745435635295,88284,157545,0.5604
1745435635326,88281,157532,0.5604
1745435635365,88259,157471,0.5605
1745435635407,88222,157364,0.5606
1745435635415,88173,157223,0.5608
1745435635446,88119,157066,0.5610
1745435635479,88065,156912,0.5612
1745435635527,88017,156768,0.5614
1745435635542,87975,156641,0.5616
1745435635570,87940,156530,0.5618
1745435635580,87911,156432,0.5620
1745435635625,87883,156337,0.5621
1745435635678,87850,156233,0.5623
1745435635730,87812,156114,0.5625
1745435635745,87769,155986,0.5627
1745435635783,87723,155854,0.5629
1745435635797,87675,155715,0.5630
1745435635807,87619,155554,0.5633
1745435635841,87551,155363,0.5635
1745435635899,87474,155148,0.5638
1745435636015,87395,154929,0.5641
1745435636077,87323,154732,0.5644
1745435636091,87267,154577,0.5646
1745435636099,87231,154481,0.5647
1745435636109,87218,154449,0.5647
1745435636115,87225,154470,0.5647
1745435636159,87245,154526,0.5646
1745435636172,87269,154592,0.5645
1745435636186,87291,154648,0.5645
1745435636217,87307,154684,0.5644
1745435636228,87315,154698,0.5644
1745435636242,87316,154699,0.5644
1745435636306,87318,154702,0.5644
1745435636366,87325,154724,0.5644
1745435636374,87341,154771,0.5643
1745435636416,87363,154833,0.5642
1745435636427,87384,154892,0.5642
1745435636455,87402,154937,0.5641
1745435636463,87419,154977,0.5641
1745435636488,87442,155030,0.5640
1745435636498,87475,155119,0.5639
1745435636527,87526,155259,0.5637
1745435636644,87596,155458,0.5635
1745435636665,87684,155712,0.5631
1745435636674,87785,156004,0.5627
1745435636708,87889,156303,0.5623
1745435636715,87986,156581,0.5619
1745435636781,88072,156825,0.5616
1745435636808,88149,157044,0.5613
1745435636833,88226,157262,0.5610
1745435636863,88312,157502,0.5607
1745435636967,88411,157783,0.5603
1745435636981,88527,158111,0.5599
1745435637082,88660,158481,0.5594
1745435637094,88804,158882,0.5589
1745435637106,88953,159292,0.5584
1745435637179,89096,159685,0.5579
1745435637193,89226,160042,0.5575
1745435637200,89337,160346,0.5572
1745435637209,89426,160591,0.5569
1745435637216,89492,160773,0.5566
1745435637253,89538,160900,0.5565
1745435637292,89571,160993,0.5564
1745435637303,89604,161086,0.5562
1745435637342,89648,161210,0.5561
1745435637369,89711,161388,0.5559
1745435637409,89794,161618,0.5556
1745435637420,89891,161884,0.5553
1745435637451,89990,162157,0.5550
1745435637461,90082,162411,0.5547
1745435637470,90161,162629,0.5544
1745435637530,90227,162809,0.5542
1745435637562,90284,162963,0.5540
1745435637576,90335,163099,0.5539
1745435637608,90381,163220,0.5537
1745435637663,90419,163320,0.5536
1745435637727,90448,163394,0.5536
1745435637736,90468,163443,0.5535
1745435637791,90478,163464,0.5535
1745435637806,90475,163447,0.5535
1745435637837,90455,163382,0.5536
1745435637844,90414,163263,0.5538
1745435637850,90354,163091,0.5540
1745435637875,90276,162873,0.5543
1745435637893,90184,162621,0.5546
1745435637999,90084,162350,0.5549
1745435638022,89984,162081,0.5552
1745435638029,89896,161840,0.5555
1745435638041,89830,161660,0.5557
1745435638078,89798,161566,0.5558
1745435638114,89806,161573,0.5558
1745435638134,89850,161673,0.5557
1745435638159,89920,161841,0.5556
1745435638239,90000,162034,0.5554
1745435638258,90076,162211,0.5553
1745435638265,90134,162343,0.5552
1745435638276,90168,162414,0.5552
1745435638330,90174,162417,0.5552
1745435638350,90150,162346,0.5553
1745435638373,90097,162206,0.5554
1745435638404,90022,162013,0.5556
1745435638437,89935,161787,0.5559
1745435638505,89845,161555,0.5561
1745435638528,89764,161343,0.5564
1745435638538,89703,161180,0.5565
1745435638561,89671,161096,0.5566
1745435638583,89677,161109,0.5566
1745435638605,89721,161221,0.5565
1745435638654,89796,161409,0.5563
1745435638775,89884,161624,0.5561
1745435638806,89962,161811,0.5560
1745435638812,90014,161924,0.5559
1745435638820,90031,161945,0.5559
1745435638827,90017,161888,0.5560
1745435638854,89987,161792,0.5562
1745435638865,89961,161710,0.5563
1745435638908,89955,161682,0.5564
1745435638953,89972,161715,0.5564
1745435638966,90001,161779,0.5563
1745435639071,90024,161826,0.5563
1745435639082,90027,161819,0.5563
1745435639094,90004,161741,0.5565
1745435639104,89955,161599,0.5567
1745435639137,89888,161412,0.5569
1745435639149,89811,161204,0.5571
1745435639173,89733,160996,0.5574
1745435639213,89658,160803,0.5576
1745435639266,89592,160628,0.5578
1745435639321,89535,160478,0.5579
1745435639388,89493,160360,0.5581
1745435639399,89467,160282,0.5582
1745435639427,89456,160242,0.5583
1745435639439,89455,160227,0.5583
1745435639454,89456,160220,0.5583
1745435639496,89455,160211,0.5584
1745435639505,89453,160201,0.5584
1745435639542,89452,160197,0.5584
1745435639548,89456,160210,0.5584
1745435639580,89469,160249,0.5583
1745435639729,89498,160328,0.5582
1745435639761,89548,160465,0.5581
1745435639771,89622,160660,0.5578
1745435639780,89714,160897,0.5576
1745435639788,89808,161142,0.5573
1745435639808,89892,161362,0.5571
1745435639820,89958,161538,0.5569
1745435639852,90004,161666,0.5567
1745435639864,90037,161763,0.5566
1745435639905,90069,161858,0.5565
1745435639966,90113,161983,0.5563
1745435639993,90177,162160,0.5561
1745435640070,90263,162390,0.5558
1745435640088,90363,162656,0.5555
1745435640098,90468,162928,0.5553
1745435640108,90567,163183,0.5550
1745435640115,90656,163412,0.5548
1745435640146,90739,163620,0.5546
1745435640167,90815,163815,0.5544
1745435640240,90888,163999,0.5542
1745435640263,90957,164176,0.5540
1745435640296,91027,164356,0.5538
1745435640330,91101,164547,0.5536
1745435640356,91176,164746,0.5534
1745435640365,91250,164944,0.5532
1745435640393,91318,165129,0.5530
1745435640420,91378,165294,0.5528
1745435640478,91431,165442,0.5526
1745435640524,91480,165575,0.5525
1745435640563,91524,165693,0.5524
1745435640577,91566,165804,0.5523
1745435640600,91611,165921,0.5521
1745435640611,91667,166065,0.5520
1745435640645,91737,166248,0.5518
1745435640671,91820,166464,0.5516
1745435640707,91908,166696,0.5513
1745435640744,91991,166917,0.5511
1745435640857,92059,167096,0.5509
1745435640875,92100,167205,0.5508
1745435640887,92107,167227,0.5508
1745435640899,92082,167168,0.5508
1745435640929,92036,167061,0.5509
1745435640946,91987,166950,0.5510
1745435640970,91949,166871,0.5510
1745435640978,91932,166841,0.5510
1745435641014,91935,166858,0.5510
1745435641076,91953,166907,0.5509
1745435641120,91980,166968,0.5509
1745435641129,92008,167029,0.5509
1745435641139,92033,167079,0.5508
1745435641172,92053,167115,0.5508
1745435641202,92064,167132,0.5508
1745435641248,92065,167123,0.5509
1745435641267,92051,167082,0.5509
1745435641278,92024,167010,0.5510
1745435641359,91988,166922,0.5511
1745435641383,91951,166832,0.5512
1745435641429,91918,166749,0.5512
1745435641461,91889,166676,0.5513
1745435641474,91866,166617,0.5514
1745435641499,91849,166575,0.5514
1745435641511,91841,166556,0.5514
1745435641539,91838,166552,0.5514
1745435641604,91838,166550,0.5514
1745435641631,91834,166536,0.5514
1745435641658,91821,166497,0.5515
1745435641686,91798,166426,0.5516
1745435641697,91764,166331,0.5517
1745435641719,91724,166223,0.5518
1745435641779,91685,166121,0.5519
1745435641876,91652,166039,0.5520
1745435641925,91631,165988,0.5520
1745435641933,91621,165968,0.5520
1745435641947,91622,165973,0.5520
1745435641976,91631,165999,0.5520
1745435641985,91648,166040,0.5520
1745435642004,91669,166089,0.5519
1745435642028,91690,166131,0.5519
1745435642055,91703,166152,0.5519
1745435642061,91705,166145,0.5520
1745435642150,91698,166117,0.5520
1745435642164,91683,166074,0.5521
1745435642184,91662,166020,0.5521
1745435642195,91636,165956,0.5522
1745435642230,91607,165881,0.5522
1745435642296,91575,165795,0.5523
1745435642315,91539,165696,0.5525
1745435642336,91499,165582,0.5526
1745435642474,91455,165458,0.5527
1745435642497,91408,165330,0.5529
1745435642513,91362,165202,0.5530
1745435642522,91315,165074,0.5532
1745435642528,91266,164940,0.5533
1745435642544,91210,164787,0.5535
1745435642573,91145,164608,0.5537
1745435642590,91068,164398,0.5540
1745435642755,90977,164149,0.5542
1745435642765,90869,163851,0.5546
1745435642773,90739,163495,0.5550
1745435642779,90589,163081,0.5555
1745435642784,90422,162622,0.5560
1745435642794,90249,162142,0.5566
1745435642820,90082,161678,0.5572
1745435642828,89935,161267,0.5577
1745435642860,89814,160929,0.5581
1745435642889,89721,160666,0.5584
1745435642929,89651,160464,0.5587
1745435642968,89597,160306,0.5589
1745435642978,89555,160180,0.5591
1745435643029,89522,160079,0.5592
1745435643062,89499,160007,0.5593
1745435643096,89489,159972,0.5594
1745435643126,89496,159982,0.5594
1745435643158,89523,160046,0.5594
1745435643166,89574,160173,0.5592
1745435643199,89651,160368,0.5590
1745435643331,89748,160618,0.5588
1745435643357,89852,160889,0.5585
1745435643366,89949,161144,0.5582
1745435643374,90029,161355,0.5580
1745435643401,90089,161514,0.5578
1745435643411,90135,161632,0.5577
1745435643420,90175,161735,0.5575
1745435643457,90221,161850,0.5574
1745435643595,90278,161995,0.5573
1745435643617,90347,162171,0.5571
1745435643625,90422,162364,0.5569
1745435643633,90498,162562,0.5567
1745435643641,90574,162758,0.5565
1745435643666,90648,162952,0.5563
1745435643701,90724,163150,0.5561
1745435643725,90802,163354,0.5559
1745435643756,90881,163563,0.5556
1745435643766,90960,163776,0.5554
1745435643808,91039,163991,0.5551
1745435643860,91117,164203,0.5549
1745435643890,91189,164400,0.5547
1745435643920,91253,164570,0.5545
1745435643930,91309,164716,0.5543
1745435643965,91360,164848,0.5542
1745435643990,91413,164981,0.5541
1745435644010,91471,165123,0.5540
1745435644130,91535,165281,0.5538
1745435644151,91605,165458,0.5536
1745435644159,91683,165661,0.5534
1745435644167,91775,165900,0.5532
1745435644175,91886,166191,0.5529
1745435644211,92021,166545,0.5525
1745435644230,92180,166959,0.5521
1745435644299,92355,167411,0.5517
1745435644314,92530,167860,0.5512
1745435644393,92689,168262,0.5509
1745435644413,92823,168588,0.5506
1745435644422,92934,168834,0.5504
1745435644453,93030,169012,0.5504
1745435644463,93122,169145,0.5505
1745435644491,93217,169260,0.5507
1745435644509,93320,169385,0.5509
1745435644550,93431,169537,0.5511
1745435644571,93545,169715,0.5512
1745435644630,93646,169895,0.5512
1745435644719,93721,170039,0.5512
1745435644730,93759,170122,0.5511
1745435644755,93762,170134,0.5511
1745435644763,93738,170092,0.5511
1745435644798,93705,170028,0.5511
1745435644827,93681,169978,0.5511
1745435644857,93677,169975,0.5511
1745435644897,93699,170031,0.5511
1745435644947,93741,170139,0.5510
1745435644971,93796,170281,0.5508
1745435644980,93854,170438,0.5507
1745435644987,93909,170587,0.5505
1745435645018,93947,170695,0.5504
1745435645038,93958,170735,0.5503
1745435645100,93937,170696,0.5503
1745435645113,93889,170588,0.5504
1745435645221,93824,170436,0.5505
1745435645255,93753,170264,0.5506
1745435645266,93680,170085,0.5508
1745435645303,93610,169908,0.5509
1745435645311,93544,169741,0.5511
1745435645324,93485,169586,0.5513
1745435645361,93433,169448,0.5514
1745435645383,93391,169336,0.5515
1745435645411,93363,169257,0.5516
1745435645460,93348,169211,0.5517
1745435645482,93340,169187,0.5517
1745435645491,93333,169169,0.5517
1745435645516,93321,169143,0.5517
1745435645560,93305,169107,0.5517
1745435645578,93284,169060,0.5518
1745435645616,93259,169000,0.5518
1745435645637,93231,168927,0.5519
1745435645727,93201,168847,0.5520
1745435645766,93172,168766,0.5521
1745435645795,93144,168686,0.5522
1745435645822,93109,168593,0.5523
1745435645831,93060,168468,0.5524
1745435645842,92992,168298,0.5525
1745435645882,92906,168081,0.5527
1745435645924,92803,167822,0.5530
1745435645941,92687,167526,0.5533
1745435645948,92563,167206,0.5536
1745435646026,92439,166883,0.5539
1745435646046,92326,166584,0.5542
1745435646054,92232,166337,0.5545
1745435646091,92163,166158,0.5547
1745435646098,92124,166056,0.5548
1745435646126,92116,166038,0.5548
1745435646196,92139,166098,0.5547
1745435646227,92181,166205,0.5546
1745435646294,92227,166313,0.5545
1745435646341,92259,166382,0.5545
1745435646400,92267,166390,0.5545
1745435646439,92247,166331,0.5546
1745435646462,92198,166201,0.5547
1745435646475,92120,166005,0.5549
1745435646490,92020,165752,0.5552
1745435646515,91905,165466,0.5554
1745435646532,91785,165167,0.5557
1745435646541,91668,164874,0.5560
1745435646574,91560,164604,0.5562
1745435646599,91472,164383,0.5565
1745435646676,91413,164234,0.5566
1745435646692,91389,164174,0.5567
1745435646700,91400,164203,0.5566
1745435646748,91439,164304,0.5565
1745435646772,91499,164458,0.5564
1745435646781,91571,164646,0.5562
1745435646824,91645,164842,0.5560
1745435646857,91711,165016,0.5558
1745435646917,91757,165138,0.5556
1745435646948,91779,165202,0.5556
1745435646954,91785,165227,0.5555
1745435646978,91789,165251,0.5555
1745435647000,91805,165311,0.5553
1745435647029,91845,165432,0.5552
1745435647071,91912,165621,0.5550
1745435647082,92003,165864,0.5547
1745435647110,92107,166139,0.5544
1745435647141,92215,166420,0.5541
1745435647211,92322,166696,0.5538
1745435647260,92431,166976,0.5536
1745435647275,92549,167283,0.5532
1745435647325,92687,167638,0.5529
1745435647372,92843,168037,0.5525
1745435647380,93007,168457,0.5521
1745435647391,93166,168862,0.5517
1745435647427,93306,169225,0.5514
1745435647434,93425,169534,0.5511
1745435647457,93525,169801,0.5508
1745435647513,93622,170056,0.5505
1745435647553,93734,170341,0.5503
1745435647563,93874,170688,0.5500
1745435647595,94047,171104,0.5496
1745435647613,94240,171562,0.5493
1745435647679,94432,172009,0.5490
1745435647701,94597,172392,0.5487
1745435647729,94720,172675,0.5485
1745435647773,94800,172859,0.5484
1745435647799,94855,172985,0.5483
1745435647845,94915,173121,0.5483
1745435647865,95010,173332,0.5481
1745435647912,95156,173650,0.5480
1745435647987,95347,174068,0.5478
1745435648022,95568,174551,0.5475
1745435648030,95795,175062,0.5472
1745435648059,96008,175566,0.5468
1745435648075,96190,176042,0.5464
1745435648115,96338,176479,0.5459
1745435648123,96458,176885,0.5453
1745435648143,96560,177264,0.5447
1745435648249,96652,177610,0.5442
1745435648295,96731,177900,0.5437
1745435648313,96788,178101,0.5434
1745435648324,96811,178189,0.5433
1745435648332,96795,178154,0.5433
1745435648364,96743,178018,0.5434
1745435648375,96673,177830,0.5436
1745435648406,96607,177655,0.5438
1745435648443,96566,177544,0.5439
1745435648454,96553,177507,0.5439
1745435648476,96559,177518,0.5439
1745435648579,96564,177532,0.5439
1745435648603,96553,177507,0.5439
1745435648612,96518,177422,0.5440
1745435648623,96456,177272,0.5441
1745435648631,96369,177060,0.5443
1745435648683,96261,176804,0.5445
1745435648709,96145,176528,0.5446
1745435648717,96027,176254,0.5448
1745435648748,95912,175985,0.5450
1745435648768,95793,175707,0.5452
1745435648868,95661,175395,0.5454
1745435648877,95509,175029,0.5457
1745435648890,95334,174601,0.5460
1745435648927,95137,174116,0.5464
1745435648984,94923,173588,0.5468
1745435648996,94701,173035,0.5473
1745435649013,94480,172484,0.5478
1745435649057,94269,171960,0.5482
1745435649097,94076,171478,0.5486
1745435649108,93901,171040,0.5490
1745435649126,93745,170647,0.5493
1745435649223,93609,170303,0.5497
1745435649232,93495,170013,0.5499
1745435649253,93400,169771,0.5502
1745435649262,93316,169559,0.5503
1745435649306,93237,169358,0.5505
1745435649316,93157,169156,0.5507
1745435649357,93074,168942,0.5509
1745435649377,92983,168709,0.5511
1745435649497,92884,168455,0.5514
1745435649521,92782,168194,0.5516
1745435649529,92685,167946,0.5519
1745435649544,92603,167737,0.5521
1745435649555,92543,167582,0.5522
1745435649594,92510,167496,0.5523
1745435649622,92510,167493,0.5523
1745435649663,92544,167579,0.5522
1745435649679,92613,167754,0.5521
1745435649707,92707,167996,0.5518
1745435649775,92816,168277,0.5516
1745435649830,92930,168570,0.5513
1745435649843,93038,168851,0.5510
1745435649859,93135,169103,0.5508
1745435649889,93214,169311,0.5505
1745435649905,93276,169477,0.5504
1745435649943,93328,169616,0.5502
1745435649983,93377,169747,0.5501
1745435649997,93427,169879,0.5500
1745435650024,93480,170020,0.5498
1745435650031,93539,170176,0.5497
1745435650091,93606,170354,0.5495
1745435650130,93681,170554,0.5493
1745435650158,93763,170769,0.5491
1745435650194,93846,170989,0.5488
1745435650205,93927,171204,0.5486
1745435650246,94005,171411,0.5484
1745435650296,94078,171605,0.5482
1745435650331,94144,171779,0.5481
1745435650345,94197,171917,0.5479
1745435650374,94230,172003,0.5478
1745435650395,94235,172021,0.5478
1745435650448,94209,171962,0.5478
1745435650484,94152,171827,0.5479
1745435650495,94073,171638,0.5481
1745435650524,93987,171433,0.5482
1745435650534,93909,171248,0.5484
1745435650578,93849,171110,0.5485
1745435650612,93808,171022,0.5485
1745435650694,93782,170972,0.5485
1745435650702,93761,170934,0.5485
1745435650709,93735,170884,0.5485
1745435650791,93702,170814,0.5486
1745435650812,93665,170731,0.5486
1745435650822,93633,170655,0.5487
1745435650828,93612,170607,0.5487
1745435650879,93605,170596,0.5487
1745435650911,93611,170616,0.5487
1745435650923,93623,170653,0.5486
1745435650958,93636,170690,0.5486
1745435650996,93643,170712,0.5485
1745435651033,93638,170700,0.5486
1745435651131,93613,170638,0.5486
1745435651140,93564,170521,0.5487
1745435651180,93496,170361,0.5488
1745435651197,93418,170178,0.5489
1745435651207,93335,169984,0.5491
1745435651250,93248,169779,0.5492
1745435651258,93155,169552,0.5494
1745435651264,93049,169291,0.5496
1745435651272,92925,168982,0.5499
1745435651332,92779,168621,0.5502
1745435651348,92617,168221,0.5506
1745435651446,92451,167810,0.5509
1745435651464,92294,167425,0.5513
1745435651478,92157,167088,0.5515
1745435651509,92045,166809,0.5518
1745435651517,91959,166593,0.5520
1745435651539,91899,166439,0.5521
1745435651571,91864,166342,0.5523
1745435651581,91843,166281,0.5523
1745435651628,91823,166225,0.5524
1745435651673,91792,166144,0.5525
1745435651705,91741,166019,0.5526
1745435651772,91666,165836,0.5527
1745435651779,91564,165590,0.5530
1745435651785,91437,165276,0.5532
1745435651817,91288,164904,0.5536
1745435651840,91126,164491,0.5540
1745435651879,90962,164064,0.5544
1745435651913,90809,163660,0.5549
1745435651946,90683,163323,0.5552
1745435651973,90596,163086,0.5555
1745435652106,90553,162960,0.5557
1745435652147,90546,162928,0.5557
1745435652162,90561,162954,0.5557
1745435652172,90583,162999,0.5557
1745435652226,90599,163032,0.5557
1745435652234,90604,163040,0.5557
1745435652243,90597,163016,0.5558
1745435652264,90579,162964,0.5558
1745435652274,90550,162886,0.5559
1745435652296,90514,162785,0.5560
1745435652364,90468,162663,0.5562
1745435652394,90412,162519,0.5563
1745435652402,90348,162356,0.5565
1745435652429,90278,162188,0.5566
1745435652443,90213,162034,0.5568
1745435652476,90161,161912,0.5568
1745435652533,90130,161842,0.5569
1745435652658,90128,161838,0.5569
1745435652674,90157,161908,0.5568
1745435652681,90214,162047,0.5567
1745435652695,90291,162242,0.5565
1745435652705,90379,162466,0.5563
1745435652718,90465,162686,0.5561
1745435652793,90537,162874,0.5559
1745435652809,90591,163018,0.5557
1745435652840,90628,163119,0.5556
1745435652855,90650,163191,0.5555
1745435652922,90666,163249,0.5554
1745435652973,90686,163322,0.5553
1745435653010,90722,163439,0.5551
1745435653029,90782,163621,0.5548
1745435653045,90868,163869,0.5545
1745435653130,90972,164165,0.5542
1745435653220,91083,164475,0.5538
1745435653239,91186,164763,0.5534
1745435653256,91268,164996,0.5532
1745435653264,91321,165151,0.5530
1745435653275,91345,165230,0.5528
1745435653305,91352,165266,0.5528
1745435653314,91364,165312,0.5527
1745435653438,91402,165427,0.5525
1745435653449,91479,165644,0.5523
1745435653476,91593,165959,0.5519
1745435653482,91731,166339,0.5515
1745435653488,91879,166741,0.5510
1745435653494,92023,167128,0.5506
1745435653500,92155,167479,0.5502
1745435653544,92273,167788,0.5499
1745435653553,92379,168066,0.5497
1745435653596,92479,168326,0.5494
1745435653623,92574,168575,0.5492
1745435653756,92663,168809,0.5489
1745435653790,92738,169010,0.5487
1745435653798,92791,169155,0.5486
1745435653807,92814,169225,0.5485
1745435653813,92807,169216,0.5485
1745435653825,92778,169153,0.5485
1745435653837,92746,169084,0.5485
1745435653844,92730,169060,0.5485
1745435653882,92740,169103,0.5484
1745435653911,92766,169184,0.5483
1745435653920,92778,169227,0.5482
1745435653994,92743,169141,0.5483
1745435654077,92637,168867,0.5486
1745435654095,92458,168406,0.5490
1745435654131,92235,167833,0.5496
1745435654141,92017,167279,0.5501
1745435654150,91862,166894,0.5504
1745435654168,91810,166780,0.5505
1745435654176,91868,166947,0.5503
1745435654197,92002,167305,0.5499
1745435654234,92157,167713,0.5495
1745435654255,92284,168042,0.5492
1745435654398,92355,168223,0.5490
1745435654415,92368,168253,0.5490
1745435654425,92337,168171,0.5491
1745435654434,92283,168032,0.5492
1745435654445,92224,167886,0.5493
1745435654476,92170,167756,0.5494
1745435654483,92123,167641,0.5495
1745435654492,92077,167531,0.5496
1745435654512,92033,167422,0.5497
1745435654640,91994,167324,0.5498
1745435654656,91965,167249,0.5499
1745435654662,91945,167199,0.5499
1745435654671,91932,167164,0.5499
1745435654718,91916,167124,0.5500
1745435654750,91891,167056,0.5501
1745435654787,91845,166938,0.5502
1745435654797,91776,166760,0.5504
1745435654816,91686,166527,0.5506
1745435654863,91582,166258,0.5508
1745435654904,91474,165974,0.5511
1745435654931,91366,165689,0.5514
1745435654959,91262,165413,0.5517
1745435654970,91168,165162,0.5520
1745435654993,91088,164948,0.5522
1745435655021,91023,164776,0.5524
1745435655061,90967,164628,0.5526
1745435655128,90912,164481,0.5527
1745435655157,90853,164325,0.5529
1745435655164,90792,164167,0.5530
1745435655217,90734,164017,0.5532
1745435655238,90680,163882,0.5533
1745435655260,90632,163764,0.5534
1745435655303,90592,163667,0.5535
1745435655313,90563,163602,0.5536
1745435655358,90551,163578,0.5536
1745435655396,90556,163600,0.5535
1745435655450,90579,163669,0.5534
1745435655481,90618,163782,0.5533
1745435655497,90671,163928,0.5531
1745435655524,90731,164090,0.5529
1745435655533,90791,164250,0.5528
1745435655564,90847,164399,0.5526
1745435655604,90900,164544,0.5524
1745435655622,90957,164700,0.5523
1745435655641,91021,164881,0.5520
1745435655791,91092,165085,0.5518
1745435655819,91170,165308,0.5515
1745435655830,91256,165554,0.5512
1745435655839,91354,165833,0.5509
1745435655847,91463,166143,0.5505
1745435655854,91582,166473,0.5501
1745435655879,91706,166813,0.5498
1745435655921,91834,167157,0.5494
1745435655937,91965,167507,0.5490
1745435656033,92097,167857,0.5487
1745435656053,92225,168201,0.5483
1745435656059,92345,168528,0.5480
1745435656065,92452,168825,0.5476
1745435656102,92541,169077,0.5473
1745435656123,92605,169268,0.5471
1745435656158,92645,169393,0.5469
1745435656193,92666,169469,0.5468
1745435656272,92683,169530,0.5467
1745435656281,92709,169613,0.5466
1745435656290,92752,169736,0.5464
1745435656327,92811,169903,0.5463
1745435656351,92880,170100,0.5460
1745435656363,92952,170308,0.5458
1745435656407,93021,170509,0.5455
1745435656418,93081,170690,0.5453
1745435656444,93133,170846,0.5451
1745435656472,93177,170979,0.5450
1745435656540,93214,171087,0.5448
1745435656549,93241,171166,0.5447
1745435656581,93256,171210,0.5447
1745435656607,93255,171216,0.5447
1745435656643,93239,171186,0.5447
1745435656688,93208,171124,0.5447
1745435656779,93165,171040,0.5447
1745435656829,93119,170948,0.5447
1745435656853,93074,170863,0.5447
1745435656862,93033,170787,0.5447
1745435656869,92995,170711,0.5447
1745435656900,92952,170622,0.5448
1745435656920,92905,170514,0.5449
1745435656934,92854,170395,0.5449
1745435656967,92805,170274,0.5450
1745435657134,92756,170155,0.5451
1745435657161,92707,170032,0.5452
1745435657169,92654,169896,0.5454
1745435657177,92594,169743,0.5455
1745435657183,92527,169573,0.5456
1745435657191,92454,169386,0.5458
1745435657224,92374,169182,0.5460
1745435657233,92288,168962,0.5462
1745435657251,92195,168728,0.5464
1745435657300,92098,168487,0.5466
1745435657314,92000,168248,0.5468
1745435657391,91909,168029,0.5470
1745435657428,91832,167850,0.5471
1745435657455,91778,167724,0.5472
1745435657506,91743,167646,0.5472
1745435657518,91720,167589,0.5473
1745435657528,91695,167522,0.5474
1745435657555,91660,167421,0.5475
1745435657564,91607,167276,0.5476
1745435657597,91538,167084,0.5479
1745435657667,91453,166853,0.5481
1745435657683,91362,166602,0.5484
1745435657723,91272,166356,0.5487
1745435657733,91190,166131,0.5489
1745435657757,91118,165931,0.5491
1745435657789,91055,165754,0.5493
1745435657810,90999,165599,0.5495
1745435657851,90953,165469,0.5497
1745435657886,90919,165371,0.5498
1745435657943,90897,165304,0.5499
1745435657960,90885,165261,0.5499
1745435657996,90880,165237,0.5500
1745435658014,90878,165220,0.5500
1745435658049,90871,165193,0.5501
1745435658069,90852,165131,0.5502
1745435658097,90811,165014,0.5503
1745435658124,90748,164840,0.5505
1745435658158,90671,164626,0.5508
1745435658206,90588,164399,0.5510
1745435658214,90510,164177,0.5513
1745435658260,90440,163976,0.5515
1745435658279,90381,163805,0.5518
1745435658310,90335,163670,0.5519
1745435658341,90300,163571,0.5521
1745435658377,90277,163507,0.5521
1745435658413,90267,163482,0.5522
1745435658546,90272,163496,0.5521
1745435658560,90291,163548,0.5521
1745435658565,90322,163629,0.5520
1745435658572,90361,163727,0.5519
1745435658578,90402,163829,0.5518
1745435658612,90441,163922,0.5517
1745435658631,90470,163989,0.5517
1745435658677,90484,164018,0.5517
1745435658685,90482,164007,0.5517
1745435658777,90471,163978,0.5517
1745435658802,90465,163964,0.5517
1745435658810,90473,163993,0.5517
1745435658843,90505,164082,0.5516
1745435658875,90563,164244,0.5514
1745435658902,90655,164489,0.5511
1745435658915,90780,164824,0.5508
1745435658956,90936,165237,0.5503
1745435658966,91111,165700,0.5499
1745435658995,91288,166172,0.5494
1745435659093,91454,166615,0.5489
1745435659114,91599,167005,0.5485
1745435659120,91721,167332,0.5481
1745435659143,91822,167602,0.5479
1745435659166,91907,167829,0.5476
1745435659195,91986,168036,0.5474
1745435659227,92066,168245,0.5472
1745435659253,92152,168470,0.5470
1745435659278,92246,168717,0.5468
1745435659314,92350,168990,0.5465
1745435659401,92466,169292,0.5462
1745435659433,92591,169620,0.5459
1745435659446,92719,169953,0.5456
1745435659453,92840,170265,0.5453
1745435659482,92943,170531,0.5450
1745435659532,93026,170741,0.5448
1745435659566,93089,170898,0.5447
1745435659630,93137,171010,0.5446
1745435659657,93175,171093,0.5446
1745435659665,93209,171163,0.5446
1745435659674,93244,171230,0.5446
1745435659709,93277,171293,0.5445
1745435659718,93306,171346,0.5445
1745435659742,93327,171381,0.5446
1745435659914,93337,171395,0.5446
1745435659948,93336,171383,0.5446
1745435659958,93323,171342,0.5447
1745435659966,93294,171263,0.5447
1745435659975,93248,171145,0.5448
1745435659996,93185,170986,0.5450
1745435660003,93105,170784,0.5452
1745435660026,93005,170530,0.5454
1745435660035,92876,170201,0.5457
1745435660062,92707,169767,0.5461
1745435660144,92490,169207,0.5466
1745435660159,92230,168540,0.5472
1745435660166,91953,167831,0.5479
1745435660176,91697,167174,0.5485
1745435660211,91497,166656,0.5490
1745435660255,91372,166327,0.5494
1745435660301,91328,166196,0.5495
1745435660386,91353,166238,0.5495
1745435660428,91431,166411,0.5494
1745435660435,91541,166667,0.5492
1745435660450,91664,166961,0.5490
1745435660479,91784,167255,0.5488
1745435660492,91888,167513,0.5485
1745435660504,91964,167707,0.5484
1745435660546,92012,167827,0.5483
1745435660567,92033,167883,0.5482
1745435660593,92035,167888,0.5482
1745435660669,92022,167853,0.5482
1745435660683,91998,167787,0.5483
1745435660689,91966,167699,0.5484
1745435660717,91930,167595,0.5485
1745435660741,91889,167479,0.5487
1745435660775,91841,167345,0.5488
1745435660800,91783,167184,0.5490
1745435660916,91710,166987,0.5492
1745435660972,91621,166748,0.5495
1745435660981,91518,166478,0.5497
1745435660988,91413,166204,0.5500
1745435661001,91323,165971,0.5502
1745435661026,91266,165823,0.5504
1745435661046,91255,165794,0.5504
1745435661053,91294,165891,0.5503
1745435661101,91378,166106,0.5501
1745435661147,91499,166417,0.5498
1745435661178,91644,166795,0.5494
1745435661220,91801,167202,0.5490
1745435661231,91951,167594,0.5487
1745435661254,92081,167936,0.5483
1745435661280,92184,168209,0.5480
1745435661312,92260,168416,0.5478
1745435661349,92316,168571,0.5476
1745435661383,92357,168685,0.5475
1745435661457,92388,168770,0.5474
1745435661478,92415,168844,0.5473
1745435661485,92448,168931,0.5473
1745435661518,92499,169062,0.5471
1745435661537,92581,169272,0.5469
1745435661549,92708,169597,0.5466
1745435661582,92892,170064,0.5462
1745435661608,93137,170684,0.5457
1745435661708,93439,171443,0.5450
1745435661721,93784,172302,0.5443
1745435661754,94149,173202,0.5436
1745435661785,94511,174086,0.5429
1745435661814,94849,174904,0.5423
1745435661822,95147,175620,0.5418
1745435661851,95390,176203,0.5414
1745435662029,95571,176636,0.5411
1745435662053,95689,176921,0.5409
1745435662063,95753,177079,0.5407
1745435662070,95778,177146,0.5407
1745435662079,95776,177150,0.5406
1745435662087,95757,177114,0.5406
1745435662121,95726,177051,0.5407
1745435662130,95689,176969,0.5407
1745435662138,95644,176868,0.5408
1745435662166,95594,176752,0.5408
1745435662253,95541,176628,0.5409
1745435662278,95494,176515,0.5410
1745435662285,95460,176432,0.5411
1745435662295,95439,176380,0.5411
1745435662343,95424,176339,0.5411
1745435662376,95400,176272,0.5412
1745435662386,95352,176144,0.5413
1745435662432,95271,175937,0.5415
1745435662471,95158,175654,0.5417
1745435662556,95027,175330,0.5420
1745435662632,94895,175006,0.5422
1745435662643,94780,174725,0.5425
1745435662651,94691,174507,0.5426
1745435662682,94627,174347,0.5428
1745435662692,94580,174222,0.5429
1745435662699,94540,174109,0.5430
1745435662729,94499,173990,0.5431
1745435662737,94455,173860,0.5433
1745435662749,94406,173719,0.5434
1745435662781,94355,173574,0.5436
1745435662832,94308,173441,0.5437
1745435662887,94271,173331,0.5439
1745435662911,94243,173244,0.5440
1745435662921,94224,173171,0.5441
1745435662955,94207,173099,0.5442
1745435662983,94184,173002,0.5444
1745435663048,94145,172855,0.5446
1745435663089,94079,172637,0.5449
1745435663104,93986,172354,0.5453
1745435663137,93878,172036,0.5457
1745435663167,93769,171722,0.5460
1745435663229,93667,171439,0.5464
1745435663272,93577,171195,0.5466
1745435663285,93497,170984,0.5468
1745435663324,93422,170792,0.5470
1745435663336,93349,170607,0.5472
1745435663349,93275,170421,0.5473
1745435663358,93204,170244,0.5475
1745435663400,93147,170098,0.5476
1745435663455,93114,170011,0.5477
1745435663491,93107,169990,0.5477
1745435663531,93124,170025,0.5477
1745435663587,93161,170107,0.5477
1745435663597,93224,170251,0.5476
1745435663605,93327,170490,0.5474
1745435663631,93481,170856,0.5471
1745435663654,93687,171351,0.5468
1745435663694,93930,171941,0.5463
1745435663703,94188,172572,0.5458
1745435663810,94436,173182,0.5453
1745435663838,94657,173728,0.5449
1745435663852,94845,174191,0.5445
1745435663862,95002,174580,0.5442
1745435663904,95141,174924,0.5439
1745435663914,95277,175259,0.5436
1745435664001,95421,175614,0.5434
1745435664012,95581,176004,0.5431
1745435664040,95756,176429,0.5427
1745435664063,95945,176882,0.5424
1745435664088,96140,177346,0.5421
1745435664101,96334,177804,0.5418
1745435664164,96519,178242,0.5415
1745435664178,96690,178646,0.5412
1745435664229,96839,179001,0.5410
1745435664240,96960,179290,0.5408
1745435664254,97051,179510,0.5406
1745435664288,97115,179672,0.5405
1745435664323,97163,179798,0.5404
1745435664362,97205,179914,0.5403
1745435664373,97251,180039,0.5402
1745435664381,97307,180188,0.5400
1745435664420,97377,180364,0.5399
1745435664505,97458,180562,0.5397
1745435664550,97542,180763,0.5396
1745435664566,97621,180949,0.5395
1745435664605,97689,181107,0.5394
1745435664618,97742,181233,0.5393
1745435664628,97782,181329,0.5393
1745435664653,97808,181392,0.5392
1745435664675,97819,181422,0.5392
1745435664749,97817,181420,0.5392
1745435664774,97804,181393,0.5392
1745435664785,97787,181357,0.5392
1745435664814,97777,181333,0.5392
1745435664861,97784,181344,0.5392
1745435664872,97811,181402,0.5392
1745435664887,97854,181495,0.5392
1745435664939,97898,181596,0.5391
1745435664991,97927,181662,0.5391
1745435665004,97924,181656,0.5391
1745435665054,97879,181555,0.5391
1745435665116,97794,181359,0.5392
1745435665127,97678,181089,0.5394
1745435665149,97550,180787,0.5396
1745435665157,97426,180494,0.5398
1745435665164,97322,180242,0.5400
1745435665206,97243,180043,0.5401
1745435665225,97186,179898,0.5402
1745435665247,97149,179797,0.5403
1745435665287,97125,179727,0.5404
1745435665300,97104,179666,0.5405
1745435665360,97079,179597,0.5405
1745435665370,97045,179509,0.5406
1745435665404,97001,179399,0.5407
1745435665439,96948,179270,0.5408
1745435665481,96887,179126,0.5409
1745435665519,96823,178975,0.5410
1745435665557,96759,178825,0.5411
1745435665582,96699,178686,0.5412
1745435665636,96643,178558,0.5412
1745435665665,96594,178442,0.5413
1745435665672,96553,178344,0.5414
1745435665704,96524,178271,0.5414
1745435665724,96508,178224,0.5415
1745435665813,96496,178185,0.5415
1745435665841,96473,178120,0.5416
1745435665851,96423,177991,0.5417
1745435665860,96331,177768,0.5419
1745435665886,96192,177436,0.5421
1745435665946,96011,177004,0.5424
1745435666022,95806,176515,0.5428
1745435666060,95605,176035,0.5431
1745435666069,95437,175632,0.5434
1745435666076,95320,175349,0.5436
1745435666085,95255,175187,0.5437
1745435666308,95226,175107,0.5438
1745435666337,95207,175046,0.5439
1745435666345,95167,174936,0.5440
1745435666352,95085,174724,0.5442
1745435666358,94950,174387,0.5445
1745435666366,94773,173952,0.5448
1745435666373,94585,173490,0.5452
1745435666380,94422,173094,0.5455
1745435666435,94319,172842,0.5457
1745435666483,94293,172773,0.5458
1745435666508,94345,172890,0.5457
1745435666515,94470,173179,0.5455
1745435666521,94664,173632,0.5452
1745435666546,94928,174253,0.5448
1745435666582,95260,175034,0.5442
1745435666596,95644,175943,0.5436
1745435666631,96050,176902,0.5430
1745435666672,96432,177805,0.5423
1745435666738,96743,178542,0.5418
1745435666754,96950,179040,0.5415
1745435666830,97050,179289,0.5413
1745435666847,97065,179343,0.5412
1745435666856,97037,179300,0.5412
1745435666885,97013,179267,0.5412
1745435666891,97031,179328,0.5411
1745435666899,97110,179529,0.5409
1745435666917,97257,179879,0.5407
1745435666968,97464,180363,0.5404
1745435667013,97719,180948,0.5400
1745435667048,98001,181590,0.5397
1745435667055,98286,182234,0.5393
1745435667076,98551,182834,0.5390
1745435667085,98783,183359,0.5387
1745435667118,98976,183797,0.5385
1745435667174,99131,184151,0.5383
1745435667207,99256,184437,0.5382
1745435667236,99360,184682,0.5380
1745435667265,99459,184918,0.5379
1745435667353,99564,185172,0.5377
1745435667385,99679,185458,0.5375
1745435667396,99804,185767,0.5373
1745435667432,99929,186077,0.5370
1745435667475,100046,186362,0.5368
1745435667485,100146,186605,0.5367
1745435667520,100227,186800,0.5365
1745435667540,100294,186955,0.5365
1745435667656,100353,187083,0.5364
1745435667713,100412,187200,0.5364
1745435667733,100477,187320,0.5364
1745435667765,100550,187450,0.5364
1745435667774,100631,187595,0.5364
1745435667819,100717,187752,0.5364
1745435667829,100801,187909,0.5364
1745435667835,100872,188045,0.5364
1745435667866,100922,188141,0.5364
1745435667881,100946,188190,0.5364
1745435667890,100945,188188,0.5364
1745435667949,100917,188132,0.5364
1745435667956,100860,188014,0.5364
1745435667989,100771,187830,0.5365
1745435668025,100654,187589,0.5366
1745435668086,100521,187316,0.5366
1745435668093,100388,187042,0.5367
1745435668100,100267,186794,0.5368
1745435668123,100167,186585,0.5368
1745435668158,100088,186419,0.5369
1745435668232,100029,186292,0.5369
1745435668240,99990,186204,0.5370
1745435668254,99970,186154,0.5370
1745435668281,99969,186140,0.5371
1745435668299,99981,186157,0.5371
1745435668348,99999,186187,0.5371
1745435668371,100010,186201,0.5371
1745435668389,99999,186168,0.5371
1745435668424,99958,186072,0.5372
1745435668453,99889,185918,0.5373
1745435668514,99803,185730,0.5374
1745435668540,99715,185538,0.5374
1745435668557,99632,185363,0.5375
1745435668601,99560,185210,0.5375
1745435668668,99495,185076,0.5376
1745435668690,99433,184948,0.5376
1745435668703,99373,184827,0.5377
1745435668713,99325,184729,0.5377
1745435668751,99303,184687,0.5377
1745435668778,99324,184737,0.5377
1745435668821,99399,184900,0.5376
1745435668838,99522,185166,0.5375
1745435668923,99672,185486,0.5374
1745435668958,99819,185800,0.5372
1745435668971,99936,186054,0.5371
1745435669012,100008,186215,0.5371
1745435669023,100030,186271,0.5370
1745435669046,100004,186223,0.5370
1745435669125,99936,186083,0.5371
1745435669195,99836,185868,0.5371
1745435669275,99711,185597,0.5372
1745435669286,99569,185286,0.5374
1745435669297,99416,184950,0.5375
1745435669303,99262,184610,0.5377
1745435669309,99119,184293,0.5378
1745435669338,99000,184030,0.5380
1745435669349,98914,183839,0.5380
1745435669356,98864,183730,0.5381
1745435669391,98851,183704,0.5381
1745435669405,98874,183761,0.5381
1745435669434,98933,183898,0.5380
1745435669528,99023,184104,0.5379
1745435669583,99133,184351,0.5377
1745435669591,99248,184608,0.5376
1745435669601,99355,184846,0.5375
1745435669612,99445,185048,0.5374
1745435669638,99511,185203,0.5373
1745435669692,99556,185313,0.5372
1745435669721,99588,185394,0.5372
1745435669728,99618,185472,0.5371
1745435669760,99656,185567,0.5370
1745435669808,99706,185690,0.5369
1745435669842,99768,185839,0.5369
1745435669867,99841,186012,0.5367
1745435669899,99923,186203,0.5366
1745435669949,100012,186405,0.5365
1745435669959,100102,186608,0.5364
1745435669967,100186,186799,0.5363
1745435669991,100260,186967,0.5362
1745435670022,100323,187112,0.5362
1745435670063,100380,187242,0.5361
1745435670076,100439,187372,0.5360
1745435670103,100504,187512,0.5360
1745435670204,100580,187671,0.5359
1745435670231,100667,187851,0.5359
1745435670240,100760,188044,0.5358
1745435670261,100851,188233,0.5358
1745435670294,100929,188397,0.5357
1745435670321,100984,188519,0.5357
1745435670361,101015,188593,0.5356
1745435670379,101024,188625,0.5356
1745435670387,101016,188625,0.5355
1745435670419,101000,188607,0.5355
1745435670476,100983,188584,0.5355
1745435670500,100967,188558,0.5355
1745435670518,100947,188521,0.5355
1745435670544,100921,188470,0.5355
1745435670607,100894,188419,0.5355
1745435670625,100883,188396,0.5355
1745435670648,100904,188434,0.5355
1745435670812,100962,188544,0.5355
1745435670821,101052,188712,0.5355
1745435670829,101159,188912,0.5355
1745435670838,101265,189109,0.5355
1745435670854,101350,189266,0.5355
1745435670864,101397,189344,0.5355
1745435670891,101392,189320,0.5356
1745435670900,101335,189197,0.5356
1745435670995,101245,189012,0.5357
1745435671025,101152,188827,0.5357
1745435671074,101090,188705,0.5357
1745435671084,101082,188695,0.5357
1745435671127,101139,188813,0.5357
1745435671136,101249,189035,0.5356
1745435671144,101386,189307,0.5356
1745435671166,101519,189571,0.5355
1745435671189,101633,189790,0.5355
1745435671210,101724,189960,0.5355
1745435671258,101799,190096,0.5355
1745435671288,101866,190213,0.5355
1745435671350,101926,190315,0.5356
1745435671391,101977,190397,0.5356
1745435671401,102010,190442,0.5356
1745435671414,102011,190426,0.5357
1745435671439,101968,190329,0.5357
1745435671455,101879,190145,0.5358
1745435671503,101752,189894,0.5358
1745435671542,101605,189608,0.5359
1745435671578,101456,189322,0.5359
1745435671621,101316,189054,0.5359
1745435671633,101187,188803,0.5359
1745435671657,101065,188561,0.5360
1745435671685,100943,188317,0.5360
1745435671725,100819,188065,0.5361
1745435671745,100693,187807,0.5362
1745435671785,100570,187555,0.5362
1745435671805,100458,187325,0.5363
1745435671854,100360,187122,0.5363
1745435671906,100270,186938,0.5364
1745435671929,100180,186751,0.5364
1745435671941,100084,186547,0.5365
1745435671954,99980,186326,0.5366
1745435671986,99877,186105,0.5367
1745435671995,99784,185904,0.5367
1745435672154,99712,185748,0.5368
1745435672176,99670,185657,0.5368
1745435672188,99665,185649,0.5368
1745435672195,99698,185723,0.5368
1745435672210,99763,185868,0.5367
1745435672233,99849,186060,0.5366
1745435672242,99945,186274,0.5365
1745435672273,100038,186483,0.5364
1745435672375,100115,186657,0.5364
1745435672391,100166,186778,0.5363
1745435672405,100191,186845,0.5362
1745435672430,100198,186876,0.5362
1745435672438,100203,186902,0.5361
1745435672477,100218,186948,0.5361
1745435672512,100253,187036,0.5360
1745435672538,100315,187176,0.5359
1745435672567,100402,187366,0.5359
1745435672614,100505,187587,0.5358
1745435672631,100610,187813,0.5357
1745435672658,100709,188021,0.5356
1745435672679,100798,188210,0.5356
1745435672717,100879,188381,0.5355
1745435672727,100953,188538,0.5355
1745435672767,101015,188675,0.5354
1745435672913,101064,188786,0.5353
1745435672939,101102,188876,0.5353
1745435672955,101135,188955,0.5352
1745435672967,101171,189038,0.5352
1745435672993,101216,189137,0.5351
1745435673005,101278,189267,0.5351
1745435673014,101361,189439,0.5351
1745435673032,101464,189651,0.5350
1745435673043,101582,189892,0.5349
1745435673077,101706,190143,0.5349
1745435673102,101822,190380,0.5348
1745435673158,101917,190574,0.5348
1745435673185,101980,190703,0.5348
1745435673227,102002,190754,0.5347
1745435673250,101989,190734,0.5347
1745435673258,101951,190665,0.5347
1745435673328,101901,190571,0.5347
1745435673354,101850,190476,0.5347
1745435673387,101806,190392,0.5347
1745435673396,101770,190320,0.5347
1745435673480,101736,190248,0.5348
1745435673490,101693,190155,0.5348
1745435673511,101629,190021,0.5348
1745435673520,101540,189839,0.5349
1745435673540,101427,189614,0.5349
1745435673571,101296,189355,0.5350
1745435673642,101157,189081,0.5350
1745435673668,101022,188815,0.5350
1745435673785,100907,188589,0.5351
1745435673796,100828,188432,0.5351
1745435673816,100789,188357,0.5351
1745435673823,100793,188363,0.5351
1745435673829,100831,188436,0.5351
1745435673850,100891,188549,0.5351
1745435673859,100956,188665,0.5351
1745435673891,101003,188744,0.5351
1745435673954,101021,188761,0.5352
1745435673991,101009,188719,0.5352
1745435674018,100976,188637,0.5353
1745435674028,100931,188537,0.5353
1745435674054,100885,188439,0.5354
1745435674084,100845,188361,0.5354
1745435674094,100819,188314,0.5354
1745435674125,100804,188295,0.5354
1745435674153,100790,188284,0.5353
1745435674254,100770,188261,0.5353
1745435674274,100740,188219,0.5352
1745435674285,100703,188163,0.5352
1745435674312,100666,188099,0.5352
1745435674343,100634,188040,0.5352
1745435674386,100618,188005,0.5352
1745435674394,100626,188013,0.5352
1745435674423,100657,188068,0.5352
1745435674540,100700,188149,0.5352
1745435674564,100739,188230,0.5352
1745435674574,100769,188298,0.5352
1745435674582,100793,188358,0.5351
1745435674591,100821,188432,0.5351
1745435674625,100870,188545,0.5350
1745435674645,100947,188711,0.5349
1745435674680,101051,188923,0.5349
1745435674697,101165,189148,0.5348
1745435674767,101264,189340,0.5348
1745435674788,101325,189456,0.5348
1745435674819,101333,189468,0.5348
1745435674828,101285,189369,0.5349
1745435674859,101191,189181,0.5349
1745435674887,101073,188946,0.5349
1745435674919,100955,188713,0.5350
1745435675070,100858,188521,0.5350
1745435675079,100790,188387,0.5350
1745435675088,100746,188296,0.5350
1745435675093,100707,188212,0.5351
1745435675103,100652,188093,0.5351
1745435675129,100564,187908,0.5352
1745435675155,100445,187660,0.5352
1745435675190,100304,187372,0.5353
1745435675199,100160,187079,0.5354
1745435675230,100023,186802,0.5355
1745435675287,99901,186550,0.5355
1745435675313,99793,186323,0.5356
1745435675343,99698,186117,0.5357
1745435675370,99613,185928,0.5358
1745435675406,99536,185755,0.5358
1745435675418,99470,185602,0.5359
1745435675462,99414,185470,0.5360
1745435675560,99364,185350,0.5361
1745435675596,99315,185231,0.5362
1745435675606,99262,185107,0.5362
1745435675616,99206,184981,0.5363
1745435675640,99153,184865,0.5364
1745435675653,99108,184773,0.5364
1745435675678,99079,184721,0.5364
1745435675705,99072,184720,0.5363
1745435675731,99089,184765,0.5363
1745435675744,99121,184841,0.5363
1745435675883,99160,184925,0.5362
1745435675918,99200,185007,0.5362
1745435675928,99238,185085,0.5362
1745435675939,99274,185161,0.5362
1745435675947,99314,185245,0.5361
1745435675985,99364,185354,0.5361
1745435675995,99431,185499,0.5360
1745435676028,99517,185682,0.5360
1745435676059,99614,185889,0.5359
1745435676126,99714,186103,0.5358
1745435676142,99806,186304,0.5357
1745435676166,99883,186477,0.5356
1745435676175,99942,186613,0.5356
1745435676222,99985,186716,0.5355
1745435676255,100022,186806,0.5354
1745435676288,100073,186918,0.5354
1745435676296,100155,187090,0.5353
1745435676325,100282,187349,0.5353
1745435676345,100457,187701,0.5352
1745435676396,100665,188118,0.5351
1745435676414,100881,188552,0.5350
1745435676437,101083,188956,0.5350
1745435676475,101257,189309,0.5349
1745435676522,101402,189602,0.5348
1745435676557,101516,189835,0.5348
1745435676690,101598,190003,0.5347
1745435676702,101647,190108,0.5347
1745435676708,101669,190160,0.5346
1745435676719,101675,190181,0.5346
1745435676728,101679,190197,0.5346
1745435676759,101695,190235,0.5346
1745435676785,101736,190314,0.5346
1745435676806,101803,190437,0.5346
1745435676824,101889,190590,0.5346
1745435676860,101980,190742,0.5347
1745435676947,102057,190862,0.5347
1745435676977,102102,190919,0.5348
1745435676986,102103,190898,0.5349
1745435677019,102061,190804,0.5349
1745435677028,101991,190662,0.5349
1745435677052,101911,190506,0.5349
1745435677119,101835,190360,0.5350
1745435677138,101771,190236,0.5350
1745435677186,101722,190135,0.5350
1745435677259,101684,190055,0.5350
1745435677271,101651,189985,0.5351
1745435677294,101616,189909,0.5351
1745435677302,101572,189818,0.5351
1745435677310,101514,189703,0.5351
1745435677352,101441,189562,0.5351
1745435677420,101357,189400,0.5351
1745435677432,101268,189226,0.5352
1745435677462,101182,189060,0.5352
1745435677511,101106,188910,0.5352
1745435677525,101038,188772,0.5352
1745435677551,100972,188633,0.5353
1745435677561,100904,188482,0.5353
1745435677678,100829,188313,0.5354
1745435677699,100741,188111,0.5355
1745435677711,100629,187858,0.5357
1745435677723,100486,187538,0.5358
1745435677733,100306,187140,0.5360
1745435677779,100088,186662,0.5362
1745435677809,99834,186109,0.5364
1745435677931,99558,185507,0.5367
1745435678070,99281,184898,0.5369
1745435678078,99029,184341,0.5372
1745435678087,98828,183887,0.5374
1745435678096,98692,183568,0.5376
1745435678106,98622,183386,0.5378
1745435678128,98602,183312,0.5379
1745435678138,98608,183291,0.5380
1745435678159,98611,183265,0.5381
1745435678171,98590,183186,0.5382
1745435678183,98530,183021,0.5384
1745435678192,98423,182755,0.5386
1745435678254,98273,182391,0.5388
1745435678261,98091,181957,0.5391
1745435678305,97904,181512,0.5394
1745435678312,97745,181134,0.5396
1745435678344,97647,180893,0.5398
1745435678356,97630,180836,0.5399
1745435678389,97698,180968,0.5399
1745435678423,97836,181257,0.5398
1745435678440,98014,181634,0.5396
1745435678571,98194,182007,0.5395
1745435678580,98336,182291,0.5394
1745435678589,98413,182430,0.5395
1745435678597,98421,182415,0.5395
1745435678611,98368,182269,0.5397
1745435678645,98273,182027,0.5399
1745435678680,98153,181730,0.5401
1745435678703,98026,181418,0.5403
1745435678740,97911,181131,0.5406
1745435678776,97821,180899,0.5407
1745435678839,97760,180731,0.5409
1745435678860,97722,180612,0.5411
1745435678869,97691,180510,0.5412
1745435678907,97653,180392,0.5413
1745435678973,97597,180236,0.5415
1745435678987,97523,180044,0.5417
1745435679036,97441,179835,0.5418
1745435679047,97364,179639,0.5420
1745435679059,97303,179483,0.5421
1745435679066,97269,179386,0.5422
1745435679105,97262,179355,0.5423
1745435679160,97285,179395,0.5423
1745435679224,97340,179509,0.5423
1745435679234,97427,179694,0.5422
1745435679262,97541,179938,0.5421
1745435679276,97671,180216,0.5420
1745435679312,97808,180508,0.5418
1745435679327,97943,180797,0.5417
1745435679362,98069,181072,0.5416
1745435679398,98182,181324,0.5415
1745435679436,98279,181550,0.5413
1745435679454,98362,181751,0.5412
1745435679514,98438,181936,0.5411
1745435679552,98510,182117,0.5409
1745435679560,98587,182306,0.5408
1745435679583,98673,182516,0.5406
1745435679605,98774,182765,0.5404
1745435679613,98897,183064,0.5402
1745435679637,99039,183411,0.5400
1745435679678,99190,183785,0.5397
1745435679715,99337,184148,0.5394
1745435679792,99461,184460,0.5392
1745435679809,99551,184692,0.5390
1745435679866,99605,184833,0.5389
1745435679874,99627,184893,0.5388
1745435679916,99630,184902,0.5388
1745435679963,99627,184891,0.5388
1745435679977,99625,184875,0.5389
1745435680012,99621,184849,0.5389
1745435680024,99602,184791,0.5390
1745435680057,99556,184677,0.5391
1745435680098,99475,184490,0.5392
1745435680112,99358,184229,0.5393
1745435680143,99214,183913,0.5395
1745435680193,99058,183574,0.5396
1745435680228,98908,183247,0.5398
1745435680267,98777,182959,0.5399
1745435680278,98666,182710,0.5400
1745435680290,98567,182481,0.5401
1745435680333,98468,182243,0.5403
1745435680360,98361,181981,0.5405
1745435680404,98242,181692,0.5407
1745435680443,98115,181386,0.5409
1745435680458,97983,181073,0.5411
1745435680497,97850,180766,0.5413
1745435680560,97724,180479,0.5415
1745435680571,97612,180225,0.5416
1745435680637,97519,180012,0.5417
1745435680646,97444,179839,0.5418
1745435680658,97387,179700,0.5419
1745435680679,97344,179590,0.5420
1745435680713,97310,179500,0.5421
1745435680732,97282,179426,0.5422
1745435680772,97256,179359,0.5422
1745435680825,97230,179295,0.5423
1745435680864,97202,179227,0.5423
1745435680880,97169,179144,0.5424
1745435680935,97124,179028,0.5425
1745435680944,97056,178855,0.5427
1745435680966,96960,178614,0.5428
1745435681031,96839,178316,0.5431
1745435681073,96704,177990,0.5433
1745435681081,96567,177664,0.5435
1745435681089,96437,177357,0.5437
1745435681095,96319,177077,0.5439
1745435681133,96216,176830,0.5441
1745435681167,96130,176620,0.5443
1745435681221,96061,176450,0.5444
1745435681248,96009,176320,0.5445
1745435681278,95971,176229,0.5446
1745435681313,95946,176168,0.5446
1745435681346,95930,176129,0.5447
1745435681370,95918,176097,0.5447
1745435681421,95906,176063,0.5447
1745435681448,95890,176019,0.5448
1745435681521,95871,175970,0.5448
1745435681542,95854,175926,0.5449
1745435681548,95842,175898,0.5449
1745435681559,95840,175897,0.5449
1745435681579,95855,175936,0.5448
1745435681626,95892,176029,0.5448
1745435681662,95957,176187,0.5446
1745435681678,96048,176408,0.5445
1745435681712,96159,176671,0.5443
1745435681800,96281,176952,0.5441
1745435681825,96406,177233,0.5440
1745435681839,96528,177504,0.5438
1745435681926,96640,177756,0.5437
1745435681944,96738,177981,0.5435
1745435682067,96821,178179,0.5434
1745435682084,96893,178359,0.5432
1745435682102,96962,178538,0.5431
1745435682116,97041,178740,0.5429
1745435682127,97144,179002,0.5427
1745435682159,97292,179364,0.5424
1745435682214,97500,179863,0.5421
1745435682233,97779,180516,0.5417
1745435682246,98122,181309,0.5412
1745435682264,98514,182201,0.5407
1745435682285,98932,183140,0.5402
1745435682310,99358,184084,0.5397
1745435682318,99775,184995,0.5393
1745435682327,100168,185846,0.5390
1745435682492,100527,186615,0.5387
1745435682540,100845,187291,0.5384
1745435682548,101124,187879,0.5382
1745435682555,101370,188389,0.5381
1745435682562,101585,188831,0.5380
1745435682568,101770,189202,0.5379
1745435682575,101916,189493,0.5378
1745435682582,102013,189685,0.5378
1745435682633,102053,189766,0.5378
1745435682687,102039,189745,0.5378
1745435682758,101985,189652,0.5378
1745435682768,101917,189532,0.5377
1745435682780,101857,189430,0.5377
1745435682791,101820,189367,0.5377
1745435682800,101804,189344,0.5377
1745435682866,101803,189343,0.5377
1745435682896,101805,189346,0.5377
1745435682911,101801,189333,0.5377
1745435682958,101776,189282,0.5377
1745435682983,101719,189171,0.5377
1745435682996,101627,188995,0.5377
1745435683009,101501,188759,0.5377
1745435683032,101348,188476,0.5377
1745435683044,101175,188157,0.5377
1745435683069,100988,187809,0.5377
1745435683153,100792,187444,0.5377
1745435683181,100596,187075,0.5377
1745435683228,100402,186700,0.5378
1745435683274,100204,186303,0.5379
1745435683293,99989,185856,0.5380
1745435683302,99751,185347,0.5382
1745435683311,99499,184796,0.5384
1745435683335,99254,184253,0.5387
1745435683355,99040,183776,0.5389
1745435683441,98876,183406,0.5391
1745435683460,98769,183157,0.5393
1745435683467,98710,183015,0.5394
1745435683477,98682,182946,0.5394
1745435683512,98669,182913,0.5394
1745435683539,98663,182899,0.5394
1745435683611,98667,182909,0.5394
1745435683641,98685,182950,0.5394
1745435683652,98718,183022,0.5394
1745435683723,98758,183110,0.5393
1745435683743,98796,183190,0.5393
1745435683751,98821,183241,0.5393
1745435683767,98825,183246,0.5393
1745435683803,98805,183195,0.5393
1745435683827,98761,183090,0.5394
1745435683856,98699,182946,0.5395
1745435683873,98628,182784,0.5396
1745435683882,98555,182619,0.5397
1745435683998,98483,182454,0.5398
1745435684021,98409,182284,0.5399
1745435684026,98336,182115,0.5400
1745435684033,98277,181975,0.5401
1745435684059,98248,181902,0.5401
1745435684080,98261,181923,0.5401
1745435684110,98318,182041,0.5401
1745435684142,98409,182238,0.5400
1745435684168,98518,182475,0.5399
1745435684253,98625,182710,0.5398
1745435684270,98713,182905,0.5397
1745435684279,98776,183042,0.5396
1745435684321,98813,183123,0.5396
1745435684338,98833,183168,0.5396
1745435684371,98846,183198,0.5396
1745435684410,98857,183231,0.5395
1745435684431,98873,183277,0.5395
1745435684496,98895,183336,0.5394
1745435684544,98921,183408,0.5394
1745435684575,98953,183487,0.5393
1745435684583,98991,183578,0.5392
1745435684606,99042,183691,0.5392
1745435684643,99107,183832,0.5391
1745435684687,99175,183978,0.5391
1745435684696,99216,184055,0.5391
1745435684842,99183,183952,0.5392
1745435684862,99039,183577,0.5395
1745435684872,98783,182924,0.5400
1745435684881,98460,182102,0.5407
1745435684891,98153,181311,0.5414
1745435684899,97948,180770,0.5418
1745435684925,97912,180650,0.5420
1745435684955,98073,181022,0.5418
1745435684996,98416,181850,0.5412
1745435685040,98890,183005,0.5404
1745435685059,99424,184308,0.5394
1745435685080,99948,185582,0.5386
1745435685109,100411,186699,0.5378
1745435685132,100791,187600,0.5373
1745435685169,101091,188290,0.5369
1745435685182,101330,188811,0.5367
1745435685217,101531,189218,0.5366
1745435685343,101708,189551,0.5366
1745435685365,101861,189822,0.5366
1745435685375,101981,190025,0.5367
1745435685382,102057,190147,0.5367
1745435685392,102086,190186,0.5368
1745435685424,102074,190154,0.5368
1745435685442,102031,190073,0.5368
1745435685495,101973,189970,0.5368
1745435685524,101913,189868,0.5368
1745435685639,101862,189783,0.5367
1745435685656,101825,189722,0.5367
1745435685663,101801,189682,0.5367
1745435685673,101790,189660,0.5367
1745435685681,101792,189656,0.5367
1745435685688,101805,189672,0.5367
1745435685715,101824,189702,0.5368
1745435685765,101840,189729,0.5368
1745435685804,101842,189737,0.5368
1745435685834,101824,189719,0.5367
1745435685896,101789,189676,0.5366
1745435685905,101740,189608,0.5366
1745435685926,101679,189517,0.5365
1745435685950,101610,189405,0.5365
1745435685967,101538,189284,0.5364
1745435685995,101474,189176,0.5364
1745435686031,101429,189106,0.5364
1745435686075,101415,189094,0.5363
1745435686098,101423,189128,0.5363
1745435686150,101422,189140,0.5362
1745435686177,101352,189012,0.5362
1745435686217,101152,188612,0.5363
1745435686238,100775,187847,0.5365
1745435686248,100213,186689,0.5368
1745435686283,99495,185197,0.5372
1745435686310,98691,183517,0.5378
1745435686337,97902,181866,0.5383
1745435686374,97239,180488,0.5388
1745435686384,96790,179583,0.5390
1745435686439,96596,179243,0.5389
1745435686473,96641,179424,0.5386
1745435686523,96859,179971,0.5382
1745435686532,97161,180679,0.5378
1745435686561,97467,181372,0.5374
1745435686602,97730,181951,0.5371
1745435686614,97935,182398,0.5369
1745435686684,98092,182745,0.5368
1745435686702,98222,183044,0.5366
1745435686783,98343,183338,0.5364
1745435686794,98468,183652,0.5362
1745435686814,98600,183988,0.5359
1745435686839,98738,184333,0.5357
1745435686863,98877,184675,0.5354
1745435686896,99012,185003,0.5352
1745435686967,99139,185303,0.5350
1745435686993,99247,185556,0.5349
1745435687006,99329,185743,0.5348
1745435687076,99378,185849,0.5347
1745435687095,99394,185875,0.5347
1745435687154,99386,185838,0.5348
1745435687166,99363,185763,0.5349
1745435687177,99333,185671,0.5350
1745435687184,99297,185564,0.5351
1745435687193,99250,185435,0.5352
1745435687222,99192,185283,0.5354
1745435687281,99124,185113,0.5355
1745435687306,99051,184937,0.5356
1745435687341,98977,184763,0.5357
1745435687393,98904,184594,0.5358
1745435687442,98831,184429,0.5359
1745435687449,98757,184259,0.5360
1745435687458,98677,184077,0.5361
1745435687466,98592,183877,0.5362
1745435687505,98502,183667,0.5363
1745435687517,98412,183455,0.5364
1745435687543,98323,183249,0.5366
1745435687593,98237,183051,0.5367
1745435687626,98153,182858,0.5368
1745435687672,98069,182665,0.5369
1745435687705,97981,182462,0.5370
1745435687768,97890,182251,0.5371
1745435687794,97802,182047,0.5372
1745435687814,97727,181875,0.5373
1745435687863,97677,181759,0.5374
1745435687877,97659,181722,0.5374
1745435687909,97681,181781,0.5374
1745435687921,97747,181944,0.5372
1745435687946,97851,182195,0.5371
1745435687965,97976,182494,0.5369
1745435688063,98101,182791,0.5367
1745435688103,98209,183043,0.5365
1745435688111,98290,183232,0.5364
1745435688118,98349,183366,0.5364
1745435688126,98398,183478,0.5363
1745435688169,98456,183609,0.5362
1745435688205,98533,183788,0.5361
1745435688264,98630,184016,0.5360
1745435688313,98740,184278,0.5358
1745435688322,98854,184550,0.5356
1745435688351,98962,184810,0.5355
1745435688364,99059,185041,0.5353
1745435688446,99142,185238,0.5352
1745435688478,99212,185399,0.5351
1745435688490,99272,185531,0.5351
1745435688501,99326,185646,0.5350
1745435688527,99384,185767,0.5350
1745435688559,99457,185922,0.5349
1745435688581,99551,186130,0.5348
1745435688630,99667,186390,0.5347
1745435688667,99797,186686,0.5346
1745435688737,99926,186983,0.5344
1745435688746,100035,187236,0.5343
1745435688760,100105,187399,0.5342
1745435688769,100120,187438,0.5341
1745435688801,100074,187343,0.5342
1745435688825,99967,187117,0.5342
1745435688893,99800,186763,0.5344
1745435688914,99564,186265,0.5345
1745435689013,99246,185592,0.5348
1745435689044,98839,184729,0.5350
1745435689056,98362,183714,0.5354
1745435689067,97862,182642,0.5358
1745435689079,97398,181639,0.5362
1745435689102,97030,180826,0.5366
1745435689115,96798,180293,0.5369
1745435689146,96719,180078,0.5371
1745435689180,96781,180164,0.5372
1745435689207,96948,180478,0.5372
1745435689301,97171,180918,0.5371
1745435689344,97402,181381,0.5370
1745435689355,97606,181791,0.5369
1745435689371,97763,182112,0.5368
1745435689411,97873,182339,0.5368
1745435689425,97944,182491,0.5367
1745435689434,97989,182595,0.5366
1745435689469,98020,182672,0.5366
1745435689482,98044,182732,0.5365
1745435689513,98062,182770,0.5365
1745435689545,98069,182778,0.5365
1745435689609,98064,182749,0.5366
1745435689629,98043,182684,0.5367
1745435689653,98007,182586,0.5368
1745435689673,97954,182452,0.5369
1745435689692,97878,182271,0.5370
1745435689731,97780,182042,0.5371
1745435689748,97664,181777,0.5373
1745435689779,97542,181498,0.5374
1745435689852,97423,181227,0.5376
1745435689909,97311,180972,0.5377
1745435689929,97205,180730,0.5378
1745435689970,97103,180493,0.5380
1745435689981,97004,180259,0.5381
1745435690010,96909,180029,0.5383
1745435690023,96822,179812,0.5385
1745435690063,96745,179617,0.5386
1745435690102,96684,179456,0.5388
1745435690115,96639,179336,0.5389
1745435690129,96609,179258,0.5389
1745435690211,96591,179216,0.5390
1745435690220,96581,179200,0.5390
1745435690259,96579,179208,0.5389
1745435690294,96587,179241,0.5389
1745435690304,96599,179286,0.5388
1745435690327,96608,179319,0.5388
1745435690349,96602,179315,0.5387
1745435690368,96578,179265,0.5387
1745435690483,96537,179175,0.5388
1745435690507,96488,179065,0.5388
1745435690515,96440,178958,0.5389
1745435690524,96402,178875,0.5389
1745435690534,96381,178835,0.5389
1745435690565,96386,178854,0.5389
1745435690617,96422,178945,0.5388
1745435690720,96491,179112,0.5387
1745435690735,96591,179348,0.5386
1745435690744,96715,179639,0.5384
1745435690775,96852,179957,0.5382
1745435690781,96986,180270,0.5380
1745435690825,97104,180547,0.5378
1745435690854,97204,180780,0.5377
1745435690866,97295,180994,0.5376
1745435690877,97395,181231,0.5374
1745435690915,97524,181532,0.5372
1745435690940,97696,181928,0.5370
1745435691063,97919,182436,0.5367
1745435691097,98193,183054,0.5364
1745435691109,98507,183755,0.5361
1745435691117,98838,184488,0.5357
1745435691146,99162,185197,0.5354
1745435691155,99459,185844,0.5352
1745435691180,99725,186419,0.5350
1745435691204,99964,186932,0.5348
1745435691227,100184,187402,0.5346
1745435691316,100396,187853,0.5344
1745435691340,100612,188308,0.5343
1745435691349,100846,188792,0.5342
1745435691362,101107,189323,0.5340
1745435691391,101397,189899,0.5340
1745435691418,101704,190498,0.5339
1745435691445,102011,191084,0.5339
1745435691474,102299,191626,0.5338
1745435691483,102557,192106,0.5339
1745435691537,102780,192520,0.5339
1745435691588,102968,192868,0.5339
1745435691597,103125,193162,0.5339
1745435691634,103257,193415,0.5339
1745435691655,103373,193638,0.5338
1745435691695,103472,193831,0.5338
1745435691712,103550,193984,0.5338
1745435691785,103600,194083,0.5338
1745435691842,103614,194119,0.5338
1745435691884,103596,194095,0.5337
1745435691896,103553,194025,0.5337
1745435691909,103500,193932,0.5337
1745435691933,103453,193847,0.5337
1745435691963,103427,193792,0.5337
1745435692092,103425,193772,0.5337
1745435692105,103436,193772,0.5338
1745435692116,103445,193765,0.5339
1745435692129,103433,193721,0.5339
1745435692137,103385,193615,0.5340
1745435692182,103293,193433,0.5340
1745435692204,103164,193187,0.5340
1745435692225,103018,192909,0.5340
1745435692234,102878,192640,0.5340
1745435692247,102758,192408,0.5341
1745435692292,102663,192222,0.5341
1745435692299,102586,192071,0.5341
1745435692328,102520,191940,0.5341
1745435692708,102455,191814,0.5341
1745435692738,102385,191683,0.5341
1745435692748,102306,191545,0.5341
1745435692757,102220,191403,0.5341
1745435692779,102129,191263,0.5340
1745435692814,102038,191126,0.5339
1745435692822,101948,190991,0.5338
1745435692829,101862,190856,0.5337
1745435692860,101783,190726,0.5337
1745435692872,101711,190603,0.5336
1745435692882,101644,190488,0.5336
1745435692892,101583,190381,0.5336
1745435692899,101531,190291,0.5336
1745435692906,101496,190231,0.5335
1745435692912,101483,190212,0.5335
1745435692923,101491,190230,0.5335
1745435692949,101508,190261,0.5335
1745435692991,101517,190273,0.5335
1745435693016,101500,190232,0.5336
1745435693052,101445,190119,0.5336
1745435693071,101351,189932,0.5336
1745435693084,101228,189691,0.5336
1745435693109,101092,189428,0.5337
1745435693120,100957,189169,0.5337
1745435693187,100830,188928,0.5337
1745435693214,100714,188707,0.5337
1745435693226,100609,188504,0.5337
1745435693263,100519,188326,0.5337
1745435693377,100445,188176,0.5338
1745435693389,100386,188052,0.5338
1745435693399,100338,187947,0.5339
1745435693427,100298,187859,0.5339
1745435693440,100264,187789,0.5339
1745435693454,100234,187734,0.5339
1745435693493,100206,187690,0.5339
1745435693516,100178,187650,0.5339
1745435693575,100149,187611,0.5338
1745435693589,100116,187564,0.5338
1745435693645,100076,187499,0.5337
1745435693658,100023,187404,0.5337
1745435693725,99954,187273,0.5337
1745435693736,99870,187110,0.5338
1745435693789,99778,186927,0.5338
1745435693798,99683,186735,0.5338
1745435693812,99586,186539,0.5339
1745435693819,99491,186346,0.5339
1745435693847,99407,186172,0.5340
1745435693865,99341,186036,0.5340
1745435694071,99303,185955,0.5340
1745435694084,99297,185940,0.5340
1745435694100,99323,185995,0.5340
1745435694111,99383,186124,0.5340
1745435694119,99474,186325,0.5339
1745435694128,99588,186583,0.5337
1745435694134,99712,186871,0.5336
1745435694179,99836,187162,0.5334
1745435694186,99950,187432,0.5333
1745435694195,100052,187673,0.5331
1745435694203,100143,187888,0.5330
1745435694352,100233,188091,0.5329
1745435694377,100336,188312,0.5328
1745435694384,100468,188583,0.5328
1745435694394,100639,188925,0.5327
1745435694401,100848,189337,0.5326
1745435694420,101083,189795,0.5326
1745435694450,101324,190263,0.5325
1745435694459,101553,190704,0.5325
1745435694477,101752,191087,0.5325
1745435694631,101908,191383,0.5325
1745435694646,102013,191583,0.5325
1745435694660,102073,191699,0.5325
1745435694668,102103,191763,0.5324
1745435694680,102125,191818,0.5324
1745435694713,102162,191904,0.5324
1745435694728,102227,192046,0.5323
1745435694745,102327,192249,0.5323
1745435694791,102452,192495,0.5322
1745435694813,102588,192754,0.5322
1745435694819,102722,193002,0.5322
1745435694841,102849,193231,0.5323
1745435694969,102973,193449,0.5323
1745435694980,103097,193663,0.5324
1745435694987,103215,193867,0.5324
1745435694993,103318,194043,0.5325
1745435695017,103394,194171,0.5325
1745435695046,103434,194238,0.5325
1745435695076,103434,194237,0.5325
1745435695200,103402,194175,0.5325
1745435695227,103349,194075,0.5325
1745435695259,103293,193968,0.5325
1745435695267,103250,193878,0.5326
1745435695276,103223,193816,0.5326
1745435695303,103208,193774,0.5326
1745435695313,103190,193730,0.5326
1745435695322,103154,193660,0.5327
1745435695344,103092,193550,0.5326
1745435695692,103007,193404,0.5326
1745435695746,102913,193245,0.5326
1745435695834,102825,193098,0.5325
1745435695903,102757,192985,0.5325
1745435695926,102711,192910,0.5324
1745435696036,102686,192872,0.5324
1745435696056,102680,192865,0.5324
1745435696063,102686,192878,0.5324
1745435696070,102694,192893,0.5324
1745435696076,102692,192886,0.5324
1745435696083,102669,192843,0.5324
1745435696099,102625,192762,0.5324
1745435696170,102563,192652,0.5324
1745435696212,102490,192524,0.5323
1745435696247,102410,192387,0.5323
1745435696329,102328,192246,0.5323
1745435696337,102246,192107,0.5322
1745435696394,102166,191971,0.5322
1745435696409,102089,191841,0.5322
1745435696424,102016,191718,0.5321
1745435696437,101950,191609,0.5321
1745435696445,101898,191522,0.5320
1745435696453,101863,191464,0.5320
1745435696461,101845,191434,0.5320
1745435696469,101839,191424,0.5320
1745435696478,101838,191423,0.5320
1745435696485,101837,191423,0.5320
1745435696493,101828,191414,0.5320
1745435696543,101810,191388,0.5320
1745435696632,101780,191340,0.5319
1745435696658,101742,191274,0.5319
1745435696670,101699,191198,0.5319
1745435696687,101655,191115,0.5319
1745435696698,101603,191018,0.5319
1745435696711,101534,190890,0.5319
1745435696734,101442,190719,0.5319
1745435696745,101325,190502,0.5319
1745435696752,101190,190250,0.5319
1745435696945,101048,189986,0.5319
1745435696999,100915,189739,0.5319
1745435697007,100807,189540,0.5318
1745435697023,100734,189412,0.5318
1745435697032,100697,189354,0.5318
1745435697087,100684,189343,0.5318
1745435697105,100674,189337,0.5317
1745435697116,100650,189296,0.5317
1745435697124,100600,189201,0.5317
1745435697133,100526,189053,0.5317
1745435697143,100434,188868,0.5318
1745435697150,100331,188657,0.5318
1745435697162,100223,188436,0.5319
1745435697180,100119,188220,0.5319
1745435697212,100026,188029,0.5320
1745435697266,99956,187881,0.5320
1745435697303,99913,187793,0.5320
1745435697333,99905,187778,0.5320
1745435697347,99933,187841,0.5320
1745435697361,99993,187977,0.5319
1745435697379,100080,188171,0.5319
1745435697409,100185,188402,0.5318
1745435697465,100298,188649,0.5317
1745435697481,100411,188891,0.5316
1745435697492,100517,189111,0.5315
1745435697501,100606,189293,0.5315
1745435697512,100673,189428,0.5315
1745435697521,100719,189518,0.5314
1745435697552,100752,189584,0.5314
1745435697564,100786,189651,0.5314
1745435697579,100828,189737,0.5314
1745435697617,100878,189840,0.5314
1745435697714,100931,189952,0.5314
1745435697744,100984,190064,0.5313
1745435697758,101037,190175,0.5313
1745435697804,101090,190288,0.5312
1745435697823,101147,190408,0.5312
1745435697836,101212,190539,0.5312
1745435697847,101283,190680,0.5312
1745435697879,101356,190819,0.5312
1745435698087,101425,190950,0.5312
1745435698096,101491,191072,0.5312
1745435698104,101558,191197,0.5312
1745435698112,101633,191340,0.5312
1745435698118,101725,191517,0.5312
1745435698125,101840,191735,0.5311
1745435698130,101976,191992,0.5311
1745435698136,102128,192274,0.5312
1745435698143,102284,192559,0.5312
1745435698235,102431,192823,0.5312
1745435698297,102553,193040,0.5313
1745435698329,102642,193193,0.5313
1745435698336,102690,193275,0.5313
1745435698346,102700,193288,0.5313
1745435698359,102679,193247,0.5313
1745435698424,102636,193168,0.5313
1745435698444,102582,193070,0.5313
1745435698481,102529,192974,0.5313
1745435698529,102485,192891,0.5313
1745435698546,102451,192828,0.5313
1745435698557,102427,192782,0.5313
1745435698581,102410,192750,0.5313
1745435698618,102393,192721,0.5313
1745435698633,102372,192686,0.5313
1745435698686,102343,192639,0.5313
1745435698706,102306,192574,0.5313
1745435698727,102258,192490,0.5312
1745435698737,102202,192387,0.5312
1745435698747,102137,192267,0.5312
1745435698756,102068,192139,0.5312
1745435698784,101999,192010,0.5312
1745435698836,101931,191885,0.5312
1745435698868,101868,191770,0.5312
1745435698885,101813,191671,0.5312
1745435698926,101770,191596,0.5312
1745435699135,101742,191547,0.5312
1745435699162,101723,191515,0.5312
1745435699170,101706,191483,0.5312
1745435699179,101679,191429,0.5312
1745435699186,101633,191337,0.5312
1745435699195,101566,191204,0.5312
1745435699201,101483,191043,0.5312
1745435699212,101396,190876,0.5312
1745435699244,101314,190722,0.5312
1745435699255,101241,190585,0.5312
1745435699265,101173,190458,0.5312
1745435699287,101104,190327,0.5312
1745435699298,101027,190178,0.5312
1745435699374,100937,190005,0.5312
1745435699428,100839,189813,0.5313
1745435699444,100732,189605,0.5313
1745435699458,100618,189379,0.5313
1745435699483,100496,189137,0.5313
1745435699493,100372,188893,0.5314
1745435699518,100259,188667,0.5314
1745435699553,100163,188477,0.5314
1745435699585,100085,188320,0.5315
1745435699617,100011,188172,0.5315
1745435699696,99923,187990,0.5315
1745435699725,99802,187741,0.5316
1745435699735,99645,187415,0.5317
1745435699744,99463,187039,0.5318
1745435699752,99283,186666,0.5319
1745435699780,99131,186353,0.5320
1745435699817,99031,186146,0.5320
1745435699883,98991,186064,0.5320
1745435699947,99007,186093,0.5320
1745435700042,99061,186195,0.5320
1745435700059,99131,186326,0.5320
1745435700077,99202,186452,0.5320
1745435700091,99263,186559,0.5321
1745435700127,99312,186645,0.5321
1745435700135,99348,186711,0.5321
1745435700146,99373,186764,0.5321
1745435700158,99398,186825,0.5320
1745435700193,99435,186914,0.5320
1745435700225,99489,187043,0.5319
1745435700342,99564,187213,0.5318
1745435700348,99657,187417,0.5317
1745435700356,99763,187643,0.5317
1745435700363,99871,187874,0.5316
1745435700369,99972,188089,0.5315
1745435700403,100055,188265,0.5315
1745435700424,100113,188392,0.5314
1745435700433,100150,188474,0.5314
1745435700471,100175,188532,0.5313
1745435700484,100202,188596,0.5313
1745435700567,100246,188691,0.5313
1745435700677,100313,188832,0.5312
1745435700684,100411,189031,0.5312
1745435700697,100543,189296,0.5311
1745435700706,100710,189624,0.5311
1745435700714,100900,189994,0.5311
1745435700749,101096,190373,0.5310
1745435700772,101281,190726,0.5310
1745435700780,101444,191035,0.5310
1745435700839,101578,191291,0.5310
1745435700920,101684,191493,0.5310
1745435700985,101763,191647,0.5310
1745435700995,101817,191757,0.5310
1745435701005,101849,191828,0.5309
1745435701036,101862,191870,0.5309
1745435701050,101865,191896,0.5308
1745435701104,101869,191922,0.5308
1745435701116,101882,191962,0.5307
1745435701141,101912,192028,0.5307
1745435701148,101963,192127,0.5307
1745435701155,102038,192265,0.5307
1745435701213,102135,192441,0.5307
1745435701249,102246,192642,0.5308
1745435701270,102359,192847,0.5308
1745435701326,102455,193021,0.5308
1745435701336,102518,193135,0.5308
1745435701369,102539,193171,0.5308
1745435701395,102523,193139,0.5308
1745435701404,102485,193068,0.5308
1745435701434,102441,192988,0.5308
1745435701476,102401,192918,0.5308
1745435701596,102370,192865,0.5308
1745435701613,102347,192828,0.5308
1745435701641,102327,192797,0.5308
1745435701651,102303,192759,0.5307
1745435701661,102271,192705,0.5307
1745435701675,102228,192630,0.5307
1745435701712,102176,192536,0.5307
1745435701744,102115,192424,0.5307
1745435701795,102045,192291,0.5307
1745435701827,101961,192129,0.5307
1745435701852,101860,191938,0.5307
1745435701900,101748,191728,0.5307
1745435701947,101639,191525,0.5307
1745435701967,101545,191351,0.5307
1745435701975,101476,191220,0.5307
1745435701997,101433,191137,0.5307
1745435702037,101414,191099,0.5307
1745435702070,101416,191099,0.5307
1745435702112,101431,191124,0.5307
1745435702147,101451,191159,0.5307
1745435702283,101466,191183,0.5307
1745435702292,101463,191173,0.5307
1745435702342,101432,191109,0.5308
1745435702352,101368,190981,0.5308
1745435702364,101271,190792,0.5308
1745435702373,101152,190561,0.5308
1745435702382,101028,190321,0.5308
1745435702410,100915,190104,0.5308
1745435702451,100827,189934,0.5309
1745435702468,100767,189821,0.5309
1745435702493,100736,189763,0.5309
1745435702505,100732,189752,0.5309
1745435702575,100751,189783,0.5309
1745435702588,100789,189848,0.5309
1745435702602,100838,189928,0.5309
1745435702618,100885,190004,0.5310
1745435702670,100920,190056,0.5310
1745435702718,100934,190071,0.5310
1745435702734,100922,190041,0.5311
1745435702767,100883,189967,0.5311
1745435702782,100825,189861,0.5310
1745435702825,100761,189744,0.5310
1745435702899,100702,189637,0.5310
1745435702925,100658,189555,0.5310
1745435702956,100632,189504,0.5310
1745435702988,100625,189488,0.5310
1745435703006,100636,189506,0.5310
1745435703023,100659,189551,0.5310
1745435703031,100689,189609,0.5310
1745435703078,100714,189661,0.5310
1745435703116,100728,189695,0.5310
1745435703132,100731,189714,0.5310
1745435703183,100733,189736,0.5309
1745435703199,100745,189784,0.5308
1745435703352,100776,189869,0.5308
1745435703425,100826,189993,0.5307
1745435703446,100891,190144,0.5306
1745435703455,100959,190303,0.5305
1745435703467,101015,190447,0.5304
1745435703474,101050,190552,0.5303
1745435703481,101056,190604,0.5302
1745435703513,101034,190601,0.5301
1745435703524,100992,190556,0.5300
1745435703532,100945,190497,0.5299
1745435703543,100909,190452,0.5298
1745435703604,100898,190450,0.5298
1745435703696,100922,190510,0.5297
1745435703768,100988,190646,0.5297
1745435703799,101099,190864,0.5297
1745435703810,101250,191155,0.5297
1745435703819,101433,191497,0.5297
1745435703828,101635,191868,0.5297
1745435703835,101843,192245,0.5298
1745435703852,102043,192602,0.5298
1745435703863,102218,192911,0.5299
1745435703872,102353,193149,0.5299
1745435703905,102441,193306,0.5299
1745435703965,102489,193394,0.5299
1745435704002,102507,193435,0.5299
1745435704019,102509,193449,0.5299
1745435704046,102505,193456,0.5299
1745435704055,102502,193466,0.5298
1745435704098,102502,193486,0.5298
1745435704132,102506,193514,0.5297
1745435704160,102513,193541,0.5297
1745435704237,102519,193562,0.5296
1745435704255,102524,193574,0.5296
1745435704263,102529,193581,0.5296
1745435704269,102535,193583,0.5297
1745435704295,102540,193578,0.5297
1745435704343,102540,193564,0.5297
1745435704351,102534,193538,0.5298
1745435704384,102517,193493,0.5298
1745435704414,102481,193421,0.5298
1745435704481,102424,193316,0.5298
1745435704505,102349,193185,0.5298
1745435704634,102266,193047,0.5297
1745435704701,102188,192920,0.5297
1745435704723,102121,192812,0.5296
1745435704732,102066,192721,0.5296
1745435704743,102020,192643,0.5296
1745435704765,101981,192571,0.5296
1745435704848,101946,192501,0.5296
1745435704857,101914,192435,0.5296
1745435704864,101884,192373,0.5296
1745435704871,101856,192317,0.5296
1745435704901,101831,192269,0.5296
1745435704937,101809,192229,0.5296
1745435704986,101792,192198,0.5296
1745435705046,101781,192176,0.5296
1745435705063,101775,192164,0.5296
1745435705071,101773,192159,0.5296
1745435705078,101770,192152,0.5296
1745435705114,101759,192131,0.5296
1745435705126,101736,192085,0.5296
1745435705152,101698,192012,0.5296
1745435705162,101647,191913,0.5296
1745435705295,101583,191791,0.5297
1745435705327,101505,191645,0.5297
1745435705336,101412,191471,0.5296
1745435705346,101302,191270,0.5296
1745435705354,101180,191046,0.5296
1745435705364,101052,190813,0.5296
1745435705371,100929,190589,0.5296
1745435705410,100822,190395,0.5295
1745435705539,100741,190249,0.5295
1745435705549,100689,190159,0.5295
1745435705571,100666,190123,0.5295
1745435705589,100665,190128,0.5295
1745435705600,100678,190156,0.5294
1745435705629,100695,190191,0.5294
1745435705656,100712,190225,0.5294
1745435705679,100727,190256,0.5294
1745435705703,100738,190279,0.5294
1745435705723,100742,190292,0.5294
1745435705766,100741,190298,0.5294
1745435705795,100742,190312,0.5294
1745435705806,100751,190343,0.5293
1745435705855,100771,190396,0.5293
1745435705864,100798,190461,0.5292
1745435705913,100823,190524,0.5292
1745435706030,100844,190579,0.5291
1745435706101,100862,190631,0.5291
1745435706111,100885,190692,0.5290
1745435706119,100921,190780,0.5290
1745435706127,100979,190908,0.5289
1745435706134,101062,191080,0.5289
1745435706152,101163,191283,0.5289
1745435706225,101270,191497,0.5288
1745435706284,101371,191697,0.5288
1745435706293,101455,191865,0.5288
1745435706299,101521,191996,0.5288
1745435706316,101574,192103,0.5288
1745435706378,101624,192200,0.5287
1745435706389,101675,192295,0.5287
1745435706448,101729,192394,0.5288
1745435706472,101796,192512,0.5288
1745435706481,101894,192683,0.5288
1745435706489,102042,192941,0.5289
1745435706517,102249,193303,0.5290
1745435706527,102508,193755,0.5291
1745435706549,102797,194257,0.5292
1745435706593,103083,194754,0.5293
1745435706628,103332,195188,0.5294
1745435706669,103519,195514,0.5295
1745435706693,103632,195716,0.5295
1745435706703,103678,195805,0.5295
1745435706749,103675,195812,0.5295
1745435706903,103645,195775,0.5294
1745435706927,103609,195729,0.5294
1745435706936,103582,195706,0.5293
1745435706961,103574,195738,0.5291
1745435706968,103590,195853,0.5289
1745435706982,103631,196059,0.5286
1745435707028,103686,196341,0.5281
1745435707074,103744,196654,0.5275
1745435707118,103790,196945,0.5270
1745435707127,103814,197168,0.5265
1745435707136,103807,197288,0.5262
1745435707184,103766,197291,0.5260
1745435707197,103691,197183,0.5259
1745435707216,103589,196989,0.5259
1745435707232,103471,196742,0.5259
1745435707241,103348,196479,0.5260
1745435707313,103232,196231,0.5261
1745435707336,103133,196019,0.5261
1745435707346,103057,195858,0.5262
1745435707379,103005,195746,0.5262
1745435707435,102969,195666,0.5262
1745435707453,102934,195589,0.5263
1745435707522,102886,195487,0.5263
1745435707541,102821,195351,0.5263
1745435707554,102746,195199,0.5264
1745435707575,102676,195057,0.5264
1745435707612,102620,194947,0.5264
1745435707620,102579,194872,0.5264
1745435707746,102551,194826,0.5264
1745435707769,102529,194795,0.5263
1745435707778,102505,194764,0.5263
1745435707787,102471,194717,0.5263
1745435707797,102422,194645,0.5262
1745435707838,102360,194548,0.5261
1745435707847,102288,194432,0.5261
1745435707862,102213,194305,0.5260
1745435707898,102142,194178,0.5260
1745435707905,102083,194067,0.5260
1745435707936,102042,193984,0.5260
1745435708019,102020,193933,0.5261
1745435708026,102012,193909,0.5261
1745435708043,102011,193894,0.5261
1745435708082,102002,193865,0.5261
1745435708117,101976,193803,0.5262
1745435708146,101932,193710,0.5262
1745435708152,101879,193605,0.5262
1745435708181,101831,193514,0.5262
1745435708217,101794,193454,0.5262
1745435708261,101774,193430,0.5262
1745435708286,101771,193445,0.5261
1745435708320,101789,193503,0.5260
1745435708348,101833,193617,0.5260
1745435708381,101913,193804,0.5259
1745435708418,102039,194083,0.5258
1745435708454,102217,194463,0.5256
1745435708483,102441,194931,0.5255
1745435708545,102693,195452,0.5254
1745435708576,102952,195983,0.5253
1745435708606,103198,196486,0.5252
1745435708616,103419,196941,0.5251
1745435708654,103612,197342,0.5250
1745435708669,103781,197696,0.5250
1745435708695,103933,198019,0.5249
1745435708740,104083,198337,0.5248
1745435708823,104248,198682,0.5247
1745435708867,104445,199091,0.5246
1745435708876,104684,199579,0.5245
1745435708910,104955,200130,0.5244
1745435708920,105236,200696,0.5244
1745435708932,105499,201224,0.5243
1745435708968,105722,201669,0.5242
1745435709001,105892,202010,0.5242
1745435709028,106015,202256,0.5242
1745435709068,106105,202435,0.5241
1745435709114,106185,202591,0.5241
1745435709124,106276,202761,0.5241
1745435709154,106392,202973,0.5242
1745435709179,106540,203239,0.5242
1745435709206,106722,203564,0.5243
1745435709217,106940,203945,0.5244
1745435709248,107190,204374,0.5245
1745435709382,107461,204830,0.5246
1745435709399,107732,205277,0.5248
1745435709405,107976,205672,0.5250
1745435709413,108165,205975,0.5251
1745435709438,108279,206156,0.5252
1745435709462,108307,206203,0.5252
1745435709472,108252,206120,0.5252
1745435709527,108134,205939,0.5251
1745435709640,107988,205714,0.5249
1745435709649,107850,205503,0.5248
1745435709660,107750,205353,0.5247
1745435709673,107702,205284,0.5246
1745435709704,107699,205287,0.5246
1745435709718,107721,205330,0.5246
1745435709736,107736,205360,0.5246
1745435709785,107715,205330,0.5246
1745435709808,107640,205210,0.5245
1745435709862,107510,204999,0.5244
1745435709904,107340,204718,0.5243
1745435709926,107147,204397,0.5242
1745435709936,106949,204063,0.5241
1745435709950,106763,203744,0.5240
1745435709983,106605,203468,0.5239
1745435710037,106483,203253,0.5239
1745435710066,106399,203101,0.5239
1745435710126,106341,202996,0.5239
1745435710179,106298,202915,0.5239
1745435710186,106257,202842,0.5238
1745435710212,106212,202764,0.5238
1745435710222,106156,202671,0.5238
1745435710240,106079,202544,0.5237
1745435710270,105975,202368,0.5237
1745435710289,105841,202138,0.5236
1745435710334,105685,201867,0.5235
1745435710403,105521,201582,0.5235
1745435710447,105371,201316,0.5234
1745435710458,105251,201101,0.5234
1745435710483,105173,200956,0.5234
1745435710493,105140,200885,0.5234
1745435710517,105141,200871,0.5234
1745435710541,105158,200880,0.5235
1745435710550,105170,200879,0.5235
1745435710605,105164,200849,0.5236
1745435710748,105136,200784,0.5236
1745435710755,105086,200689,0.5236
1745435710762,105016,200565,0.5236
1745435710768,104931,200417,0.5236
1745435710776,104834,200252,0.5235
1745435710806,104734,200081,0.5235
1745435710820,104641,199918,0.5234
1745435710848,104563,199776,0.5234
1745435710901,104502,199662,0.5234
1745435711032,104453,199563,0.5234
1745435711056,104403,199458,0.5234
1745435711064,104341,199323,0.5235
1745435711073,104259,199151,0.5235
1745435711081,104162,198951,0.5236
1745435711088,104059,198742,0.5236
1745435711114,103958,198540,0.5236
1745435711166,103862,198352,0.5236
1745435711184,103774,198183,0.5236
1745435711285,103699,198043,0.5236
1745435711300,103648,197953,0.5236
1745435711308,103633,197933,0.5236
1745435711317,103662,197998,0.5235
1745435711348,103736,198147,0.5235
1745435711376,103848,198368,0.5235
1745435711385,103984,198631,0.5235
1745435711409,104120,198895,0.5235
1745435711448,104234,199116,0.5235
1745435711476,104310,199264,0.5235
1745435711531,104344,199332,0.5235
1745435711626,104343,199333,0.5235
1745435711639,104321,199294,0.5235
1745435711649,104296,199254,0.5234
1745435711660,104291,199259,0.5234
1745435711687,104326,199355,0.5233
1745435711716,104411,199559,0.5232
1745435711740,104539,199854,0.5231
1745435711796,104695,200200,0.5230
1745435711816,104864,200557,0.5229
1745435711837,105038,200902,0.5228
1745435711859,105214,201226,0.5229
1745435711869,105388,201520,0.5230
1745435711902,105557,201784,0.5231
1745435711929,105719,202026,0.5233
1745435711973,105876,202257,0.5235
1745435712020,106028,202486,0.5236
1745435712053,106172,202714,0.5238
1745435712086,106308,202942,0.5238
1745435712112,106436,203172,0.5239
1745435712136,106561,203406,0.5239
1745435712167,106684,203643,0.5239
1745435712188,106808,203882,0.5239
1745435712238,106937,204126,0.5239
1745435712258,107076,204381,0.5239
1745435712362,107230,204650,0.5240
1745435712370,107393,204926,0.5241
1745435712378,107554,205188,0.5242
1745435712403,107695,205411,0.5243
1745435712426,107805,205581,0.5244
1745435712466,107881,205695,0.5245
1745435712487,107926,205761,0.5245
1745435712521,107945,205787,0.5245
1745435712549,107945,205785,0.5246
1745435712599,107935,205769,0.5245
1745435712617,107919,205747,0.5245
1745435712641,107896,205719,0.5245
1745435712663,107861,205677,0.5244
1745435712686,107812,205614,0.5243
1745435712712,107744,205523,0.5242
1745435712752,107659,205404,0.5241
1745435712787,107563,205266,0.5240
1745435712905,107469,205128,0.5239
1745435712925,107390,205015,0.5238
1745435712934,107336,204940,0.5237
1745435712945,107306,204904,0.5237
1745435712959,107290,204886,0.5237
1745435712998,107274,204866,0.5236
1745435713029,107251,204832,0.5236
1745435713061,107217,204779,0.5236
1745435713080,107170,204707,0.5235
1745435713086,107108,204610,0.5235
1745435713243,107028,204488,0.5234
1745435713256,106938,204353,0.5233
1745435713266,106847,204222,0.5232
1745435713275,106761,204106,0.5231
1745435713284,106684,204008,0.5229
1745435713317,106615,203924,0.5228
1745435713340,106553,203849,0.5227
1745435713349,106498,203780,0.5226
1745435713374,106447,203713,0.5225
1745435713428,106399,203647,0.5225
1745435713501,106354,203583,0.5224
1745435713522,106314,203527,0.5224
1745435713533,106281,203484,0.5223
1745435713543,106257,203454,0.5223
1745435713576,106238,203430,0.5222
1745435713613,106221,203408,0.5222
1745435713753,106207,203390,0.5222
1745435713799,106197,203379,0.5222
1745435713810,106191,203377,0.5221
1745435713818,106186,203380,0.5221
1745435713825,106176,203379,0.5221
1745435713844,106158,203367,0.5220
1745435713852,106122,203330,0.5219
1745435713864,106063,203253,0.5218
1745435713892,105973,203124,0.5217
1745435713930,105852,202940,0.5216
1745435713994,105709,202717,0.5215
1745435714023,105558,202480,0.5213
1745435714033,105419,202261,0.5212
1745435714071,105308,202094,0.5211
1745435714098,105243,202005,0.5210
1745435714130,105233,202012,0.5209
1745435714147,105280,202118,0.5209
1745435714179,105375,202305,0.5209
1745435714205,105500,202543,0.5209
1745435714299,105634,202791,0.5209
1745435714321,105753,203012,0.5209
1745435714333,105840,203178,0.5209
1745435714363,105887,203273,0.5209
1745435714406,105894,203303,0.5209
1745435714444,105878,203295,0.5208
1745435714452,105864,203293,0.5207
1745435714460,105874,203335,0.5207
1745435714495,105916,203435,0.5206
1745435714571,105985,203584,0.5206
1745435714615,106069,203761,0.5206
1745435714623,106154,203941,0.5205
1745435714632,106230,204104,0.5205
1745435714652,106289,204238,0.5204
1745435714678,106330,204339,0.5204
1745435714701,106354,204412,0.5203
1745435714737,106369,204467,0.5202
1745435714770,106381,204513,0.5202
1745435714798,106394,204558,0.5201
1745435714871,106411,204607,0.5201
1745435714896,106443,204676,0.5201
1745435714906,106499,204785,0.5201
1745435714963,106586,204945,0.5201
1745435715014,106701,205153,0.5201
1745435715023,106832,205388,0.5201
1745435715045,106966,205628,0.5202
1745435715162,107097,205861,0.5202
1745435715199,107222,206082,0.5203
1745435715217,107340,206290,0.5203
1745435715227,107450,206482,0.5204
1745435715235,107553,206659,0.5204
1745435715261,107646,206820,0.5205
1745435715269,107729,206967,0.5205
1745435715289,107805,207104,0.5205
1745435715331,107881,207242,0.5206
1745435715340,107970,207398,0.5206
1745435715416,108086,207588,0.5207
1745435715439,108239,207828,0.5208
1745435715451,108435,208123,0.5210
1745435715487,108672,208468,0.5213
1745435715514,108944,208855,0.5216
1745435715554,109237,209267,0.5220
1745435715637,109533,209676,0.5224
1745435715677,109804,210046,0.5228
1745435715689,110025,210342,0.5231
1745435715697,110176,210539,0.5233
1745435715716,110250,210627,0.5234
1745435715742,110247,210610,0.5235
1745435715752,110179,210503,0.5234
1745435715768,110065,210333,0.5233
1745435715827,109929,210134,0.5231
1745435715836,109798,209941,0.5230
1745435715880,109691,209779,0.5229
1745435715937,109618,209662,0.5228
1745435716001,109578,209588,0.5228
1745435716008,109561,209541,0.5229
1745435716037,109547,209494,0.5229
1745435716108,109514,209414,0.5230
1745435716140,109447,209280,0.5230
1745435716151,109342,209090,0.5229
1745435716163,109210,208859,0.5229
1745435716174,109064,208609,0.5228
1745435716197,108913,208354,0.5227
1745435716245,108759,208095,0.5226
1745435716335,108603,207832,0.5226
1745435716351,108446,207567,0.5225
1745435716382,108293,207306,0.5224
1745435716394,108146,207053,0.5223
1745435716406,108005,206808,0.5222
1745435716431,107867,206565,0.5222
1745435716444,107728,206318,0.5221
1745435716477,107583,206061,0.5221
1745435716489,107430,205792,0.5220
1745435716633,107268,205511,0.5220
1745435716681,107104,205229,0.5219
1745435716694,106947,204960,0.5218
1745435716707,106809,204721,0.5217
1745435716718,106697,204521,0.5217
1745435716735,106614,204359,0.5217
1745435716744,106559,204238,0.5217
1745435716753,106534,204160,0.5218
1745435716788,106537,204127,0.5219
1745435716813,106562,204132,0.5220
1745435716852,106599,204159,0.5221
1745435716906,106642,204197,0.5222
1745435716924,106686,204241,0.5224
1745435716964,106734,204295,0.5225
1745435716999,106785,204359,0.5225
1745435717008,106838,204431,0.5226
1745435717029,106891,204506,0.5227
1745435717230,106940,204578,0.5227
1745435717261,106984,204645,0.5228
1745435717279,107025,204708,0.5228
1745435717296,107075,204781,0.5229
1745435717307,107157,204904,0.5230
1745435717317,107311,205134,0.5231
1745435717326,107576,205526,0.5234
1745435717372,107968,206102,0.5239
1745435717390,108462,206819,0.5244
1745435717402,108993,207587,0.5250
1745435717423,109487,208296,0.5256
1745435717471,109889,208868,0.5261
1745435717493,110181,209282,0.5265
1745435717545,110394,209577,0.5267
1745435717569,110590,209835,0.5270
1745435717663,110841,210152,0.5274
1745435717671,111205,210603,0.5280
1745435717684,111697,211212,0.5288
1745435717697,112292,211945,0.5298
1745435717707,112927,212728,0.5309
1745435717720,113529,213468,0.5318
1745435717768,114031,214085,0.5326
1745435717780,114387,214527,0.5332
1745435717887,114588,214784,0.5335
1745435717935,114656,214886,0.5336
1745435717950,114639,214890,0.5335
1745435718002,114593,214862,0.5333
1745435718029,114563,214864,0.5332
1745435718063,114579,214949,0.5331
1745435718089,114647,215153,0.5329
1745435718117,114761,215490,0.5326
1745435718125,114901,215932,0.5321
1745435718133,115045,216426,0.5316
1745435718140,115175,216908,0.5310
1745435718170,115285,217330,0.5305
1745435718184,115373,217662,0.5301
1745435718216,115444,217897,0.5298
1745435718233,115500,218043,0.5297
1745435718270,115542,218118,0.5297
1745435718282,115570,218137,0.5298
1745435718337,115580,218114,0.5299
1745435718370,115572,218062,0.5300
1745435718381,115553,217998,0.5301
1745435718404,115534,217942,0.5301
1745435718437,115529,217912,0.5302
1745435718464,115542,217913,0.5302
1745435718497,115570,217932,0.5303
1745435718517,115599,217946,0.5304
1745435718586,115614,217930,0.5305
1745435718609,115595,217861,0.5306
1745435718616,115528,217720,0.5306
1745435718649,115405,217496,0.5306
1745435718695,115231,217198,0.5305
1745435718704,115023,216856,0.5304
1745435718739,114808,216503,0.5303
1745435718770,114605,216172,0.5302
1745435718793,114429,215883,0.5301
1745435718886,114289,215648,0.5300
1745435718915,114192,215477,0.5299
1745435718924,114140,215377,0.5300
1745435718974,114132,215344,0.5300
1745435719023,114156,215359,0.5301
1745435719038,114190,215385,0.5302
1745435719067,114204,215375,0.5303
1745435719077,114170,215285,0.5303
1745435719106,114068,215090,0.5303
1745435719133,113900,214794,0.5303
1745435719167,113687,214431,0.5302
1745435719202,113457,214047,0.5301
1745435719222,113235,213678,0.5299
1745435719240,113032,213341,0.5298
1745435719262,112851,213036,0.5297
1745435719302,112690,212763,0.5297
1745435719323,112552,212524,0.5296
1745435719368,112437,212325,0.5296
1745435719471,112345,212165,0.5295
1745435719493,112268,212033,0.5295
1745435719500,112194,211911,0.5294
1745435719520,112114,211780,0.5294
1745435719550,112026,211639,0.5293
1745435719568,111938,211497,0.5293
1745435719597,111865,211373,0.5292
1745435719615,111815,211280,0.5292
1745435719633,111787,211216,0.5293
1745435719686,111773,211167,0.5293
1745435719729,111761,211119,0.5294
1745435719761,111750,211069,0.5294
1745435719771,111747,211035,0.5295
1745435719810,111769,211043,0.5296
1745435719820,111830,211119,0.5297
1745435719870,111935,211273,0.5298
1745435719911,112080,211493,0.5299
1745435719957,112242,211748,0.5301
1745435719978,112397,211997,0.5302
1745435720063,112520,212201,0.5303
1745435720074,112601,212343,0.5303
1745435720084,112646,212431,0.5303
1745435720113,112675,212493,0.5303
1745435720139,112713,212568,0.5302
1745435720168,112779,212680,0.5303
1745435720196,112873,212834,0.5303
1745435720204,112990,213019,0.5304
1745435720234,113117,213217,0.5305
1745435720282,113254,213421,0.5307
1745435720347,113405,213642,0.5308
1745435720360,113582,213899,0.5310
1745435720394,113793,214204,0.5312
1745435720406,114032,214553,0.5315
1745435720417,114285,214923,0.5317
1745435720460,114532,215287,0.5320
1745435720489,114759,215623,0.5322
1745435720515,114954,215916,0.5324
1745435720677,115113,216156,0.5325
1745435720699,115236,216342,0.5327
1745435720723,115334,216489,0.5328
1745435720750,115423,216620,0.5328
1745435720763,115518,216758,0.5329
1745435720777,115627,216920,0.5330
1745435720829,115752,217107,0.5332
1745435720845,115886,217313,0.5333
1745435720854,116021,217525,0.5334
1745435720885,116147,217724,0.5335
1745435720898,116253,217891,0.5335
1745435720972,116333,218014,0.5336
1745435721016,116390,218096,0.5337
1745435721025,116439,218163,0.5337
1745435721036,116496,218236,0.5338
1745435721061,116565,218321,0.5339
1745435721071,116635,218405,0.5340
1745435721081,116690,218462,0.5341
1745435721123,116710,218467,0.5342
1745435721137,116679,218395,0.5343
1745435721172,116582,218228,0.5342
1745435721247,116411,217952,0.5341
1745435721285,116171,217575,0.5339
1745435721307,115881,217124,0.5337
1745435721326,115570,216645,0.5335
1745435721335,115276,216194,0.5332
1745435721432,115039,215828,0.5330
1745435721476,114891,215595,0.5329
1745435721485,114846,215514,0.5329
1745435721493,114890,215564,0.5330
1745435721501,114991,215691,0.5331
1745435721531,115103,215831,0.5333
1745435721633,115192,215933,0.5335
1745435721677,115233,215968,0.5336
1745435721687,115216,215919,0.5336
1745435721697,115135,215780,0.5336
1745435721720,114994,215556,0.5335
1745435721749,114807,215266,0.5333
1745435721757,114595,214940,0.5331
1745435721794,114380,214611,0.5330
1745435721806,114180,214306,0.5328
1745435721921,114010,214043,0.5326
1745435721969,113871,213828,0.5325
1745435721979,113758,213649,0.5325
1745435721987,113659,213489,0.5324
1745435722010,113562,213332,0.5323
1745435722018,113455,213160,0.5323
1745435722028,113328,212958,0.5322
1745435722079,113175,212718,0.5320
1745435722088,113007,212455,0.5319
1745435722121,112857,212222,0.5318
1745435722187,112768,212080,0.5317
1745435722197,112759,212060,0.5317
1745435722224,112810,212130,0.5318
1745435722235,112871,212217,0.5319
1745435722265,112900,212263,0.5319
1745435722331,112885,212254,0.5318
1745435722340,112849,212227,0.5317
1745435722401,112839,212247,0.5316
1745435722461,112906,212378,0.5316
1745435722469,113086,212668,0.5317
1745435722490,113392,213128,0.5320
1745435722523,113810,213744,0.5325
1745435722545,114310,214480,0.5330
1745435722556,114855,215288,0.5335
1745435722591,115395,216101,0.5340
1745435722714,115868,216824,0.5344
1745435722724,116205,217350,0.5346
1745435722732,116349,217588,0.5347
1745435722739,116274,217498,0.5346
1745435722772,116003,217110,0.5343
1745435722782,115614,216539,0.5339
1745435722901,115228,215965,0.5335
1745435722931,114970,215581,0.5333
1745435722945,114923,215511,0.5333
1745435722973,115104,215781,0.5334
1745435722982,115472,216335,0.5338
1745435723014,115959,217072,0.5342
1745435723022,116483,217870,0.5346
1745435723043,116956,218597,0.5350
1745435723053,117307,219138,0.5353
1745435723082,117497,219434,0.5355
1745435723140,117534,219495,0.5355
1745435723163,117456,219382,0.5354
1745435723202,117313,219176,0.5352
1745435723235,117158,218960,0.5351
1745435723265,117042,218812,0.5349
1745435723301,117010,218795,0.5348
1745435723333,117091,218948,0.5348
1745435723369,117295,219279,0.5349
1745435723379,117610,219763,0.5352
1745435723393,118010,220358,0.5355
1745435723553,118465,221020,0.5360
1745435723589,118947,221706,0.5365
1745435723602,119420,222368,0.5370
1745435723617,119843,222952,0.5375
1745435723626,120174,223401,0.5379
1745435723634,120380,223675,0.5382
1745435723642,120453,223766,0.5383
1745435723676,120415,223706,0.5383
1745435723686,120308,223560,0.5381
1745435723736,120179,223402,0.5380
1745435723795,120070,223293,0.5377
1745435723802,120007,223274,0.5375
1745435723827,120010,223357,0.5373
1745435723837,120081,223534,0.5372
1745435723865,120211,223775,0.5372
1745435723872,120370,224027,0.5373
1745435723911,120517,224230,0.5375
1745435724093,120611,224327,0.5377
1745435724149,120623,224290,0.5378
1745435724156,120546,224118,0.5379
1745435724165,120387,223831,0.5379
1745435724174,120168,223466,0.5377
1745435724185,119937,223104,0.5376
1745435724195,119804,222935,0.5374
1745435724202,119966,223312,0.5372
1745435724234,120693,224746,0.5370
1745435724255,122290,227836,0.5367
1745435724269,125072,233189,0.5364
1745435724289,129346,241331,0.5360
1745435724332,135374,252582,0.5360
1745435724370,143276,266846,0.5369
1745435724394,152863,283385,0.5394
1745435724518,163492,300742,0.5436
1745435724539,174057,316970,0.5491
1745435724551,183209,330124,0.5550
1745435724561,189737,338794,0.5600
1745435724585,192913,342428,0.5634
1745435724596,192625,341281,0.5644
1745435724624,189278,336100,0.5632
1745435724635,183577,327773,0.5601
1745435724683,176334,317169,0.5560
1745435724736,168429,305257,0.5518
1745435724766,160874,293383,0.5483
1745435724802,154819,283360,0.5464
1745435724827,151364,277157,0.5461
1745435724837,151206,276251,0.5473
1745435724879,154340,281044,0.5492
1745435724909,160016,290692,0.5505
1745435724974,166986,303425,0.5503
1745435725001,173938,317177,0.5484
1745435725012,179886,330178,0.5448
1745435725039,184374,341312,0.5402
1745435725091,187449,350198,0.5353
1745435725106,189537,357097,0.5308
1745435725134,191337,362774,0.5274
1745435725163,193756,368321,0.5261
1745435725210,197740,374848,0.5275
1745435725254,203912,383021,0.5324
1745435725262,212167,392690,0.5403
1745435725286,221544,402868,0.5499
1745435725307,230556,412125,0.5594
1745435725341,237804,419195,0.5673
1745435725353,242574,423478,0.5728
1745435725389,245226,425297,0.5766
1745435725414,247392,425933,0.5808
1745435725459,251949,427414,0.5895
1745435725505,262550,431970,0.6078
1745435725534,282529,441187,0.6404
1745435725561,313443,455256,0.6885
1745435725572,353999,472784,0.7488
1745435725604,400074,491304,0.8143
1745435725635,445923,508175,0.8775
1745435725661,485984,521413,0.9321
1745435725741,516421,530125,0.9741
1745435725756,535854,534497,1.0025
1745435725797,545188,535467,1.0182
1745435725831,546838,534287,1.0235
1745435725859,543760,532141,1.0218
1745435725870,538657,529911,1.0165
1745435725905,533487,528056,1.0103
1745435725928,529205,526443,1.0052
1745435725938,525476,524011,1.0028
1745435725999,520306,518487,1.0035
1745435726032,510094,506700,1.0067
1745435726085,490678,485716,1.0102
1745435726098,459196,454261,1.0109
1745435726128,415660,413542,1.0051
1745435726137,363281,366996,0.9899
1745435726166,307424,319175,0.9632
1745435726256,253862,274403,0.9251
1745435726308,207196,235775,0.8788
1745435726324,170000,204749,0.8303
1745435726376,142778,181311,0.7875
1745435726384,124493,164471,0.7569
1745435726392,113303,152830,0.7414
1745435726398,107227,145036,0.7393
1745435726428,104624,140060,0.7470
1745435726463,104598,137350,0.7615
1745435726503,107291,136858,0.7840
1745435726528,113627,138792,0.8187
1745435726545,124226,143086,0.8682
1745435726609,138164,148959,0.9275
1745435726702,152792,154973,0.9859
1745435726710,164874,159613,1.0330
1745435726737,172156,161934,1.0631
1745435726746,174245,161879,1.0764
1745435726766,172379,160133,1.0765
1745435726774,168432,157685,1.0682
1745435726798,163875,155350,1.0549
1745435726933,159254,153488,1.0376
1745435726968,154335,152006,1.0153
1745435726984,148635,150564,0.9872
1745435726997,141948,148839,0.9537
1745435727006,134565,146706,0.9172
1745435727033,127170,144272,0.8815
1745435727041,120549,141791,0.8502
1745435727063,115296,139545,0.8262
1745435727119,111660,137731,0.8107
1745435727182,109532,136414,0.8029
1745435727194,108553,135535,0.8009
1745435727233,108264,134948,0.8023
1745435727241,108237,134482,0.8048
1745435727272,108161,133983,0.8073
1745435727316,107878,133358,0.8089
1745435727417,107368,132581,0.8098
1745435727427,106705,131692,0.8103
1745435727436,106010,130774,0.8106
1745435727445,105391,129920,0.8112
1745435727452,104923,129210,0.8120
1745435727481,104627,128690,0.8130
1745435727490,104483,128363,0.8140
1745435727537,104444,128198,0.8147
1745435727548,104458,128145,0.8152
1745435727559,104479,128147,0.8153
1745435727606,104479,128159,0.8152
1745435727633,104448,128151,0.8150
1745435727663,104394,128114,0.8149
1745435727705,104335,128055,0.8148
1745435727724,104297,127991,0.8149
1745435727762,104305,127944,0.8152
1745435727796,104381,127937,0.8159
1745435727833,104549,127994,0.8168
1745435727846,104836,128141,0.8181
1745435727907,105282,128404,0.8199
1745435727919,105924,128805,0.8224
1745435727933,106785,129348,0.8256
1745435727981,107841,130003,0.8295
1745435728027,109005,130705,0.8340
1745435728038,110132,131356,0.8384
1745435728070,111047,131852,0.8422
1745435728124,111590,132104,0.8447
1745435728135,111670,132065,0.8456
1745435728158,111286,131738,0.8447
1745435728189,110530,131179,0.8426
1745435728224,109560,130482,0.8397
1745435728258,108553,129753,0.8366
1745435728278,107657,129087,0.8340
1745435728309,106963,128544,0.8321
1745435728351,106502,128148,0.8311
1745435728408,106264,127890,0.8309
1745435728483,106212,127746,0.8314
1745435728494,106296,127685,0.8325
1745435728503,106462,127680,0.8338
1745435728510,106652,127707,0.8351
1745435728546,106816,127753,0.8361
1745435728563,106909,127804,0.8365
1745435728614,106904,127850,0.8362
1745435728629,106790,127881,0.8351
1745435728676,106575,127889,0.8333
1745435728705,106288,127871,0.8312
1745435728738,105972,127834,0.8290
1745435728793,105675,127790,0.8269
1745435728805,105438,127755,0.8253
1745435728819,105291,127744,0.8242
1745435728876,105248,127766,0.8238
1745435728904,105305,127826,0.8238
1745435728967,105449,127923,0.8243
1745435729024,105662,128052,0.8251
1745435729035,105921,128207,0.8262
1745435729067,106202,128376,0.8273
1745435729078,106487,128550,0.8284
1745435729116,106757,128720,0.8294
1745435729197,107003,128880,0.8303
1745435729227,107222,129029,0.8310
1745435729249,107415,129168,0.8316
1745435729264,107585,129300,0.8321
1745435729273,107728,129423,0.8324
1745435729303,107836,129532,0.8325
1745435729350,107900,129618,0.8324
1745435729384,107913,129677,0.8322
1745435729394,107874,129704,0.8317
1745435729415,107787,129701,0.8310
1745435729453,107667,129673,0.8303
1745435729531,107530,129630,0.8295
1745435729554,107394,129578,0.8288
1745435729569,107276,129524,0.8282
1745435729624,107187,129472,0.8279
1745435729641,107132,129423,0.8278
1745435729950,107104,129377,0.8279
1745435729979,107095,129331,0.8281
1745435730034,107091,129287,0.8283
1745435730043,107085,129245,0.8285
1745435730051,107071,129206,0.8287
1745435730058,107052,129172,0.8288
1745435730066,107035,129146,0.8288
1745435730072,107031,129132,0.8288
1745435730082,107048,129133,0.8290
1745435730091,107090,129151,0.8292
1745435730098,107154,129185,0.8295
1745435730105,107228,129230,0.8297
1745435730112,107300,129281,0.8300
1745435730139,107357,129334,0.8301
1745435730148,107396,129386,0.8300
1745435730157,107418,129441,0.8299
1745435730166,107430,129503,0.8296
1745435730227,107441,129582,0.8291
1745435730304,107461,129688,0.8286
1745435730341,107500,129830,0.8280
1745435730351,107567,130008,0.8274
1745435730361,107666,130216,0.8268
1745435730369,107796,130439,0.8264
1745435730389,107948,130659,0.8262
1745435730397,108111,130859,0.8262
1745435730427,108268,131024,0.8263
1745435730469,108403,131144,0.8266
1745435730516,108501,131216,0.8269
1745435730542,108555,131238,0.8272
1745435730563,108557,131215,0.8273
1745435730571,108510,131155,0.8273
1745435730582,108422,131070,0.8272
1745435730610,108307,130971,0.8270
1745435730654,108181,130871,0.8266
1745435730684,108057,130778,0.8263
1745435730718,107943,130695,0.8259
1745435730770,107840,130623,0.8256
1745435730817,107743,130559,0.8252
1745435730825,107645,130501,0.8249
1745435730861,107536,130445,0.8244
1745435730871,107414,130389,0.8238
1745435730896,107278,130331,0.8231
1745435731067,107132,130272,0.8224
1745435731116,106982,130211,0.8216
1745435731127,106830,130148,0.8208
1745435731137,106680,130079,0.8201
1745435731167,106530,130004,0.8194
1745435731177,106377,129919,0.8188
1745435731214,106216,129824,0.8182
1745435731223,106044,129719,0.8175
1745435731232,105859,129610,0.8168
1745435731240,105665,129499,0.8160
1745435731250,105467,129394,0.8151
1745435731274,105270,129299,0.8142
1745435731293,105079,129215,0.8132
1745435731428,104893,129140,0.8122
1745435731442,104711,129070,0.8113
1745435731450,104533,129001,0.8103
1745435731458,104362,128933,0.8094
1745435731466,104204,128865,0.8086
1745435731501,104069,128799,0.8080
1745435731520,103969,128734,0.8076
1745435731573,103913,128668,0.8076
1745435731599,103909,128597,0.8080
1745435731689,103965,128525,0.8089
1745435731706,104090,128459,0.8103
1745435731717,104291,128419,0.8121
1745435731752,104570,128422,0.8143
1745435731773,104914,128482,0.8166
1745435731785,105291,128596,0.8188
1745435731827,105655,128746,0.8206
1745435731846,105951,128901,0.8220
1745435731948,106133,129027,0.8226
1745435731970,106177,129101,0.8224
1745435731978,106089,129115,0.8217
1745435731985,105897,129081,0.8204
1745435732015,105646,129019,0.8188
1745435732037,105385,128957,0.8172
1745435732066,105154,128912,0.8157
1745435732097,104976,128892,0.8144
1745435732107,104855,128892,0.8135
1745435732154,104781,128901,0.8129
1745435732241,104739,128904,0.8125
1745435732254,104712,128890,0.8124
1745435732265,104687,128853,0.8125
1745435732274,104655,128789,0.8126
1745435732301,104610,128695,0.8129
1745435732323,104544,128568,0.8131
1745435732368,104444,128407,0.8134
1745435732428,104300,128216,0.8135
1745435732488,104105,128011,0.8133
1745435732526,103868,127821,0.8126
1745435732537,103612,127685,0.8115
1745435732562,103375,127645,0.8099
1745435732585,103199,127730,0.8079
1745435732654,103114,127944,0.8059
1745435732672,103135,128269,0.8041
1745435732684,103255,128660,0.8025
1745435732698,103447,129065,0.8015
1745435732784,103669,129431,0.8010
1745435732826,103876,129718,0.8008
1745435732831,104024,129904,0.8008
1745435732837,104088,129983,0.8008
1745435732870,104067,129962,0.8007
1745435732884,103984,129865,0.8007
1745435732909,103879,129722,0.8008
1745435733042,103798,129568,0.8011
1745435733112,103773,129435,0.8017
1745435733121,103814,129341,0.8026
1745435733130,103906,129292,0.8037
1745435733139,104018,129278,0.8046
1745435733146,104113,129284,0.8053
1745435733152,104167,129291,0.8057
1745435733173,104168,129288,0.8057
1745435733183,104119,129267,0.8055
1745435733235,104034,129227,0.8051
1745435733269,103933,129172,0.8046
1745435733290,103833,129108,0.8042
1745435733362,103745,129041,0.8040
1745435733369,103674,128975,0.8038
1745435733377,103616,128912,0.8038
1745435733415,103565,128854,0.8037
1745435733430,103518,128803,0.8037
1745435733444,103476,128762,0.8036
1745435733488,103441,128733,0.8035
1745435733515,103416,128719,0.8034
1745435733550,103400,128715,0.8033
1745435733620,103388,128717,0.8032
1745435733647,103375,128716,0.8031
1745435733657,103355,128705,0.8030
1745435733683,103326,128684,0.8029
1745435733711,103289,128654,0.8028
1745435733747,103248,128621,0.8027
1745435733784,103208,128588,0.8026
1745435733804,103169,128557,0.8025
1745435733841,103132,128527,0.8024
1745435733921,103093,128494,0.8023
1745435733930,103051,128458,0.8022
1745435733971,103009,128418,0.8021
1745435733992,102969,128379,0.8021
1745435734004,102939,128343,0.8021
1745435734037,102922,128316,0.8021
1745435734104,102922,128298,0.8022
1745435734132,102935,128290,0.8024
1745435734215,102955,128289,0.8025
1745435734239,102974,128291,0.8027
1745435734248,102983,128291,0.8027
1745435734255,102976,128285,0.8027
1745435734261,102956,128272,0.8026
1745435734280,102926,128252,0.8025
1745435734324,102896,128228,0.8024
1745435734348,102875,128205,0.8024
1745435734384,102870,128187,0.8025
1745435734398,102880,128177,0.8026
1745435734539,102902,128175,0.8028
1745435734554,102928,128176,0.8030
1745435734566,102950,128173,0.8032
1745435734574,102959,128159,0.8034
1745435734581,102953,128131,0.8035
1745435734608,102929,128087,0.8036
1745435734639,102892,128033,0.8036
1745435734662,102848,127977,0.8036
1745435734826,102802,127926,0.8036
1745435734835,102761,127885,0.8035
1745435734842,102727,127851,0.8035
1745435734851,102698,127819,0.8035
1745435734862,102673,127779,0.8035
1745435734868,102648,127725,0.8037
1745435734902,102624,127652,0.8039
1745435734921,102601,127562,0.8043
1745435734933,102579,127458,0.8048
1745435734960,102556,127344,0.8054
1745435734972,102530,127224,0.8059
1745435735030,102499,127104,0.8064
1745435735075,102464,126992,0.8069
1745435735105,102429,126897,0.8072
1745435735124,102402,126832,0.8074
1745435735149,102393,126811,0.8074
1745435735184,102411,126842,0.8074
1745435735208,102457,126929,0.8072
1745435735237,102532,127065,0.8069
1745435735265,102632,127240,0.8066
1745435735321,102751,127436,0.8063
1745435735365,102889,127642,0.8061
1745435735390,103046,127849,0.8060
1745435735413,103225,128051,0.8061
1745435735423,103431,128247,0.8065
1745435735458,103664,128435,0.8071
1745435735499,103927,128610,0.8081
1745435735517,104216,128765,0.8093
1745435735538,104526,128895,0.8109
1745435735575,104850,128999,0.8128
1745435735639,105176,129085,0.8148
1745435735658,105493,129166,0.8167
1745435735690,105788,129259,0.8184
1745435735704,106049,129377,0.8197
1745435735756,106271,129526,0.8205
1745435735785,106456,129709,0.8207
1745435735813,106609,129924,0.8205
1745435735915,106735,130159,0.8200
1745435735925,106830,130395,0.8193
1745435735932,106879,130600,0.8184
1745435735956,106856,130736,0.8173
1745435735982,106742,130770,0.8163
1745435736033,106532,130680,0.8152
1745435736050,106243,130468,0.8143
1745435736060,105934,130174,0.8138
1745435736098,105744,129920,0.8139
1745435736121,105978,129971,0.8154
1745435736200,107118,130765,0.8192
1745435736222,109673,132790,0.8259
1745435736234,113855,136324,0.8352
1745435736262,119334,141194,0.8452
1745435736272,125273,146753,0.8536
1745435736298,130643,152105,0.8589
1745435736331,134608,156433,0.8605
1745435736370,136773,159256,0.8588
1745435736480,137229,160518,0.8549
1745435736490,136419,160509,0.8499
1745435736498,134940,159709,0.8449
1745435736506,133367,158633,0.8407
1745435736535,132149,157727,0.8378
1745435736557,131581,157323,0.8364
1745435736599,131814,157629,0.8362
1745435736631,132886,158739,0.8371
1745435736671,134748,160638,0.8388
1745435736770,137282,163218,0.8411
1745435736786,140296,166274,0.8438
1745435736793,143528,169517,0.8467
1745435736822,146668,172620,0.8497
1745435736833,149416,175281,0.8524
1745435736852,151554,177298,0.8548
1745435736880,152987,178605,0.8566
1745435736890,153750,179270,0.8576
1745435736919,153981,179452,0.8581
1745435737075,153863,179343,0.8579
1745435737099,153577,179117,0.8574
1745435737109,153255,178895,0.8567
1745435737117,152967,178733,0.8558
1745435737126,152722,178631,0.8550
1745435737152,152491,178551,0.8540
1745435737162,152230,178443,0.8531
1745435737179,151905,178265,0.8521
1745435737308,151502,177997,0.8512
1745435737360,151032,177646,0.8502
1745435737368,150523,177238,0.8493
1745435737374,150016,176812,0.8484
1745435737381,149549,176406,0.8478
1745435737389,149146,176042,0.8472
1745435737416,148808,175725,0.8468
1745435737432,148519,175441,0.8465
1745435737451,148251,175170,0.8463
1745435737485,147977,174891,0.8461
1745435737575,147682,174597,0.8458
1745435737583,147364,174292,0.8455
1745435737590,147034,173992,0.8451
1745435737619,146707,173713,0.8445
1745435737641,146401,173468,0.8440
1745435737685,146123,173257,0.8434
1745435737714,145874,173075,0.8428
1745435737752,145649,172910,0.8423
1745435737782,145441,172752,0.8419
1745435737791,145240,172597,0.8415
1745435737867,145038,172440,0.8411
1745435737904,144827,172277,0.8407
1745435737930,144598,172101,0.8402
1745435737939,144346,171910,0.8397
1745435737952,144079,171704,0.8391
1745435737988,143808,171496,0.8386
1745435738016,143553,171297,0.8380
1745435738055,143328,171121,0.8376
1745435738220,143139,170972,0.8372
1745435738235,142982,170847,0.8369
1745435738243,142847,170739,0.8366
1745435738250,142720,170636,0.8364
1745435738255,142592,170533,0.8362
1745435738261,142461,170426,0.8359
1745435738288,142330,170317,0.8357
1745435738304,142201,170206,0.8355
1745435738362,142071,170089,0.8353
1745435738371,141929,169958,0.8351
1745435738489,141767,169806,0.8349
1745435738504,141579,169629,0.8346
1745435738513,141368,169433,0.8344
1745435738522,141147,169230,0.8341
1745435738550,140929,169034,0.8337
1745435738570,140727,168862,0.8334
1745435738601,140550,168720,0.8330
1745435738622,140404,168613,0.8327
1745435738644,140293,168543,0.8324
1745435738746,140220,168508,0.8321
1745435738757,140181,168500,0.8319
1745435738767,140165,168508,0.8318
1745435738796,140157,168517,0.8317
1745435738804,140146,168516,0.8316
1745435738831,140123,168498,0.8316
1745435738865,140087,168461,0.8316
1745435738883,140040,168409,0.8315
1745435738919,139987,168347,0.8315
1745435739022,139934,168283,0.8315
1745435739041,139888,168223,0.8316
1745435739054,139853,168173,0.8316
1745435739077,139830,168137,0.8316
1745435739086,139817,168115,0.8317
1745435739116,139811,168103,0.8317
1745435739156,139807,168098,0.8317
1745435739175,139799,168091,0.8317
1745435739198,139783,168079,0.8317
1745435739380,139759,168059,0.8316
1745435739391,139726,168030,0.8315
1745435739414,139688,167997,0.8315
1745435739420,139649,167964,0.8314
1745435739428,139614,167937,0.8313
1745435739435,139583,167917,0.8313
1745435739475,139559,167906,0.8312
1745435739485,139539,167901,0.8311
1745435739502,139523,167902,0.8310
1745435739532,139513,167907,0.8309
1745435739556,139511,167917,0.8308
1745435739613,139522,167934,0.8308
1745435739662,139545,167961,0.8308
1745435739692,139581,167999,0.8308
1745435739701,139626,168045,0.8309
1745435739717,139674,168095,0.8309
1745435739751,139722,168146,0.8310
1745435739772,139764,168191,0.8310
1745435739797,139796,168228,0.8310
1745435740001,139817,168253,0.8310
1745435740022,139823,168265,0.8310
1745435740033,139813,168263,0.8309
1745435740043,139789,168247,0.8309
1745435740052,139749,168218,0.8308
1745435740058,139696,168178,0.8306
1745435740067,139632,168129,0.8305
1745435740095,139559,168073,0.8303
1745435740107,139482,168014,0.8302
1745435740138,139412,167964,0.8300
1745435740171,139363,167936,0.8299
1745435740239,139356,167952,0.8297
1745435740302,139419,168045,0.8297
1745435740312,139588,168256,0.8296
1745435740337,139902,168633,0.8296
1745435740346,140388,169212,0.8297
1745435740371,141061,170017,0.8297
1745435740390,141936,171064,0.8297
1745435740413,143056,172391,0.8298
1745435740434,144572,174136,0.8302
1745435740455,146920,176697,0.8315
1745435740504,151175,181049,0.8350
1745435740555,159408,189049,0.8432
1745435740577,174468,203229,0.8585
1745435740587,198589,225510,0.8806
1745435740624,231154,255141,0.9060
1745435740644,267312,287406,0.9301
1745435740668,298974,314580,0.9504
1745435740713,317968,328970,0.9666
1745435740728,319433,326191,0.9793
1745435740760,303526,306808,0.9893
1745435740843,274884,275732,0.9969
1745435740854,240515,240067,1.0019
1745435740868,207351,206639,1.0034
1745435740879,180427,180224,1.0011
1745435740924,162128,162867,0.9955
1745435740973,152398,154189,0.9884
1745435741001,149553,152261,0.9822
1745435741013,151237,154585,0.9783
1745435741066,155204,158869,0.9769
1745435741108,159763,163448,0.9775
1745435741149,163917,167384,0.9793
1745435741162,167274,170354,0.9819
1745435741210,169855,172439,0.9850
1745435741242,171881,173907,0.9884
1745435741273,173609,175046,0.9918
1745435741311,175248,176088,0.9952
1745435741323,176935,177180,0.9986
1745435741434,178751,178407,1.0019
1745435741469,180730,179802,1.0052
1745435741476,182870,181376,1.0082
1745435741485,185160,183135,1.0111
1745435741512,187606,185115,1.0135
1745435741521,190250,187390,1.0153
1745435741530,193149,190056,1.0163
1745435741560,196345,193200,1.0163
1745435741571,199840,196872,1.0151
1745435741722,203603,201082,1.0125
1745435741739,207593,205803,1.0087
1745435741750,211768,210965,1.0038
1745435741758,216064,216437,0.9983
1745435741791,220368,222010,0.9926
1745435741801,224509,227410,0.9872
1745435741821,228280,232339,0.9825
1745435741856,231476,236522,0.9787
1745435741880,233935,239752,0.9757
1745435741928,235559,241908,0.9738
1745435741978,236308,242945,0.9727
