ms,red,ir,ratio,adcAvg,ratioSlope,AI
1364329577,205,505,0.203,1570,0,50
1364383576,207,505,0.4099,1572,0,50
1364438576,204,505,0.404,1572,0.0001,45
1364492577,205,506,0.4051,1572,0.0001,50
1364546576,200,507,0.3945,1572,-0.0001,45
1364603884,205,505,0.4059,1572,0,45
1364657586,206,506,0.4071,1572,0.0001,45
1364711581,203,502,0.4044,1567,0.0001,45
1364765582,204,499,0.4088,1564,0.0003,45
1364822577,185,501,0.3693,1566,-0.0002,50
1364876576,204,491,0.4155,1567,0.0001,50
1364935576,203,492,0.4126,1548,-0.0001,50
1364989587,204,502,0.4064,1569,-0.0001,45
1365043587,208,494,0.4211,1551,-0.0003,45
1365097576,203,501,0.4052,1567,-0.0003,45
1365153576,193,500,0.386,1568,-0.0001,50
1365209576,204,503,0.4056,1569,-0.0002,45
1365263577,199,502,0.3964,1569,-0.0002,45
1365318576,204,501,0.4072,1568,-0.0002,45
1365372577,206,507,0.4063,1569,-0.0003,45
1365426576,204,502,0.4064,1570,-0.0004,50
1365480578,201,500,0.402,1569,-0.0004,50
1365536577,205,503,0.4076,1567,-0.0004,45
1365590576,204,502,0.4064,1563,-0.0004,45
1365644581,202,500,0.404,1565,-0.0004,45
1365702582,204,487,0.4189,1568,-0.0003,40
1365756581,205,494,0.415,1548,-0.0002,40
1365814574,206,505,0.4079,1569,-0.0002,40
1365868578,200,504,0.3968,1568,-0.0003,35
1365924574,203,485,0.4186,1532,0.0003,35
1365978578,184,488,0.377,1567,-0.0002,35
1366032577,204,503,0.4056,1569,-0.0001,40
1366086577,199,498,0.3996,1568,0,35
1366144572,204,503,0.4056,1568,0.0001,35
1366198577,203,501,0.4052,1567,0.0001,35
1366253574,204,502,0.4064,1567,0,35
1366311577,203,501,0.4052,1567,0,35
1366365578,204,492,0.4146,1566,-0.0001,35
1366421578,201,490,0.4102,1561,-0.0001,35
1366476720,201,474,0.4241,1515,-0.0002,35
1366530578,200,494,0.4049,1560,-0.0002,35
1366584574,196,497,0.3944,1562,-0.0002,35
1366639678,203,498,0.4076,1563,-0.0002,35
1366693580,196,498,0.3936,1562,-0.0002,40
1366749580,203,498,0.4076,1562,-0.0002,40
1366805365,196,497,0.3944,1562,-0.0004,40
1366859578,202,497,0.4064,1564,-0.0005,45
1366913576,204,500,0.408,1564,-0.0005,45
1366967578,201,500,0.402,1565,-0.0004,45
1367025574,203,502,0.4044,1567,-0.0006,45
1367079578,203,500,0.406,1566,-0.0002,50
1367135577,203,492,0.4126,1567,-0.0003,50
1367189574,203,492,0.4126,1550,-0.0004,50
1367243578,202,501,0.4032,1564,-0.0004,55
1367298579,196,496,0.3952,1561,-0.0003,50
1367357544,201,496,0.4052,1561,-0.0003,50
1367411579,197,497,0.3964,1564,-0.0002,50
1367465542,202,499,0.4048,1564,-0.0002,55
1367519579,192,495,0.3879,1563,-0.0001,50
1367573541,201,499,0.4028,1564,-0.0001,55
1367632581,206,503,0.4095,1564,-0.0001,55
1367686579,201,499,0.4028,1565,0,55
1367742574,208,505,0.4119,1567,0,55
1367796579,203,502,0.4044,1569,0,55
1367850541,203,492,0.4126,1568,0,55
1367906541,203,495,0.4101,1549,0.0001,50
1367962579,205,505,0.4059,1569,0.0001,50
1368016579,199,505,0.3941,1568,0,50
1368072573,204,504,0.4048,1568,0,45
1368126541,202,503,0.4016,1568,0,45
1368180579,202,501,0.4032,1565,-0.0001,45
1368238579,191,495,0.3859,1560,0.0003,45
1368292578,200,496,0.4032,1561,0.0005,45
1368347577,201,497,0.4044,1563,0.0004,50
1368401574,201,498,0.4036,1563,0.0004,50
1368455577,202,499,0.4048,1563,0.0004,50
1368513329,201,499,0.4028,1563,0.0003,50
1368569578,202,489,0.4131,1563,0.0003,50
1368625578,202,488,0.4139,1544,0.0002,50
1368679578,200,497,0.4024,1563,0.0002,50
1368733578,196,499,0.3928,1565,0.0002,50
1368789575,201,498,0.4036,1566,0.0002,50
1368845579,195,500,0.39,1566,0.0001,50
1368899578,201,500,0.402,1565,0.0001,50
1368955573,197,495,0.398,1565,0.0001,50
1369009573,200,498,0.4016,1565,0,55
1369063578,206,506,0.4071,1569,0,55
1369117578,202,501,0.4032,1563,0.0001,55
1369173573,200,497,0.4024,1561,0.0001,50
1369227578,200,495,0.404,1561,0.0001,50
1369282574,201,482,0.417,1562,0.0003,55
1369336578,200,490,0.4082,1553,0,50
1369391574,199,497,0.4004,1562,0,50
1369450530,204,498,0.4096,1563,0,50
1369504584,200,495,0.404,1562,-0.0001,50
1369558595,203,498,0.4076,1563,-0.0001,50
1369614573,200,498,0.4016,1565,-0.0001,50
1369669578,194,499,0.3888,1565,0.0001,45
1369723574,201,499,0.4028,1564,0.0001,45
1369781573,201,499,0.4028,1565,0.0001,50
1369835574,201,501,0.4012,1565,0.0001,50
1369889578,202,500,0.404,1566,0.0001,50
1369945574,201,501,0.4012,1567,0.0001,50
1369999578,203,494,0.4109,1566,0.0002,50
1370055574,202,493,0.4097,1548,0.0002,45
1370111577,202,502,0.4024,1563,0.0002,45
1370165578,196,497,0.3944,1561,0.0001,45
1370219578,202,498,0.4056,1564,0.0001,45
1370273574,197,501,0.3932,1566,0,45
1370327578,204,502,0.4064,1566,0.0001,45
1370383578,199,503,0.3956,1565,-0.0002,40
1370439578,202,502,0.4024,1566,-0.0002,40
1370493587,204,504,0.4048,1567,-0.0002,45
1370547582,202,502,0.4024,1567,-0.0001,45
1370603573,198,498,0.3976,1567,-0.0001,40
1370659573,204,504,0.4048,1567,0,40
1370713574,203,495,0.4101,1568,-0.0001,45
1370769577,201,504,0.3988,1572,-0.0002,45
1370823584,201,501,0.4012,1568,-0.0001,45
1370877574,201,493,0.4077,1548,-0.0002,45
1370933578,200,501,0.3992,1567,-0.0002,45
1370989578,198,503,0.3936,1568,-0.0002,45
1371043574,200,497,0.4024,1561,-0.0002,45
1371100578,194,496,0.3911,1561,-0.0002,45
1371154574,202,498,0.4056,1566,-0.0003,45
1371208578,202,500,0.404,1567,-0.0002,45
1371264574,201,501,0.4012,1567,-0.0002,45
1371318578,202,502,0.4024,1566,-0.0002,45
1371374270,203,502,0.4044,1566,-0.0001,50
1371428591,206,509,0.4047,1567,-0.0001,50
1371482577,201,501,0.4012,1567,0,50
1371539577,203,493,0.4118,1569,-0.0002,45
1371595578,201,491,0.4094,1548,-0.0002,45
1371652574,203,502,0.4044,1569,-0.0003,45
1371706577,198,504,0.3929,1569,-0.0002,45
1371760544,204,504,0.4048,1571,-0.0002,45
1371815574,198,504,0.3929,1571,-0.0001,45
1371871577,205,506,0.4051,1573,-0.0001,40
1371925577,199,501,0.3972,1573,-0.0001,40
1371979573,202,504,0.4008,1567,-0.0001,40
1372035578,198,496,0.3992,1565,-0.0001,40
1372089578,203,501,0.4052,1569,-0.0001,40
1372143578,203,505,0.402,1568,-0.0001,40
1372199578,203,503,0.4036,1569,0,45
1372253578,203,494,0.4109,1568,0,45
1372310175,201,494,0.4069,1550,0,45
1372364739,203,505,0.402,1569,0,45
1372419578,208,501,0.4152,1558,0.0001,40
1372475580,203,506,0.4012,1571,0.0001,40
1372530580,198,508,0.3898,1572,-0.0001,40
1372584578,204,505,0.404,1571,0,40
1372638578,194,506,0.3834,1571,0.0004,45
1372694577,204,506,0.4032,1573,0.0004,50
1372748578,205,508,0.4035,1573,0.0004,50
1372804578,204,507,0.4024,1572,0.0004,50
1372860574,203,505,0.402,1569,0.0004,45
1372914578,202,502,0.4024,1566,0.0003,50
1372968574,201,491,0.4094,1565,0.0003,50
1373023578,202,493,0.4097,1549,0.0002,50
1373080578,203,504,0.4028,1569,0.0002,50
1373134572,206,497,0.4145,1557,0.0002,50
1373190579,202,502,0.4024,1568,0.0002,50
1373244574,200,502,0.3984,1568,0.0002,50
1373302909,202,502,0.4024,1569,0.0002,50
1373356545,191,498,0.3835,1570,0.0001,50
1373414587,202,502,0.4024,1570,0,50
1373468546,208,508,0.4094,1571,0.0001,55
1373522579,185,493,0.3753,1573,-0.0003,55
1373577579,203,496,0.4093,1554,-0.0002,55
1373634543,203,504,0.4028,1573,0,55
1373691574,203,498,0.4076,1574,0,55
1373747544,202,496,0.4073,1552,-0.0003,50
1373801579,200,500,0.4,1566,-0.0003,50
1373855579,196,500,0.392,1566,-0.0002,50
1373909574,202,500,0.404,1569,-0.0002,50
1373965574,194,502,0.3865,1569,0,50
1374021579,202,503,0.4016,1570,0,50
1374075574,203,503,0.4036,1572,0,50
1374129574,198,478,0.4142,1515,0,50
1374183579,208,506,0.4111,1572,0,50
1374237576,205,508,0.4035,1575,0,45
1374295081,204,355,0.5746,1269,0.0001,50
1374348546,205,508,0.4035,1575,0.0001,45
1374402579,205,500,0.41,1576,0.0001,50
1374457546,206,500,0.412,1556,0.0003,50
1374511579,206,512,0.4023,1577,0.0003,50
1374565544,205,500,0.41,1555,0.0003,50
1374623573,204,509,0.4008,1571,0.0005,50
1374677579,195,507,0.3846,1565,0.0003,50
1374731579,201,500,0.402,1561,0.0003,50
1374785579,191,494,0.3866,1552,0,45
1374841823,197,493,0.3996,1552,0.0001,50
1374897381,199,495,0.402,1554,0,50
1374953544,204,504,0.4048,1563,-0.0001,50
1375007579,200,502,0.3984,1550,0,50
1375061543,196,492,0.3984,1542,-0.0001,50
1375115578,201,497,0.4044,1545,-0.0002,45
1375169544,198,495,0.4,1544,-0.0001,45
1375225546,181,481,0.3763,1533,0,45
1375281587,191,479,0.3987,1512,0,50
1375335616,211,508,0.4154,1560,0,50
1375390546,220,504,0.4365,1582,-0.0001,50
1375446543,211,522,0.4042,1546,-0.0001,50
1375502380,192,494,0.3887,1512,-0.0002,45
1375556577,192,477,0.4025,1493,-0.0002,45
1375612544,185,467,0.3961,1472,-0.0003,45
1375666577,183,457,0.4004,1461,-0.0003,50
1375721544,172,443,0.3883,1437,-0.0005,45
1375777578,168,430,0.3907,1420,-0.0004,50
1375833574,183,456,0.4013,1459,-0.0004,50
1375891578,198,476,0.416,1487,0,55
1375945579,204,507,0.4024,1526,0,50
1375999585,192,492,0.3902,1485,0.0001,50
1376054544,182,479,0.38,1476,0.0004,50
1376111380,170,462,0.368,1455,0.0007,50
1376165648,172,452,0.3805,1443,0.0009,50
1376220582,167,444,0.3761,1428,0.001,50
1376274579,164,430,0.3814,1413,0.0011,50
1376331579,165,425,0.3882,1414,0.0011,55
1376385578,160,419,0.3819,1406,0.0011,50
1376443578,160,416,0.3846,1406,0.0012,50
1376497580,143,408,0.3505,1394,0.0011,50
1376551574,157,405,0.3877,1400,0.0011,55
1376605578,159,412,0.3859,1407,0.001,50
1376661572,159,407,0.3907,1407,0.001,55
1376717375,161,410,0.3927,1395,0.001,55
1376772265,158,412,0.3835,1397,0.0008,55
1376828572,151,401,0.3766,1385,0.0007,50
1376882574,157,403,0.3896,1394,0.0007,50
1376936578,155,410,0.378,1397,0.0004,45
1376991574,173,433,0.3995,1434,0.0002,45
1377049194,176,445,0.3955,1428,0.0003,45
1377104000,169,438,0.3858,1414,0.0003,45
1377157582,167,433,0.3857,1409,0.0002,45
1377211583,162,426,0.3803,1402,0.0001,45
1377267573,160,422,0.3791,1385,0.0001,40
1377323381,154,406,0.3793,1381,0.0001,45
1377379577,153,405,0.3778,1381,0.0001,40
1377433582,154,396,0.3889,1358,0.0001,40
1377487577,158,412,0.3835,1388,0.0001,40
1377541573,154,415,0.3711,1388,0.0001,35
1377596577,158,414,0.3816,1387,0.0002,40
1377654572,154,414,0.372,1389,0.0001,40
1377708577,158,414,0.3816,1389,0.0001,40
1377762577,159,414,0.3841,1391,0.0001,40
1377821574,161,416,0.387,1395,0,40
1377875577,157,413,0.3801,1392,0,40
1377931376,159,412,0.3859,1396,0.0001,45
1377985577,162,408,0.3971,1404,0.0002,45
1378042209,160,407,0.3931,1385,0.0004,45
1378096812,158,413,0.3826,1402,0.0001,40
1378150577,165,408,0.4044,1392,0,40
1378204584,164,420,0.3905,1410,0,40
1378262573,156,421,0.3705,1403,0.0001,45
1378317578,159,415,0.3831,1400,0.0001,45
1378371578,151,412,0.3665,1395,0.0002,45
1378427577,153,404,0.3787,1383,0.0002,45
1378482578,150,398,0.3769,1371,0.0002,45
1378538375,140,381,0.3675,1348,0.0003,45
1378593573,133,369,0.3604,1343,0.0003,45
1378647573,132,366,0.3607,1329,0.0003,45
1378701573,122,342,0.3567,1310,0.0003,45
1378757574,132,357,0.3697,1321,0.0003,45
1378811574,129,367,0.3515,1339,0.0002,40
1378867578,139,369,0.3767,1335,0.0002,40
1378921574,140,384,0.3646,1358,0,40
1378975453,143,394,0.3629,1376,-0.0001,35
1379029576,160,415,0.3855,1405,-0.0001,35
1379085226,168,439,0.3827,1435,-0.0003,35
1379141382,191,473,0.4038,1481,-0.0001,35
1379196582,189,489,0.3865,1480,-0.0001,35
1379253574,193,489,0.3947,1488,0,35
1379310573,198,498,0.3976,1507,0,40
1379364578,209,517,0.4043,1536,-0.0004,40
1379418578,224,535,0.4187,1582,-0.0008,45
1379474574,246,577,0.4263,1614,-0.0013,45
1379529577,239,591,0.4044,1612,-0.0014,45
1379584572,239,580,0.4121,1609,-0.0016,50
1379638578,234,573,0.4084,1603,-0.0018,50
1379693578,228,571,0.3993,1615,-0.0019,45
1379750375,240,583,0.4117,1643,-0.0019,50
1379804578,249,605,0.4116,1679,-0.0019,45
1379858574,257,618,0.4159,1683,-0.0018,50
1379913578,255,613,0.416,1677,-0.0015,50
1379970313,254,612,0.415,1678,-0.0013,50
1380024588,257,617,0.4165,1684,-0.001,55
1380082576,265,630,0.4206,1704,-0.0005,55
1380137578,277,639,0.4335,1729,0,60
1380191574,275,641,0.429,1700,0.0005,55
1380246579,272,646,0.4211,1715,0.0007,55
1380300690,267,625,0.4272,1682,0.0013,60
1380356375,273,647,0.4219,1718,0.0009,55
1380412573,264,640,0.4125,1703,0.0007,50
1380466574,263,630,0.4175,1696,0.0006,55
1380520578,251,620,0.4048,1684,0.0007,50
1380574574,254,614,0.4137,1681,0.0008,50
1380630577,259,620,0.4177,1692,0.0007,50
1380686572,270,636,0.4245,1710,0.0007,55
1380740574,255,641,0.3978,1707,0.0007,60
1380794578,267,637,0.4192,1700,0.0007,55
1380848574,269,635,0.4236,1696,0.0006,60
1380902576,263,628,0.4188,1696,0.0007,55
1380960376,263,619,0.4249,1699,0.0007,55
1381014582,264,620,0.4258,1674,0.0007,60
1381070577,263,631,0.4168,1701,0.0007,55
1381124578,255,632,0.4035,1694,0.0006,55
1381179578,259,625,0.4144,1686,0.0006,55
1381236573,252,622,0.4051,1688,0.0003,55
1381294579,262,627,0.4179,1694,0.0002,60
1381348574,263,630,0.4175,1693,0.0001,55
1381406578,257,624,0.4119,1687,-0.0001,50
1381462326,257,617,0.4165,1681,0,50
1381516578,254,614,0.4137,1679,0,50
1381572380,256,603,0.4245,1682,-0.0001,50
1381627574,259,604,0.4288,1657,-0.0003,50
1381681578,256,615,0.4163,1677,-0.0004,50
1381737630,246,612,0.402,1676,-0.0003,45
1381792578,251,608,0.4128,1668,-0.0002,45
1381846578,247,602,0.4103,1667,-0.0002,45
1381904573,250,603,0.4146,1673,-0.0002,45
1381958572,252,609,0.4138,1686,-0.0002,45
1382013577,258,622,0.4148,1693,-0.0002,45
1382069571,261,627,0.4163,1694,-0.0002,45
1382123573,260,624,0.4167,1692,-0.0003,50
1382179379,260,623,0.4173,1692,-0.0003,50
1382234573,258,620,0.4161,1691,-0.0002,45
1382346573,258,608,0.4243,1666,-0.0045,45
1382400574,255,616,0.414,1684,-0.0045,50
1382454577,245,608,0.403,1676,-0.0047,50
1382510577,253,608,0.4161,1676,-0.0046,50
1382565574,248,610,0.4066,1681,-0.0045,55
1382619578,256,613,0.4176,1686,-0.0045,55
1382675578,252,610,0.4131,1682,-0.0044,50
1382731580,253,613,0.4127,1685,-0.0043,50
1382789377,253,613,0.4127,1685,-0.0042,50
1382843579,254,613,0.4144,1684,-0.0043,50
1382898574,260,624,0.4167,1685,-0.0043,55
1382953573,254,613,0.4144,1686,-0.0043,55
1383007573,256,603,0.4245,1688,-0.0044,55
1383061579,259,609,0.4253,1676,-0.0044,55
1383118573,259,626,0.4137,1703,-0.0044,55
1383172578,252,625,0.4032,1704,-0.0044,50
1383226577,260,626,0.4153,1703,-0.0044,50
1383286574,260,625,0.416,1699,-0.0044,55
1383340578,258,622,0.4148,1697,-0.0044,50
1383396376,257,623,0.4125,1694,0,50
1383507610,255,618,0.4126,1691,-0.0058,50
1383562439,256,618,0.4142,1691,-0.0056,55
1383616578,255,605,0.4215,1690,-0.0056,55
1383672576,254,612,0.415,1680,-0.0057,55
1383728578,253,614,0.4121,1683,-0.0056,55
1383785573,244,606,0.4026,1673,-0.0055,55
1383841574,251,606,0.4142,1679,-0.0055,50
1383895578,242,609,0.3974,1683,-0.0054,50
1383955573,246,610,0.4033,1684,-0.0053,50
1384013573,240,611,0.3928,1685,-0.0052,50
1384067573,253,610,0.4148,1682,-0.0052,50
1384121578,252,609,0.4138,1682,-0.0052,45
1384175574,251,609,0.4122,1683,-0.0052,45
1384229576,251,602,0.4169,1683,-0.0051,45
1384283576,251,609,0.4122,1684,-0.0051,45
1384339589,251,597,0.4204,1684,-0.0051,40
1384393583,250,596,0.4195,1657,-0.0051,40
1384447588,246,603,0.408,1673,-0.0051,45
1384501587,240,600,0.4,1675,-0.0052,40
1384556585,249,604,0.4123,1679,0.0004,45
1384613380,252,607,0.4152,1679,0.0005,40
1384667574,251,608,0.4128,1680,0.0004,40
1384724573,250,606,0.4125,1680,0.0003,35
1384779973,249,605,0.4116,1678,0.0004,40
1384837574,254,610,0.4164,1679,0.0003,40
1384891578,248,604,0.4106,1679,0.0002,40
1384947578,249,602,0.4136,1679,0.0002,40
1385004574,250,595,0.4202,1659,0,40
1385059574,249,604,0.4123,1678,0,40
1385113585,247,589,0.4194,1650,-0.0002,40
1385167574,249,601,0.4143,1674,-0.0002,40
1385223380,243,604,0.4023,1680,-0.0001,45
1385277578,250,608,0.4112,1681,-0.0001,45
1385333586,242,607,0.3987,1683,-0.0002,45
1385387581,251,608,0.4128,1682,-0.0002,45
1385441584,241,608,0.3964,1681,-0.0002,45
1385497576,250,608,0.4112,1682,-0.0003,45
1385553578,247,607,0.4069,1685,-0.0003,45
1385607578,251,612,0.4101,1686,-0.0002,50
1385663573,259,620,0.4177,1688,-0.0002,45
1385717578,252,614,0.4104,1688,-0.0002,50
1385771574,250,594,0.4209,1682,-0.0001,50
1385834071,246,425,0.5788,1319,0.0023,55
1385889577,248,603,0.4113,1675,0.0023,55
1385944574,242,604,0.4007,1679,0.0025,55
1385998578,250,605,0.4132,1679,0.0024,55
1386052578,238,605,0.3934,1679,0.0026,50
1386106544,247,604,0.4089,1679,0.0027,55
1386162385,248,603,0.4113,1680,0.0027,55
1386218698,247,603,0.4096,1679,0.0028,55
1386273438,248,605,0.4099,1681,0.0028,55
1386327584,248,604,0.4106,1680,0.0028,60
1386383573,254,609,0.4171,1680,0.0028,60
1386440375,248,593,0.4182,1657,0.0028,60
1386496573,246,604,0.4073,1677,0.0028,60
1386551581,241,595,0.405,1670,0.0028,60
1386605578,243,594,0.4091,1670,0.0028,60
1386661574,246,598,0.4114,1673,0.0028,60
1386715578,245,599,0.409,1675,0.0028,60
1386771574,241,594,0.4057,1673,0.0027,60
1386826578,246,600,0.41,1674,0.0027,60
1386884574,244,598,0.408,1674,0.0025,55
1386938574,246,599,0.4107,1674,0.0001,55
1386992576,250,606,0.4125,1676,0.0001,55
1387050377,244,601,0.406,1681,0.0001,55
1387104580,244,598,0.408,1677,0.0001,55
1387159584,245,588,0.4167,1651,-0.0001,55
1387213576,245,600,0.4083,1674,-0.0001,55
1387267578,236,596,0.396,1671,0,55
1387322613,240,593,0.4047,1666,0,55
1387378590,235,594,0.3956,1669,0.0001,50
1387432574,121,598,0.2023,1675,0.0005,45
1387486578,235,600,0.3917,1676,0.0006,45
1387543577,244,600,0.4067,1674,0.0006,50
1387598574,248,603,0.4113,1674,0.0006,50
1387654380,244,599,0.4073,1673,0.0006,50
1387711574,245,598,0.4097,1672,0.0006,50
1387766578,244,597,0.4087,1673,0.0006,50
1387820574,243,597,0.407,1673,0.0005,45
1387874578,243,581,0.4182,1641,0.0007,45
1387930576,239,593,0.403,1670,0.0006,50
1387988586,234,594,0.3939,1668,0.0004,45
1388042580,239,589,0.4058,1663,0.0003,45
1388098351,233,588,0.3963,1662,0.0006,50
1388152578,241,589,0.4092,1666,0.0005,45
1388206576,230,591,0.3892,1667,0.0007,45
1388262381,239,589,0.4058,1665,0.0008,50
1388319577,239,589,0.4058,1664,0.0009,50
1388373574,238,589,0.4041,1663,0.0008,50
1388429573,239,588,0.4065,1663,0.0008,50
1388483577,224,589,0.3803,1665,0.0009,50
1388537574,239,579,0.4128,1667,0.0004,50
1388593578,243,584,0.4161,1653,0.0004,50
1388702578,241,606,0.3977,1684,-0.0001,55
1388756574,242,600,0.4033,1674,-0.0001,55
1388810578,243,597,0.407,1671,-0.0001,60
1388866379,246,611,0.4026,1704,-0.0002,60
1388922574,271,646,0.4195,1759,-0.0001,55
1388978934,278,668,0.4162,1749,-0.0001,55
1389032580,259,644,0.4022,1722,-0.0001,55
1389086586,258,633,0.4076,1710,0.0001,55
1389143665,250,619,0.4039,1693,0,55
1389199578,247,610,0.4049,1687,-0.0001,55
1389256577,246,591,0.4162,1685,-0.0002,55
1389310577,244,591,0.4129,1658,-0.0004,50
1389364574,245,603,0.4063,1680,-0.0004,45
1389423573,236,601,0.3927,1681,-0.0003,50
1389479379,243,601,0.4043,1679,-0.0003,50
1389533573,237,599,0.3957,1675,-0.0003,45
1389589574,241,596,0.4044,1672,-0.0004,50
1389643577,241,594,0.4057,1671,-0.0004,50
1389697577,241,595,0.405,1675,-0.0003,45
1389751574,240,593,0.4047,1676,0.0001,40
1389807574,239,595,0.4017,1675,0.0001,40
1389861578,241,589,0.4092,1672,0.0001,35
1389916835,239,593,0.403,1673,0.0001,35
1389971248,237,536,0.4422,1577,0.0004,35
1390025580,239,583,0.4099,1650,0.0003,40
1390082387,239,595,0.4017,1677,0.0002,40
1390136576,235,597,0.3936,1679,0.0001,35
1390190578,240,598,0.4013,1677,0,40
1390244574,235,597,0.3936,1676,-0.0002,35
1390300577,237,594,0.399,1671,-0.0001,35
1390355577,233,585,0.3983,1664,0.0001,35
1390411544,235,585,0.4017,1666,0.0003,40
1390470577,240,591,0.4061,1673,0.0003,40
1390526572,240,596,0.4027,1676,0.0002,40
1390580577,241,583,0.4134,1678,0.0001,40
1390635574,240,595,0.4034,1672,0.0001,40
1390691375,240,595,0.4034,1674,0.0001,40
1390745577,242,587,0.4123,1657,0.0001,40
1390802049,241,597,0.4037,1675,0.0001,45
1390857584,233,598,0.3896,1679,0.0001,45
1390911583,245,602,0.407,1688,0.0001,45
1390967574,238,605,0.3934,1682,0,45
1391023578,246,604,0.4073,1686,0,45
1391080573,248,609,0.4072,1689,-0.0002,45
1391135578,246,605,0.4066,1679,-0.0002,40
1391189578,241,598,0.403,1675,-0.0002,40
1391245574,244,600,0.4067,1682,-0.0001,40
1391302381,245,594,0.4125,1684,0.0001,45
1391414578,244,601,0.406,1681,-0.0082,45
1391468574,237,602,0.3937,1679,-0.0081,45
1391524578,245,603,0.4063,1681,-0.0082,40
1391578544,238,602,0.3953,1681,-0.0081,45
1391636440,249,609,0.4089,1689,-0.0081,45
1391690580,248,610,0.4066,1687,-0.0081,40
1391744578,242,601,0.4027,1683,-0.0081,40
1391803576,237,598,0.3963,1680,-0.0081,35
1391857577,241,599,0.4023,1676,-0.008,40
1391913379,241,583,0.4134,1670,-0.0081,40
1391969574,239,579,0.4128,1645,-0.008,35
1392023577,240,593,0.4047,1675,-0.008,35
1392077577,240,587,0.4089,1656,-0.008,35
1392133574,242,595,0.4067,1675,-0.008,40
1392187577,231,596,0.3876,1676,-0.0081,40
1392243574,242,597,0.4054,1677,-0.0081,40
1392299577,236,599,0.394,1678,-0.0082,40
1392353572,242,598,0.4047,1679,-0.0082,40
1392407578,244,601,0.406,1681,-0.0083,40
1392461578,244,603,0.4046,1685,0,40
1392517380,245,605,0.405,1683,0,40
1392573693,246,576,0.4271,1685,-0.0004,40
1392627578,245,593,0.4132,1684,-0.0005,40
1392681586,241,602,0.4003,1676,-0.0005,40
1392735580,241,597,0.4037,1675,-0.0005,45
1392791581,243,587,0.414,1654,-0.0005,45
1392847578,242,600,0.4033,1679,-0.0005,45
1392959573,244,603,0.4046,1679,0.0033,45
1393013578,238,603,0.3947,1680,0.0034,45
1393069578,244,604,0.404,1681,0.0033,50
1393125380,245,603,0.4063,1682,0.0034,50
1393179578,246,608,0.4046,1686,0.0033,50
1393235579,247,610,0.4049,1688,0.0033,50
1393291579,246,608,0.4046,1686,0.0034,50
1393345578,246,596,0.4128,1685,0.0035,50
1393399578,246,607,0.4053,1683,0.0036,45
1393455580,244,592,0.4122,1674,0.0037,45
1393511026,241,586,0.4113,1652,0.0038,45
1393564586,241,597,0.4037,1674,0.0037,45
1393618588,234,597,0.392,1674,0.0039,45
1393672578,242,596,0.406,1674,0.0042,50
1393731381,232,593,0.3912,1667,0.0045,50
1393786578,236,590,0.4,1664,0.0045,50
1393842578,237,590,0.4017,1665,0.0045,50
1393896578,238,590,0.4034,1666,0.0045,50
1393950578,240,593,0.4047,1669,0.0045,55
1394004578,234,569,0.4112,1621,0.0006,55
1394060577,245,600,0.4083,1671,0.0006,55
1394116572,239,596,0.401,1676,0.0006,55
1394170578,240,589,0.4075,1672,0.0006,50
1394226849,239,578,0.4135,1637,0.0006,55
1394281575,237,589,0.4024,1662,0.0006,55
1394337379,230,586,0.3925,1663,0.0005,55
1394391574,238,588,0.4048,1665,0.0005,55
1394445578,220,586,0.3754,1665,0.0002,55
1394500293,239,591,0.4044,1667,0.0002,55
1394554586,239,592,0.4037,1669,0.0001,55
1394608583,239,592,0.4037,1667,0,55
1394665577,243,597,0.407,1669,0.0001,60
1394719574,240,594,0.404,1673,-0.0001,60
1394773480,242,596,0.406,1673,-0.0001,60
1394827578,241,596,0.4044,1673,-0.0002,55
1394883577,238,552,0.4312,1606,-0.0005,55
1394937578,244,582,0.4192,1650,-0.0007,50
1394995574,242,597,0.4054,1674,-0.0007,45
1395049574,235,596,0.3943,1669,-0.0006,45
1395103578,240,592,0.4054,1666,-0.0006,50
1395161574,235,593,0.3963,1669,-0.0006,50
1395215578,239,592,0.4037,1668,-0.0006,50
1395271574,238,589,0.4041,1667,-0.0006,50
1395326574,239,591,0.4044,1667,-0.0006,50
1395380577,243,594,0.4091,1664,-0.0006,55
1395436614,238,588,0.4048,1664,-0.0005,55
1395490584,238,589,0.4041,1665,-0.0005,50
1395544578,238,590,0.4034,1666,-0.0003,50
1395601573,239,579,0.4128,1667,-0.0002,50
1395655578,239,578,0.4135,1645,-0.0001,50
1395709576,238,590,0.4034,1667,-0.0001,50
1395763578,241,581,0.4148,1649,0,50
1395820544,236,586,0.4027,1660,0,50
1395876583,230,582,0.3952,1657,0.0001,50
1395933578,234,580,0.4034,1657,0.0002,50
1395988544,230,576,0.3993,1658,0.0005,50
1396042578,236,582,0.4055,1659,0.0006,50
1396098543,235,583,0.4031,1659,0.0006,50
1396152577,237,584,0.4058,1661,0.0005,50
1396208544,242,592,0.4088,1661,0.0005,55
1396262574,237,584,0.4058,1661,0.0005,50
1396317577,237,574,0.4129,1663,0.0005,50
1396373939,237,575,0.4122,1641,0.0005,45
1396427583,238,587,0.4055,1665,0.0005,45
1396485699,233,590,0.3949,1667,0.0005,45
1396539578,240,590,0.4068,1666,0.0005,45
1396593578,238,589,0.4041,1668,0.0005,45
1396649578,239,591,0.4044,1668,0.0005,50
1396703574,233,586,0.3976,1665,0.0003,45
1396757578,237,587,0.4037,1658,0.0002,45
1396815573,238,586,0.4061,1660,0.0002,50
1396869578,239,587,0.4072,1662,0.0001,50
1396923578,240,590,0.4068,1664,0.0001,50
1396977578,239,590,0.4051,1664,0,45
1397036574,245,567,0.4321,1665,-0.0004,50
1397092578,237,576,0.4115,1640,-0.0005,45
1397146578,239,588,0.4065,1663,-0.0005,45
1397200574,232,590,0.3932,1665,-0.0004,45
1397254578,239,589,0.4058,1663,-0.0004,45
1397309578,232,588,0.3946,1662,-0.0004,45
1397365733,238,589,0.4041,1664,-0.0004,45
1397421583,233,582,0.4003,1662,-0.0004,45
1397478580,238,588,0.4048,1664,-0.0004,50
1397532576,233,584,0.399,1663,-0.0004,45
1397586578,239,587,0.4072,1661,-0.0003,45
1397640578,235,582,0.4038,1654,-0.0004,50
1397696574,234,579,0.4041,1651,-0.0004,50
1397750578,235,567,0.4145,1654,-0.0003,50
1397804578,235,568,0.4137,1632,-0.0001,45
1397858578,234,579,0.4041,1656,-0.0001,45
1397914574,241,574,0.4199,1639,0.0001,40
1397968574,234,580,0.4034,1654,0,40
1398025579,226,579,0.3903,1655,0.0003,45
1398079578,236,561,0.4207,1616,0.0001,45
1398133578,230,560,0.4107,1657,0.0003,45
1398187578,236,581,0.4062,1658,0.0003,45
1398241574,236,581,0.4062,1658,0.0003,45
1398297578,235,580,0.4052,1657,0.0003,45
1398353851,232,578,0.4014,1657,0.0003,40
1398407584,238,582,0.4089,1658,0.0002,40
1398461586,242,593,0.4081,1659,0.0002,40
1398516582,236,581,0.4062,1659,0.0002,35
1398570578,236,567,0.4162,1650,0.0002,40
1398626578,235,556,0.4227,1629,0.0003,40
1398680574,234,567,0.4127,1650,0.0003,40
1398736574,230,578,0.3979,1653,0.0003,40
1398791578,235,579,0.4059,1655,0.0003,40
1398845574,229,581,0.3941,1655,0.0001,40
1398906574,234,579,0.4041,1654,0,45
1398960578,234,576,0.4062,1652,0,45
1399015579,237,580,0.4086,1657,-0.0001,45
1399123574,238,584,0.4075,1658,-0.0087,45
1399177578,237,582,0.4072,1655,-0.0086,45
1399233578,237,580,0.4086,1654,-0.0086,45
1399287574,236,569,0.4148,1656,-0.0086,45
1399344223,237,570,0.4158,1634,-0.0087,50
1399398586,236,583,0.4048,1658,-0.0087,50
1399452586,230,583,0.3945,1657,-0.0087,50
1399509582,236,582,0.4055,1658,-0.0087,55
1399563578,227,578,0.3927,1649,-0.0086,55
1399617578,232,574,0.4042,1646,-0.0086,55
1399671578,225,573,0.3927,1648,-0.0086,50
1399726574,233,574,0.4059,1650,-0.0087,55
1399781587,228,575,0.3965,1651,-0.0087,55
1399837574,234,577,0.4055,1652,-0.0087,55
1399894656,235,575,0.4087,1651,-0.0087,55
1399948574,234,578,0.4048,1653,-0.0086,50
1400002578,235,566,0.4152,1652,-0.0085,50
1400058577,235,565,0.4159,1629,-0.0084,50
1400114578,233,576,0.4045,1653,-0.0084,50
1400168574,229,577,0.3969,1649,-0.0001,50
1400222578,232,572,0.4056,1644,-0.0001,55
1400276581,226,573,0.3944,1645,0.0001,50
1400332108,233,403,0.5782,1303,-0.0018,45
1400385584,228,577,0.3951,1648,-0.0016,45
1400445577,234,578,0.4048,1650,-0.0016,45
1400499580,237,583,0.4065,1650,-0.0016,50
1400553578,232,576,0.4028,1645,-0.0016,50
1400607574,234,575,0.407,1645,-0.0016,50
1400663577,234,575,0.407,1648,-0.0017,50
1400719572,234,572,0.4091,1649,-0.0017,55
1400776572,234,565,0.4142,1626,-0.0016,55
1400830578,235,579,0.4059,1650,-0.0016,55
1400884699,237,576,0.4115,1648,-0.0016,55
1400938578,236,578,0.4083,1649,-0.0016,55
1400992574,228,575,0.3965,1649,-0.0016,55
1401049578,235,577,0.4073,1651,-0.0016,55
1401103578,228,577,0.3951,1651,-0.0018,50
1401157578,234,575,0.407,1650,-0.0019,50
1401211578,235,574,0.4094,1649,-0.0019,55
1401265574,233,573,0.4066,1648,-0.0017,55
1401322578,227,569,0.3989,1648,-0.0016,55
1401376485,231,572,0.4038,1647,-0.0018,60
1401431599,234,576,0.4062,1647,0.0002,60
1401485584,232,570,0.407,1640,0.0001,60
1401539582,229,554,0.4134,1638,0,60
1401593584,231,555,0.4162,1618,-0.0001,65
1401649576,229,566,0.4046,1639,-0.0001,65
1401703578,233,565,0.4124,1638,-0.0001,60
1401757577,228,565,0.4035,1639,-0.0001,60
1401812579,221,562,0.3932,1638,-0.0001,55
1401866574,227,562,0.4039,1635,-0.0001,60
1401922578,221,561,0.3939,1633,-0.0001,55
1401979573,228,563,0.405,1636,-0.0001,60
1402034574,228,563,0.405,1635,-0.0002,60
1402088578,228,563,0.405,1638,-0.0001,65
1402144578,229,564,0.406,1637,-0.0001,65
1402198578,230,565,0.4071,1641,0,65
1402254574,230,556,0.4137,1643,0.0001,65
1402309574,231,570,0.4053,1644,0,70
1402363576,231,572,0.4038,1647,0,65
1402417576,232,561,0.4135,1621,-0.0002,60
1402474588,231,567,0.4074,1638,-0.0003,55
1402531589,222,569,0.3902,1641,-0.0001,55
1402586578,231,571,0.4046,1644,-0.0001,55
1402640578,225,571,0.394,1645,0.0001,50
1402695578,231,573,0.4031,1646,0.0002,55
1402751577,232,572,0.4056,1646,0.0002,55
1402805578,231,571,0.4046,1642,0.0002,50
1402864573,231,570,0.4053,1642,0.0002,55
1402919574,230,569,0.4042,1642,0.0002,50
1402973578,232,559,0.415,1641,0.0002,55
1403028578,231,559,0.4132,1620,0.0003,50
1403082578,231,570,0.4053,1643,0.0003,45
1403138574,224,570,0.393,1643,0.0002,45
1403192574,231,571,0.4046,1642,0.0002,45
1403246578,223,567,0.3933,1641,0.0001,40
1403300541,229,567,0.4039,1638,0.0001,40
1403356833,221,561,0.3939,1631,-0.0002,40
1403410585,224,557,0.4022,1629,-0.0002,45
1403468543,223,556,0.4011,1632,-0.0002,40
1403522577,226,560,0.4036,1634,-0.0001,45
1403576577,229,563,0.4067,1637,-0.0001,45
1403630574,226,560,0.4036,1635,-0.0002,45
1403690573,229,563,0.4067,1634,-0.0003,45
1403749573,226,550,0.4109,1615,-0.0004,45
1403803543,227,562,0.4039,1637,-0.0004,45
1403859544,198,564,0.3511,1639,-0.0001,45
1403913580,229,566,0.4046,1642,-0.0001,45
1403967541,225,568,0.3961,1642,-0.0001,45
1404021580,229,566,0.4046,1643,-0.0001,45
1404077542,225,563,0.3996,1643,-0.0001,45
1404131591,231,568,0.4067,1645,-0.0001,45
1404190477,235,574,0.4094,1646,-0.0001,50
1404244618,229,566,0.4046,1642,-0.0001,45
1404298584,231,569,0.406,1635,0,50
1404355573,225,559,0.4025,1635,0,50
1404409578,227,550,0.4127,1636,0.0001,50
1404463578,228,552,0.413,1616,0.0003,50
1404517574,227,561,0.4046,1638,0.0004,50
1404573574,222,562,0.395,1638,0.0003,50
1404627578,229,563,0.4067,1639,0.0002,50
1404684574,222,562,0.395,1640,0.0004,50
1404738578,228,564,0.4043,1641,0.0004,50
1404792574,221,568,0.3891,1644,0.0005,45
1404846578,230,568,0.4049,1644,0.0006,45
1404902573,231,569,0.406,1645,0.0006,50
1404958578,231,572,0.4038,1647,0.0003,50
1405012574,232,570,0.407,1648,0.0003,50
1405066574,214,541,0.3956,1581,0.0003,50
1405121062,239,398,0.6005,1308,0.0002,50
1405174578,231,569,0.406,1644,0.0002,50
1405230972,232,569,0.4077,1645,0.0002,50
1405286765,229,557,0.4111,1617,0.0002,50
1405342573,228,564,0.4043,1637,0.0002,50
1405396578,225,536,0.4198,1640,0.0003,50
1405450578,230,567,0.4056,1642,0.0003,50
1405504578,225,566,0.3975,1642,0.0001,45
1405560577,229,567,0.4039,1642,0,50
1405617572,230,565,0.4071,1641,0.0001,50
1405671578,229,565,0.4053,1640,0.0002,50
1405725578,240,580,0.4138,1642,0.0001,50
1405782573,229,565,0.4053,1641,0,45
1405836578,228,551,0.4138,1641,-0.0001,50
1405893574,228,555,0.4108,1623,-0.0003,45
1405947578,223,565,0.3947,1642,-0.0003,45
1406002578,229,554,0.4134,1619,-0.0003,45
1406057574,229,564,0.406,1642,-0.0003,45
1406113576,223,566,0.394,1645,-0.0003,45
1406169651,227,565,0.4018,1641,-0.0003,45
1406223586,220,559,0.3936,1633,-0.0001,45
1406277581,224,557,0.4022,1634,-0.0001,45
1406334580,226,559,0.4043,1636,-0.0001,45
1406388578,227,559,0.4061,1636,-0.0002,45
1406442578,227,560,0.4054,1637,-0.0002,45
1406499574,113,561,0.2014,1637,-0.0016,45
1406553578,227,549,0.4135,1636,-0.0016,45
1406609578,228,563,0.405,1645,-0.0015,40
1406665577,227,560,0.4054,1638,-0.0015,45
1406719578,229,549,0.4171,1612,-0.0013,45
1406775578,227,564,0.4025,1641,-0.0014,45
1406830578,219,565,0.3876,1643,-0.001,50
1406884574,228,564,0.4043,1642,-0.001,50
1406938578,223,564,0.3954,1644,-0.0008,50
1406992574,230,567,0.4056,1644,-0.0007,50
1407046576,227,563,0.4032,1646,-0.0008,50
1407104777,232,569,0.4077,1647,-0.0008,50
1407159584,229,567,0.4039,1644,-0.0008,50
1407215582,229,564,0.406,1639,-0.0008,50
1407269578,228,559,0.4079,1637,-0.0008,55
1407325577,229,563,0.4067,1642,-0.0008,50
1407382574,229,555,0.4126,1643,-0.0008,50
1407436575,230,554,0.4152,1622,-0.0008,50
1407490577,230,566,0.4064,1642,-0.0008,50
1407546573,223,565,0.3947,1641,-0.0009,50
1407601577,230,564,0.4078,1641,0.0005,55
1407655574,223,563,0.3961,1641,0.0004,55
1407714573,230,565,0.4071,1644,0.0004,50
1407769579,230,565,0.4071,1645,0.0004,55
1407823574,230,565,0.4071,1644,0.0003,55
1407877578,229,564,0.406,1642,0.0004,55
1407931909,228,564,0.4043,1644,0.0001,55
1407987725,230,561,0.41,1642,0,55
1408041584,227,562,0.4039,1643,0,55
1408095576,227,548,0.4142,1642,-0.0001,55
1408150163,225,549,0.4098,1618,-0.0002,50
1408206620,226,556,0.4065,1633,-0.0002,50
1408261574,217,552,0.3931,1631,-0.0001,50
1408319578,226,555,0.4072,1634,-0.0001,50
1408374578,220,557,0.395,1636,-0.0001,50
1408428574,225,555,0.4054,1635,-0.0001,50
1408484577,226,556,0.4065,1636,-0.0001,50
1408538574,224,555,0.4036,1636,-0.0001,50
1408594578,225,556,0.4047,1638,-0.0001,50
1408649574,224,557,0.4022,1637,-0.0001,50
1408703578,227,557,0.4075,1640,-0.0001,50
1408758578,226,558,0.405,1639,0,50
1408813574,227,553,0.4105,1638,0,45
1408867578,227,544,0.4173,1610,0.0001,45
1408924804,227,558,0.4068,1638,0.0001,45
1408978668,222,559,0.3971,1640,0,45
1409032584,228,561,0.4064,1641,0,45
1409088576,227,561,0.4046,1641,0,40
1409142578,228,562,0.4057,1642,0,45
1409200578,226,561,0.4029,1637,0.0001,45
1409254578,224,556,0.4029,1634,0.0002,50
1409309572,222,554,0.4007,1637,0.0002,45
1409363577,228,561,0.4064,1639,0.0002,50
1409419572,232,565,0.4106,1640,0.0001,50
1409473577,227,560,0.4054,1639,0.0001,50
1409530576,231,552,0.4185,1640,0.0001,45
1409585356,228,550,0.4145,1618,0.0001,45
1409639576,229,563,0.4067,1641,0.0001,40
1409694576,222,563,0.3943,1643,0.0001,45
1409750542,229,563,0.4067,1642,0.0001,45
1409807671,208,563,0.3694,1641,-0.0002,45
1409862580,229,563,0.4067,1641,-0.0001,45
1409916576,229,563,0.4067,1641,-0.0002,45
1409973586,229,563,0.4067,1642,-0.0003,50
1410027575,229,562,0.4075,1641,-0.0003,50
1410081576,228,560,0.4071,1639,-0.0001,50
1410140571,226,563,0.4014,1636,-0.0001,55
1410196683,223,543,0.4107,1610,-0.0001,50
1410251576,216,553,0.3906,1633,0,55
1410306583,220,556,0.3957,1638,0.0001,55
1410360577,227,558,0.4068,1638,0.0001,55
1410416577,224,557,0.4022,1639,0,55
1410472577,226,558,0.405,1641,0.0001,55
1410526577,218,559,0.39,1640,0.0001,55
1410580573,226,557,0.4057,1638,0.0001,55
1410634572,227,560,0.4054,1642,0.0001,55
1410688577,227,562,0.4039,1643,0.0001,55
1410746353,230,563,0.4085,1643,0.0001,55
1410802578,228,563,0.405,1644,0.0002,55
1410858570,230,552,0.4167,1644,0.0002,55
1410912577,229,552,0.4149,1624,0.0005,50
1410966576,229,563,0.4067,1647,0.0005,50
1411022573,228,566,0.4028,1646,0.0005,45
1411076577,227,562,0.4039,1640,0.0005,45
1411131573,219,560,0.3911,1640,0.0003,45
1411185577,229,562,0.4075,1644,0.0003,45
1411241573,224,564,0.3972,1644,0.0003,45
1411295578,230,564,0.4078,1646,0.0004,45
1411351578,229,563,0.4067,1644,0.0002,40
1411407577,229,562,0.4075,1644,0.0001,40
1411461577,229,564,0.406,1644,0.0001,40
1411515573,231,564,0.4096,1643,0,40
1411569577,232,566,0.4099,1645,0,45
1411625573,230,566,0.4064,1645,-0.0001,40
1411679575,230,558,0.4122,1647,-0.0001,45
1411734845,230,556,0.4137,1626,-0.0001,50
1411789126,232,398,0.5829,1309,0,50
1411842961,227,564,0.4025,1645,0,55
1411896583,231,568,0.4067,1647,0,55
1411952542,229,566,0.4046,1645,0,55
1412006577,230,562,0.4093,1640,-0.0001,55
1412060572,222,561,0.3957,1640,-0.0002,60
1412115578,230,562,0.4093,1642,-0.0001,55
1412170572,231,564,0.4096,1642,0,60
1412226573,228,560,0.4071,1641,0.0002,60
1412281542,227,561,0.4046,1643,0.0001,55
1412335577,228,561,0.4064,1642,0,55
1412389577,230,552,0.4167,1643,-0.0001,55
1412443542,230,564,0.4078,1644,-0.0001,50
1412498572,230,553,0.4159,1645,-0.0002,55
1412554578,230,552,0.4167,1623,-0.0003,55
1412608573,230,564,0.4078,1646,-0.0003,55
1412662573,225,562,0.4004,1643,-0.0002,55
1412716577,231,535,0.4318,1586,-0.0003,50
1412770575,227,552,0.4112,1646,-0.0003,50
1412827429,229,563,0.4067,1640,-0.0003,45
1412881583,218,559,0.39,1640,-0.0005,45
1412935577,227,559,0.4061,1642,-0.0005,45
1412989583,227,560,0.4054,1642,-0.0005,40
1413045576,228,563,0.405,1642,-0.0005,40
1413099577,229,561,0.4082,1643,-0.0005,40
1413158572,229,561,0.4082,1642,-0.0004,45
1413212577,229,549,0.4171,1641,-0.0003,40
1413268459,228,548,0.4161,1616,-0.0002,40
1413324542,229,562,0.4075,1644,-0.0002,40
1413378577,224,562,0.3986,1644,-0.0003,40
1413434632,228,562,0.4057,1644,-0.0003,40
1413488540,234,564,0.4149,1647,-0.0003,40
1413544573,230,564,0.4078,1647,-0.0003,40
1413598577,223,567,0.3933,1647,0,35
1413652577,231,568,0.4067,1648,0,40
1413706577,231,567,0.4074,1647,0,40
1413762572,230,565,0.4071,1641,0,40
1413819889,230,561,0.41,1640,0.0001,45
1413873524,230,561,0.41,1643,0.0001,45
1413927583,230,522,0.4406,1584,0.0001,50
1413986348,233,557,0.4183,1624,0.0001,45
1414042379,230,565,0.4071,1643,0.0001,45
1414098577,224,564,0.3972,1642,0.0001,50
1414152572,230,565,0.4071,1642,0.0001,50
1414206577,223,564,0.3954,1642,0,45
1414262576,232,566,0.4099,1644,0,45
1414317572,229,562,0.4075,1644,-0.0001,45
1414373577,231,565,0.4088,1643,-0.0002,45
1414430540,233,565,0.4124,1641,-0.0001,50
1414487572,230,563,0.4085,1641,0,50
1414541573,231,552,0.4185,1641,-0.0002,45
1414595577,228,562,0.4057,1640,0,50
1414651418,229,550,0.4164,1638,-0.0001,50
1414705582,227,546,0.4158,1609,-0.0003,45
1414760583,228,558,0.4086,1633,-0.0004,40
1414816540,223,557,0.4004,1635,-0.0003,45
1414870578,227,557,0.4075,1634,-0.0003,45
1414924578,221,559,0.3953,1635,-0.0003,40
1414983572,227,558,0.4068,1633,-0.0003,40
1415037574,217,553,0.3924,1633,-0.0002,40
1415091573,226,556,0.4065,1633,-0.0002,45
1415146577,223,552,0.404,1634,-0.0002,40
1415200577,229,560,0.4089,1636,-0.0002,40
1415256379,232,564,0.4113,1636,-0.0002,45
1415313540,228,560,0.4071,1636,-0.0001,45
1415367576,228,560,0.4071,1636,-0.0001,50
1415421577,228,550,0.4145,1616,0,45
1415475577,228,561,0.4064,1636,-0.0001,45
1415529573,222,561,0.3957,1638,-0.0003,45
1415585575,228,563,0.405,1640,-0.0003,45
1415641473,223,564,0.3954,1640,0,50
1415695585,228,561,0.4064,1632,0,50
1415749577,218,557,0.3914,1631,0.0003,50
1415805575,227,557,0.4075,1633,0.0003,55
1415864379,224,557,0.4022,1635,0.0004,50
1415919540,228,561,0.4064,1636,0.0004,55
1415973578,229,557,0.4111,1634,0.0003,55
1416027576,229,560,0.4089,1635,0.0003,50
1416082576,227,550,0.4127,1635,0.0003,55
1416137540,227,550,0.4127,1614,0.0003,55
1416192540,228,562,0.4057,1637,0.0003,55
1416248540,224,563,0.3979,1638,0.0002,55
1416303542,229,559,0.4097,1636,0.0002,55
1416358542,221,560,0.3946,1636,0.0002,55
1416412573,229,562,0.4075,1637,0.0002,50
1416468378,221,561,0.3939,1637,0.0001,50
1416524583,228,561,0.4064,1637,0,55
1416578584,223,558,0.3996,1637,-0.0001,50
1416632582,228,559,0.4079,1631,0.0001,50
1416688572,225,555,0.4054,1628,0.0001,50
1416743576,224,553,0.4051,1628,-0.0001,50
1416801570,225,543,0.4144,1628,-0.0002,50
1416855576,226,545,0.4147,1608,-0.0004,50
1416909573,226,556,0.4065,1629,-0.0004,50
1416964572,218,554,0.3935,1629,-0.0004,50
1417018576,225,555,0.4054,1629,-0.0004,50
1417074374,215,556,0.3867,1631,-0.0002,50
1417130572,227,557,0.4075,1631,-0.0002,50
1417184576,222,552,0.4022,1631,-0.0002,45
1417238573,226,556,0.4065,1632,-0.0002,45
1417293576,228,558,0.4086,1632,-0.0002,50
1417347572,226,557,0.4057,1633,-0.0002,50
1417405251,227,560,0.4054,1633,-0.0002,45
1417459517,228,559,0.4079,1633,-0.0001,45
1417513576,227,549,0.4135,1635,-0.0001,50
1417567574,227,549,0.4135,1613,0.0001,50
1417623572,225,559,0.4025,1630,0,50
1417680374,226,555,0.4072,1628,0.0001,55
1417736572,227,555,0.409,1630,0.0001,55
1417790576,222,558,0.3978,1632,0,55
1417844576,228,559,0.4079,1632,0,55
1417898573,221,559,0.3953,1630,0.0002,50
1417954572,228,559,0.4079,1632,0.0003,50
1418067570,227,558,0.4068,1631,0.0058,50
1418121572,228,561,0.4064,1634,0.0058,50
1418175576,229,559,0.4097,1633,0.0057,50
1418229576,227,549,0.4135,1634,0.0057,55
1418286374,229,550,0.4164,1612,0.0057,55
1418342294,220,559,0.3936,1632,0.0057,55
1418396583,220,560,0.3929,1634,0.0056,55
1418450579,228,560,0.4071,1634,0.0057,55
1418507572,228,560,0.4071,1633,0.0057,60
1418562572,224,556,0.4029,1630,0.0056,55
1418619572,220,549,0.4007,1625,0.0055,50
1418673573,224,550,0.4073,1625,0.0055,50
1418727577,229,557,0.4111,1627,0.0056,50
1418781577,224,552,0.4058,1626,0.0056,50
1418836577,225,553,0.4069,1627,0.0055,50
1418892374,223,551,0.4047,1628,0.0056,50
1418946577,224,543,0.4125,1627,0.0056,50
1419001577,225,543,0.4144,1607,0.0053,50
1419055572,225,554,0.4061,1629,0.0053,50
1419109624,224,541,0.414,1602,-0.0004,50
1419163577,232,565,0.4106,1649,-0.0004,50
1419219572,237,583,0.4065,1671,-0.0004,50
1419273577,242,589,0.4109,1670,-0.0004,50
1419330606,231,582,0.3969,1658,-0.0003,45
1419384577,232,573,0.4049,1648,-0.0003,45
1419438544,232,569,0.4077,1643,-0.0003,50
1419494385,227,563,0.4032,1639,-0.0003,50
1419548544,221,554,0.3989,1630,-0.0003,45
1419602577,223,552,0.404,1626,-0.0003,45
1419656577,223,551,0.4047,1627,-0.0003,50
1419712573,223,551,0.4047,1627,-0.0003,55
1419766577,224,543,0.4125,1628,-0.0003,50
1419824573,222,541,0.4104,1605,-0.0003,50
1419878577,224,552,0.4058,1625,-0.0003,50
1419932577,216,549,0.3934,1624,-0.0004,50
1419986573,223,550,0.4055,1627,-0.0004,50
1420042572,219,553,0.396,1628,-0.0002,50
1420098375,225,554,0.4061,1630,-0.0001,55
1420152573,217,555,0.391,1631,0.0001,50
1420206573,226,555,0.4072,1631,0.0002,55
1420260575,227,558,0.4068,1633,0.0002,50
1420314575,225,556,0.4047,1632,0.0002,50
1420370577,226,557,0.4057,1630,0.0002,50
1420426577,226,556,0.4065,1631,0.0002,50
1420482576,225,547,0.4113,1630,0.0002,50
1420536575,224,551,0.4065,1620,0.0002,50
1420590577,225,552,0.4076,1625,0.0002,55
1420645577,226,544,0.4154,1606,0.0002,55
1420702374,225,555,0.4054,1630,0.0002,50
1420756577,220,556,0.3957,1630,0.0002,50
1420812573,224,556,0.4029,1628,0.0002,50
1420866570,218,552,0.3949,1627,0,50
1420920573,224,553,0.4051,1626,0,55
1420974570,226,554,0.4079,1627,0,55
1421030576,225,553,0.4069,1629,0.0002,50
1421084576,221,550,0.4018,1628,0.0001,50
1421138577,224,552,0.4058,1628,0,50
1421192577,225,554,0.4061,1628,0,50
1421246577,225,555,0.4054,1627,-0.0002,50
1421300577,223,542,0.4114,1628,-0.0002,50
1421356579,224,544,0.4118,1609,-0.0003,55
1421412582,224,553,0.4051,1628,-0.0003,55
1421467107,226,390,0.5795,1304,-0.0012,50
1421520583,216,541,0.3993,1610,-0.0012,50
1421577579,210,537,0.3911,1608,-0.0011,50
1421633577,217,536,0.4049,1610,-0.0011,50
1421687577,211,540,0.3907,1613,-0.0011,45
1421743576,219,542,0.4041,1616,-0.0012,50
1421797577,220,542,0.4059,1616,-0.0012,50
1421851572,208,542,0.3838,1615,-0.0012,50
1421909577,220,544,0.4044,1616,-0.0012,50
1421965573,220,544,0.4044,1618,-0.0011,55
1422020577,220,537,0.4097,1618,-0.0011,50
1422074542,220,534,0.412,1598,-0.001,55
1422128577,220,544,0.4044,1618,-0.0011,55
1422182583,222,537,0.4134,1601,-0.0009,60
1422239542,222,549,0.4044,1624,-0.0009,60
1422296767,226,551,0.4102,1626,-0.0009,60
1422350583,223,552,0.404,1626,-0.0009,60
1422404544,218,551,0.3956,1626,-0.0008,55
1422459585,223,554,0.4025,1628,-0.0007,60
1422514577,224,554,0.4043,1626,-0.0007,60
1422571577,222,550,0.4036,1620,0.0002,55
1422626542,222,549,0.4044,1620,0.0002,60
1422680577,223,549,0.4062,1623,0.0002,60
1422734542,224,542,0.4133,1624,0.0002,65
1422788578,224,555,0.4036,1631,0.0002,65
1422848577,222,550,0.4036,1624,0.0002,65
1422904573,218,551,0.3956,1623,0.0001,60
1422958577,223,551,0.4047,1623,0.0003,60
1423015577,111,551,0.2015,1625,-0.0011,60
1423069572,225,553,0.4069,1627,-0.0011,60
1423123577,220,550,0.4,1626,-0.0012,55
1423180898,224,554,0.4043,1628,-0.0013,60
1423234575,220,548,0.4015,1626,-0.0013,55
1423288583,224,554,0.4043,1627,-0.0014,55
1423343584,226,554,0.4079,1627,-0.0015,55
1423399577,224,552,0.4058,1626,-0.0014,50
1423455577,223,543,0.4107,1627,-0.0015,55
1423511536,223,541,0.4122,1604,-0.0017,55
1423566572,222,547,0.4059,1619,-0.0017,50
1423620577,215,546,0.3938,1619,-0.0016,55
1423674577,220,544,0.4044,1619,-0.0016,50
1423729578,216,544,0.3971,1619,-0.0016,50
1423785577,219,545,0.4018,1620,-0.0016,50
1423839571,210,545,0.3853,1618,-0.0016,50
1423894576,219,542,0.4041,1617,-0.0016,45
1423948577,218,542,0.4022,1616,-0.0016,45
1424002572,218,541,0.403,1616,-0.0016,50
1424061500,219,543,0.4033,1618,-0.0016,50
1424115573,219,543,0.4033,1619,-0.0002,55
1424171266,219,534,0.4101,1619,-0.0002,55
1424225769,218,534,0.4082,1599,-0.0001,50
1424279582,222,502,0.4422,1535,0.0003,55
1424335583,223,544,0.4099,1619,0.0004,50
1424391577,218,543,0.4015,1620,0.0004,50
1424445573,221,545,0.4055,1619,0.0004,55
1424501577,218,542,0.4022,1615,0.0005,50
1424555577,210,539,0.3896,1613,0.0007,45
1424609573,217,538,0.4033,1613,0.0008,50
1424665577,219,541,0.4048,1617,0.0008,50
1424720572,219,542,0.4041,1617,0.0008,50
1424774577,221,544,0.4062,1619,0.0007,50
1424829576,220,546,0.4029,1620,0.0007,45
1424885573,220,535,0.4112,1621,0.0007,50
1424939576,221,548,0.4033,1621,0.0007,50
1424999573,221,548,0.4033,1624,0.0007,50
1425053573,217,551,0.3938,1625,0.0007,50
1425110358,222,551,0.4029,1626,0.0007,50
1425164583,218,550,0.3964,1625,0.0006,45
1425220576,223,552,0.404,1627,0.0006,45
1425276491,219,547,0.4004,1626,0.0006,45
1425330577,223,551,0.4047,1626,0.0005,45
1425386577,222,553,0.4014,1628,0.0001,45
1425440577,223,551,0.4047,1625,0,45
1425494577,228,553,0.4123,1620,0.0001,50
1425552571,222,546,0.4066,1620,0.0001,50
1425610577,222,546,0.4066,1624,0.0001,55
1425664577,226,542,0.417,1608,-0.0002,55
1425718577,222,548,0.4051,1623,-0.0003,50
1425772577,215,546,0.3938,1621,-0.0002,55
1425826578,220,545,0.4037,1621,-0.0002,55
1425884572,215,545,0.3945,1622,-0.0001,55
1425938574,221,548,0.4033,1623,-0.0001,55
1425993573,221,548,0.4033,1623,-0.0001,60
1426054578,221,547,0.404,1623,-0.0001,55
1426108586,221,547,0.404,1623,-0.0001,60
1426167374,221,549,0.4026,1628,-0.0001,60
1426221575,219,546,0.4011,1624,-0.0001,55
1426276477,221,536,0.4123,1602,0,55
1426330576,219,544,0.4026,1618,0,55
1426384573,103,541,0.1904,1616,-0.0017,55
1426438576,219,541,0.4048,1618,-0.0017,55
1426494573,212,541,0.3919,1619,-0.0018,55
1426550551,220,542,0.4059,1619,-0.0018,55
1426664576,222,544,0.4081,1616,-0.0105,45
1426718573,214,537,0.3985,1617,-0.0104,45
1426774379,218,541,0.403,1618,-0.0103,50
1426830196,220,531,0.4143,1619,-0.0104,50
1426885577,218,538,0.4052,1612,-0.0104,45
1426939578,219,543,0.4033,1621,-0.0104,45
1426994726,219,531,0.4124,1598,-0.0105,45
1427049576,218,541,0.403,1619,-0.0105,45
1427105572,214,543,0.3941,1622,-0.0105,40
1427161572,219,545,0.4018,1624,-0.0105,40
1427215572,214,545,0.3927,1624,-0.0105,40
1427269576,220,544,0.4044,1623,-0.0105,40
1427323572,220,544,0.4044,1618,-0.0105,45
1427380378,218,541,0.403,1618,-0.0106,40
1427435576,219,543,0.4033,1622,-0.0106,45
1427489576,221,546,0.4048,1623,-0.0088,50
1427545576,227,555,0.409,1623,-0.0087,50
1427662577,220,546,0.4029,1624,-0.0147,50
1427718577,220,534,0.412,1622,-0.0061,55
1427772577,221,547,0.404,1625,-0.006,55
1427826574,215,378,0.5688,1627,-0.0082,55
1427882238,224,550,0.4073,1627,-0.0082,55
1427936579,217,548,0.396,1627,-0.008,55
1427994574,223,549,0.4062,1627,-0.0081,55
1428048577,221,547,0.404,1627,-0.0081,55
1428107576,222,548,0.4051,1627,-0.008,55
1428161577,221,548,0.4033,1626,-0.008,55
1428215572,222,545,0.4073,1623,-0.0081,55
1428269577,223,545,0.4092,1618,-0.0081,60
1428325577,218,531,0.4105,1598,-0.008,60
1428379572,219,543,0.4033,1621,-0.008,60
1428433576,220,532,0.4135,1621,-0.008,60
1428490570,218,541,0.403,1621,-0.008,60
1428544577,209,540,0.387,1621,-0.0081,55
1428600640,218,542,0.4022,1621,-0.0081,55
1428654572,213,542,0.393,1622,-0.0083,50
1428708578,220,544,0.4044,1623,-0.0022,50
1428762542,210,543,0.3867,1624,-0.0024,50
1428818865,220,542,0.4059,1624,-0.0025,50
1428872585,221,545,0.4055,1624,-0.0025,50
1428930542,219,545,0.4018,1626,-0.0004,50
1428984577,220,546,0.4029,1626,-0.0003,50
1429038577,219,535,0.4093,1605,-0.0005,50
1429096711,222,545,0.4073,1625,-0.0005,50
1429150577,221,533,0.4146,1622,-0.0005,50
1429206572,218,541,0.403,1619,-0.0005,55
1429262577,211,538,0.3922,1619,-0.0005,50
1429316577,219,542,0.4041,1622,-0.0005,50
1429370577,220,544,0.4044,1623,-0.0005,50
1429480576,210,540,0.3889,1624,-0.001,50
1429536577,219,543,0.4033,1623,-0.001,50
1429591572,224,548,0.4088,1624,-0.001,55
1429650204,221,546,0.4048,1624,-0.0009,50
1429704607,222,548,0.4051,1628,-0.0008,55
1429758583,222,538,0.4126,1607,-0.0006,55
1429814578,223,550,0.4055,1631,-0.0006,55
1429869577,223,539,0.4137,1630,-0.0003,55
1429923577,222,550,0.4036,1631,-0.0003,55
1429979571,217,552,0.3931,1632,-0.0001,60
1430033572,222,552,0.4022,1634,-0.0001,60
1430089577,227,550,0.4127,1631,-0.0002,55
1430148572,220,545,0.4037,1626,-0.0002,60
1430202577,221,546,0.4048,1624,-0.0002,60
1430258571,220,547,0.4022,1628,-0.0001,60
1430313540,221,548,0.4033,1629,-0.0001,60
1430367575,222,543,0.4088,1617,-0.0002,60
1430423573,221,545,0.4055,1626,-0.0002,55
1430477576,220,546,0.4029,1624,-0.0002,55
1430531577,219,544,0.4026,1624,0.0003,50
1430587576,220,533,0.4128,1625,0.0003,50
1430643303,219,544,0.4026,1627,0.0003,50
1430698582,214,545,0.3927,1627,0.0003,50
1430754572,219,545,0.4018,1627,0.0002,50
1430813572,215,546,0.3938,1627,0.0001,45
1430867577,219,544,0.4026,1627,0,50
1430922572,226,550,0.4109,1628,0.0001,50
1430978576,220,544,0.4044,1627,0,45
1431035577,220,547,0.4022,1628,0,45
1431091576,219,538,0.4071,1609,-0.0002,40
1431153097,216,540,0.4,1621,-0.0002,40
1431206572,210,537,0.3911,1617,0,40
1431261685,218,540,0.4037,1620,0,40
1431317579,213,540,0.3944,1621,0.0001,40
1431375574,217,540,0.4019,1621,0.0001,40
1431429577,218,540,0.4037,1620,0.0001,40
1431483577,218,541,0.403,1622,0.0002,40
1431540571,214,538,0.3978,1622,0.0002,40
1431594577,218,545,0.4,1629,0.0002,45
1431657572,218,544,0.4007,1625,0.0002,45
1431711577,221,537,0.4115,1627,0.0002,45
1431766572,221,546,0.4048,1627,0.0002,45
1431821577,216,549,0.3934,1629,0.0002,45
1431875572,221,548,0.4033,1629,0.0002,45
1431929576,221,549,0.4026,1630,0.0003,45
1431986572,218,546,0.3993,1615,0.0002,40
1432040577,213,547,0.3894,1633,0,40
1432094577,224,551,0.4065,1631,0,40
1432151572,221,546,0.4048,1626,0,40
1432205577,219,508,0.4311,1554,-0.0003,40
1432263583,221,547,0.404,1626,-0.0003,40
1432322571,221,537,0.4115,1628,-0.0006,40
1432376577,220,546,0.4029,1627,-0.0006,40
1432430579,219,533,0.4109,1628,-0.0007,40
1432487576,220,545,0.4037,1626,-0.0007,40
1432542577,211,546,0.3864,1627,-0.0006,40
1432600576,222,549,0.4044,1629,-0.0006,40
1432654577,212,544,0.3897,1628,-0.0006,40
1432708572,219,546,0.4011,1629,-0.0006,35
1432763577,220,546,0.4029,1628,-0.0006,40
1432820954,220,547,0.4022,1629,-0.0006,40
1432876577,218,545,0.4,1628,-0.0007,35
1432930542,219,533,0.4109,1605,-0.0006,35
1432984544,220,547,0.4022,1630,-0.0006,40
1433039857,221,534,0.4139,1628,-0.0005,40
1433093588,217,540,0.4019,1622,-0.0004,40
1433151544,217,529,0.4102,1621,-0.0002,40
1433207577,219,543,0.4033,1624,-0.0003,45
1433261574,212,540,0.3926,1624,-0.0004,40
1433317572,217,542,0.4004,1624,0,45
1433371577,212,542,0.3911,1624,0.0002,40
1433425577,217,542,0.4004,1625,0.0003,45
1433483572,220,544,0.4044,1625,0.0003,45
1433537572,217,543,0.3996,1626,0.0004,45
1433591577,219,544,0.4026,1628,0.0004,45
1433649834,220,537,0.4097,1609,0.0003,45
1433703576,220,547,0.4022,1630,0.0003,45
1433757577,219,535,0.4093,1630,0.0002,45
1433814572,221,548,0.4033,1630,0.0002,40
1433868572,216,549,0.3934,1631,0.0002,45
1433922574,221,549,0.4026,1632,0.0002,45
1433978587,215,549,0.3916,1634,0.0002,45
1434032577,220,548,0.4015,1631,0.0001,50
1434090576,212,544,0.3897,1627,0.0001,45
1434144577,219,544,0.4026,1626,0,45
1434200577,227,553,0.4105,1630,0,45
1434256577,222,550,0.4036,1631,0,45
1434311572,227,555,0.409,1631,0,50
1434365577,221,539,0.41,1611,0.0003,55
1434422577,109,547,0.1993,1632,0.0032,60
1434476577,221,538,0.4108,1631,0.0029,55
1434530572,221,549,0.4026,1633,0.0029,55
1434584577,216,550,0.3927,1633,0.003,55
1434640576,222,550,0.4036,1633,0.003,50
1434701572,215,549,0.3916,1632,0.003,50
1434755572,221,549,0.4026,1632,0.0031,50
1434811582,220,548,0.4015,1633,0.0031,50
1434865583,221,548,0.4033,1632,0.0031,55
1434922571,225,553,0.4069,1632,0.0031,55
1434976577,219,533,0.4109,1607,0.0031,55
1435032577,217,541,0.4011,1626,0.0031,55
1435088577,217,532,0.4079,1627,0.0032,55
1435142577,218,543,0.4015,1629,0.0032,55
1435196577,224,538,0.4164,1628,0.0033,55
1435250572,219,544,0.4026,1629,0.0033,55
1435310571,219,545,0.4018,1629,0.0033,55
1435364572,219,544,0.4026,1630,0.0033,55
1435419577,214,546,0.3919,1631,0.003,50
1435473577,219,547,0.4004,1632,0.0029,50
1435527572,220,547,0.4022,1632,0,50
1435581577,219,546,0.4011,1633,0.0001,50
1435637572,222,549,0.4044,1632,0.0001,50
1435691577,221,551,0.4011,1638,0,50
1435747286,220,547,0.4022,1634,0,50
1435802584,221,546,0.4048,1623,-0.0001,50
1435857583,221,549,0.4026,1636,-0.0001,50
1435915572,221,546,0.4048,1632,-0.0001,50
1435969577,218,543,0.4015,1629,-0.0001,50
1436023577,209,546,0.3828,1632,0,45
1436079540,221,547,0.404,1633,-0.0001,45
1436133577,214,548,0.3905,1635,-0.0001,45
1436187577,221,549,0.4026,1634,-0.0001,45
1436245576,221,550,0.4018,1636,-0.0001,45
1436299570,220,548,0.4015,1635,-0.0002,45
1436353571,222,550,0.4036,1637,-0.0002,45
1436408573,223,548,0.4069,1630,-0.0001,45
1436462571,222,553,0.4014,1640,-0.0002,45
1436518579,221,539,0.41,1616,0.0001,45
1436572540,222,553,0.4014,1641,0.0001,45
1436626540,224,540,0.4148,1633,-0.0001,45
1436682031,223,552,0.404,1638,-0.0001,45
1436737434,218,554,0.3935,1642,0,45
1436791582,222,552,0.4022,1641,0,45
1436847586,215,547,0.3931,1635,0.0001,40
1436903572,220,547,0.4022,1634,0.0001,45
1436957576,220,549,0.4007,1636,0.0001,40
1437011576,220,548,0.4015,1638,0.0001,45
1437067572,225,553,0.4069,1638,0.0001,45
1437123577,220,547,0.4022,1637,0.0001,45
1437177571,226,553,0.4087,1637,0.0001,45
1437235570,220,545,0.4037,1624,0.0001,40
1437289573,220,547,0.4022,1637,0.0001,40
1437343575,220,539,0.4082,1639,0.0001,45
1437397577,219,550,0.3982,1640,0.0001,45
1437453577,215,549,0.3916,1639,0,40
1437507572,220,548,0.4015,1639,0,40
1437561577,210,547,0.3839,1640,-0.0002,40
1437616572,220,549,0.4007,1641,-0.0003,45
1437670894,216,551,0.392,1642,-0.0005,40
1437727590,219,545,0.4018,1635,-0.0003,45
1437781584,219,544,0.4026,1633,-0.0003,45
1437835397,219,544,0.4026,1635,-0.0004,45
1437889577,221,547,0.404,1636,-0.0004,50
1437944574,220,382,0.5759,1636,-0.0019,50
1437998577,220,546,0.4029,1637,-0.0019,50
1438054577,220,536,0.4104,1616,-0.002,50
1438110572,219,546,0.4011,1637,-0.002,50
1438164572,219,529,0.414,1618,-0.002,50
1438218577,220,549,0.4007,1639,-0.002,50
1438273577,214,548,0.3905,1640,-0.002,50
1438330577,221,551,0.4011,1641,-0.002,55
1438384571,217,552,0.3931,1642,-0.002,50
1438439577,223,552,0.404,1642,-0.0021,50
1438493577,221,551,0.4011,1644,-0.002,50
1438547577,222,553,0.4014,1645,-0.002,55
1438601572,229,559,0.4097,1644,-0.0019,55
1438659753,222,549,0.4044,1639,-0.0016,50
1438713572,226,553,0.4087,1637,-0.0015,55
1438770666,222,536,0.4142,1612,-0.0012,60
1438824576,223,552,0.404,1642,-0.0013,55
1438936542,220,550,0.4,1641,0.0065,55
1438990576,217,551,0.3938,1640,0.0066,50
1439044540,221,550,0.4018,1640,0.008,55
1439099540,222,551,0.4029,1641,0.008,55
1439153576,223,551,0.4047,1640,0.008,55
1439209576,218,548,0.3978,1642,0.0081,55
1439266571,222,551,0.4029,1641,0.0081,55
1439321540,221,550,0.4018,1641,0.0081,55
1439375540,223,551,0.4047,1640,0.0081,55
1439431576,223,552,0.404,1642,0.0081,55
1439485540,223,541,0.4122,1620,0.0082,55
1439541572,221,547,0.404,1636,0.0082,55
1439595572,220,535,0.4112,1633,0.0082,55
1439649463,218,544,0.4007,1634,0.0082,55
1439705272,220,544,0.4044,1636,0.0082,55
1439763196,221,548,0.4033,1635,0.0082,55
1439818572,212,545,0.389,1633,0.0079,50
1439875576,220,546,0.4029,1634,0.0078,50
1439931541,218,545,0.4,1634,0.0078,50
1439985576,220,548,0.4015,1635,0.0001,50
1440039576,220,548,0.4015,1636,0.0001,55
1440094576,220,548,0.4015,1635,0,60
1440150576,221,549,0.4026,1637,0,60
1440204576,220,539,0.4082,1617,0,55
1440258572,220,549,0.4007,1636,0,55
1440369572,222,552,0.4022,1638,0.0023,55
1440423577,216,551,0.392,1638,0.0023,55
1440479572,221,548,0.4033,1635,0.0023,60
1440534572,215,547,0.3931,1633,0.0023,55
1440588577,218,545,0.4,1632,0.0022,60
1440644583,223,550,0.4055,1634,0.0022,60
1440698577,219,548,0.3996,1634,0.0022,60
1440755581,225,552,0.4076,1634,0.0022,55
1440809577,223,553,0.4033,1636,0.0022,60
1440864577,227,556,0.4083,1635,0.0023,60
1440918577,222,541,0.4104,1614,0.0025,60
1440974572,222,552,0.4022,1637,0.0025,60
1441029576,222,543,0.4088,1639,0.0024,55
1441088572,222,553,0.4014,1638,0.0024,55
1441142577,217,554,0.3917,1638,0.0025,50
1441196590,223,554,0.4025,1637,0.0025,50
1441252572,219,554,0.3953,1638,0.0026,45
1441309565,222,551,0.4029,1637,0.0026,45
1441365572,223,551,0.4047,1634,0.0026,50
1441419577,221,548,0.4033,1630,0.0003,45
1441477577,220,548,0.4015,1630,0.0003,45
1441531585,223,543,0.4107,1616,0.0003,45
1441585578,224,553,0.4051,1639,0.0003,45
1441639640,222,547,0.4059,1635,0.0003,45
1441695577,222,550,0.4036,1633,0.0003,45
1441750575,224,541,0.414,1631,0.0003,45
1441808572,220,549,0.4007,1632,0.0004,45
1441863577,215,548,0.3923,1632,0.0002,45
1441917572,221,549,0.4026,1633,0.0002,45
1441973577,215,552,0.3895,1634,0,40
1442027577,222,552,0.4022,1635,-0.0001,45
1442081577,223,552,0.404,1635,-0.0001,45
1442135577,224,553,0.4051,1636,0,45
1442191572,221,550,0.4018,1634,0,45
1442246577,219,534,0.4101,1607,-0.0002,45
1442303577,219,543,0.4033,1626,-0.0002,45
1442359572,220,537,0.4097,1629,-0.0004,45
1442413577,220,547,0.4022,1630,-0.0003,45
1442469875,221,546,0.4048,1629,-0.0003,45
1442523578,220,547,0.4022,1632,-0.0003,45
1442579583,212,550,0.3855,1631,-0.0003,45
1442635576,222,549,0.4044,1631,-0.0003,50
1442690577,213,550,0.3873,1633,-0.0003,45
1442749572,223,553,0.4033,1635,-0.0003,50
1442803577,222,553,0.4014,1635,-0.0003,45
1442857577,223,554,0.4025,1635,-0.0004,45
1442914572,114,557,0.2047,1637,-0.0017,50
1442968576,222,538,0.4126,1607,-0.0016,45
1443023572,222,554,0.4007,1638,-0.0016,45
1443077774,223,544,0.4099,1637,-0.0013,45
1443133576,222,552,0.4022,1634,-0.0013,45
1443189577,215,550,0.3909,1631,-0.0015,40
1443243572,220,549,0.4007,1632,-0.0015,45
1443297578,212,551,0.3848,1633,-0.0012,40
1443352572,223,553,0.4033,1634,-0.0012,45
1443408730,215,546,0.3938,1633,-0.0011,40
1443462583,223,552,0.404,1633,-0.001,40
1443521579,226,554,0.4079,1632,-0.0011,40
1443575577,222,553,0.4014,1637,-0.001,45
1443629577,221,550,0.4018,1633,-0.001,45
1443683577,222,541,0.4104,1613,-0.0011,45
1443739572,222,551,0.4029,1634,-0.0011,45
1443796572,223,540,0.413,1633,-0.0011,45
1443852572,221,550,0.4018,1632,-0.0011,45
1443906577,214,549,0.3898,1633,-0.0011,45
1443960577,221,549,0.4026,1631,-0.0011,45
1444017577,214,546,0.3919,1625,0.0001,45
1444127577,222,550,0.4036,1629,-0.0053,45
1444181572,220,548,0.4015,1628,-0.0054,45
1444235577,215,542,0.3967,1627,-0.0054,40
1444289572,218,545,0.4,1627,-0.0053,45
1444346577,225,552,0.4076,1627,-0.0054,45
1444404571,220,547,0.4022,1627,-0.0056,45
1444459577,222,549,0.4044,1629,-0.0056,45
1444514577,221,541,0.4085,1630,-0.0058,45
1444570576,221,551,0.4011,1631,-0.0058,45
1444624577,217,551,0.3938,1630,-0.0057,45
1444679577,222,552,0.4022,1632,-0.0057,40
1444735572,215,553,0.3888,1632,-0.0056,40
1444789576,223,555,0.4018,1633,-0.0056,45
1444843572,222,553,0.4014,1634,-0.0056,40
1444954576,222,550,0.4036,1628,-0.0061,40
1445010576,223,546,0.4084,1619,-0.006,40
1445065572,222,551,0.4029,1629,-0.006,40
1445119787,223,541,0.4122,1606,-0.0059,45
1445173572,223,553,0.4033,1630,-0.0005,45
1445229563,224,542,0.4133,1631,-0.0004,45
1445284584,222,553,0.4014,1632,-0.0004,45
1445342571,217,553,0.3924,1630,-0.0005,45
1445396576,223,552,0.404,1631,-0.0004,45
1445450575,197,530,0.3717,1621,0.0001,50
1445504540,225,554,0.4061,1631,0,45
1445560576,211,546,0.3864,1628,0.0002,45
1445616577,219,549,0.3989,1627,0.0003,50
1445672572,220,549,0.4007,1627,0.0003,50
1445726577,221,550,0.4018,1626,0.0003,55
1445781577,221,550,0.4018,1628,0.0003,55
1445836759,221,533,0.4146,1596,0.0002,55
1445890577,216,541,0.3993,1618,0.0002,60
1445947572,216,525,0.4114,1617,0.0002,60
1446001572,218,509,0.4283,1589,0.0007,60
1446055577,214,543,0.3941,1618,0.0007,60
1446109572,217,542,0.4004,1618,0.0006,65
1446164701,210,538,0.3903,1618,0.0006,60
1446220583,218,379,0.5752,1617,0.0017,60
1446276412,212,537,0.3948,1619,0.0016,60
1446330577,219,545,0.4018,1621,0.0015,60
1446384577,218,547,0.3985,1624,0.0015,60
1446438573,217,544,0.3989,1623,0.0015,65
1446494571,220,548,0.4015,1625,0.0015,65
1446550577,219,537,0.4078,1607,0.001,60
1446605577,222,552,0.4022,1631,0.001,60
1446660572,222,543,0.4088,1634,0.0008,60
1446715577,224,562,0.3986,1636,0.0008,60
1446771572,218,555,0.3928,1634,0.0009,55
1446828572,222,527,0.4213,1584,0.0007,50
1446882572,222,553,0.4014,1622,0.0007,50
1446936577,221,551,0.4011,1629,0.0008,45
1446990572,210,548,0.3832,1629,0.0008,45
1447046490,221,551,0.4011,1628,0.0008,45
1447102585,225,552,0.4076,1626,0.0008,45
1447160572,222,385,0.5766,1627,0.0012,45
1447268572,221,539,0.41,1607,-0.0009,50
1447322575,221,552,0.4004,1630,-0.0021,45
1447376576,222,539,0.4119,1631,-0.002,45
1447434572,221,551,0.4011,1631,-0.002,45
1447488576,214,551,0.3884,1631,-0.0021,45
1447545540,223,554,0.4025,1632,-0.002,40
1447599576,215,552,0.3895,1632,-0.0022,40
1447653540,223,553,0.4033,1632,-0.0021,40
1447708576,221,551,0.4011,1632,-0.0021,40
1447764540,221,547,0.404,1626,-0.0021,40
1447818576,224,549,0.408,1624,-0.0022,45
1447872542,222,549,0.4044,1626,-0.0023,45
1447927414,222,551,0.4029,1630,-0.0021,40
1447981576,221,538,0.4108,1606,-0.0022,45
1448040577,221,547,0.404,1627,-0.0022,45
1448094583,221,538,0.4108,1627,-0.0023,45
1448150576,221,549,0.4026,1629,-0.0023,45
1448204577,212,549,0.3862,1629,-0.0023,40
1448260572,222,550,0.4036,1628,-0.0027,40
1448316576,218,550,0.3964,1628,-0.0004,40
1448377092,223,552,0.404,1629,-0.0005,40
1448430572,223,552,0.404,1631,-0.0004,45
1448484577,222,551,0.4029,1631,-0.0005,40
1448538572,224,555,0.4036,1633,-0.0005,45
1448594576,224,547,0.4095,1618,-0.0003,45
1448650577,223,544,0.4099,1632,-0.0002,50
1448704572,223,553,0.4033,1627,0,50
1448758574,222,550,0.4036,1627,0,50
1448812544,223,543,0.4107,1631,-0.0001,50
1448868841,223,556,0.4011,1634,-0.0001,50
1448922960,218,554,0.3935,1632,0.0001,50
1448979584,224,555,0.4036,1632,0.0001,50
1449034541,219,556,0.3939,1633,0.0001,50
1449089542,224,557,0.4022,1635,0.0002,55
1449143571,225,557,0.4039,1635,0.0002,55
1449200542,224,557,0.4022,1636,0.0002,55
1449257572,226,559,0.4043,1636,0.0002,55
1449313571,224,546,0.4103,1612,0.0002,55
1449371572,224,557,0.4022,1635,0.0002,55
1449427571,226,548,0.4124,1634,0.0003,55
1449481577,224,557,0.4022,1635,0.0003,55
1449535572,219,556,0.3939,1633,0.0002,55
1449591578,224,553,0.4051,1630,0.0002,50
1449645577,216,549,0.3934,1626,0.0001,50
1449699577,222,550,0.4036,1627,0.0001,50
1449755583,212,549,0.3862,1630,-0.0002,50
1449809582,222,551,0.4029,1630,-0.0002,50
1449866573,223,552,0.404,1630,-0.0003,50
1449920577,221,552,0.4004,1630,-0.0001,50
1449974577,222,550,0.4036,1629,-0.0001,50
1450028577,222,539,0.4119,1603,-0.0003,50
1450084577,228,556,0.4101,1629,-0.0004,50
1450138577,221,548,0.4033,1629,-0.0004,45
1450194577,223,552,0.404,1630,-0.0005,45
1450252609,224,552,0.4058,1630,-0.0005,50
1450306570,222,551,0.4029,1629,-0.0005,50
1450362571,218,551,0.3956,1630,-0.0005,45
1450416571,223,552,0.404,1631,-0.0005,45
1450472571,217,551,0.3938,1627,-0.0005,45
1450527570,221,547,0.404,1624,-0.0005,45
1450581571,220,547,0.4022,1624,-0.0005,45
1450635570,221,550,0.4018,1627,-0.0005,45
1450691940,222,550,0.4036,1627,-0.0005,45
1450745584,224,543,0.4125,1610,-0.0003,45
1450804570,223,552,0.404,1630,-0.0003,45
1450858609,221,540,0.4093,1630,0,45
1450912571,222,542,0.4096,1630,0.0001,50
1450966570,225,553,0.4069,1632,0.0001,50
1451022570,224,555,0.4036,1632,0,50
1451078573,217,555,0.391,1633,0.0002,45
1451135571,223,555,0.4018,1632,0.0003,50
1451189571,218,550,0.3964,1633,0.0004,50
1451243571,224,555,0.4036,1632,0.0004,50
1451297576,220,550,0.4,1631,0.0004,45
1451353573,224,553,0.4051,1630,0.0004,45
1451412576,223,550,0.4055,1625,0.0004,50
1451466573,222,538,0.4126,1602,0.0004,50
1451520575,224,552,0.4058,1627,0.0004,50
1451577123,223,532,0.4192,1607,0.0004,50
1451630582,222,550,0.4036,1626,0.0004,50
1451688582,217,550,0.3945,1628,0.0004,55
1451743576,222,549,0.4044,1627,0.0004,50
1451797571,215,550,0.3909,1626,0.0003,50
1451851571,221,552,0.4004,1629,0.0002,55
1451907570,214,551,0.3884,1628,0,50
1451962572,220,550,0.4,1628,-0.0001,50
1452018571,221,549,0.4026,1626,-0.0002,50
1452074570,222,553,0.4014,1633,-0.0001,55
1452128540,223,551,0.4047,1627,-0.0001,55
1452182571,222,536,0.4142,1602,-0.0004,55
1452238540,220,545,0.4037,1621,-0.0004,55
1452295571,219,534,0.4101,1622,-0.0005,55
1452350571,221,546,0.4048,1623,-0.0005,55
1452405571,214,547,0.3912,1624,-0.0005,55
1452459571,221,547,0.404,1622,-0.0005,55
1452515166,214,546,0.3919,1623,-0.0005,50
1452569579,219,546,0.4011,1623,-0.0004,55
1452627574,218,545,0.4,1623,-0.0005,50
1452681577,222,525,0.4229,1579,-0.0004,50
1452735577,227,553,0.4105,1626,-0.0004,50
1452789572,221,550,0.4018,1627,-0.0004,50
1452843572,222,550,0.4036,1627,-0.0004,50
1452901576,222,536,0.4142,1599,-0.0002,50
1452955572,222,551,0.4029,1628,-0.0002,50
1453010577,222,541,0.4104,1629,0.0001,50
1453066572,221,548,0.4033,1624,0.0001,45
1453120577,215,546,0.3938,1622,0,45
1453174577,221,549,0.4026,1624,0,45
1453230576,215,549,0.3916,1625,0.0001,40
1453285577,221,549,0.4026,1625,0.0003,45
1453339577,212,545,0.389,1622,0.0004,40
1453393572,223,549,0.4062,1624,0.0005,40
1453447577,221,549,0.4026,1624,0.0005,40
1453503374,221,548,0.4033,1625,0.0004,45
1453557700,222,551,0.4029,1627,0.0004,40
1453611579,222,546,0.4066,1618,0.0004,40
1453665574,223,551,0.4047,1626,0.0004,40
1453722574,223,543,0.4107,1612,0.0004,45
1453776431,222,548,0.4051,1625,0.0003,45
1453832577,220,537,0.4097,1625,0.0003,45
1453889577,221,548,0.4033,1625,0.0003,45
1453944572,212,542,0.3911,1619,0.0003,40
1453998577,218,541,0.403,1617,0.0002,40
1454055571,211,542,0.3893,1618,0,40
1454111378,219,542,0.4041,1619,0,40
1454167576,219,544,0.4026,1621,0,40
1454221577,220,542,0.4059,1618,0.0001,45
1454276433,219,543,0.4033,1619,0.0001,45
1454330572,218,530,0.4113,1595,-0.0001,45
1454384577,220,545,0.4037,1621,-0.0001,45
1454441149,219,535,0.4093,1621,-0.0003,45
1454496285,219,544,0.4026,1621,-0.0003,45
1454550579,223,546,0.4084,1623,-0.0004,45
1454604577,220,545,0.4037,1621,-0.0004,45
1454658574,213,545,0.3908,1622,-0.0003,45
1454717375,219,545,0.4018,1623,-0.0003,50
1454771854,210,546,0.3846,1624,-0.0003,45
1454825572,221,548,0.4033,1624,-0.0003,50
1454882572,223,547,0.4077,1623,-0.0003,50
1454936577,219,543,0.4033,1618,-0.0003,45
1454990572,220,545,0.4037,1619,-0.0003,50
1455046571,219,534,0.4101,1599,-0.0002,50
1455100577,220,548,0.4015,1623,-0.0002,50
1455154577,222,537,0.4134,1602,0,50
1455208577,221,546,0.4048,1622,0.0001,50
1455263577,220,538,0.4089,1623,0.0001,50
1455320373,221,546,0.4048,1623,0.0001,50
1455374570,219,548,0.3996,1624,0.0002,50
1455428572,220,547,0.4022,1625,0.0003,55
1455482585,223,550,0.4055,1625,0.0003,55
1455537572,222,549,0.4044,1624,0.0003,50
1455593952,213,549,0.388,1626,0.0004,50
1455649577,220,548,0.4015,1625,0.0005,55
1455705586,218,545,0.4,1625,0.0005,50
1455763572,222,550,0.4036,1627,0.0005,50
1455819571,225,550,0.4091,1623,0.0004,55
1455873664,216,541,0.3993,1618,0.0004,55
1455929375,218,542,0.4022,1618,0.0004,55
1455985576,214,544,0.3934,1621,0.0004,55
1456040572,219,543,0.4033,1621,0.0004,55
1456094577,213,545,0.3908,1621,0.0003,50
1456150576,219,544,0.4026,1621,0.0003,50
1456204577,212,541,0.3919,1619,0.0002,50
1456261577,218,542,0.4022,1619,0.0001,55
1456323582,221,545,0.4055,1622,0.0001,55
1456377580,220,536,0.4104,1604,0.0001,55
1456433571,220,544,0.4044,1623,0.0001,55
1456487577,218,380,0.5737,1622,-0.0024,50
1456543373,219,545,0.4018,1623,-0.0024,50
1456598571,219,533,0.4109,1625,-0.0024,50
1456652576,221,548,0.4033,1626,-0.0024,50
1456707576,214,546,0.3919,1624,-0.0025,50
1456763571,218,543,0.4015,1620,-0.0025,50
1456817577,213,541,0.3937,1618,-0.0024,50
1456873577,219,544,0.4026,1622,-0.0024,50
1456929572,218,543,0.4015,1623,-0.0024,45
1456983571,219,544,0.4026,1624,-0.0024,45
1457037572,221,545,0.4055,1624,-0.0024,50
1457091572,221,546,0.4048,1624,-0.0024,45
1457202979,221,532,0.4154,1596,-0.0045,45
1457257116,221,548,0.4033,1627,-0.0045,45
1457311580,220,536,0.4104,1629,-0.0043,45
1457369570,221,548,0.4033,1627,-0.0043,45
1457423571,216,549,0.3934,1628,-0.0044,40
1457479571,220,549,0.4007,1630,-0.0046,45
1457535570,216,550,0.3927,1629,-0.0047,40
1457589571,220,548,0.4015,1629,-0.0023,45
1457643571,220,547,0.4022,1626,-0.0023,45
1457699541,222,546,0.4066,1623,-0.0022,45
1457756344,216,540,0.4,1620,-0.0022,45
1457814541,219,536,0.4086,1609,-0.0023,45
1457868571,219,533,0.4109,1625,-0.0024,50
1457923017,220,523,0.4207,1603,-0.0025,50
1457976542,219,544,0.4026,1624,-0.0025,50
1458030570,218,531,0.4105,1624,-0.0026,50
1458086571,219,544,0.4026,1624,-0.0026,50
1458142231,212,542,0.3911,1624,-0.0026,50
1458196577,218,543,0.4015,1627,-0.0026,50
1458250573,213,543,0.3923,1627,-0.0004,50
1458308572,219,543,0.4033,1627,-0.0005,50
1458364378,220,544,0.4044,1627,-0.0004,55
1458420577,220,545,0.4037,1628,-0.0005,50
1458474577,218,545,0.4,1628,-0.0005,50
1458528575,221,536,0.4123,1607,-0.0003,50
1458585576,220,543,0.4052,1626,-0.0003,50
1458640577,218,527,0.4137,1623,0,55
1458696577,217,540,0.4019,1624,0,55
1458752577,210,542,0.3875,1626,0.0002,50
1458807584,218,543,0.4015,1628,0.0003,50
1458865577,214,543,0.3941,1627,0.0003,50
1458920542,218,544,0.4007,1629,0.0004,50
1458977401,219,544,0.4026,1628,0.0005,50
1459031583,220,545,0.4037,1630,0.0005,50
1459086583,219,546,0.4011,1632,0.0005,50
1459140579,221,549,0.4026,1636,0.0006,55
1459194577,220,547,0.4022,1634,0.0006,50
1459248577,220,535,0.4112,1612,0.0006,50
1459306577,219,547,0.4004,1634,0.0006,50
1459365575,214,547,0.3912,1633,0.0006,50
1459420577,221,547,0.404,1635,0.0006,50
1459474577,224,548,0.4088,1636,0.0006,50
1459528577,222,547,0.4059,1634,0.0006,50
1459586379,213,541,0.3937,1628,0.0006,50
1459640576,217,539,0.4026,1627,0.0005,55
1459698327,221,544,0.4062,1630,0.0005,55
1459752576,207,542,0.3819,1629,0,50
1459861584,217,529,0.4102,1609,0.0081,50
1459974576,218,528,0.4129,1630,0.0143,50
1460028576,218,542,0.4022,1632,0.0142,50
1460083576,193,532,0.3628,1633,0.0145,45
1460137576,218,543,0.4015,1635,0.0145,45
1460191576,220,540,0.4074,1633,0.0145,45
1460248575,217,541,0.4011,1633,0.0145,50
1460304541,217,540,0.4019,1633,0.0145,50
1460358576,219,542,0.4041,1635,0.0145,50
1460412541,218,542,0.4022,1635,0.0145,50
1460468575,218,543,0.4015,1637,0.0145,50
1460524541,218,540,0.4037,1633,0.0145,50
1460578576,216,525,0.4114,1606,0.0146,50
1460632576,215,538,0.3996,1632,0.0145,50
1460686624,218,538,0.4052,1634,0.0146,50
1460742885,217,524,0.4141,1601,0.0147,50
1460796586,223,538,0.4145,1637,0.0149,55
1460853581,221,545,0.4055,1636,0.0152,55
1460907576,211,542,0.3893,1636,0.0069,55
1460961576,218,542,0.4022,1637,0.0071,55
1461015576,213,545,0.3908,1639,0.0009,55
1461071540,220,544,0.4044,1639,0.001,55
1461127570,222,548,0.4051,1642,0.0009,60
1461181576,220,546,0.4029,1641,0.0007,55
1461237575,219,546,0.4011,1643,0.0007,55
1461291576,220,548,0.4015,1645,0.0007,55
1461345576,221,547,0.404,1643,0.0007,55
1461402540,218,546,0.3993,1641,0.0007,55
1461458541,220,545,0.4037,1642,0.0007,55
1461512576,219,530,0.4132,1637,0.0007,60
1461566576,216,538,0.4015,1635,0.0007,60
1461620576,213,541,0.3937,1637,0.0007,55
1461730703,218,542,0.4022,1640,-0.0034,55
1461785576,216,540,0.4,1639,-0.0034,50
1461839578,213,536,0.3974,1639,-0.0036,45
1461895576,216,540,0.4,1640,-0.0038,50
1461949576,223,547,0.4077,1640,-0.0038,50
1462003576,219,543,0.4033,1641,-0.004,45
1462060575,219,543,0.4033,1642,-0.004,50
1462114569,220,533,0.4128,1622,-0.0042,50
1462168576,217,543,0.3996,1643,-0.0042,50
1462225577,218,531,0.4105,1643,-0.0042,50
1462279571,216,540,0.4,1642,-0.0042,55
1462335575,219,543,0.4033,1643,-0.0042,50
1462390570,218,543,0.4015,1643,-0.0042,50
1462444572,214,537,0.3985,1638,-0.0042,50
1462498575,216,537,0.4022,1636,-0.0042,50
1462552541,211,540,0.3907,1640,-0.0042,45
1462606575,219,541,0.4048,1641,-0.0042,45
1462662576,219,541,0.4048,1641,-0.0042,50
1462718585,217,540,0.4019,1643,-0.0042,50
1462772583,218,543,0.4015,1644,-0.0002,50
1462826580,218,543,0.4015,1644,-0.0002,50
1462884543,223,547,0.4077,1646,-0.0001,55
1462940575,219,534,0.4101,1647,0,55
1462996541,220,546,0.4029,1647,0.0001,55
1463050575,222,546,0.4066,1649,0,55
1463104575,221,548,0.4033,1649,0,55
1463158571,214,547,0.3912,1649,0.0002,50
1463214570,222,548,0.4051,1649,0.0003,50
1463270571,214,546,0.3919,1648,0.0004,50
1463325576,219,547,0.4004,1649,0.0004,50
1463379576,218,543,0.4015,1646,0.0004,55
1463434576,219,541,0.4048,1641,0.0004,55
1463488576,218,543,0.4015,1644,0.0004,55
1463544571,218,543,0.4015,1641,0.0004,60
1463598576,219,545,0.4018,1647,0.0004,60
1463655143,218,543,0.4015,1646,0.0004,60
1463712581,219,545,0.4018,1647,0.0004,60
1463768570,221,543,0.407,1646,0.0004,60
1463822575,218,544,0.4007,1647,0.0004,65
1463880570,221,546,0.4048,1649,0.0004,60
1463934572,221,547,0.404,1649,0.0005,60
1463988576,210,543,0.3867,1648,0.0003,55
1464042576,218,543,0.4015,1647,0.0002,60
1464097576,219,545,0.4018,1647,0.0001,60
1464153576,218,545,0.4,1649,0,55
1464207576,219,543,0.4033,1648,0,55
1464262576,218,530,0.4113,1623,-0.0002,55
1464316576,217,539,0.4026,1641,-0.0002,55
1464371571,216,538,0.4015,1635,-0.0003,50
1464425576,218,541,0.403,1644,-0.0003,50
1464482571,217,529,0.4102,1643,-0.0004,50
1464538115,219,542,0.4041,1644,-0.0003,50
1464592582,212,542,0.3911,1645,-0.0003,50
1464646576,217,541,0.4011,1644,-0.0003,50
1464704536,213,542,0.393,1644,-0.0003,50
1464761569,219,504,0.4345,1647,-0.0003,45
1464817570,218,544,0.4007,1647,-0.0003,45
1464871541,218,543,0.4015,1647,-0.0003,45
1464925541,219,544,0.4026,1648,-0.0003,50
1464980575,218,532,0.4098,1624,-0.0003,50
1465035576,219,545,0.4018,1648,-0.0003,50
1465091575,221,536,0.4123,1649,0,50
1465146575,220,545,0.4037,1649,0,45
1465200541,221,540,0.4093,1645,0.0001,50
1465254576,218,541,0.403,1642,0.0001,50
1465308575,212,541,0.3919,1643,0.0003,50
1465364376,218,541,0.403,1644,0.0004,50
1465418541,212,538,0.3941,1640,0.0005,55
1465472575,215,537,0.4004,1640,0.0005,55
1465526575,213,536,0.3974,1641,0.0006,50
1465582581,217,539,0.4026,1642,0.0006,55
1465636549,212,535,0.3963,1643,0.0007,50
1465695540,215,532,0.4041,1631,0.0006,50
1465751575,214,536,0.3993,1640,0.0006,50
1465807541,214,527,0.4061,1644,0.0006,55
1465861575,215,537,0.4004,1643,0.0006,55
1465915575,215,525,0.4095,1641,0.0006,50
1465973376,214,536,0.3993,1641,0.0006,50
1466028575,216,537,0.4022,1641,0.0006,50
1466082541,215,537,0.4004,1640,0.0005,50
1466138570,205,530,0.3868,1632,0.0004,45
1466193541,211,529,0.3989,1631,0.0003,50
1466247575,214,532,0.4023,1635,0.0002,50
1466303571,213,536,0.3974,1639,0.0001,50
1466359565,219,540,0.4056,1639,0.0001,50
1466413575,215,525,0.4095,1619,-0.0001,45
1466467582,216,539,0.4007,1643,-0.0001,45
1466521739,218,531,0.4105,1624,-0.0003,45
1466578385,219,544,0.4026,1648,-0.0003,45
1466633571,218,537,0.406,1651,-0.0004,45
1466687576,220,547,0.4022,1653,-0.0004,45
1466748575,222,547,0.4059,1651,-0.0004,45
1466806570,220,548,0.4015,1654,-0.0004,45
1466861576,223,555,0.4018,1659,-0.0004,50
1466917576,224,554,0.4043,1659,-0.0004,50
1466971576,222,551,0.4029,1656,-0.0004,50
1467026571,222,545,0.4073,1645,-0.0004,50
1467081092,218,541,0.403,1643,-0.0004,45
1467134571,217,529,0.4102,1621,-0.0004,50
1467190377,218,543,0.4015,1645,-0.0004,50
1467251000,219,533,0.4109,1646,-0.0002,50
1467304574,220,546,0.4029,1649,-0.0001,45
1467359582,209,542,0.3856,1647,-0.0003,50
1467413575,218,541,0.403,1645,-0.0002,50
1467467575,214,542,0.3948,1644,-0.0004,45
1467523575,219,545,0.4018,1647,-0.0003,45
1467579570,220,545,0.4037,1648,-0.0003,50
1467633575,220,546,0.4029,1649,-0.0002,45
1467687575,219,544,0.4026,1647,-0.0002,45
1467742575,218,541,0.403,1645,-0.0002,45
1467803373,219,544,0.4026,1648,-0.0002,45
1467857579,218,532,0.4098,1647,-0.0002,45
1467911575,217,538,0.4033,1641,-0.0002,40
1467965575,216,528,0.4091,1641,-0.0002,40
1468019572,218,542,0.4022,1643,-0.0002,45
1468073574,211,539,0.3915,1641,-0.0003,40
1468131256,216,541,0.3993,1644,-0.0003,45
1468185584,211,543,0.3886,1644,-0.0003,40
1468239579,219,545,0.4018,1645,-0.0004,40
1468301992,220,546,0.4029,1647,-0.0004,45
1468357575,219,545,0.4018,1643,-0.0004,45
1468414379,221,549,0.4026,1650,-0.0004,45
1468470575,223,540,0.413,1650,-0.0001,45
1468524576,222,551,0.4029,1651,-0.0001,45
1468578576,224,541,0.414,1651,0.0001,50
1468687571,218,555,0.3928,1654,0.0088,55
1468743575,223,554,0.4025,1654,0.0088,60
1468797576,215,549,0.3916,1646,0.0089,55
1468857571,221,546,0.4048,1642,0.0089,55
1468913575,218,544,0.4007,1643,0.0089,55
1468967575,221,547,0.404,1645,0.009,55
1469023382,220,548,0.4015,1644,0.009,55
1469077573,221,538,0.4108,1625,0.009,55
1469131575,221,550,0.4018,1647,0.009,55
1469185577,223,549,0.4062,1650,0.009,55
1469241570,222,552,0.4022,1652,0.009,55
1469297572,225,552,0.4076,1651,0.0091,55
1469358576,219,547,0.4004,1646,0.0091,55
1469412576,216,547,0.3949,1644,0.009,55
1469468571,219,546,0.4011,1643,0.009,55
1469523572,221,547,0.404,1643,0.009,55
1469577574,219,545,0.4018,1642,0.0089,55
1469633373,216,537,0.4022,1633,0.0089,55
1469688329,216,535,0.4037,1627,0.0087,55
1469744575,217,540,0.4019,1635,0.0002,50
1469798598,218,529,0.4121,1613,-0.0001,50
1469852581,218,541,0.403,1636,-0.0001,50
1469906575,217,532,0.4079,1635,-0.0002,50
1469963571,217,540,0.4019,1633,-0.0002,50
1470017575,212,512,0.4141,1576,-0.0003,50
1470071575,224,546,0.4103,1635,-0.0003,50
1470126572,218,543,0.4015,1636,-0.0003,50
1470180575,219,543,0.4033,1637,-0.0003,50
1470236376,211,544,0.3879,1637,-0.0003,50
1470290574,219,543,0.4033,1637,-0.0003,50
1470347569,218,546,0.3993,1642,-0.0003,50
1470401574,222,548,0.4051,1641,-0.0003,50
1470458574,225,551,0.4083,1641,-0.0003,55
1470513574,220,534,0.412,1615,-0.0002,55
1470569576,215,536,0.4011,1628,-0.0002,55
1470623571,216,527,0.4099,1627,-0.0001,55
1470677576,217,540,0.4019,1629,-0.0001,55
1470731576,211,540,0.3907,1630,-0.0003,50
1470787276,219,543,0.4033,1633,-0.0003,50
1470845373,212,544,0.3897,1634,-0.0001,50
1470900791,219,543,0.4033,1633,0,50
1470954576,220,545,0.4037,1633,0,55
1471008571,220,545,0.4037,1633,0.0001,55
1471063576,222,548,0.4051,1634,0,60
1471117576,219,546,0.4011,1634,0.0001,60
1471173571,219,543,0.4033,1632,0.0002,60
1471228576,219,532,0.4117,1610,0.0001,60
1471282576,220,546,0.4029,1634,0.0001,60
1471336571,221,536,0.4123,1631,0.0001,60
1471390576,218,541,0.403,1629,0.0001,60
1471447378,215,526,0.4087,1623,0.0001,60
1471501576,214,533,0.4015,1621,0.0001,60
1471555571,210,537,0.3911,1623,0,55
1471609571,217,539,0.4026,1625,0,55
1471717576,218,540,0.4037,1625,-0.0055,55
1471775237,210,532,0.3947,1624,-0.0056,55
1471830828,217,539,0.4026,1624,-0.0054,60
1471884585,216,539,0.4007,1625,-0.0055,55
1471939580,216,540,0.4,1626,-0.0056,55
1472047575,216,530,0.4075,1605,0.002,45
1472103575,217,541,0.4011,1625,0.002,45
1472159570,218,530,0.4113,1624,0.0019,45
1472213572,218,541,0.403,1626,0.0019,45
1472267575,217,541,0.4011,1625,0.0019,40
1472324571,218,539,0.4045,1623,0.002,40
1472381576,212,538,0.3941,1620,0.002,40
1472437572,218,540,0.4037,1622,0.002,40
1472491575,217,542,0.4004,1624,0.002,40
1472545571,219,542,0.4041,1623,0.002,40
1472599571,219,544,0.4026,1624,0.002,40
1472653576,219,544,0.4026,1624,0.002,45
1472711715,220,544,0.4044,1624,0.0021,45
1472765582,220,535,0.4112,1603,0.0075,45
1472819576,219,548,0.3996,1627,0.0075,45
1472875570,220,536,0.4104,1628,0.0077,45
1472930573,222,549,0.4044,1629,0.0077,45
1472987576,214,548,0.3905,1627,0.0075,45
1473041576,219,547,0.4004,1628,0.0075,45
1473096571,214,548,0.3905,1627,0.0001,45
1473150576,221,548,0.4033,1627,0.0001,45
1473207576,217,543,0.3996,1624,0.0001,45
1473261571,220,543,0.4052,1620,0.0002,45
1473320570,213,536,0.3974,1617,0.0002,50
1473378576,218,532,0.4098,1600,0.0002,45
1473432571,220,545,0.4037,1621,0.0002,45
1473486573,220,534,0.412,1620,0.0002,45
1473542089,219,545,0.4018,1620,0.0002,45
1473597699,224,542,0.4133,1618,0.0002,45
1473651576,218,543,0.4015,1619,0.0002,50
1473708571,213,545,0.3908,1620,0.0001,45
1473762575,221,546,0.4048,1621,0.0001,40
1473817576,213,544,0.3915,1621,0,40
1473873575,219,543,0.4033,1619,0,40
1473929576,220,545,0.4037,1620,0,45
1473985571,219,545,0.4018,1620,-0.0001,45
1474039576,222,546,0.4066,1620,-0.0001,45
1474093576,219,533,0.4109,1597,0.0002,50
1474147576,218,541,0.403,1615,0.0002,50
1474203571,198,527,0.3757,1591,0.0004,50
1474313576,218,531,0.4105,1614,0.0066,45
1474367571,217,540,0.4019,1613,0.0066,45
1474476576,219,542,0.4041,1613,0.0108,45
1474534584,212,541,0.3919,1613,0.0108,45
1474588582,220,542,0.4059,1613,0.0108,45
1474645573,220,544,0.4044,1614,0.0108,45
1474700571,218,543,0.4015,1616,0.0108,45
1474759570,220,544,0.4044,1616,0.0108,45
1474815647,220,535,0.4112,1594,0.0109,45
1474869571,220,517,0.4255,1560,0.011,50
1474925575,225,540,0.4167,1617,0.0112,45
1474979576,221,547,0.404,1619,0.0112,40
1475033576,214,547,0.3912,1618,0.0111,45
1475089377,220,545,0.4037,1615,0.0111,45
1475143576,219,544,0.4026,1612,0.011,40
1475197571,219,544,0.4026,1614,0.0109,40
1475252576,214,546,0.3919,1616,0.0111,40
1475360576,219,549,0.3989,1615,0.0121,45
1475418365,220,545,0.4037,1614,0.0121,45
1475472458,219,543,0.4033,1612,0.0121,45
1475526582,218,543,0.4015,1612,0.008,45
1475582575,225,551,0.4083,1615,0.008,45
1475636576,219,545,0.4018,1613,0.0079,45
1475691571,220,545,0.4037,1615,0.0079,50
1475748570,213,543,0.3923,1613,0.008,50
1475802576,219,544,0.4026,1614,0.008,50
1475856571,213,544,0.3915,1613,0.0079,45
1475910572,219,544,0.4026,1613,0.0079,45
1475966575,212,539,0.3933,1609,0.0077,45
1476022576,216,536,0.403,1605,0.0076,50
1476078574,217,537,0.4041,1605,0.0076,50
1476132576,219,543,0.4033,1611,0.0078,50
1476187571,220,542,0.4059,1609,0.0078,50
1476241571,219,542,0.4041,1611,0.0078,45
1476295576,223,545,0.4092,1608,0.0079,50
1476351640,218,527,0.4137,1581,0.0076,50
1476407814,217,539,0.4026,1610,0,45
1476461988,218,529,0.4121,1606,-0.0002,45
1476515582,217,541,0.4011,1609,-0.0002,50
1476570582,212,541,0.3919,1611,-0.0001,50
1476626573,218,542,0.4022,1611,-0.0001,50
1476680576,213,544,0.3915,1611,0,50
1476735571,219,544,0.4026,1612,0,50
1476790576,215,540,0.3981,1612,0,45
1476844576,220,545,0.4037,1612,0,45
1476899541,219,542,0.4041,1610,0,50
1476956576,218,539,0.4045,1606,0,50
1477010576,222,546,0.4066,1607,0.0001,55
1477066571,218,531,0.4105,1588,0.0001,55
1477120576,219,544,0.4026,1610,0.0001,55
1477174571,218,532,0.4098,1610,0.0002,55
1477230576,218,543,0.4015,1610,0.0002,55
1477285571,214,543,0.3941,1610,0,55
1477341803,220,545,0.4037,1613,0,55
1477396177,223,546,0.4084,1613,0,55
1477450576,221,547,0.404,1614,0.0002,55
1477505580,214,547,0.3912,1614,0.0003,55
1477561572,221,546,0.4048,1613,0.0004,55
1477615576,220,545,0.4037,1612,0.0004,55
1477669574,219,546,0.4011,1613,0.0003,55
1477725570,220,546,0.4029,1612,0.0003,55
1477779575,219,534,0.4101,1591,0.0002,55
1477835572,218,540,0.4037,1606,0.0002,55
1477890571,217,529,0.4102,1606,0.0002,55
1477945577,216,539,0.4007,1607,0.0002,55
1478000572,219,543,0.4033,1609,0.0002,55
1478055574,218,542,0.4022,1609,0.0001,50
1478109575,212,540,0.3926,1606,0.0001,45
1478165576,218,541,0.403,1607,0.0001,45
1478220574,212,542,0.3911,1608,0,45
1478274576,217,541,0.4011,1607,-0.0001,50
1478330372,219,542,0.4041,1609,-0.0001,50
1478386584,217,541,0.4011,1609,0,50
1478442576,217,542,0.4004,1609,0,45
1478498570,217,532,0.4079,1589,0,45
1478552570,219,543,0.4033,1609,0,45
1478606576,219,542,0.4041,1609,-0.0002,50
1478662571,219,545,0.4018,1612,-0.0002,50
1478716576,221,536,0.4123,1612,-0.0002,50
1478773576,218,540,0.4037,1608,-0.0003,45
1478832571,211,540,0.3907,1607,-0.0002,45
1478886571,217,543,0.3996,1609,-0.0001,50
1478944309,219,546,0.4011,1612,-0.0001,50
1478998571,219,546,0.4011,1614,-0.0001,50
1479054571,215,542,0.3967,1613,-0.0001,50
1479108576,220,548,0.4015,1615,-0.0001,55
1479164931,219,547,0.4004,1614,-0.0001,50
1479218584,220,535,0.4112,1593,0,50
1479272582,220,548,0.4015,1614,0,50
1479328570,220,538,0.4089,1615,0.0001,50
1479384570,220,511,0.4305,1541,0.0003,50
1479438571,223,555,0.4018,1616,0.0003,50
1479492575,221,549,0.4026,1615,0.0003,55
1479549575,224,552,0.4058,1616,0.0004,60
1479603571,225,549,0.4098,1614,0.0004,60
1479659570,215,541,0.3974,1612,0.0005,60
1479715571,218,543,0.4015,1608,0.0005,65
1479769575,219,543,0.4033,1607,0.0005,65
1479823571,217,543,0.3996,1609,0.0006,65
1479878574,218,542,0.4022,1607,0.0007,65
1479932571,217,530,0.4094,1584,0.0005,65
1479988575,211,530,0.3981,1604,0.0005,65
1480044571,217,529,0.4102,1605,0.0005,60
1480098670,217,539,0.4026,1605,0.0005,60
1480154767,211,541,0.39,1604,0.0005,60
1480208576,216,539,0.4007,1604,0.0005,60
1480266571,216,540,0.4,1606,0.0005,60
1480322571,217,539,0.4026,1603,0.0005,60
1480376576,215,538,0.3996,1603,0.0005,60
1480432570,216,541,0.3993,1604,0.0004,55
1480486576,216,540,0.4,1606,0.0001,60
1480542576,215,539,0.3989,1605,0.0001,55
1480600571,213,534,0.3989,1599,0.0001,50
1480654575,214,527,0.4061,1598,0.0001,50
1480708575,215,538,0.3996,1601,-0.0001,45
1480764570,216,526,0.4106,1603,-0.0003,40
1480818577,217,539,0.4026,1603,-0.0003,40
1480874575,211,540,0.3907,1605,-0.0001,40
1480928571,216,539,0.4007,1605,-0.0001,40
1480982883,212,542,0.3911,1609,-0.0001,35
1481036575,218,543,0.4015,1608,0,35
1481092810,210,542,0.3875,1610,0.0001,35
1481146581,220,546,0.4029,1610,0.0001,35
1481203582,216,542,0.3985,1610,0.0001,35
1481257575,221,546,0.4048,1612,0.0001,35
1481313575,217,539,0.4026,1588,0.0001,35
1481367573,220,534,0.412,1591,0.0001,35
1481423570,220,546,0.4029,1609,0.0001,35
1481482575,221,543,0.407,1607,0.0002,40
1481537571,212,524,0.4046,1581,0.0002,35
1481591576,220,546,0.4029,1603,0.0002,35
1481645573,224,545,0.411,1607,0.0003,40
1481754576,219,538,0.4071,1595,-0.0065,40
1481810571,219,541,0.4048,1606,-0.0064,40
1481864571,218,539,0.4045,1604,-0.0064,40
1481920576,218,541,0.403,1602,-0.0064,40
1482033573,219,543,0.4033,1609,0.0002,40
1482092571,197,533,0.3696,1608,0.0004,40
1482146576,218,545,0.4,1609,0.0004,40
1482200576,213,544,0.3915,1609,0.0004,40
1482256573,212,533,0.3977,1605,0.0004,45
1482310576,219,534,0.4101,1593,0.0004,40
1482364576,217,539,0.4026,1603,0.0004,45
1482421575,204,537,0.3799,1604,0.0004,40
1482476571,219,540,0.4056,1601,0.0003,40
1482530576,218,542,0.4022,1606,0.0003,40
1482584575,220,542,0.4059,1602,0.0003,40
1482640571,217,542,0.4004,1606,0.0003,45
1482696576,217,533,0.4071,1586,0.0003,45
1482750571,218,543,0.4015,1603,0.0002,40
1482804584,218,538,0.4052,1609,0.0072,45
1482858571,220,549,0.4007,1609,0.0071,45
1482918296,219,536,0.4086,1610,0.0071,45
1482972575,219,547,0.4004,1611,0.0072,50
1483029581,211,540,0.3907,1611,0.0074,45
1483083575,219,553,0.396,1622,0.0007,50
1483137573,212,547,0.3876,1612,0.0009,45
1483247570,221,545,0.4055,1606,0.0054,45
1483303572,219,542,0.4041,1607,0.0053,40
1483357575,220,549,0.4007,1615,0.0053,40
1483413574,220,532,0.4135,1586,0.0053,40
1483473572,219,546,0.4011,1608,0.0053,40
1483527575,221,533,0.4146,1607,0.0053,40
1483581572,219,545,0.4018,1608,0.0053,45
1483638572,213,543,0.3923,1606,0.0053,40
1483692572,216,537,0.4022,1593,0.0052,40
1483748138,215,545,0.3945,1604,0.0052,40
1483803581,218,545,0.4,1609,0.0051,45
1483857575,218,545,0.4,1608,0.0051,45
1483913573,220,544,0.4044,1607,0.0051,45
1483967575,218,540,0.4037,1603,0.0051,45
1484021571,217,542,0.4004,1607,0.005,40
1484077570,218,543,0.4015,1608,0.005,40
1484131570,219,530,0.4132,1577,0.0047,40
1484185576,217,539,0.4026,1604,0.0047,40
1484242572,108,528,0.2045,1601,0.0064,40
1484297421,217,538,0.4033,1602,0.0016,45
1484351576,211,540,0.3907,1603,0.0017,45
1484407570,217,540,0.4019,1603,0.0017,45
1484463570,214,539,0.397,1603,0.0018,45
1484519570,216,540,0.4,1604,0.0018,50
1484573571,216,543,0.3978,1610,0.0018,45
1484627576,216,542,0.3985,1605,0.0018,50
1484682738,220,545,0.4037,1606,0.0018,50
1484736789,220,544,0.4044,1608,0.0018,50
1484790576,221,543,0.407,1605,0.0019,55
1484847573,219,533,0.4109,1586,0.002,55
1484901576,218,542,0.4022,1605,0.002,50
1484958575,218,535,0.4075,1610,0.0021,50
1485012571,220,546,0.4029,1611,0.002,55
1485066576,220,546,0.4029,1608,0.002,55
1485122573,219,544,0.4026,1611,0.0021,55
1485177575,101,543,0.186,1603,0.0051,55
1485232571,217,543,0.3996,1605,0.0053,60
1485286576,211,539,0.3915,1607,0.0054,55
1485341571,218,544,0.4007,1606,0.0035,60
1485395577,221,545,0.4055,1609,0.0035,60
1485451575,220,544,0.4044,1604,0.0034,55
1485507571,219,547,0.4004,1610,0.0034,55
1485561576,220,535,0.4112,1587,0.0034,55
1485617827,219,546,0.4011,1606,0.0034,55
1485671582,223,548,0.4069,1605,0.0034,55
1485728581,222,549,0.4044,1609,0.0034,50
1485782575,224,389,0.5758,1613,0.0037,50
1485836576,224,553,0.4051,1613,0.0038,50
1485890576,214,547,0.3912,1609,0.0037,45
1485945232,221,549,0.4026,1613,0.0036,45
1486000570,215,548,0.3923,1610,0.0035,45
1486057569,220,549,0.4007,1614,0.0035,50
1486113571,220,547,0.4022,1610,0.0035,50
1486167576,219,543,0.4033,1603,0.0035,50
1486222573,220,547,0.4022,1610,0.0035,50
1486277531,220,544,0.4044,1603,0.0003,45
1486333571,220,547,0.4022,1609,0.0003,45
1486387576,219,539,0.4063,1588,0.0001,45
1486441571,218,542,0.4022,1604,0.0001,45
1486496575,219,537,0.4078,1607,0.0001,45
1486550571,221,547,0.404,1609,0.0001,45
1486606705,214,545,0.3927,1608,0.0001,45
1486663118,220,548,0.4015,1610,0.0002,45
1486716582,215,547,0.3931,1610,0.0002,45
1486772575,219,546,0.4011,1609,0.0002,50
1486826576,219,546,0.4011,1610,0.0002,50
1486880576,220,546,0.4029,1609,-0.0002,55
1486936571,224,549,0.408,1606,-0.0002,55
1486992576,215,538,0.3996,1600,-0.0001,55
1487100576,218,532,0.4098,1585,-0.0041,50
1487156570,218,542,0.4022,1605,-0.0041,45
1487210575,219,534,0.4101,1607,-0.004,45
1487266571,219,543,0.4033,1606,-0.004,45
1487322570,213,543,0.3923,1606,-0.0041,45
1487376575,217,542,0.4004,1607,-0.0041,50
1487430574,218,543,0.4015,1609,-0.004,50
1487486571,219,545,0.4018,1610,-0.004,55
1487544683,212,546,0.3883,1610,-0.0039,50
1487598592,221,547,0.404,1610,-0.0038,55
1487652579,221,548,0.4033,1611,-0.0038,50
1487706575,219,546,0.4011,1611,-0.0039,50
1487762573,219,545,0.4018,1610,-0.0039,50
1487816576,219,536,0.4086,1591,-0.0039,50
1487873576,218,543,0.4015,1607,-0.0039,45
1487927576,216,528,0.4091,1605,-0.0039,45
1487981576,219,545,0.4018,1608,-0.0039,45
1488035571,222,545,0.4073,1609,-0.0039,45
1488091576,220,546,0.4029,1609,-0.0039,45
1488147571,218,544,0.4007,1608,0.0002,45
1488201576,219,545,0.4018,1609,0.0001,50
1488256571,212,545,0.389,1609,0,45
1488310576,220,546,0.4029,1610,-0.0001,50
1488364576,221,548,0.4033,1612,-0.0001,50
1488418575,221,548,0.4033,1611,0.0001,55
1488474539,219,546,0.4011,1612,0.0001,55
1488528576,219,546,0.4011,1610,0.0001,55
1488637671,219,534,0.4101,1589,0.0066,50
1488691582,219,546,0.4011,1610,0.0066,55
1488748475,220,540,0.4074,1606,0.0066,55
1488803578,217,539,0.4026,1604,0.0066,50
1488857575,210,541,0.3882,1605,0.0067,50
1488911576,218,545,0.4,1608,0.0067,55
1488968574,208,542,0.3838,1608,0.0067,50
1489023576,220,543,0.4052,1606,0.0067,50
1489081574,212,537,0.3948,1607,0.0067,50
1489135576,219,544,0.4026,1607,0.0066,55
1489190576,214,541,0.3956,1609,0.0066,55
1489245576,220,547,0.4022,1612,0.0066,50
1489300571,225,552,0.4076,1612,0.0067,55
1489356378,219,535,0.4093,1590,0.0069,55
1489410572,221,548,0.4033,1613,0.0069,55
1489464575,219,538,0.4071,1613,0.0069,50
1489518575,222,552,0.4022,1616,0.0069,50
1489572575,216,551,0.392,1616,0.007,50
1489628186,222,550,0.4036,1614,0.007,50
1489684579,221,548,0.4033,1612,0.0002,50
1489740570,220,547,0.4022,1612,0.0003,45
1489796576,216,545,0.3963,1615,0.0003,45
1489853539,222,552,0.4022,1615,0.0004,50
1489907576,222,551,0.4029,1615,0.0004,50
1489963378,221,554,0.3989,1620,0.0003,50
1490021577,224,550,0.4073,1613,0.0003,50
1490075575,220,540,0.4074,1614,0.0003,50
1490132570,220,549,0.4007,1614,0.0003,50
1490186575,221,552,0.4004,1615,0.0003,50
1490240572,221,551,0.4011,1615,0.0003,50
1490296575,212,549,0.3862,1613,0.0003,50
1490404574,218,548,0.3978,1614,-0.0039,45
1490460309,220,550,0.4,1615,-0.004,50
1490514580,221,549,0.4026,1612,-0.004,50
1490570376,219,543,0.4033,1607,-0.004,50
1490624575,219,545,0.4018,1608,-0.004,50
1490678575,218,545,0.4,1609,-0.0041,50
1490732575,224,552,0.4058,1611,-0.0042,50
1490788570,219,536,0.4086,1589,-0.0042,55
1490844575,221,548,0.4033,1611,-0.0042,55
1490901575,220,537,0.4097,1612,-0.0044,55
1490955575,220,547,0.4022,1611,-0.0044,55
1491009575,216,550,0.3927,1614,-0.0043,55
1491063572,222,552,0.4022,1615,-0.0043,55
1491117575,217,551,0.3938,1616,-0.0043,50
1491175372,222,551,0.4029,1616,-0.0043,50
1491229572,221,551,0.4011,1617,-0.0043,50
1491283571,221,551,0.4011,1617,-0.0043,55
1491337434,226,555,0.4072,1617,-0.0043,55
1491391576,221,551,0.4011,1616,-0.0042,55
1491445573,222,552,0.4022,1616,-0.0001,55
1491502576,220,537,0.4097,1592,0,55
1491556573,220,547,0.4022,1611,0,55
1491611581,220,551,0.3993,1615,0,50
1491665574,222,552,0.4022,1616,-0.0001,50
1491719539,219,538,0.4071,1615,0,55
1491775376,221,550,0.4018,1614,0,55
1491830576,215,550,0.3909,1613,0.0002,50
1491884576,221,550,0.4018,1614,0.0003,55
1491938575,215,551,0.3902,1613,0.0004,50
1491992572,221,551,0.4011,1615,0.0005,55
1492049570,222,550,0.4036,1613,0.0004,55
1492105574,220,550,0.4,1613,0.0004,55
1492161569,222,551,0.4029,1614,0.0004,55
1492215574,219,549,0.3989,1613,0.0004,55
1492270574,222,551,0.4029,1614,0.0004,55
1492324539,222,542,0.4096,1594,0.0004,55
1492380376,220,549,0.4007,1613,0.0004,55
1492436902,219,533,0.4109,1607,0.0004,55
1492490348,218,543,0.4015,1607,0.0004,55
1492544943,213,545,0.3908,1609,0.0003,50
1492598582,220,546,0.4029,1609,0.0003,50
1492654572,213,545,0.3908,1609,0.0002,55
1492710575,219,547,0.4004,1609,0.0002,55
1492768569,213,541,0.3937,1609,0.0001,50
1492823571,218,546,0.3993,1611,0,50
1492877576,220,549,0.4007,1613,0,50
1492933575,221,551,0.4011,1617,-0.0001,55
1492989372,221,551,0.4011,1615,-0.0001,55
1493045570,222,548,0.4051,1616,-0.0003,55
1493099576,222,552,0.4022,1615,-0.0003,55
1493153576,223,543,0.4107,1618,-0.0003,55
1493208576,222,553,0.4014,1617,-0.0004,55
1493266571,213,553,0.3852,1618,-0.0003,55
1493325594,196,528,0.3712,1571,-0.0002,50
1493381584,216,545,0.3963,1613,-0.0002,50
1493435578,219,544,0.4026,1610,-0.0002,50
1493489576,220,551,0.3993,1613,-0.0002,50
1493543576,219,550,0.3982,1615,-0.0003,50
1493601341,221,553,0.3996,1615,-0.0003,50
1493656652,222,537,0.4134,1585,-0.0001,50
1493712577,222,552,0.4022,1615,-0.0001,50
1493766577,221,540,0.4093,1615,0,50
1493822575,221,550,0.4018,1614,0.0001,50
1493878570,216,552,0.3913,1616,0,50
1493934539,219,551,0.3975,1616,0,50
1493989539,216,552,0.3913,1615,0.0001,50
1494043575,221,550,0.4018,1611,0.0001,45
1494097539,221,550,0.4018,1614,0.0001,50
1494153291,221,550,0.4018,1614,0.0002,55
1494209377,219,550,0.3982,1616,0.0002,50
1494266540,220,537,0.4097,1588,0.0002,50
1494321571,219,546,0.4011,1608,0.0002,50
1494375571,218,543,0.4015,1607,0.0001,55
1494430571,219,547,0.4004,1610,0.0001,50
1494484540,217,536,0.4049,1610,0.0001,50
1494540570,219,548,0.3996,1612,0.0001,50
1494594575,212,545,0.389,1611,0,55
1494650540,221,546,0.4048,1610,0.0001,50
1494705570,213,546,0.3901,1610,0,50
1494759575,221,549,0.4026,1612,-0.0001,50
1494817344,220,549,0.4007,1614,-0.0001,50
1494872575,221,550,0.4018,1613,-0.0001,55
1494926541,222,549,0.4044,1613,-0.0001,55
1494980575,220,548,0.4015,1612,0,50
1495034575,220,549,0.4007,1614,0.0001,50
1495088543,221,537,0.4115,1590,-0.0002,45
1495147578,219,550,0.3982,1615,-0.0002,45
1495202581,222,539,0.4119,1615,-0.0003,40
1495259571,219,548,0.3996,1614,-0.0003,40
1495314576,209,547,0.3821,1609,-0.0001,40
1495369574,220,550,0.4,1614,-0.0001,45
1495425376,214,549,0.3898,1614,0,40
1495479575,220,550,0.4,1614,0,45
1495536575,219,549,0.3989,1614,0,40
1495590575,219,548,0.3996,1613,0,45
1495644575,219,548,0.3996,1614,0,45
1495698575,220,538,0.4089,1593,0,45
1495756571,221,552,0.4004,1616,0,45
1495810575,222,543,0.4088,1618,0.0001,45
1495864572,222,554,0.4007,1618,0.0001,50
1495918575,221,541,0.4085,1617,0.0002,45
1495972574,223,554,0.4025,1619,0.0002,45
1496029006,217,554,0.3917,1619,0,45
1496084575,221,552,0.4004,1619,0,50
1496139579,215,550,0.3909,1616,-0.0001,45
1496193576,219,545,0.4018,1610,0,45
1496247571,215,541,0.3974,1606,0,45
1496301575,217,544,0.3989,1609,0.0002,50
1496357575,222,552,0.4022,1613,0.0002,50
1496411575,221,550,0.4018,1615,0,45
1496466571,219,548,0.3996,1613,0,45
1496520575,219,538,0.4071,1593,-0.0001,45
1496576571,221,550,0.4018,1614,-0.0001,45
1496630575,221,539,0.41,1614,-0.0001,45
1496688569,220,550,0.4,1615,-0.0001,40
1496744570,214,549,0.3898,1614,-0.0001,40
1496798576,220,550,0.4,1615,-0.0002,45
1496852576,214,549,0.3898,1614,-0.0002,40
1496906572,221,550,0.4018,1614,-0.0002,40
1496962574,210,549,0.3825,1615,-0.0004,40
1497017729,220,549,0.4007,1614,-0.0004,45
1497071576,216,550,0.3927,1615,-0.0005,40
1497125579,219,548,0.3996,1614,-0.0004,45
1497180582,218,545,0.4,1610,-0.0004,45
1497238573,218,532,0.4098,1584,-0.0002,50
1497298571,219,548,0.3996,1613,-0.0001,50
1497352571,221,536,0.4123,1613,-0.0003,50
1497406576,220,550,0.4,1614,-0.0003,50
1497462571,216,551,0.392,1614,-0.0002,50
1497516576,220,550,0.4,1614,-0.0002,50
1497572576,216,552,0.3913,1616,-0.0002,50
1497627572,222,553,0.4014,1619,-0.0001,55
1497681576,222,555,0.4,1620,-0.0001,50
1497736576,223,553,0.4033,1616,-0.0001,50
1497790571,218,551,0.3956,1619,-0.0001,50
1497844576,222,555,0.4,1620,-0.0001,55
1497902899,225,557,0.4039,1620,-0.0001,55
1497956576,223,546,0.4084,1599,0,55
1498010585,218,558,0.3907,1622,-0.0001,55
1498064574,225,548,0.4106,1623,0.0001,55
1498120571,223,556,0.4011,1620,0.0001,55
1498176570,217,554,0.3917,1616,0.0001,55
1498233576,221,552,0.4004,1616,0.0001,50
1498288576,215,555,0.3874,1618,-0.0001,50
1498342575,223,555,0.4018,1618,-0.0002,50
1498398020,213,554,0.3845,1617,0,50
1498453570,222,554,0.4007,1617,0.0002,50
1498509577,216,546,0.3956,1614,0.0002,50
1498563576,215,549,0.3916,1614,0.0003,50
1498620576,227,559,0.4061,1618,0.0002,50
1498674570,221,541,0.4085,1593,0.0001,50
1498728575,223,554,0.4025,1618,0.0001,50
1498786575,223,541,0.4122,1617,0,50
1498840571,222,552,0.4022,1617,0,50
1498895605,217,554,0.3917,1620,0,50
1498949578,224,557,0.4022,1622,0,50
1499003573,216,554,0.3899,1620,0,45
1499058582,222,552,0.4022,1616,0,45
1499114576,220,548,0.4015,1612,0,45
1499168576,220,551,0.3993,1615,0,45
1499222576,221,553,0.3996,1616,0,45
1499279576,219,551,0.3975,1616,0,45
1499333571,225,557,0.4039,1619,0,45
1499389576,222,544,0.4081,1597,0.0003,45
1499443570,223,557,0.4004,1620,0.0003,45
1499497576,225,549,0.4098,1624,-0.0001,40
1499551576,225,559,0.4025,1624,-0.0001,40
1499605571,224,547,0.4095,1623,-0.0002,45
1499660576,226,560,0.4036,1624,-0.0004,45
1499716576,216,560,0.3857,1626,-0.0002,40
1499770571,225,560,0.4018,1624,-0.0002,45
1499824571,225,562,0.4004,1625,-0.0001,40
1499878576,227,562,0.4039,1625,-0.0001,40
1499932576,222,559,0.3971,1627,-0.0001,40
1499988373,224,559,0.4007,1624,-0.0001,45
1500042603,222,554,0.4007,1619,-0.0001,45
1500096582,223,557,0.4004,1620,-0.0001,45
1500150584,222,555,0.4,1620,-0.0001,45
1500204582,223,545,0.4092,1599,0,45
1500262573,223,554,0.4025,1618,0,40
1500318576,221,544,0.4062,1619,0,45
1500374571,224,555,0.4036,1618,0.0001,45
1500430576,215,552,0.3895,1616,-0.0001,40
1500485576,221,553,0.3996,1618,-0.0002,45
1500539576,218,555,0.3928,1618,-0.0003,40
1500595373,222,552,0.4022,1617,-0.0002,45
1500649576,217,549,0.3953,1618,-0.0001,40
1500705571,220,552,0.3986,1618,0,45
1500759584,221,552,0.4004,1617,0.0001,45
1500814576,222,553,0.4014,1617,-0.0001,50
1500927204,218,535,0.4075,1589,0.004,45
1500981585,218,545,0.4,1609,0.004,45
1501035581,218,535,0.4075,1612,0.004,45
1501091582,219,547,0.4004,1613,0.004,45
1501145573,214,548,0.3905,1612,0.0039,45
1501201377,218,547,0.3985,1612,0.0039,50
1501256571,221,548,0.4033,1613,0.004,50
1501311576,218,548,0.3978,1614,0.0039,50
1501366571,214,544,0.3934,1614,0.0038,45
1501420576,219,550,0.3982,1615,0.0038,50
1501476571,220,550,0.4,1615,0.0037,50
1501532576,222,553,0.4014,1617,0.0039,50
1501588571,222,553,0.4014,1618,0.0039,55
1501642576,224,543,0.4125,1597,0.0042,60
1501696576,223,554,0.4025,1619,0.0042,60
1501750571,222,543,0.4088,1620,0.004,60
1501807378,222,554,0.4007,1619,0.004,55
1501861578,217,556,0.3903,1621,0.0041,55
1501916830,220,550,0.4,1616,0.0041,55
1501970578,219,549,0.3989,1612,0,55
1502024578,219,551,0.3975,1615,0.0001,55
1502079578,216,554,0.3899,1618,0.0001,50
1502135576,222,553,0.4014,1617,0.0001,50
1502189575,221,553,0.3996,1617,0.0001,50
1502243576,220,551,0.3993,1617,0.0001,45
1502297571,220,551,0.3993,1615,0.0001,50
1502353570,220,549,0.4007,1611,0.0001,50
1502409343,221,554,0.3989,1617,0.0001,50
1502463730,221,539,0.41,1589,0.0003,50
1502519541,219,549,0.3989,1616,0.0003,50
1502573576,221,541,0.4085,1616,0.0003,45
1502627576,221,551,0.4011,1617,0.0003,45
1502683571,216,550,0.3927,1617,0.0002,40
1502739576,219,550,0.3982,1616,0,40
1502795571,215,550,0.3909,1615,0.0002,40
1502849576,218,544,0.4007,1609,0.0003,40
1502903576,213,540,0.3944,1607,0.0004,40
1502959403,219,547,0.4004,1611,0.0003,40
1503015386,218,544,0.4007,1610,0.0003,45
1503071573,219,544,0.4026,1605,0.0002,50
1503125584,219,547,0.4004,1611,0.0002,50
1503179576,218,535,0.4075,1590,0.0002,50
1503233576,217,547,0.3967,1613,0.0002,55
1503290571,218,534,0.4082,1612,0.0002,55
1503346571,218,547,0.3985,1614,0.0002,55
1503402571,210,549,0.3825,1614,0.0001,50
1503456576,219,549,0.3989,1616,0.0001,55
1503510572,215,550,0.3909,1615,0.0001,50
1503565570,221,552,0.4004,1617,0,50
1503621344,222,553,0.4014,1618,0,55
1503675576,223,555,0.4018,1618,0,55
1503730541,219,549,0.3989,1617,-0.0001,55
1503789823,221,538,0.4108,1591,0.0002,55
1503843576,218,545,0.4,1608,0.0002,55
1503897582,221,541,0.4085,1595,-0.0001,50
1503955571,220,551,0.3993,1616,0,50
1504009576,221,539,0.41,1616,-0.0002,50
1504063576,221,552,0.4004,1616,-0.0002,50
1504118541,217,552,0.3931,1614,-0.0002,45
1504172576,222,552,0.4022,1614,-0.0002,45
1504228344,214,551,0.3884,1615,-0.0001,45
1504287575,221,549,0.4026,1615,-0.0001,45
1504341575,222,551,0.4029,1615,-0.0001,50
1504395575,221,551,0.4011,1614,-0.0001,45
1504450575,222,551,0.4029,1615,-0.0001,50
1504505570,221,547,0.404,1606,0,50
1504561576,219,550,0.3982,1615,0,50
1504615571,220,551,0.3993,1612,0,55
1504669576,217,543,0.3996,1607,0,55
1504723418,217,531,0.4087,1606,0.0001,50
1504781054,219,544,0.4026,1606,0.0001,50
1504836899,213,545,0.3908,1609,0,50
1504892570,218,546,0.3993,1610,-0.0002,55
1504946573,213,544,0.3915,1609,-0.0003,50
1505000575,218,544,0.4007,1609,-0.0002,50
1505054575,218,544,0.4007,1608,-0.0002,55
1505110570,219,547,0.4004,1610,-0.0001,50
1505167571,218,546,0.3993,1611,-0.0001,50
1505223570,218,545,0.4,1610,-0.0001,55
1505281277,224,552,0.4058,1611,-0.0002,55
1505336571,219,536,0.4086,1610,-0.0003,55
1505390575,218,547,0.3985,1612,-0.0002,55
1505446374,220,550,0.4,1614,-0.0002,60
1505500572,220,550,0.4,1614,-0.0002,60
1505554575,220,551,0.3993,1614,-0.0002,55
1505610245,221,551,0.4011,1616,-0.0002,55
1505664584,213,546,0.3901,1611,-0.0003,55
1505718573,219,546,0.4011,1609,-0.0003,50
1505775570,220,549,0.4007,1612,-0.0003,50
1505831571,220,549,0.4007,1613,-0.0003,55
1505886575,221,551,0.4011,1614,-0.0003,55
1505940575,220,539,0.4082,1592,-0.0001,55
1505995575,221,552,0.4004,1614,-0.0001,55
1506051373,220,548,0.4015,1613,0,60
1506105571,222,552,0.4022,1616,0,55
1506159575,222,542,0.4096,1617,-0.0001,60
1506213571,222,553,0.4014,1616,-0.0001,60
1506269570,215,550,0.3909,1614,-0.0001,60
1506325570,220,549,0.4007,1613,-0.0001,60
1506381574,212,551,0.3848,1614,0.0001,55
1506435574,221,549,0.4026,1611,0.0001,55
1506489571,222,551,0.4029,1614,0.0001,55
1506543575,221,550,0.4018,1614,0.0001,50
1506597575,217,546,0.3974,1613,0.0001,55
1506651573,220,548,0.4015,1612,0.0001,50
1506709581,219,544,0.4026,1608,0.0001,55
1506763575,218,532,0.4098,1585,0.0002,55
1506823574,219,547,0.4004,1610,0.0002,60
1506878574,222,547,0.4059,1610,0.0002,55
1506932574,220,547,0.4022,1609,0.0002,50
1506988574,217,543,0.3996,1606,0.0002,50
1507044570,216,543,0.3978,1606,0.0001,50
1507098574,207,544,0.3805,1608,-0.0002,45
1507153572,219,545,0.4018,1608,-0.0002,45
1507207574,220,547,0.4022,1610,-0.0002,45
1507263570,221,384,0.5755,1610,-0.0023,45
1507320968,220,547,0.4022,1609,-0.0023,45
1507374575,219,536,0.4086,1590,-0.0025,45
1507429571,220,548,0.4015,1611,-0.0025,45
1507483582,220,544,0.4044,1611,-0.0026,45
1507537573,222,549,0.4044,1613,-0.0026,40
1507594588,224,551,0.4065,1615,-0.0026,45
1507648592,220,551,0.3993,1615,-0.0026,45
1507702576,216,553,0.3906,1615,-0.0026,45
1507761088,221,550,0.4018,1613,-0.0026,45
1507814575,212,549,0.3862,1610,-0.0026,40
1507871570,221,547,0.404,1610,-0.0027,40
1507927570,226,554,0.4079,1612,-0.0026,40
1507984575,220,550,0.4,1613,-0.0027,45
1508038571,114,553,0.2061,1613,-0.0043,45
1508092576,219,538,0.4071,1592,-0.0042,45
1508146576,221,550,0.4018,1612,-0.0042,45
1508202571,221,539,0.41,1611,-0.0038,45
1508257575,221,550,0.4018,1612,-0.0038,45
1508315572,216,549,0.3934,1613,-0.0037,45
1508374273,220,548,0.4015,1613,-0.0014,50
1508428642,216,550,0.3927,1613,-0.0013,45
1508482574,221,549,0.4026,1612,-0.0013,45
1508539570,220,547,0.4022,1612,-0.0013,45
1508593576,220,547,0.4022,1611,-0.0013,50
1508647571,224,550,0.4073,1612,-0.0013,45
1508703576,220,545,0.4037,1603,-0.0013,45
1508757571,221,548,0.4033,1611,-0.0013,45
1508813576,220,545,0.4037,1606,-0.0013,45
1508868576,217,542,0.4004,1605,-0.0013,45
1508922571,216,530,0.4075,1604,-0.0012,45
1508976576,218,544,0.4007,1608,-0.0013,45
1509030576,211,540,0.3907,1604,-0.0014,45
1509084571,216,540,0.4,1603,-0.0014,45
1509140576,211,541,0.39,1602,0.0002,45
1509194576,218,541,0.403,1603,0.0001,45
1509248576,210,540,0.3889,1605,0,45
1509304571,218,542,0.4022,1606,-0.0001,45
1509362755,220,543,0.4052,1605,-0.0001,50
1509418576,218,549,0.3971,1617,-0.0001,50
1509473582,222,546,0.4066,1607,-0.0002,50
1509527576,219,536,0.4086,1587,-0.0004,50
1509581576,219,546,0.4011,1611,-0.0004,55
1509635576,220,537,0.4097,1611,-0.0004,50
1509690576,220,549,0.4007,1613,-0.0004,50
1509746571,215,539,0.3989,1613,-0.0004,50
1509800576,221,550,0.4018,1613,-0.0004,55
1509854576,210,548,0.3832,1612,-0.0003,50
1509908576,220,544,0.4044,1607,-0.0003,50
1509963570,214,546,0.3919,1608,-0.0003,50
1510020574,221,548,0.4033,1610,-0.0003,50
1510075570,222,550,0.4036,1612,-0.0003,55
1510131574,220,548,0.4015,1611,-0.0003,50
1510185574,221,549,0.4026,1611,-0.0002,55
1510240575,222,539,0.4119,1589,-0.0001,55
1510294570,222,551,0.4029,1613,-0.0001,55
1510357581,222,540,0.4111,1612,0.0002,55
1510411578,221,551,0.4011,1614,0.0002,55
1510467574,216,549,0.3934,1612,0,50
1510521575,221,549,0.4026,1611,-0.0001,50
1510575570,218,551,0.3956,1612,0.0001,45
1510631569,221,550,0.4018,1612,0.0001,45
1510685575,220,550,0.4,1612,0.0002,45
1510739575,219,547,0.4004,1612,0.0002,50
1510793575,227,554,0.4097,1612,0.0002,50
1510852509,218,546,0.3993,1612,0.0002,50
1510908575,219,543,0.4033,1604,0.0002,50
1510964575,219,531,0.4124,1580,0.0001,50
1511018569,219,544,0.4026,1607,0.0001,50
1511072575,218,534,0.4082,1609,0.0001,50
1511126575,219,543,0.4033,1605,0.0001,50
1511181575,189,518,0.3649,1608,0,50
1511238575,220,545,0.4037,1606,0,45
1511292583,213,545,0.3908,1607,-0.0001,45
1511349644,219,546,0.4011,1610,-0.0002,50
1511405574,219,547,0.4004,1610,-0.0002,45
1511461574,220,548,0.4015,1610,-0.0003,45
1511515574,213,548,0.3887,1611,-0.0005,50
1511571574,221,537,0.4115,1590,-0.0002,50
1511627574,221,549,0.4026,1612,-0.0002,50
1511681575,221,536,0.4123,1584,-0.0004,50
1511735575,221,550,0.4018,1613,-0.0004,50
1511789570,221,537,0.4115,1610,-0.0005,50
1511846575,221,547,0.404,1608,-0.0006,50
1511905372,219,546,0.4011,1609,-0.0005,45
1511959570,220,548,0.4015,1611,-0.0005,50
1512013574,211,550,0.3836,1611,-0.0005,45
1512070225,221,550,0.4018,1612,-0.0004,50
1512124572,220,549,0.4007,1613,-0.0004,45
1512183574,222,553,0.4014,1617,-0.0004,50
1512237572,226,555,0.4072,1613,-0.0004,50
1512291574,223,542,0.4114,1593,-0.0003,50
1512345574,222,552,0.4022,1615,-0.0003,50
1512401574,223,541,0.4122,1615,-0.0001,50
1512457575,219,548,0.3996,1613,-0.0001,55
1512513569,215,549,0.3916,1611,-0.0002,50
1512568574,222,551,0.4029,1612,-0.0002,50
1512622575,216,551,0.392,1613,-0.0002,50
1512677570,221,550,0.4018,1613,-0.0003,50
1512731575,214,549,0.3898,1612,-0.0001,50
1512788575,220,545,0.4037,1606,0,50
1512842570,223,548,0.4069,1604,-0.0001,55
1512897572,218,545,0.4,1608,0.0001,55
1512954240,220,547,0.4022,1608,0.0001,55
1513008645,221,535,0.4131,1586,0,55
1513066569,220,546,0.4029,1608,0,55
1513120575,219,533,0.4109,1606,-0.0001,55
1513174575,219,545,0.4018,1607,-0.0001,55
1513228570,191,546,0.3498,1608,-0.0001,55
1513284569,219,547,0.4004,1610,-0.0001,55
1513338569,220,546,0.4029,1608,-0.0001,55
1513394574,219,547,0.4004,1610,-0.0001,55
1513450568,210,542,0.3875,1609,-0.0002,50
1513504575,220,546,0.4029,1609,-0.0003,50
1513558570,226,552,0.4094,1610,-0.0002,55
1513612574,220,549,0.4007,1613,-0.0001,55
1513668570,221,550,0.4018,1612,-0.0001,55
1513722575,220,536,0.4104,1588,0.0001,55
1513777570,219,545,0.4018,1608,0.0001,55
1513832570,221,537,0.4115,1608,-0.0002,50
1513886575,222,547,0.4059,1608,-0.0002,50
1513945616,216,550,0.3927,1611,-0.0001,50
1514001583,222,549,0.4044,1610,-0.0001,45
1514056578,215,549,0.3916,1613,0,45
1514111574,224,550,0.4073,1612,0,45
1514165574,217,545,0.3982,1611,0,45
1514219575,222,552,0.4022,1614,0.0001,45
1514275574,223,552,0.404,1614,0.0001,50
1514330538,222,551,0.4029,1615,0,45
1514384575,224,553,0.4051,1615,0,45
1514440538,222,542,0.4096,1594,0.0001,50
1514494575,221,551,0.4011,1614,0.0001,50
1514548574,221,550,0.4018,1616,0.0001,55
1514606575,223,552,0.404,1616,0.0001,55
1514660570,217,553,0.3924,1616,0,55
1514714575,220,547,0.4022,1608,0,50
1514768574,213,546,0.3901,1609,-0.0001,50
1514879575,213,547,0.3894,1611,-0.008,50
1514936575,219,549,0.3989,1611,-0.0078,55
1514990577,221,548,0.4033,1610,-0.0078,55
1515044581,201,506,0.3972,1523,-0.0078,55
1515100572,221,548,0.4033,1611,-0.0078,55
1515154575,220,546,0.4029,1607,-0.0079,55
1515212569,222,548,0.4051,1611,-0.0079,55
1515266569,221,538,0.4108,1611,-0.0079,55
1515321570,220,547,0.4022,1610,-0.0079,55
1515375575,225,541,0.4159,1610,-0.008,55
1515432569,219,547,0.4004,1611,-0.008,55
1515489574,224,548,0.4088,1611,-0.008,55
1515544570,220,549,0.4007,1612,-0.008,55
1515598575,212,547,0.3876,1611,-0.008,50
1515652575,218,543,0.4015,1606,-0.008,50
1515707570,218,541,0.403,1604,-0.008,50
1515761575,217,542,0.4004,1605,-0.008,50
1515820826,217,541,0.4011,1605,-0.008,50
1515874575,218,532,0.4098,1583,-0.0078,55
1515929194,217,529,0.4102,1604,-0.0001,55
1515983580,217,541,0.4011,1605,0.0001,55
1516039573,218,545,0.4,1608,0.0001,55
1516095575,213,546,0.3901,1610,0.0002,55
1516151570,222,549,0.4044,1611,0.0001,50
1516205574,222,552,0.4022,1613,0.0002,55
1516259575,222,550,0.4036,1613,0.0001,55
1516319575,222,550,0.4036,1614,0.0002,55
1516373575,221,550,0.4018,1614,0.0002,55
1516430311,218,552,0.3949,1614,0.0002,50
1516486569,221,540,0.4093,1594,0.0002,50
1516541575,221,551,0.4011,1615,0.0002,50
1516595575,222,547,0.4059,1603,0.0002,50
1516649570,222,548,0.4051,1609,0.0003,50
1516705572,219,536,0.4086,1610,0.0003,50
1516760795,220,547,0.4022,1610,0.0003,50
1516815336,214,548,0.3905,1611,0.0003,50
1516869572,220,547,0.4022,1610,0.0003,45
1516925574,215,550,0.3909,1613,0.0002,45
1516980574,220,549,0.4007,1612,0.0001,45
1517038575,220,550,0.4,1612,-0.0001,45
1517092570,221,551,0.4011,1612,-0.0001,45
1517146575,221,551,0.4011,1614,-0.0001,45
1517200570,221,553,0.3996,1619,-0.0002,45
1517255575,225,554,0.4061,1612,-0.0002,45
1517311778,220,538,0.4089,1589,-0.0003,45
1517365575,221,549,0.4026,1613,-0.0003,45
1517421569,222,539,0.4119,1614,-0.0003,45
1517530570,213,548,0.3887,1614,0.0028,50
1517584570,218,544,0.4007,1609,0.0028,55
1517644632,212,531,0.3992,1605,0.0028,50
1517699585,219,545,0.4018,1609,0.0028,55
1517753572,218,545,0.4,1608,0.0028,50
1517809576,218,543,0.4015,1606,0.0028,55
1517864570,218,540,0.4037,1603,0.0028,55
1517920575,216,530,0.4075,1581,0.0029,55
1517976569,216,540,0.4,1602,0.0029,55
1518030575,216,540,0.4,1604,0.003,60
1518084574,218,545,0.4,1608,0.003,65
1518139575,216,529,0.4083,1606,0.0031,60
1518195570,190,522,0.364,1608,0.0026,60
1518251574,214,546,0.3919,1610,0.0027,65
1518306575,219,546,0.4011,1611,0.0027,65
1518362575,211,550,0.3836,1612,0.0029,60
1518416575,221,551,0.4011,1616,0.003,65
1518472570,221,550,0.4018,1614,0.003,65
1518530891,222,552,0.4022,1615,0.0031,65
1518584575,225,552,0.4076,1609,-0.0001,65
1518638574,219,545,0.4018,1608,-0.0001,60
1518693581,219,546,0.4011,1610,-0.0001,60
1518747572,221,537,0.4115,1611,-0.0001,60
1518801576,219,547,0.4004,1611,-0.0001,60
1518860574,213,547,0.3894,1611,-0.0002,60
1518914570,220,547,0.4022,1611,-0.0002,60
1518968573,213,546,0.3901,1611,-0.0002,55
1519026573,220,549,0.4007,1610,-0.0003,55
1519081573,211,548,0.385,1612,-0.0004,55
1519137570,221,550,0.4018,1612,-0.0004,50
1519193570,220,547,0.4022,1611,-0.0004,55
1519301573,220,548,0.4015,1611,-0.0075,55
1519355573,219,537,0.4078,1591,-0.0077,50
1519409570,219,547,0.4004,1613,-0.0077,50
1519465573,219,536,0.4086,1611,-0.008,50
1519521864,219,545,0.4018,1608,-0.008,45
1519575573,216,540,0.4,1604,-0.008,45
1519629573,216,540,0.4,1604,-0.008,45
1519683579,213,544,0.3915,1606,-0.0079,45
1519740573,219,544,0.4026,1606,-0.0079,45
1519794573,211,543,0.3886,1607,-0.0079,45
1519848574,217,543,0.3996,1606,-0.0079,50
1519904574,218,543,0.4015,1606,-0.0079,50
1519958574,219,545,0.4018,1608,-0.0078,55
1520014569,214,541,0.3956,1609,-0.0079,50
1520070574,218,534,0.4082,1588,-0.0078,50
1520124571,218,546,0.3993,1610,-0.0078,50
1520178571,220,536,0.4104,1589,-0.0076,50
1520234569,218,548,0.3978,1612,-0.0076,50
1520288575,220,537,0.4097,1613,-0.0075,50
1520345573,221,550,0.4018,1613,0.0001,45
1520404834,219,552,0.3967,1615,0,45
1520458580,221,550,0.4018,1613,0.0001,45
1520516569,209,547,0.3821,1610,0.0003,45
1520571576,220,546,0.4029,1608,0.0004,45
1520627375,220,549,0.4007,1611,0.0004,45
1520683574,221,549,0.4026,1611,0.0004,45
1520737573,219,548,0.3996,1612,0.0004,45
1520791573,220,539,0.4082,1591,0.0003,45
1520846574,220,550,0.4,1613,0.0003,45
1520902569,222,540,0.4111,1613,0.0003,45
1520958574,220,550,0.4,1614,0.0003,45
1521012573,217,552,0.3931,1614,0.0002,40
1521068569,222,552,0.4022,1615,0.0002,40
1521122573,217,551,0.3938,1613,0.0002,40
1521176573,223,553,0.4033,1615,0.0002,40
1521233372,213,551,0.3866,1613,0.0001,40
1521290831,223,552,0.404,1613,0.0001,40
1521344576,221,550,0.4018,1612,0.0001,40
1521398725,220,547,0.4022,1611,0,40
1521452586,224,548,0.4088,1606,0.0001,45
1521506580,217,531,0.4087,1583,0.0003,45
1521562540,217,543,0.3996,1607,0.0003,45
1521617538,218,533,0.409,1608,0,45
1521671573,218,545,0.4,1608,0,50
1521727569,210,543,0.3867,1607,0.0001,45
1521782570,217,542,0.4004,1606,0.0002,45
1521838375,211,544,0.3879,1607,0.0002,45
1521892570,219,545,0.4018,1608,0.0003,45
1521946574,215,546,0.3938,1608,0.0003,45
1522000574,219,546,0.4011,1609,0.0003,45
1522058569,219,545,0.4018,1608,0.0003,50
1522112573,219,545,0.4018,1609,0.0003,55
1522168570,218,545,0.4,1609,0.0003,50
1522222570,219,535,0.4093,1588,0.0004,50
1522276572,220,547,0.4022,1611,0.0004,50
1522331348,218,548,0.3978,1608,0.0005,50
1522387523,218,542,0.4022,1606,0.0004,50
1522443373,222,534,0.4157,1606,0.0006,50
1522499572,219,544,0.4026,1608,0.0006,50
1522553574,220,545,0.4037,1610,0.0005,55
1522607574,220,547,0.4022,1610,0.0004,50
1522662573,213,548,0.3887,1612,0.0006,50
1522717569,219,548,0.3996,1612,0.0007,55
1522773570,220,549,0.4007,1612,0.0007,55
1522829569,220,550,0.4,1614,0.0006,55
1522883569,220,550,0.4,1615,0.0006,55
1522937575,222,542,0.4096,1594,0.0004,55
1522991570,222,551,0.4029,1614,0.0004,55
1523050375,221,545,0.4055,1613,0.0004,55
1523104575,220,550,0.4,1615,0.0004,55
1523159570,214,550,0.3891,1613,0.0004,50
1523213342,221,550,0.4018,1613,0.0004,50
1523270102,215,547,0.3931,1609,0.0004,50
1523324577,218,542,0.4022,1604,0.0003,50
1523382572,210,546,0.3846,1608,0.0002,55
1523436575,218,546,0.3993,1609,0.0003,55
1523490575,218,545,0.4,1608,0.0002,55
1523546569,220,545,0.4037,1607,0.0001,55
1523601569,217,544,0.3989,1607,0.0001,55
1523657377,217,532,0.4079,1585,0.0001,55
1523712570,108,543,0.1989,1606,-0.0028,55
1523766575,217,534,0.4064,1608,-0.003,50
1523820570,217,542,0.4004,1606,-0.003,50
1523874575,217,533,0.4071,1607,-0.0031,50
1523930569,216,540,0.4,1605,-0.0031,50
1523986575,207,541,0.3826,1605,-0.003,45
1524041570,218,543,0.4015,1606,-0.0029,50
1524096197,212,544,0.3897,1607,-0.0028,45
1524150575,217,543,0.3996,1606,-0.0028,50
1524207582,217,539,0.4026,1602,-0.0028,50
1524263380,217,538,0.4033,1601,-0.0028,50
1524319574,217,541,0.4011,1603,-0.0028,50
1524373575,217,533,0.4071,1585,-0.0028,50
1524427570,219,547,0.4004,1609,-0.0028,50
1524484575,219,535,0.4093,1609,-0.0027,50
1524538575,218,545,0.4,1608,-0.0027,50
1524596569,212,545,0.389,1608,-0.0028,45
1524650569,110,547,0.2011,1609,-0.0047,45
1524705569,213,548,0.3887,1611,-0.0049,45
1524761570,219,548,0.3996,1611,-0.005,45
1524816575,214,550,0.3891,1612,-0.0023,45
1524872376,222,550,0.4036,1612,-0.0022,45
1524926570,216,547,0.3949,1613,-0.0021,45
1524980575,221,551,0.4011,1615,-0.0021,45
1525036193,222,553,0.4014,1615,-0.0021,50
1525091354,223,541,0.4122,1594,-0.0023,50
1525145580,220,548,0.4015,1610,-0.0023,50
1525202570,221,536,0.4123,1608,-0.0025,50
1525256575,221,549,0.4026,1610,-0.0025,50
1525310575,213,548,0.3887,1611,-0.0024,45
1525366575,220,549,0.4007,1612,-0.0024,50
1525420575,220,547,0.4022,1610,-0.0024,50
1525477372,220,547,0.4022,1609,-0.0024,50
1525533569,219,547,0.4004,1611,-0.0024,50
1525587575,220,550,0.4,1612,-0.0025,50
1525641569,220,549,0.4007,1611,-0.0025,50
1525695574,219,548,0.3996,1612,-0.0024,50
1525752574,221,549,0.4026,1612,-0.0004,50
1525808575,219,538,0.4071,1591,-0.0002,50
1525862575,220,548,0.4015,1611,-0.0002,50
1525916570,218,536,0.4067,1612,0.0001,55
1525970575,219,547,0.4004,1612,0.0001,55
1526024575,218,531,0.4105,1609,-0.0001,55
1526078575,216,541,0.3993,1605,-0.0001,55
1526136582,210,543,0.3867,1606,0.0001,50
1526190579,218,543,0.4015,1607,0.0002,50
1526246569,212,544,0.3897,1607,0.0002,50
1526300575,218,545,0.4,1609,0.0003,55
1526354575,218,545,0.4,1607,0.0003,55
1526412573,219,545,0.4018,1607,0.0003,55
1526466574,217,546,0.3974,1609,0.0003,55
1526520575,219,543,0.4033,1602,0.0003,50
1526574575,219,549,0.3989,1612,0.0003,55
1526630791,219,537,0.4078,1589,0.0003,55
1526684575,219,548,0.3996,1612,0.0003,55
1526740575,221,540,0.4093,1613,0.0004,55
1526796570,220,550,0.4,1613,0.0004,55
1526850574,215,510,0.4216,1558,0.0005,50
1526905575,221,551,0.4011,1614,0.0005,55
1526959570,216,552,0.3913,1616,0.0004,50
1527015570,221,546,0.4048,1603,0.0003,50
1527069574,221,549,0.4026,1609,0.0003,50
1527124757,219,549,0.3989,1612,0.0004,50
1527178682,220,551,0.3993,1614,0.0004,50
1527232583,220,550,0.4,1614,0.0003,55
1527290572,222,549,0.4044,1611,0.0003,55
1527346574,219,534,0.4101,1581,0.0001,55
1527402570,219,548,0.3996,1610,0.0002,55
1527456574,219,538,0.4071,1612,0.0001,50
1527510575,220,550,0.4,1613,0.0001,50
1527564538,219,540,0.4056,1612,0.0001,50
1527622569,218,548,0.3978,1612,0.0001,55
1527676576,213,548,0.3887,1612,0.0001,50
1527731573,218,547,0.3985,1612,0.0001,55
1527785573,214,543,0.3941,1612,0,50
1527839574,220,550,0.4,1613,0,55
1527893570,220,547,0.4022,1611,0,55
1527949570,217,538,0.4033,1598,-0.0002,55
1528003573,217,542,0.4004,1604,-0.0002,55
1528059243,217,532,0.4079,1581,0,55
1528113592,217,544,0.3989,1608,-0.0001,55
1528167572,219,547,0.4004,1608,0,55
1528225574,218,546,0.3993,1609,0,55
1528279544,217,544,0.3989,1608,0,50
1528333570,218,545,0.4,1609,0,50
1528387575,212,547,0.3876,1609,0.0001,45
1528443574,218,546,0.3993,1610,0.0002,50
1528497574,213,548,0.3887,1611,0.0002,45
1528553570,218,548,0.3978,1612,0.0003,50
1528609569,220,550,0.4,1613,0.0003,50
1528663575,219,548,0.3996,1612,0.0003,45
1528717575,219,550,0.3982,1614,0.0003,45
1528772575,220,553,0.3978,1620,0.0003,45
1528828570,220,551,0.3993,1614,0.0003,45
1528882728,217,537,0.4041,1588,0.0003,45
1528936570,223,551,0.4047,1609,0.0004,45
1528990575,219,545,0.4018,1608,0.0004,45
1529045573,219,549,0.3989,1611,0.0003,45
1529103582,216,550,0.3927,1612,0.0002,40
1529161569,220,549,0.4007,1612,0.0002,40
1529216575,216,551,0.392,1613,0.0001,40
1529270569,218,549,0.3971,1613,0.0001,45
1529324575,222,553,0.4014,1614,0.0001,45
1529380574,221,552,0.4004,1615,0.0001,40
1529436575,220,551,0.3993,1615,0.0001,40
1529493574,221,541,0.4085,1592,-0.0001,40
1529548575,221,552,0.4004,1615,-0.0001,40
1529602575,221,540,0.4093,1591,-0.0002,40
1529659575,220,550,0.4,1613,-0.0002,40
1529713575,221,551,0.4011,1614,-0.0002,40
1529772569,221,551,0.4011,1615,-0.0002,45
1529826575,213,547,0.3894,1610,-0.0002,50
1529882287,219,546,0.4011,1607,-0.0002,45
1529937580,218,546,0.3993,1608,-0.0002,45
1529991583,218,546,0.3993,1610,-0.0003,45
1530047575,218,547,0.3985,1610,-0.0003,45
1530102570,218,546,0.3993,1609,-0.0003,45
1530156575,219,548,0.3996,1610,-0.0003,50
1530211538,216,534,0.4045,1588,-0.0002,50
1530265575,219,547,0.4004,1609,-0.0002,50
1530319575,219,537,0.4078,1611,0,55
1530377570,219,549,0.3989,1612,0,55
1530431573,214,550,0.3891,1613,0.0002,55
1530485574,219,549,0.3989,1614,0.0002,60
1530539573,216,556,0.3885,1614,0.0003,55
1530595569,219,549,0.3989,1612,0.0004,60
1530651538,217,553,0.3924,1615,0.0004,55
1530705573,221,551,0.4011,1615,0.0005,55
1530759538,220,549,0.4007,1613,0.0005,55
1530814574,220,549,0.4007,1609,0.0005,55
1530870956,218,546,0.3993,1609,0.0005,50
1530924931,217,546,0.3974,1610,0.0005,50
1530981581,220,550,0.4,1612,0.0005,50
1531035605,220,545,0.4037,1612,0.0005,50
1531144574,220,538,0.4089,1612,-0.0026,50
1531200569,221,550,0.4018,1611,-0.0026,45
1531256574,211,553,0.3816,1614,-0.0028,45
1531311538,221,552,0.4004,1616,-0.0028,50
1531365574,217,554,0.3917,1616,-0.0029,45
1531419538,221,553,0.3996,1616,-0.003,45
1531473574,221,552,0.4004,1615,-0.0031,45
1531527538,222,554,0.4007,1617,-0.0032,45
1531585574,221,552,0.4004,1616,-0.0032,45
1531639574,222,556,0.3993,1623,-0.0033,40
1531693575,227,558,0.4068,1615,-0.0034,45
1531747575,221,538,0.4108,1588,-0.0035,45
1531801577,219,546,0.4011,1608,-0.0035,45
1531858541,218,536,0.4067,1610,-0.0035,45
1531912613,218,538,0.4052,1611,-0.0035,45
1531966582,223,538,0.4145,1612,-0.0036,50
1532020581,219,548,0.3996,1610,-0.0036,50
1532074581,214,548,0.3905,1610,-0.0036,45
1532129569,219,547,0.4004,1610,-0.0036,45
1532185575,213,547,0.3894,1611,-0.0005,45
1532241575,218,531,0.4105,1578,-0.0005,45
1532297567,225,553,0.4069,1611,-0.0004,45
1532351569,218,549,0.3971,1613,-0.0003,45
1532407568,220,549,0.4007,1612,-0.0003,45
1532463569,220,537,0.4097,1591,0,45
1532517569,219,548,0.3996,1613,0,45
1532572538,219,537,0.4078,1612,-0.0002,40
1532626574,219,548,0.3996,1611,-0.0001,45
1532680571,217,531,0.4087,1607,-0.0002,45
1532734573,216,542,0.3985,1605,-0.0002,45
1532790570,211,545,0.3872,1608,-0.0001,40
1532844572,218,546,0.3993,1608,0,45
1532900344,214,546,0.3919,1609,0.0001,40
1532954724,217,545,0.3982,1609,0.0001,45
1533008582,220,548,0.4015,1610,0.0001,45
1533064581,220,549,0.4007,1611,0.0001,40
1533118572,219,546,0.4011,1610,0.0001,45
1533172574,220,550,0.4,1612,0.0001,45
1533226575,221,551,0.4011,1613,0.0001,45
1533284574,220,539,0.4082,1591,0.0002,50
1533338574,219,550,0.3982,1612,0.0002,50
1533394571,220,540,0.4074,1613,0.0002,50
1533450570,220,550,0.4,1614,0.0002,50
1533504574,217,553,0.3924,1614,0.0001,45
1533558573,221,553,0.3996,1615,0,45
1533612574,221,548,0.4033,1611,0,50
1533670570,219,548,0.3996,1608,0.0001,55
1533724573,216,545,0.3963,1612,0.0002,50
1533779447,221,551,0.4011,1612,0.0003,50
1533833575,225,554,0.4061,1611,0.0002,55
1533887572,221,550,0.4018,1611,0.0001,50
1533942873,220,547,0.4022,1609,0,55
1533998572,220,535,0.4112,1584,-0.0001,55
1534054572,219,547,0.4004,1609,-0.0001,55
1534108575,219,538,0.4071,1610,-0.0001,55
1534162574,219,547,0.4004,1610,-0.0001,55
1534216570,219,535,0.4093,1609,-0.0001,55
1534274574,218,547,0.3985,1610,-0.0001,55
1534328575,213,547,0.3894,1609,-0.0001,50
1534382570,218,547,0.3985,1609,-0.0002,50
1534438574,210,540,0.3889,1603,-0.0002,50
1534546575,216,542,0.3985,1605,-0.0053,50
1534603569,216,541,0.3993,1605,-0.0052,55
1534658569,218,543,0.4015,1604,-0.0052,55
1534712575,216,537,0.4022,1595,-0.0052,55
1534766570,216,540,0.4,1603,-0.0052,55
1534821380,216,529,0.4083,1581,-0.0053,55
1534878812,211,501,0.4212,1524,-0.0056,55
1534934394,218,531,0.4105,1606,-0.0056,55
1534988580,218,543,0.4015,1605,-0.0056,55
1535045572,211,543,0.3886,1606,-0.0055,50
1535099575,218,544,0.4007,1608,-0.0055,50
1535153575,212,546,0.3883,1609,-0.0054,50
1535210574,218,545,0.4,1607,-0.0054,55
1535264568,218,545,0.4,1607,-0.0054,55
1535318574,216,542,0.3985,1602,-0.0054,55
1535372570,217,541,0.4011,1602,-0.0054,55
1535428574,218,543,0.4015,1604,-0.0054,55
1535484574,217,543,0.3996,1605,-0.0053,55
1535538575,215,527,0.408,1577,-0.0052,60
1535594570,218,544,0.4007,1605,-0.0002,55
1535648574,217,532,0.4079,1604,-0.0002,55
1535702575,218,544,0.4007,1606,-0.0001,55
1535756570,212,545,0.389,1607,-0.0003,50
1535812704,219,546,0.4011,1609,-0.0003,50
1535868900,215,547,0.3931,1609,-0.0002,50
1535922590,217,545,0.3982,1609,-0.0001,50
1535976572,207,543,0.3812,1609,0.0004,50
1536030734,220,546,0.4029,1609,0.0004,50
1536086575,217,543,0.3996,1607,0.0005,50
1536140574,218,542,0.4022,1603,0.0004,50
1536194575,214,539,0.397,1602,0.0004,50
1536248570,216,543,0.3978,1606,0.0003,55
1536303574,216,540,0.4,1602,0.0003,55
1536357575,215,528,0.4072,1580,0.0003,55
1536413575,214,538,0.3978,1602,0.0003,55
1536468575,216,530,0.4075,1602,0.0004,50
1536522573,215,537,0.4004,1600,0.0003,50
1536576574,211,540,0.3907,1601,0.0003,50
1536630571,215,539,0.3989,1602,0.0002,55
1536688569,211,541,0.39,1602,0.0002,50
1536742576,217,540,0.4019,1603,0.0001,50
1536797573,211,535,0.3944,1603,0,50
1536851571,215,539,0.3989,1602,0.0001,55
1536905733,221,546,0.4048,1603,0.0002,55
1536959573,216,540,0.4,1603,0.0001,50
1537016579,215,537,0.4004,1600,0.0001,55
1537071579,214,525,0.4076,1576,-0.0002,55
1537126573,212,372,0.5699,1596,-0.0019,60
1537180574,216,527,0.4099,1598,-0.0019,55
1537234571,215,537,0.4004,1598,-0.0019,55
1537290574,202,526,0.384,1599,-0.0019,55
1537344574,217,539,0.4026,1600,-0.0019,50
1537398574,209,539,0.3878,1600,-0.0019,50
1537452574,217,540,0.4019,1602,-0.0018,50
1537506574,211,541,0.39,1603,-0.0019,50
1537562570,217,542,0.4004,1602,-0.0019,55
1537618575,207,541,0.3826,1603,-0.0019,55
1537676570,216,542,0.3985,1604,-0.0019,55
1537730575,217,542,0.4004,1606,-0.0019,55
1537784570,217,539,0.4026,1599,-0.0018,55
1537894575,219,539,0.4063,1590,-0.0076,55
1537948574,218,542,0.4022,1602,-0.0075,55
1538005037,212,467,0.454,1528,-0.0068,55
1538058573,216,540,0.4,1601,-0.0068,55
1538112584,211,541,0.39,1601,-0.0067,50
1538168579,217,540,0.4019,1601,-0.0066,50
1538224581,208,538,0.3866,1601,-0.0048,50
1538280570,216,540,0.4,1602,-0.0048,55
1538334575,217,541,0.4011,1601,-0.0048,55
1538388574,217,543,0.3996,1605,-0.0048,55
1538442570,218,545,0.4,1608,-0.0048,55
1538501574,220,537,0.4097,1588,-0.0049,55
1538556574,220,547,0.4022,1609,-0.0049,55
1538612574,219,547,0.4004,1607,-0.0049,55
1538666568,218,544,0.4007,1607,-0.0049,55
1538720574,219,535,0.4093,1608,-0.0048,55
1538774570,219,547,0.4004,1609,-0.0048,55
1538830570,213,545,0.3908,1607,-0.0048,50
1538884572,219,544,0.4026,1608,-0.0048,50
1538939588,212,539,0.3933,1601,0.001,50
1538993581,217,538,0.4033,1598,0.001,50
1539047578,207,537,0.3855,1599,0.0008,50
1539104383,215,537,0.4004,1598,0,50
1539158575,217,540,0.4019,1599,0,50
1539212575,215,538,0.3996,1601,-0.0002,50
1539268570,216,540,0.4,1601,-0.0001,50
1539324573,216,529,0.4083,1581,-0.0003,50
1539378573,216,539,0.4007,1602,-0.0003,50
1539436568,217,521,0.4165,1603,-0.0005,50
1539491570,223,546,0.4084,1603,-0.0005,45
1539547573,212,543,0.3904,1604,-0.0005,45
1539601575,214,540,0.3963,1605,-0.0004,50
1539655574,212,542,0.3911,1605,-0.0004,50
1539711378,219,512,0.4277,1542,-0.0004,45
1539766575,223,547,0.4077,1604,-0.0004,45
1539820570,217,543,0.3996,1607,-0.0004,45
1539876647,221,547,0.404,1607,-0.0004,45
1539930798,218,545,0.4,1609,-0.0003,45
1539984575,218,545,0.4,1609,-0.0004,45
1540041572,216,529,0.4083,1581,-0.0002,45
1540095574,216,539,0.4007,1601,-0.0002,45
1540149570,216,530,0.4075,1602,0,45
1540204574,216,498,0.4337,1554,0.0005,50
1540259570,216,539,0.4007,1602,0.0005,50
1540316376,214,538,0.3978,1601,0.0006,50
1540371574,218,540,0.4037,1602,0.0005,50
1540425574,215,539,0.3989,1602,0.0006,50
1540479574,211,541,0.39,1603,0.0007,45
1540536574,216,538,0.4015,1601,0.0008,50
1540590573,215,540,0.3981,1603,0.0008,45
1540646538,216,539,0.4007,1601,0.0008,45
1540700570,217,541,0.4011,1603,0.0008,50
1540754675,217,538,0.4033,1595,0.0008,55
1540808572,216,538,0.4015,1600,0.0008,55
1540867018,217,545,0.3982,1604,0.0007,55
1540922607,216,539,0.4007,1602,0.0008,55
1540979570,217,540,0.4019,1604,0.0007,55
1541034572,215,540,0.3981,1603,0.0007,55
1541088575,218,539,0.4045,1599,0.0008,55
1541144569,214,535,0.4,1596,0.0007,55
1541198575,208,535,0.3888,1598,0.0005,50
1541254570,214,536,0.3993,1597,0.0004,50
1541310569,216,538,0.4015,1599,0,50
1541367569,214,540,0.3963,1605,0,55
1541423575,216,540,0.4,1601,0,55
1541477575,213,525,0.4057,1578,0,55
1541533372,217,541,0.4011,1601,0,55
1541587570,218,531,0.4105,1603,-0.0002,55
1541641575,218,543,0.4015,1604,-0.0002,55
1541695572,211,542,0.3893,1605,-0.0002,55
1541751239,218,543,0.4015,1606,-0.0002,50
1541806719,214,547,0.3912,1609,-0.0001,50
1541863577,109,548,0.1989,1612,0,50
1541919572,221,550,0.4018,1613,0,50
1541973575,220,549,0.4007,1613,0,50
1542027575,218,547,0.3985,1614,0,45
1542081570,220,551,0.3993,1613,0,45
1542139374,219,547,0.4004,1610,0,50
1542193574,216,534,0.4045,1585,0,50
1542248575,217,543,0.3996,1606,0,50
1542303570,219,535,0.4093,1606,0.0002,50
1542357575,217,543,0.3996,1607,0.0003,50
1542411575,212,541,0.3919,1605,0.0001,45
1542469570,216,542,0.3985,1605,0.0001,45
1542523575,212,542,0.3911,1603,0.0002,40
1542577570,216,542,0.3985,1604,0.0003,45
1542631574,210,543,0.3867,1605,0.0004,40
1542685572,219,544,0.4026,1606,0.0005,40
1542741130,220,545,0.4037,1606,0.0005,45
1542797575,219,544,0.4026,1606,0.0004,40
1542852578,217,543,0.3996,1606,0.0004,40
1542907574,217,533,0.4071,1587,0.0004,45
1542961575,218,545,0.4,1606,0.0002,45
1543015570,218,544,0.4007,1601,0.0002,45
1543071574,218,545,0.4,1608,0.0002,45
1543125568,218,532,0.4098,1606,0.0003,45
1543179574,217,539,0.4026,1602,0.0003,40
1543233574,209,538,0.3885,1601,0.0002,40
1543288570,217,542,0.4004,1604,0.0002,40
1543343574,212,541,0.3919,1602,0.0001,40
1543402574,218,543,0.4015,1606,0,40
1543457570,218,533,0.409,1605,0.0001,45
1543511574,218,543,0.4015,1605,0.0003,45
1543565573,216,542,0.3985,1605,0.0003,45
1543619570,217,545,0.3982,1607,0.0002,45
1543675573,222,550,0.4036,1609,0.0001,45
1543731476,218,539,0.4045,1595,-0.0001,45
1543785583,219,547,0.4004,1610,0,45
1543839540,219,535,0.4093,1610,-0.0001,45
1543952571,210,548,0.3832,1611,0.0031,50
1544008574,219,548,0.3996,1610,0.0031,55
1544064570,207,534,0.3876,1592,0.0032,50
1544118573,219,549,0.3989,1612,0.0032,55
1544172574,221,550,0.4018,1611,0.0032,55
1544226570,219,544,0.4026,1606,0.0031,60
1544287569,212,537,0.3948,1603,0.0031,55
1544341573,220,536,0.4104,1587,0.0032,55
1544399569,218,544,0.4007,1607,0.0032,55
1544453573,219,533,0.4109,1605,0.0034,55
1544509571,217,544,0.3989,1608,0.0034,55
1544563573,211,544,0.3879,1607,0.0031,55
1544620581,218,544,0.4007,1606,0.0031,55
1544674573,213,545,0.3908,1608,0.0032,60
1544728573,218,545,0.4,1608,0.0032,60
1544784572,211,545,0.3872,1609,0.0034,55
1544838575,218,544,0.4007,1607,0.0034,55
1544899575,221,549,0.4026,1609,0.0034,60
1544954803,217,534,0.4064,1591,0.0034,60
1545008574,220,547,0.4022,1609,0.0003,55
1545062581,218,536,0.4067,1590,0.0002,55
1545118574,220,546,0.4029,1609,0.0002,55
1545172570,217,532,0.4079,1608,0.0002,55
1545228575,218,543,0.4015,1606,0.0002,55
1545284569,211,540,0.3907,1603,0.0001,50
1545338575,218,544,0.4007,1606,0.0001,50
1545394574,211,544,0.3879,1608,0.0001,50
1545448570,219,546,0.4011,1607,0,50
1545507716,217,543,0.3996,1605,0,50
1545561577,219,545,0.4018,1607,-0.0001,50
1545615578,218,546,0.3993,1609,-0.0001,50
1545670581,218,535,0.4075,1587,0.0002,50
1545724575,218,547,0.3985,1610,0.0002,50
1545779847,220,548,0.4015,1600,0,45
1545838574,218,547,0.3985,1610,0,45
1545892575,214,548,0.3905,1611,0,45
1545946570,219,550,0.3982,1612,0,45
1546000575,212,548,0.3869,1612,0.0001,40
1546054570,217,548,0.396,1612,0.0002,45
1546113575,216,552,0.3913,1614,0.0003,40
1546168575,221,549,0.4026,1611,0.0003,45
1546224569,222,550,0.4036,1607,0.0003,45
1546279405,217,542,0.4004,1605,0.0003,45
1546333574,216,543,0.3978,1607,0.0003,40
1546387570,218,533,0.409,1583,0.0003,40
1546443572,218,544,0.4007,1606,0.0003,40
1546500577,218,531,0.4105,1606,0.0005,40
1546554584,218,545,0.4,1607,0.0004,40
1546608580,219,535,0.4093,1607,0.0005,40
1546665569,218,543,0.4015,1606,0.0005,40
1546721575,218,545,0.4,1609,0.0005,40
1546777569,217,544,0.3989,1608,0.0004,35
1546832570,218,545,0.4,1609,0.0004,40
1546886575,216,545,0.3963,1609,0.0005,45
1546940575,218,546,0.3993,1610,0.0005,45
1546997570,217,545,0.3982,1610,0.0004,45
1547053570,223,551,0.4047,1610,0.0004,45
1547109574,218,531,0.4105,1582,0.0002,45
1547163568,215,541,0.3974,1604,0.0001,45
1547217575,216,530,0.4075,1604,0.0001,45
1547272570,216,541,0.3993,1606,0.0001,45
1547328575,211,544,0.3879,1607,0.0001,45
1547384234,219,544,0.4026,1607,0.0001,45
1547438587,212,543,0.3904,1608,0.0001,45
1547492575,219,545,0.4018,1608,0.0001,45
1547547578,208,545,0.3817,1608,0,45
1547602569,219,545,0.4018,1609,0,45
1547658569,220,549,0.4007,1613,0,45
1547714574,218,547,0.3985,1612,-0.0001,45
1547768570,219,548,0.3996,1612,-0.0001,50
1547823573,219,537,0.4078,1591,0,50
1547878870,220,550,0.4,1614,0,50
1547935570,221,540,0.4093,1615,0.0001,50
1547989573,219,548,0.3996,1613,0.0001,45
1548044573,213,550,0.3873,1615,0.0002,50
1548098574,221,550,0.4018,1613,0.0002,50
1548153570,224,548,0.4088,1609,0.0001,50
1548207574,218,544,0.4007,1608,0.0002,45
1548263570,209,546,0.3828,1609,0.0003,45
1548317573,219,546,0.4011,1610,0.0003,45
1548373579,218,545,0.4,1609,0.0003,45
1548427572,219,546,0.4011,1610,0.0003,50
1548481581,219,546,0.4011,1610,0.0003,50
1548538572,217,534,0.4064,1588,0.0003,50
1548592574,217,545,0.3982,1609,0.0003,50
1548647570,219,537,0.4078,1590,0.0004,50
1548702573,217,546,0.3974,1611,0.0004,55
1548756573,217,535,0.4056,1610,0.0004,55
1548810570,217,546,0.3974,1611,0.0004,55
1548866573,213,547,0.3894,1612,0.0003,50
1548922569,218,547,0.3985,1612,0.0002,55
1548976570,108,547,0.1974,1613,-0.0024,50
1549031574,219,547,0.4004,1612,-0.0025,50
1549088569,218,544,0.4007,1607,-0.0025,50
1549144573,216,541,0.3993,1605,-0.0027,50
1549198570,216,541,0.3993,1605,-0.0026,50
1549252574,216,544,0.3971,1614,-0.0025,50
1549306570,217,542,0.4004,1606,-0.0025,50
1549362074,217,533,0.4071,1585,-0.0027,50
1549416586,217,498,0.4357,1531,-0.0029,55
1549472572,216,529,0.4083,1607,-0.0029,50
1549527581,218,544,0.4007,1609,-0.0029,50
1549581572,212,543,0.3904,1609,-0.0029,45
1549635575,219,546,0.4011,1611,-0.0029,45
1549689575,221,546,0.4048,1612,-0.0029,50
1549745570,217,545,0.3982,1611,-0.0029,45
1549800575,210,545,0.3853,1610,-0.003,45
1549854575,220,548,0.4015,1612,-0.003,45
1549908574,219,548,0.3996,1612,-0.003,45
1549962575,219,547,0.4004,1613,-0.0029,45
1550017575,218,548,0.3978,1614,-0.0029,45
1550073575,220,537,0.4097,1591,-0.0002,45
1550127570,220,547,0.4022,1610,-0.0002,45
1550183569,200,543,0.3683,1598,0.0003,50
1550237575,217,546,0.3974,1612,0.0003,50
1550291575,219,537,0.4078,1612,0.0002,50
1550348570,220,547,0.4022,1611,0.0002,45
1550402570,213,547,0.3894,1611,0.0003,45
1550458680,219,548,0.3996,1611,0.0003,45
1550512576,213,547,0.3894,1612,0.0006,45
1550567571,219,547,0.4004,1612,0.0006,50
1550621582,219,547,0.4004,1613,0.0006,50
1550678574,219,548,0.3996,1613,0.0006,50
1550732574,218,547,0.3985,1612,0.0006,45
1550787567,219,546,0.4011,1611,0.0006,45
1550843567,222,550,0.4036,1611,0.0006,50
1550897568,216,533,0.4053,1589,0.0007,50
1550953569,217,545,0.3982,1610,0.0007,55
1551009567,218,530,0.4113,1608,0.0008,50
1551063569,216,540,0.4,1604,0.0008,50
1551120567,207,536,0.3862,1603,0.0006,50
1551174569,215,539,0.3989,1605,0.0005,55
1551228575,211,512,0.4121,1605,0.0006,55
1551284569,216,532,0.406,1606,0.0001,50
1551339570,216,541,0.3993,1605,0.0001,50
1551393574,217,540,0.4019,1604,0.0002,55
1551448879,212,535,0.3963,1603,0.0002,50
1551502580,215,541,0.3974,1606,0.0001,55
1551559580,218,542,0.4022,1607,0.0001,55
1551613572,217,533,0.4071,1588,0,55
1551667574,218,545,0.4,1610,0,55
1551721573,217,533,0.4071,1609,0,55
1551776574,217,544,0.3989,1609,0,55
1551831569,220,546,0.4029,1609,0,55
1551887573,217,544,0.3989,1609,0,55
1551943569,218,542,0.4022,1606,0,55
1551997573,216,540,0.4,1604,0,50
1552051574,208,540,0.3852,1604,-0.0001,50
1552105570,218,542,0.4022,1606,-0.0002,50
1552162574,218,542,0.4022,1606,-0.0002,55
1552216570,219,541,0.4048,1604,0.0001,55
1552270573,217,542,0.4004,1605,0.0001,55
1552326573,217,529,0.4102,1584,0,55
1552380570,219,542,0.4041,1605,0.0001,55
1552436429,216,533,0.4053,1588,0,55
1552492581,217,542,0.4004,1606,0,55
1552546573,218,528,0.4129,1606,-0.0001,55
1552602570,216,542,0.3985,1605,-0.0002,55
1552657572,211,540,0.3907,1604,-0.0001,50
1552711573,215,539,0.3989,1604,0,55
1552770567,210,538,0.3903,1601,0,50
1552824575,214,534,0.4007,1597,0,50
1552878574,214,534,0.4007,1597,0,55
1552934574,214,535,0.4,1598,0,50
1552988575,214,536,0.3993,1600,0,50
1553042570,215,526,0.4087,1580,0,50
1553098574,212,534,0.397,1599,0,50
1553152570,215,528,0.4072,1582,0.0002,50
1553206574,216,537,0.4022,1600,0.0002,45
1553260570,214,524,0.4084,1600,0.0002,45
1553315570,214,535,0.4,1600,0.0002,50
1553371371,207,536,0.3862,1599,0,45
1553426588,216,536,0.403,1599,-0.0001,45
1553480581,210,537,0.3911,1601,0.0001,45
1553534578,216,537,0.4022,1601,0.0001,45
1553590569,209,539,0.3878,1603,0.0003,45
1553645570,217,539,0.4026,1602,0.0004,45
1553703569,218,541,0.403,1602,0.0003,50
1553757575,216,540,0.4,1603,0.0003,45
1553812570,221,543,0.407,1603,0.0002,50
1553868581,216,528,0.4091,1582,0.0001,50
1553922574,218,542,0.4022,1604,0.0001,45
1553979372,218,535,0.4075,1604,0.0001,50
1554035574,218,541,0.403,1604,0.0001,50
1554089575,213,542,0.393,1604,0.0001,50
1554143575,216,536,0.403,1599,0.0001,50
1554197575,209,535,0.3907,1597,0.0001,50
1554251575,216,537,0.4022,1599,0,55
1554310268,214,534,0.4007,1600,0,50
1554364886,216,537,0.4022,1599,0,50
1554418582,211,531,0.3974,1597,-0.0001,50
1554476574,216,525,0.4114,1577,0.0003,50
1554531575,215,536,0.4011,1598,0.0002,50
1554587383,216,537,0.4022,1599,0.0001,50
1554641575,215,535,0.4019,1599,0.0001,45
1554695575,215,525,0.4095,1599,-0.0002,45
1554749575,215,536,0.4011,1599,-0.0002,45
1554805573,210,536,0.3918,1599,-0.0001,45
1554859570,215,534,0.4026,1598,-0.0001,45
1554915575,211,536,0.3937,1599,0,40
1555026575,214,535,0.4,1600,0.0023,40
1555080574,214,535,0.4,1600,0.0023,45
1555135575,220,542,0.4059,1602,0.0023,45
1555192099,215,537,0.4004,1604,0.0023,45
1555246809,216,499,0.4329,1558,0.0024,45
1555300576,214,522,0.41,1575,0.0025,40
1555354662,212,530,0.4,1595,0.0025,45
1555408582,213,520,0.4096,1594,0.0026,40
1555464574,215,535,0.4019,1595,0.0026,40
1555520573,208,534,0.3895,1596,0.0025,40
1555574570,215,536,0.4011,1597,0.0024,45
1555631575,218,536,0.4067,1597,0.0024,45
1555685570,218,536,0.4067,1597,0.0024,45
1555739574,207,535,0.3869,1599,0.0026,45
1555798374,215,538,0.3996,1600,0.0027,50
1555852573,216,537,0.4022,1599,0.0027,50
1555908570,214,537,0.3985,1600,0.0026,50
1555962573,215,536,0.4011,1600,0.0026,50
1556016576,217,529,0.4102,1579,0.0025,55
1556070570,217,537,0.4041,1600,0.0003,50
1556126575,216,526,0.4106,1598,0.0002,50
1556182284,215,537,0.4004,1600,0.0002,50
1556236583,210,536,0.3918,1600,0.0002,50
1556293352,215,536,0.4011,1600,0.0002,50
1556347575,211,537,0.3929,1599,0.0001,50
1556403376,214,532,0.4023,1595,0,50
1556457575,211,528,0.3996,1592,0,50
1556513570,212,529,0.4008,1592,0,55
1556567570,217,531,0.4087,1592,0,55
1556621574,211,531,0.3974,1595,0.0001,55
1556677570,214,532,0.4023,1595,0.0001,55
1556733569,214,521,0.4107,1573,0.0002,55
1556788573,213,529,0.4026,1593,0.0002,55
1556844569,213,524,0.4065,1597,0,55
1556898573,215,534,0.4026,1598,0,50
1556953573,207,532,0.3891,1598,0.0001,55
1557009372,214,532,0.4023,1596,0.0001,50
1557063572,208,532,0.391,1598,0.0001,50
1557119536,214,534,0.4007,1600,0.0002,55
1557173582,207,532,0.3891,1601,0.0002,50
1557227578,216,538,0.4015,1603,0.0003,50
1557283569,217,540,0.4019,1604,0.0003,55
1557339573,215,540,0.3981,1605,0.0003,55
1557393570,218,541,0.403,1605,0.0003,55
1557449569,216,536,0.403,1597,0.0003,55
1557503575,217,540,0.4019,1605,0.0003,55
1557561569,217,527,0.4118,1602,0.0004,55
1557618376,215,537,0.4004,1601,0.0004,55
1557673570,209,534,0.3914,1599,0.0002,55
1557727574,215,535,0.4019,1600,0.0003,55
1557782575,189,507,0.3728,1540,-0.0001,50
1557836571,219,540,0.4056,1601,-0.0002,50
1557890570,210,534,0.3933,1603,-0.0001,50
1557946575,215,536,0.4011,1602,0,55
1558005399,215,537,0.4004,1603,0,50
1558059580,215,539,0.3989,1605,-0.0001,50
1558114580,218,540,0.4037,1605,-0.0001,50
1558168574,217,368,0.5897,1584,-0.0014,50
1558225372,217,539,0.4026,1604,-0.0014,50
1558281574,222,532,0.4173,1605,-0.0015,50
1558335574,215,510,0.4216,1550,-0.0016,50
1558389574,214,542,0.3948,1603,-0.0016,55
1558445575,216,540,0.4,1605,-0.0016,55
1558499574,212,542,0.3911,1608,-0.0016,50
1558555575,218,543,0.4015,1608,-0.0016,55
1558611575,217,539,0.4026,1605,-0.0016,55
1558665575,216,536,0.403,1601,-0.0017,55
1558719574,210,528,0.3977,1598,-0.0017,55
1558773575,215,533,0.4034,1598,-0.0016,55
1558829372,214,532,0.4023,1594,-0.0016,55
1558883572,215,524,0.4103,1578,-0.0011,55
1558938591,214,535,0.4,1601,-0.0012,55
1558994490,215,521,0.4127,1601,-0.0014,50
1559051569,216,537,0.4022,1601,-0.0014,50
1559105572,209,535,0.3907,1601,-0.0013,55
1559161575,214,536,0.3993,1602,-0.0013,55
1559217570,208,534,0.3895,1601,-0.0012,50
1559272570,214,515,0.4155,1601,0,50
1559326573,215,536,0.4011,1601,0,50
1559381574,216,539,0.4007,1604,0,45
1559437378,211,535,0.3944,1603,0.0001,45
1559491573,217,538,0.4033,1603,0.0001,40
1559550576,219,538,0.4071,1598,0.0001,45
1559605574,214,526,0.4068,1599,0.0001,40
1559659575,216,536,0.403,1600,0.0001,35
1559713575,215,526,0.4087,1601,0.0002,35
1559769575,216,538,0.4015,1602,0.0001,35
1559826259,209,536,0.3899,1601,0.0001,35
1559880583,216,538,0.4015,1603,0.0001,40
1559935575,212,539,0.3933,1603,0,35
1559991574,217,539,0.4026,1603,-0.0001,35
1560054849,213,539,0.3952,1603,-0.0002,35
1560113574,216,526,0.4106,1581,-0.0002,35
1560167573,217,539,0.4026,1603,-0.0002,35
1560222574,216,490,0.4408,1544,-0.0007,35
1560279436,216,536,0.403,1602,-0.0008,35
1560333537,210,506,0.415,1574,-0.001,40
1560389573,213,532,0.4004,1596,-0.0009,40
1560443537,207,531,0.3898,1596,-0.0008,40
1560497572,214,533,0.4015,1597,-0.0008,40
1560557580,206,532,0.3872,1597,-0.0008,40
1560615579,215,534,0.4026,1598,-0.0008,40
1560671571,215,535,0.4019,1600,-0.0008,40
1560725572,213,523,0.4073,1578,-0.0008,40
1560780572,214,534,0.4007,1600,-0.0008,40
1560834572,215,525,0.4095,1601,-0.0008,40
1560888572,214,534,0.4007,1601,-0.0008,40
1560942572,213,520,0.4096,1598,-0.0007,40
1561001569,213,529,0.4026,1594,-0.0007,40
1561061569,215,529,0.4064,1594,-0.0005,40
1561115572,212,529,0.4008,1595,-0.0005,40
1561169572,214,532,0.4023,1597,-0.0004,45
1561225572,214,533,0.4015,1599,-0.0003,50
1561281569,215,534,0.4026,1598,-0.0003,50
1561336784,214,530,0.4038,1595,0.0001,50
1561391042,214,532,0.4023,1597,0.0001,50
1561444573,215,523,0.4111,1579,0.0002,50
1561499580,215,536,0.4011,1601,0.0002,50
1561553573,216,523,0.413,1602,0,50
1561612574,215,534,0.4026,1600,0,50
1561666569,209,536,0.3899,1601,0,50
1561720573,217,538,0.4033,1603,0,50
1561774573,210,538,0.3903,1603,0,50
1561829574,215,539,0.3989,1605,0,55
1561885569,207,540,0.3833,1606,-0.0001,50
1561939573,218,541,0.403,1607,-0.0001,50
1561994569,217,540,0.4019,1606,-0.0001,50
1562048573,217,540,0.4019,1606,-0.0002,55
1562102573,215,540,0.3981,1608,-0.0002,50
1562156573,219,532,0.4117,1587,-0.0002,50
1562212569,217,539,0.4026,1605,-0.0001,45
1562266569,216,530,0.4075,1583,-0.0001,50
1562320573,215,536,0.4011,1601,0,50
1562374574,215,523,0.4111,1600,-0.0002,45
1562429694,214,533,0.4015,1601,-0.0001,50
1562485292,208,533,0.3902,1601,0,45
1562542568,214,534,0.4007,1600,0.0001,50
1562598217,209,535,0.3907,1601,0.0001,45
1562654568,214,533,0.4015,1600,0.0002,50
1562709573,211,531,0.3974,1602,0.0002,45
1562763573,214,491,0.4358,1538,0.0001,45
1562820573,218,538,0.4052,1601,0.0001,45
1562874569,212,521,0.4069,1578,0.0001,45
1562928573,215,536,0.4011,1602,0.0001,45
1562982749,105,485,0.2165,1542,-0.0005,45
1563038569,215,534,0.4026,1599,-0.0005,45
1563097234,215,525,0.4095,1603,-0.0004,45
1563151569,215,537,0.4004,1603,-0.0005,45
1563205571,218,538,0.4052,1604,-0.0004,50
1563261164,215,533,0.4034,1599,-0.0005,45
1563315579,206,528,0.3902,1596,-0.0006,45
1563369679,213,531,0.4011,1598,-0.0007,45
1563426319,212,531,0.3992,1598,-0.0007,45
1563480569,214,372,0.5753,1598,-0.0028,45
1563534573,214,531,0.403,1598,-0.0028,45
1563589574,214,528,0.4053,1593,-0.003,45
1563646573,213,531,0.4011,1598,-0.003,45
1563702371,213,530,0.4019,1598,-0.003,45
1563756573,217,535,0.4056,1601,-0.0031,50
1563810573,216,524,0.4122,1601,-0.0031,55
1563864574,215,534,0.4026,1602,-0.003,55
1563918569,209,533,0.3921,1601,-0.003,50
1563973568,215,534,0.4026,1601,-0.003,50
1564029573,209,534,0.3914,1602,-0.0031,50
1564084491,216,534,0.4045,1599,-0.0024,50
1564141539,217,537,0.4041,1603,-0.0023,50
1564197582,215,536,0.4011,1604,-0.0024,45
1564252582,217,537,0.4041,1605,-0.0024,50
1564309382,214,522,0.41,1579,-0.0023,50
1564363569,211,530,0.3981,1598,-0.0024,50
1564417578,215,529,0.4064,1600,-0.0022,50
1564471573,215,534,0.4026,1601,-0.0022,50
1564528574,217,533,0.4071,1600,-0.0023,50
1564582573,215,533,0.4034,1600,-0.0001,45
1564640573,214,533,0.4015,1601,-0.0001,45
1564694567,106,533,0.1989,1600,0.002,45
1564748573,206,533,0.3865,1600,0.0021,45
1564802569,215,534,0.4026,1601,0.0021,45
1564858573,215,534,0.4026,1602,0.0021,45
1564915369,215,534,0.4026,1601,0.0021,50
1564969569,213,532,0.4004,1600,0.0021,45
1565023573,216,530,0.4075,1594,0.0021,45
1565077719,215,534,0.4026,1603,0.0021,45
1565137309,213,532,0.4004,1602,0.0021,45
1565191579,213,532,0.4004,1602,0.0021,50
1565249573,208,532,0.391,1602,0.0021,50
1565303567,212,528,0.4015,1597,0.0021,50
1565357573,206,525,0.3924,1593,0.002,45
1565411569,193,523,0.369,1595,0.0016,45
1565467574,205,527,0.389,1597,0.0015,45
1565523371,212,528,0.4015,1597,0.0014,50
1565578574,212,529,0.4008,1597,0.0014,45
1565633573,211,528,0.3996,1597,0.0015,50
1565687568,212,528,0.4015,1596,0.0015,50
1565742573,213,518,0.4112,1577,0.0014,55
1565799573,212,528,0.4015,1598,-0.0006,50
1565855573,211,518,0.4073,1598,-0.0008,50
1565909569,212,530,0.4,1599,-0.0007,50
1565963571,206,529,0.3894,1599,-0.0007,45
1566017573,212,530,0.4,1600,-0.0007,50
1566073821,206,532,0.3872,1604,-0.0006,45
1566129187,215,532,0.4041,1602,-0.0006,45
1566183575,205,531,0.3861,1602,-0.0006,50
1566239568,212,532,0.3985,1602,-0.0006,50
1566295575,215,531,0.4049,1599,-0.0006,50
1566349572,211,527,0.4004,1597,-0.0006,50
1566405568,211,527,0.4004,1596,-0.0006,50
1566461573,212,520,0.4077,1579,-0.0005,55
1566517569,213,532,0.4004,1600,-0.0002,50
1566571569,214,521,0.4107,1601,0.0001,50
1566625573,213,533,0.3996,1602,0.0001,55
1566679569,214,531,0.403,1602,0.0001,55
1566736376,214,532,0.4023,1602,0.0001,50
1566790569,217,535,0.4056,1604,0,55
1566844573,215,533,0.4034,1603,0.0001,50
1566898569,209,532,0.3929,1603,0.0002,50
1566952573,215,532,0.4041,1601,0.0002,50
1567006573,213,530,0.4019,1600,0.0002,50
1567063581,211,528,0.3996,1601,0.0001,50
1567117582,213,529,0.4026,1601,0.0001,50
1567171579,213,531,0.4011,1601,0.0001,50
1567226580,217,531,0.4087,1596,0.0001,50
1567280573,210,517,0.4062,1582,0.0001,45
1567334569,211,527,0.4004,1598,0.0001,45
1567391574,212,517,0.4101,1598,0.0001,45
1567445569,211,527,0.4004,1599,0.0001,45
1567499573,206,526,0.3916,1597,0.0001,40
1567553573,211,524,0.4027,1596,0,40
1567608574,206,523,0.3939,1593,0,40
1567664569,209,524,0.3989,1595,-0.0002,45
1567718573,205,524,0.3912,1598,-0.0003,40
1567774568,212,527,0.4023,1598,-0.0003,40
1567828573,211,527,0.4004,1601,-0.0003,40
1567882569,213,529,0.4026,1601,-0.0002,45
1567936573,211,527,0.4004,1601,-0.0002,40
1567992569,215,531,0.4049,1603,-0.0003,40
1568046573,212,529,0.4008,1604,-0.0003,45
1568101890,212,517,0.4101,1579,-0.0003,45
1568158182,212,525,0.4038,1598,-0.0003,40
1568214568,213,516,0.4128,1601,-0.0004,45
1568270568,212,529,0.4008,1601,-0.0004,45
1568325573,200,528,0.3788,1601,-0.0004,45
1568381573,212,528,0.4015,1601,-0.0004,45
1568435567,206,529,0.3894,1601,-0.0004,45
1568489569,213,530,0.4019,1602,-0.0004,45
1568544574,216,532,0.406,1603,-0.0004,50
1568600569,214,530,0.4038,1604,-0.0003,45
1568654573,215,532,0.4041,1603,-0.0003,50
1568710568,212,517,0.4101,1580,-0.0001,50
1568764573,215,529,0.4064,1602,-0.0001,50
1568819573,213,526,0.4049,1592,0.0001,45
1568875573,213,528,0.4034,1600,0.0001,45
1568929569,209,511,0.409,1597,0,40
1568983571,210,522,0.4023,1596,0,40
1569038599,204,523,0.3901,1598,0.0001,40
1569092576,212,524,0.4046,1599,0.0001,40
1569146579,206,523,0.3939,1599,0.0002,40
1569205568,210,524,0.4008,1599,0.0003,45
1569260571,213,525,0.4057,1599,0.0002,45
1569315573,212,524,0.4046,1600,0.0003,40
1569371573,217,531,0.4087,1602,0.0003,45
1569426569,210,526,0.3992,1607,0.0002,45
1569482573,211,525,0.4019,1602,0.0002,45
1569537611,210,522,0.4023,1601,0.0003,45
1569591573,212,525,0.4038,1603,0.0003,50
1569645569,210,513,0.4094,1601,0.0003,50
1569701569,211,522,0.4042,1599,0.0003,45
1569755573,203,518,0.3919,1594,0.0002,45
1569812574,207,516,0.4012,1594,0.0001,50
1569866569,205,521,0.3935,1597,0,50
1569920573,209,519,0.4027,1597,-0.0001,55
1569977330,209,521,0.4012,1598,-0.0001,50
1570031573,210,521,0.4031,1598,0,50
1570089569,204,359,0.5682,1598,-0.0021,55
1570143573,210,511,0.411,1578,-0.0024,50
1570198569,213,525,0.4057,1602,-0.0024,50
1570253574,211,520,0.4058,1585,-0.0025,50
1570308569,210,523,0.4015,1602,-0.0025,50
1570362573,210,513,0.4094,1601,-0.0025,50
1570419569,210,523,0.4015,1601,-0.0025,50
1570473573,205,524,0.3912,1602,-0.0024,50
1570527574,210,523,0.4015,1602,-0.0024,50
1570581569,202,516,0.3915,1596,-0.0025,45
1570635573,207,517,0.4004,1595,-0.0025,45
1570693569,200,520,0.3846,1598,-0.0025,40
1570747573,209,520,0.4019,1598,-0.0026,45
1570801569,208,519,0.4008,1598,-0.0026,40
1570909571,209,517,0.4043,1596,-0.0074,40
1570965816,208,507,0.4103,1578,-0.0072,40
1571021571,208,518,0.4015,1598,-0.0073,40
1571075583,208,508,0.4094,1599,-0.0071,45
1571130571,208,517,0.4023,1600,-0.0071,45
1571184572,210,517,0.4062,1598,-0.0051,50
1571238572,207,517,0.4004,1598,-0.0049,50
1571298537,203,519,0.3911,1599,-0.0048,45
1571352573,208,519,0.4008,1600,-0.0047,50
1571407573,197,514,0.3833,1595,-0.0046,45
1571462568,207,512,0.4043,1592,-0.0046,45
1571516537,207,515,0.4019,1594,-0.0046,45
1571570572,206,513,0.4016,1594,-0.0046,40
1571627569,206,513,0.4016,1594,-0.0046,45
1571681573,206,503,0.4095,1574,-0.0046,45
1571735572,207,514,0.4027,1594,-0.0046,45
1571789572,207,505,0.4099,1574,-0.0045,45
1571843569,206,513,0.4016,1594,-0.0045,45
1571899374,205,503,0.4076,1596,-0.0045,50
1571955734,207,516,0.4012,1597,0.0005,50
1572009578,202,516,0.3915,1598,0.0003,45
1572063578,206,360,0.5722,1597,0.0022,45
1572118579,202,515,0.3922,1597,0.0021,45
1572173572,206,516,0.3992,1598,0.0019,45
1572229569,207,517,0.4004,1600,0.0019,45
1572285572,210,519,0.4046,1600,0.002,45
1572339573,210,519,0.4046,1600,0.0019,50
1572393573,201,514,0.3911,1596,0.0019,50
1572447573,193,511,0.3777,1593,0.0021,50
1572504375,208,505,0.4119,1575,0.0019,45
1572558573,208,517,0.4023,1597,0.0019,45
1572612573,208,506,0.4111,1597,0.0019,50
1572668573,207,515,0.4019,1597,0.0019,45
1572722573,202,514,0.393,1596,0.0019,45
1572777569,206,515,0.4,1598,0.0019,50
1572835569,200,516,0.3876,1598,0.0018,45
1572891112,210,518,0.4054,1598,0.0018,45
1572945573,200,516,0.3876,1600,0.0018,45
1572999577,209,519,0.4027,1599,0.0017,45
1573053581,210,519,0.4046,1600,0.0018,50
1573111376,209,475,0.44,1597,0.0022,55
1573165573,213,523,0.4073,1600,0.0004,50
1573221574,210,509,0.4126,1580,0.0006,50
1573275573,207,515,0.4019,1597,0.0007,50
1573329569,205,499,0.4108,1591,0.0005,45
1573383574,206,511,0.4031,1592,0.0005,45
1573439569,200,511,0.3914,1593,0.0007,40
1573493573,205,510,0.402,1593,0.0006,45
1573547569,202,513,0.3938,1594,0.0004,45
1573601573,206,514,0.4008,1596,0.0005,50
1573657573,202,513,0.3938,1593,0.0006,45
1573713375,206,511,0.4031,1594,0.0006,45
1573767577,206,513,0.4016,1595,0.0006,45
1573821574,209,514,0.4066,1593,0.0006,45
1573876572,208,514,0.4047,1595,0.0006,45
1573933572,207,503,0.4115,1574,0.0006,45
1573987578,206,359,0.5738,1596,0.0013,50
1574046568,205,503,0.4076,1596,0.0014,45
1574100572,207,514,0.4027,1596,0.0014,45
1574154572,206,501,0.4112,1598,0.0014,45
1574208569,207,513,0.4035,1596,0.0011,45
1574264572,198,508,0.3898,1591,0.0009,40
1574320374,205,509,0.4028,1590,0.0008,40
1574374569,198,510,0.3882,1592,0.0006,40
1574429573,207,513,0.4035,1593,0.0007,40
1574484568,207,513,0.4035,1593,0.0007,45
1574539572,206,512,0.4023,1594,0.0005,40
1574593572,208,514,0.4047,1593,0.0005,45
1574653569,208,503,0.4135,1573,0.0003,45
1574707572,207,514,0.4027,1595,0.0003,45
1574761569,209,505,0.4139,1595,0.0002,45
1574817572,207,513,0.4035,1592,0.0002,45
1574872759,202,514,0.393,1594,0.0002,45
1574929261,207,512,0.4043,1593,0.0002,50
1574985569,201,513,0.3918,1593,0.0002,45
1575041571,206,513,0.4016,1594,0.0002,45
1575095572,206,511,0.4031,1593,-0.0004,50
1575151568,205,508,0.4035,1589,-0.0004,50
1575205572,199,501,0.3972,1586,-0.0005,50
1575263569,204,497,0.4105,1567,-0.0005,50
1575317573,203,507,0.4004,1589,-0.0005,50
1575371573,205,497,0.4125,1567,-0.0003,50
1575425573,205,507,0.4043,1587,-0.0002,50
1575481573,204,497,0.4105,1588,0.0001,55
1575537375,203,507,0.4004,1588,0.0001,55
1575591569,198,507,0.3905,1588,0.0003,55
1575645573,203,507,0.4004,1589,0.0003,55
1575699573,208,509,0.4086,1590,0.0003,55
1575756918,206,510,0.4039,1590,0.0003,50
1575810579,203,507,0.4004,1590,0.0004,50
1575868575,203,508,0.3996,1590,0.0004,50
1575922573,205,509,0.4028,1591,0.0004,50
1575976569,205,509,0.4028,1590,0.0004,55
1576030569,204,510,0.4,1591,0.0004,50
1576086573,206,497,0.4145,1567,0.0004,50
1576143369,201,503,0.3996,1583,0.0004,50
1576199572,197,494,0.3988,1585,0.0004,45
1576253569,203,506,0.4012,1586,0.0004,45
1576307573,198,507,0.3905,1586,0.0004,45
1576363569,204,505,0.404,1585,0.0003,45
1576417573,199,507,0.3925,1586,0.0002,45
1576473573,203,507,0.4004,1586,0.0001,50
1576527537,200,502,0.3984,1586,0,45
1576582132,206,510,0.4039,1589,-0.0001,45
1576635572,206,510,0.4039,1590,-0.0001,45
1576689569,205,509,0.4028,1590,-0.0003,40
1576745574,206,510,0.4039,1590,-0.0003,45
1576801580,206,500,0.412,1569,-0.0004,45
1576857568,205,509,0.4028,1589,-0.0003,45
1576912568,205,512,0.4004,1588,-0.0003,45
1576966573,205,510,0.402,1589,-0.0004,50
1577022538,203,505,0.402,1585,-0.0004,50
1577078572,204,503,0.4056,1580,-0.0004,50
1577132569,201,505,0.398,1583,-0.0004,50
1577189569,205,505,0.4059,1583,-0.0004,50
1577243573,195,501,0.3892,1583,-0.0004,55
1577297574,203,504,0.4028,1582,-0.0004,50
1577351574,205,505,0.4059,1582,-0.0003,55
1577408537,203,504,0.4028,1583,-0.0003,55
1577462574,203,504,0.4028,1583,-0.0003,55
1577517574,205,496,0.4133,1565,-0.0001,55
1577625576,204,494,0.413,1563,-0.0061,55
1577684574,202,503,0.4016,1584,-0.0061,55
1577739574,204,504,0.4048,1584,-0.0061,55
1577794580,205,506,0.4051,1585,-0.0062,55
1577848574,195,505,0.3861,1586,-0.006,55
1577902574,203,505,0.402,1585,-0.0059,60
1577956574,198,500,0.396,1579,-0.0058,60
1578014574,201,499,0.4028,1578,-0.0058,55
1578068574,201,501,0.4012,1579,-0.0058,55
1578122569,203,502,0.4044,1581,-0.0058,55
1578176574,203,503,0.4036,1579,-0.0058,50
1578234574,202,497,0.4064,1569,-0.0058,50
1578345568,206,504,0.4087,1602,-0.0062,50
1578399573,210,517,0.4062,1600,-0.0062,45
1578453569,208,501,0.4152,1597,-0.0061,50
1578507569,210,513,0.4094,1592,-0.0061,45
1578561573,202,514,0.393,1595,-0.0061,45
1578619845,209,514,0.4066,1595,-0.0062,45
1578673579,202,513,0.3938,1594,-0.0001,45
1578727573,210,516,0.407,1594,-0.0002,45
1578784541,205,516,0.3973,1596,-0.0002,45
1578838574,209,515,0.4058,1595,-0.0002,40
1578895574,209,512,0.4082,1592,-0.0003,45
1578950538,207,500,0.414,1569,-0.0006,45
1579005539,206,511,0.4031,1591,-0.0006,45
1579059583,209,502,0.4163,1568,-0.0008,45
1579115573,208,510,0.4078,1590,-0.0008,45
1579169573,208,501,0.4152,1589,-0.0009,45
1579226574,208,509,0.4086,1587,-0.0009,45
1579281538,197,509,0.387,1587,-0.0009,45
1579335572,205,509,0.4028,1588,-0.0009,45
1579443573,207,512,0.4043,1590,-0.0009,50
1579499537,207,511,0.4051,1590,-0.0009,50
1579553539,208,511,0.407,1589,-0.001,55
1579609591,208,512,0.4062,1590,-0.001,50
1579663580,208,510,0.4078,1589,-0.0009,50
1579717655,213,514,0.4144,1590,-0.0008,55
1579772572,207,498,0.4157,1566,-0.0006,55
1579829568,204,505,0.404,1583,-0.0006,55
1579883539,204,494,0.413,1581,-0.0004,60
1579937572,205,506,0.4051,1585,-0.0004,60
1579992572,205,506,0.4051,1583,-0.0003,60
1580047537,207,507,0.4083,1584,-0.0003,60
1580103572,205,507,0.4043,1585,-0.0003,60
1580159537,205,506,0.4051,1584,-0.0002,65
1580213568,200,507,0.3945,1585,-0.0001,60
1580267572,206,508,0.4055,1587,0,65
1580321572,206,507,0.4063,1586,0,65
1580375537,206,508,0.4055,1586,-0.0001,60
1580433568,207,510,0.4059,1587,-0.0001,65
1580488572,206,498,0.4137,1566,0.0004,65
1580542569,207,509,0.4067,1587,0.0004,60
1580596573,208,507,0.4103,1589,0.0004,60
1580652438,206,510,0.4039,1589,0.0004,65
1580708569,208,511,0.407,1588,0.0004,65
1580762581,206,507,0.4063,1585,0.0004,60
1580817580,201,507,0.3964,1583,0.0002,55
1580872573,205,508,0.4035,1585,0.0001,60
1580926573,201,510,0.3941,1586,-0.0001,55
1580981573,207,509,0.4067,1585,-0.0001,55
1581038569,207,510,0.4059,1585,-0.0002,50
1581092573,207,511,0.4051,1585,-0.0001,50
1581146573,206,511,0.4031,1586,-0.0001,50
1581200573,208,516,0.4031,1591,-0.0001,45
1581256573,214,516,0.4147,1586,-0.0002,45
1581312573,209,503,0.4155,1568,-0.0003,45
1581367537,209,511,0.409,1585,-0.0003,40
1581421573,181,467,0.3876,1585,-0.0002,45
1581476537,207,508,0.4075,1584,-0.0003,40
1581530573,202,509,0.3969,1585,-0.0002,40
1581584537,208,510,0.4078,1585,-0.0003,40
1581640572,201,506,0.3972,1581,-0.0003,40
1581695804,209,462,0.4524,1577,-0.0001,40
1581749335,195,499,0.3908,1578,-0.0002,40
1581803579,205,505,0.4059,1579,-0.0002,45
1581857571,205,504,0.4067,1579,-0.0002,45
1581915370,205,504,0.4067,1579,-0.0001,45
1581969572,207,508,0.4075,1580,0,50
1582025569,206,495,0.4162,1558,0.0002,50
1582080569,204,505,0.404,1579,0.0002,50
1582134573,205,495,0.4141,1580,0.0001,50
1582190569,206,507,0.4063,1581,0.0001,50
1582246573,199,507,0.3925,1581,0.0002,55
1582300574,206,506,0.4071,1581,0.0001,55
1582355573,207,508,0.4075,1582,0.0002,55
1582409573,206,508,0.4055,1582,0.0003,55
1582463569,200,507,0.3945,1581,0.0004,50
1582519375,206,508,0.4055,1582,0.0003,55
1582573569,207,509,0.4067,1581,0.0003,55
1582627575,205,504,0.4067,1576,0.0003,60
1582681574,204,502,0.4064,1574,0.0003,55
1582737208,206,507,0.4063,1577,0.0003,55
1582791576,207,507,0.4083,1578,0.0001,55
1582848545,205,499,0.4108,1563,0.0002,55
1582903573,206,508,0.4055,1578,0.0002,55
1582958569,208,497,0.4185,1578,0.0003,50
1583012573,208,510,0.4078,1580,0.0003,45
1583068573,201,511,0.3933,1581,0.0002,45
1583124375,206,509,0.4047,1581,0,45
1583178569,203,513,0.3957,1582,-0.0001,45
1583234573,207,510,0.4059,1581,0,50
1583288573,208,511,0.407,1582,0,50
1583342569,208,510,0.4078,1580,-0.0001,50
1583397574,208,510,0.4078,1581,-0.0002,50
1583453569,206,506,0.4071,1576,-0.0001,50
1583507574,204,502,0.4064,1574,-0.0002,50
1583562569,204,491,0.4155,1551,-0.0003,50
1583616573,203,501,0.4052,1572,-0.0003,50
1583670569,204,492,0.4146,1574,-0.0003,45
1583729461,204,502,0.4064,1574,-0.0003,50
1583786613,199,502,0.3964,1573,-0.0003,50
1583841537,204,502,0.4064,1574,-0.0003,50
1583895574,198,502,0.3944,1573,-0.0003,45
1583949573,204,503,0.4056,1573,-0.0004,45
1584004537,207,504,0.4107,1575,-0.0003,50
1584060573,204,505,0.404,1575,-0.0005,50
1584114573,199,500,0.398,1574,-0.0006,45
1584168537,205,504,0.4067,1575,-0.0004,45
1584223574,204,504,0.4048,1574,-0.0004,45
1584277569,204,493,0.4138,1555,-0.0001,50
1584339370,205,504,0.4067,1575,-0.0002,50
1584393568,205,491,0.4175,1572,-0.0003,45
1584447573,203,500,0.406,1569,-0.0003,45
1584556167,204,501,0.4072,1571,0.0058,45
1584612743,201,504,0.3988,1572,0.0058,45
1584668579,205,503,0.4076,1572,0.0058,45
1584725571,203,503,0.4036,1574,0.0059,45
1584779341,205,504,0.4067,1574,0.0059,45
1584833539,205,505,0.4059,1573,0.0059,45
1584887573,204,506,0.4032,1577,0.0059,45
1584945370,206,505,0.4079,1575,0.0059,45
1584999573,205,492,0.4167,1548,0.006,45
1585055538,205,505,0.4059,1575,0.006,45
1585109573,206,492,0.4187,1574,0.006,45
1585163573,208,508,0.4094,1575,0.0061,45
1585217574,200,506,0.3953,1576,0.006,45
1585274575,205,505,0.4059,1574,0.006,45
1585329573,199,500,0.398,1568,0.0059,45
1585383539,203,500,0.406,1567,0.0058,45
1585437539,194,498,0.3896,1570,0.0061,45
1585491577,202,501,0.4032,1570,0.0063,50
1585547343,208,505,0.4119,1569,0.0062,50
1585601773,203,500,0.406,1570,0.0002,50
1585655585,204,501,0.4072,1569,0.0002,50
1585709541,204,491,0.4155,1549,0.0001,50
1585764580,205,503,0.4076,1571,0.0001,50
1585818686,205,501,0.4092,1571,0.0001,50
1585874573,203,503,0.4036,1571,0.0001,55
1585929572,204,493,0.4138,1571,0.0001,55
1585983572,203,502,0.4044,1571,0.0001,55
1586037572,200,500,0.4,1571,0,50
1586091572,205,502,0.4084,1570,0,50
1586145539,198,502,0.3944,1571,-0.0001,50
1586201573,205,498,0.4116,1566,-0.0001,50
1586256573,197,493,0.3996,1565,-0.0002,50
1586366572,204,499,0.4088,1566,-0.0058,50
1586420539,205,501,0.4092,1567,-0.0056,50
1586476572,206,501,0.4112,1567,-0.0056,55
1586531569,204,491,0.4155,1549,-0.0059,50
1586585573,204,499,0.4088,1564,-0.006,50
1586639573,206,493,0.4178,1569,-0.0061,50
1586695580,205,503,0.4076,1571,-0.0061,45
1586749571,208,505,0.4119,1573,-0.0061,50
1586808576,206,506,0.4071,1573,-0.0061,50
1586864572,198,505,0.3921,1574,-0.006,45
1586920574,206,506,0.4071,1574,-0.006,45
1586974573,206,506,0.4071,1574,-0.006,50
1587028573,206,506,0.4071,1574,-0.006,50
1587084573,205,505,0.4059,1573,-0.006,50
1587139569,205,501,0.4092,1568,-0.006,50
1587247569,202,491,0.4114,1549,-0.0081,55
1587302573,204,500,0.408,1569,-0.0081,50
1587358798,203,488,0.416,1566,-0.008,55
1587414537,203,500,0.406,1566,-0.0023,55
1587468537,199,500,0.398,1566,-0.0024,50
1587522573,202,499,0.4048,1568,-0.0024,50
1587576574,194,498,0.3896,1567,-0.0027,45
1587632202,203,500,0.406,1569,-0.0026,50
1587688579,198,501,0.3952,1568,-0.0024,45
1587743582,202,499,0.4048,1569,-0.0023,50
1587799539,210,506,0.415,1568,-0.0024,45
1587853573,205,501,0.4092,1568,-0.0023,45
1587908573,201,499,0.4028,1569,-0.0023,45
1587962573,205,492,0.4167,1551,-0.0024,45
1588018537,204,501,0.4072,1569,-0.0024,40
1588072573,203,489,0.4151,1565,-0.0025,40
1588129567,201,493,0.4077,1561,-0.0025,40
1588183573,204,497,0.4105,1565,-0.0024,40
1588237573,202,498,0.4056,1566,-0.0025,40
1588295537,203,499,0.4068,1567,-0.0002,45
1588349573,203,500,0.406,1566,-0.0003,45
1588403573,195,501,0.3892,1567,-0.0004,40
1588458537,204,499,0.4088,1564,-0.0004,40
1588568221,205,502,0.4084,1570,-0.0063,40
1588624539,206,503,0.4095,1572,-0.0063,45
1588679580,206,494,0.417,1551,-0.0059,50
1588734537,205,503,0.4076,1571,-0.0059,50
1588791569,205,353,0.5807,1571,-0.0083,50
1588847568,206,504,0.4087,1571,-0.0083,50
1588903569,200,504,0.3968,1572,-0.0081,50
1588957574,204,501,0.4072,1570,-0.0081,50
1589012569,204,498,0.4096,1564,-0.0082,55
1589120569,195,498,0.3916,1563,-0.0049,55
1589175574,203,498,0.4076,1566,-0.0049,60
1589232574,208,504,0.4127,1566,-0.0049,55
1589286568,202,497,0.4064,1566,-0.0049,55
1589340569,203,497,0.4085,1564,-0.0049,55
1589394573,204,492,0.4146,1550,-0.0049,60
1589449073,203,499,0.4068,1566,-0.0049,60
1589505416,204,490,0.4163,1547,-0.0047,60
1589559583,204,500,0.408,1569,-0.0047,60
1589613577,204,489,0.4172,1568,0.0014,60
1589669568,203,501,0.4052,1569,0.0014,60
1589723572,198,499,0.3968,1568,0.0012,55
1589777572,203,501,0.4052,1569,0.0011,55
1589835568,197,501,0.3932,1571,0.0013,55
1589890574,203,500,0.406,1570,0.0035,60
1589944573,206,502,0.4104,1569,0.0035,60
1590001574,203,497,0.4085,1564,0.0034,55
1590055573,202,495,0.4081,1562,0.0034,55
1590167569,203,500,0.406,1568,0.0043,50
1590221573,203,496,0.4093,1554,0.0042,50
1590276573,204,500,0.408,1567,0.0042,50
1590330569,202,488,0.4139,1567,0.0042,50
1590385569,203,499,0.4068,1566,0.0042,50
1590443700,200,502,0.3984,1569,0.0042,45
1590498573,205,504,0.4067,1572,0.0041,50
1590552577,201,504,0.3988,1571,0.0041,45
1590608573,205,504,0.4067,1572,0.004,50
1590663569,206,504,0.4087,1571,0.004,50
1590719573,206,505,0.4079,1573,0.0039,45
1590774568,206,505,0.4079,1572,0.004,50
1590828568,205,501,0.4092,1565,0.0041,50
1590882569,205,505,0.4059,1574,0.0041,50
1590938568,208,498,0.4177,1552,0.0038,45
1590992568,99,497,0.1992,1566,0.0064,45
1591048573,203,486,0.4177,1566,0.0064,45
1591104569,204,501,0.4072,1568,0.0064,50
1591159573,197,499,0.3948,1567,0.0065,45
1591213573,204,499,0.4088,1567,0.0024,45
1591267569,199,501,0.3972,1567,0.0025,45
1591323573,202,498,0.4056,1565,0.0025,50
1591379865,204,500,0.408,1567,0.0025,50
1591433573,202,499,0.4048,1568,0.0025,50
1591487571,204,500,0.408,1568,0.0025,50
1591542580,203,500,0.406,1569,0.0025,50
1591596573,209,506,0.413,1569,0.0025,50
1591652573,202,491,0.4114,1551,0.0026,45
1591708572,205,501,0.4092,1570,0.0026,40
1591762573,204,492,0.4146,1570,0.0027,45
1591816573,204,502,0.4064,1571,0.0027,45
1591870569,199,500,0.398,1566,0.0026,40
1591928573,202,496,0.4073,1565,0.0025,40
1591982569,198,500,0.396,1568,0.0024,40
1592037574,204,500,0.408,1566,0.0025,40
1592091573,199,502,0.3964,1568,0,40
1592145573,204,501,0.4072,1568,0.0001,45
1592200573,195,497,0.3924,1568,0.0003,45
1592256569,205,502,0.4084,1569,0.0002,45
1592310573,206,504,0.4087,1571,0.0002,45
1592367482,205,495,0.4141,1554,0.0001,45
1592421869,206,504,0.4087,1573,0.0001,40
1592475585,206,502,0.4104,1573,0,45
1592531579,206,505,0.4079,1573,0,45
1592585573,209,499,0.4188,1574,0.0001,45
1592639573,206,507,0.4063,1576,0.0001,45
1592693569,199,507,0.3925,1575,0,45
1592748569,206,507,0.4063,1576,0,50
1592802573,200,504,0.3968,1571,-0.0001,45
1592858569,205,501,0.4092,1568,-0.0002,45
1592913572,205,503,0.4076,1571,-0.0002,45
1592967573,207,505,0.4099,1573,0,45
1593022573,212,509,0.4165,1572,0.0001,50
1593076573,206,503,0.4095,1572,0.0003,50
1593134573,207,505,0.4099,1574,0.0003,50
1593188573,205,493,0.4158,1554,0,50
1593243573,206,505,0.4079,1576,0,50
1593298568,207,494,0.419,1574,-0.0003,50
1593354768,206,504,0.4087,1574,-0.0003,50
1593408582,200,504,0.3968,1575,-0.0002,45
1593464577,206,504,0.4087,1574,-0.0002,50
1593520569,202,506,0.3992,1575,-0.0001,45
1593574569,204,503,0.4056,1575,-0.0001,50
1593628574,201,501,0.4012,1577,-0.0001,45
1593683569,204,500,0.408,1570,-0.0001,45
1593739574,209,502,0.4163,1568,-0.0001,50
1593793538,204,502,0.4064,1571,0,45
1593847574,206,502,0.4104,1572,0,50
1593902568,204,492,0.4146,1553,0.0001,50
1593957538,205,502,0.4084,1572,0.0001,50
1594011574,205,500,0.41,1573,0.0001,50
1594068574,205,504,0.4067,1575,0.0001,50
1594122574,207,505,0.4099,1576,0,50
1594176574,207,506,0.4091,1577,0,50
1594230574,201,507,0.3964,1577,0.0002,50
1594284569,208,507,0.4103,1577,0.0003,50
1594340373,201,506,0.3972,1578,0.0004,50
1594396225,207,507,0.4083,1578,0.0005,55
1594450581,209,508,0.4114,1579,0.0005,55
1594504576,208,507,0.4103,1579,0.0004,50
1594560580,207,505,0.4099,1575,0.0004,50
1594614571,206,503,0.4095,1574,0.0003,45
1594670569,210,509,0.4126,1575,0.0003,50
1594726568,206,501,0.4112,1559,0.0003,45
1594782538,205,503,0.4076,1574,0.0003,45
1594836539,207,494,0.419,1574,0.0003,45
1594892568,204,503,0.4056,1576,0.0003,45
1594948375,200,503,0.3976,1575,0.0002,40
1595004538,205,503,0.4076,1574,0.0002,45
1595058573,200,503,0.3976,1574,0.0001,40
1595112572,205,503,0.4076,1574,0.0001,40
1595166539,197,503,0.3917,1577,-0.0001,40
1595220539,206,504,0.4087,1576,-0.0001,45
1595276572,206,503,0.4095,1574,-0.0001,45
1595336579,206,494,0.417,1556,-0.0004,40
1595391573,206,505,0.4079,1577,-0.0004,40
1595447541,204,490,0.4163,1572,-0.0006,40
1595501573,204,499,0.4088,1570,-0.0006,40
1595557341,206,499,0.4128,1572,-0.0006,40
1595613568,203,499,0.4068,1572,-0.0006,45
1595667572,194,499,0.3888,1572,-0.0005,45
1595721572,102,501,0.2036,1573,0.0003,40
1595775572,196,499,0.3928,1572,0.0004,45
1595834539,205,502,0.4084,1574,0.0004,45
1595890572,210,507,0.4142,1576,0.0004,50
1595945572,205,503,0.4076,1576,0.0003,45
1595999572,180,508,0.3543,1577,0.0001,50
1596053569,206,496,0.4153,1559,0.0002,45
1596107569,204,505,0.404,1579,0.0002,45
1596163375,207,507,0.4083,1580,0.0003,45
1596220761,208,508,0.4094,1582,0.0003,50
1596275366,201,508,0.3957,1582,0.0004,50
1596329573,208,499,0.4168,1563,0.0005,45
1596385573,210,512,0.4102,1580,0.0005,45
1596439571,204,501,0.4072,1575,0.0006,50
1596497568,204,502,0.4064,1574,0.0006,45
1596552568,206,505,0.4079,1579,0.0007,50
1596606572,203,493,0.4118,1560,0.0007,50
1596716569,207,507,0.4083,1579,0.0053,50
1596772375,209,497,0.4205,1559,0.0051,55
1596828568,207,505,0.4099,1577,0.0043,50
1596882573,207,496,0.4173,1579,0.0043,50
1596936573,206,506,0.4071,1579,0.0043,50
1596991569,201,506,0.3972,1580,0.0043,50
1597045571,206,506,0.4071,1580,0.0043,50
1597103741,204,507,0.4024,1581,0.0044,50
1597157581,208,508,0.4094,1580,0.0044,50
1597211577,197,505,0.3901,1581,0.0043,50
1597266584,208,508,0.4094,1582,0.0043,50
1597320771,205,502,0.4084,1576,0.0043,45
1597376375,204,499,0.4088,1573,0.0045,50
1597433569,206,504,0.4087,1576,0.0044,50
1597487573,205,493,0.4158,1557,0.0044,50
1597541539,204,502,0.4064,1577,0.0045,55
1597595572,206,500,0.412,1576,0.0044,50
1597652502,205,502,0.4084,1576,0.0044,50
1597708569,198,502,0.3944,1577,0.0045,45
1597764573,206,504,0.4087,1578,0,45
1597818589,200,510,0.3922,1580,0.0001,45
1597872574,208,508,0.4094,1581,0.0002,50
1597927573,195,505,0.3861,1580,0.0003,45
1597984379,207,508,0.4075,1582,0.0003,45
1598041867,213,514,0.4144,1582,0.0003,50
1598095570,208,509,0.4086,1584,0.0003,45
1598203579,208,501,0.4152,1565,-0.001,45
1598259573,208,493,0.4219,1550,-0.0009,50
1598315567,212,502,0.4223,1580,-0.0007,50
1598369539,207,507,0.4083,1579,-0.0007,55
1598425538,201,509,0.3949,1582,-0.0008,50
1598482573,208,509,0.4086,1582,-0.0009,55
1598538572,202,509,0.3969,1582,-0.001,50
1598594341,210,511,0.411,1584,-0.0011,50
1598650538,209,510,0.4098,1582,-0.0011,50
1598705568,207,508,0.4075,1583,-0.0011,50
1598759574,209,513,0.4074,1585,-0.0011,45
1598813569,209,512,0.4082,1585,-0.0012,50
1598869573,214,514,0.4163,1582,-0.0013,50
1598925611,207,501,0.4132,1565,-0.0014,45
1598981136,207,507,0.4083,1581,-0.0014,45
1599034581,207,494,0.419,1581,-0.0015,45
1599090573,206,508,0.4055,1582,-0.0015,45
1599144573,203,508,0.3996,1583,-0.0015,45
1599200375,207,507,0.4083,1580,-0.0015,45
1599256569,200,503,0.3976,1576,-0.0002,45
1599310574,204,504,0.4048,1577,-0.0002,45
1599367569,199,500,0.398,1578,-0.0004,40
1599421573,206,503,0.4095,1575,-0.0004,40
1599475569,205,503,0.4076,1577,-0.0005,40
1599531573,205,502,0.4084,1573,-0.0003,45
1599587568,206,506,0.4071,1580,-0.0003,40
1599641687,205,493,0.4158,1557,-0.0001,40
1599695574,206,507,0.4063,1582,-0.0002,40
1599749569,207,497,0.4165,1581,-0.0003,40
1599806371,207,508,0.4075,1583,-0.0003,40
1599862212,202,509,0.3969,1584,-0.0001,40
1599916575,209,512,0.4082,1586,-0.0001,40
1599970576,204,511,0.3992,1585,0,40
1600027571,210,514,0.4086,1587,0,40
1600081573,210,513,0.4094,1587,0,45
1600137569,210,513,0.4094,1585,0.0001,45
1600192574,203,505,0.402,1582,0.0001,45
1600246574,206,508,0.4055,1581,0.0001,50
1600300573,214,517,0.4139,1584,0.0001,50
1600354573,208,516,0.4031,1593,0.0001,50
1600408573,209,511,0.409,1585,0.0001,50
1600465569,208,503,0.4135,1586,0.0002,50
1600524573,207,510,0.4059,1584,0.0002,55
1600579573,204,514,0.3969,1587,0.0001,50
1600633573,209,514,0.4066,1588,0.0001,55
1600687573,205,515,0.3981,1588,0,50
1600743569,210,515,0.4078,1588,-0.0002,50
1600801119,210,515,0.4078,1589,-0.0001,55
1600855575,210,514,0.4086,1587,0,55
1600909574,210,513,0.4094,1587,0,60
1600969605,209,502,0.4163,1566,-0.0003,60
1601028375,208,509,0.4086,1582,-0.0003,60
1601083574,205,493,0.4158,1578,-0.0004,60
1601137569,204,504,0.4048,1578,-0.0004,60
1601191573,91,510,0.1784,1580,0.0008,55
1601245573,207,508,0.4075,1581,0.0008,55
1601301570,210,505,0.4158,1580,0.0008,55
1601357573,206,507,0.4063,1580,0.0008,55
1601411573,203,503,0.4036,1579,0.0008,50
1601466573,205,506,0.4051,1582,0.0008,55
1601522147,212,513,0.4133,1582,0.0008,55
1601577573,207,508,0.4075,1582,0.0008,50
1601633342,212,512,0.4141,1581,0.0008,55
1601687573,207,481,0.4304,1558,0.0011,55
1601744527,211,513,0.4113,1583,0.0012,55
1601799101,206,485,0.4247,1560,0.0015,55
1601852767,208,509,0.4086,1583,0.0015,50
1601906580,203,508,0.3996,1582,0.0014,50
1601965570,204,504,0.4048,1578,0.0014,50
1602020573,200,502,0.3984,1576,0.0016,45
1602131569,207,509,0.4067,1582,0.0083,45
1602187574,206,508,0.4055,1582,0.0084,40
1602246046,207,509,0.4067,1582,0.0084,45
1602299538,208,498,0.4177,1562,0.0071,45
1602353570,209,511,0.409,1584,0.0071,45
1602409538,209,500,0.418,1584,0.0071,45
1602463569,209,513,0.4074,1586,0.0071,45
1602518938,213,512,0.416,1585,0.0071,45
1602575539,209,512,0.4082,1586,0.0071,45
1602633574,205,513,0.3996,1587,0.0071,45
1602688313,209,513,0.4074,1587,0.0071,45
1602744569,206,510,0.4039,1588,0.007,40
1602799574,208,511,0.407,1587,0.0068,45
1602855574,207,509,0.4067,1584,0.0068,40
1602910574,207,509,0.4067,1585,0.0066,45
1602964539,208,509,0.4086,1583,0.0066,45
1603018658,208,498,0.4177,1562,0.0068,50
1603074538,209,511,0.409,1583,0.0068,50
1603136538,201,507,0.3964,1582,0.0068,50
1603196569,208,506,0.4111,1580,0.0001,50
1603250539,201,506,0.3972,1582,0.0002,55
1603304572,208,508,0.4094,1583,0.0002,50
1603360578,209,512,0.4082,1586,0.0002,50
1603414582,210,513,0.4094,1587,0.0002,50
1603472572,209,510,0.4098,1585,0.0002,55
1603527576,208,500,0.416,1565,0.0002,55
1603585568,208,510,0.4078,1586,0.0002,55
1603643575,208,499,0.4168,1584,0.0002,55
1603698572,210,509,0.4126,1582,0.0002,55
1603754371,201,505,0.398,1580,0.0002,55
1603809575,204,504,0.4048,1579,0.0002,55
1603864569,201,506,0.3972,1580,0.0002,55
1603918537,206,506,0.4071,1580,0.0002,55
1603972572,208,506,0.4111,1580,0.0002,55
1604026537,206,506,0.4071,1580,0.0002,55
1604083572,206,507,0.4063,1580,0.0002,50
1604142578,209,500,0.418,1563,0.0002,50
1604197578,209,511,0.409,1585,0.0002,50
1604251572,209,506,0.413,1585,0,50
1604307572,209,512,0.4082,1586,0,50
1604364375,212,511,0.4149,1586,-0.0002,50
1604418569,209,512,0.4082,1587,-0.0002,55
1604472572,200,514,0.3891,1589,0,50
1604528568,209,512,0.4082,1588,0,50
1604583569,199,512,0.3887,1587,0.0001,45
1604638572,208,509,0.4086,1583,0.0001,45
1604696568,212,512,0.4141,1579,0.0001,50
1604750572,208,510,0.4078,1583,0.0001,50
1604804572,210,512,0.4102,1584,0.0001,50
1604858569,207,496,0.4173,1559,0.0001,50
1604912572,208,509,0.4086,1583,0.0001,50
1604971784,208,508,0.4094,1584,0.0002,50
1605025758,209,510,0.4098,1584,0.0003,55
1605082568,208,509,0.4086,1583,0.0002,50
1605136572,209,512,0.4082,1585,0.0002,50
1605190572,210,512,0.4102,1585,0.0003,55
1605244572,208,510,0.4078,1584,0.0001,50
1605302568,183,506,0.3617,1583,0.0008,50
1605356573,208,511,0.407,1584,0.0009,55
1605410573,210,511,0.411,1585,0.0009,55
1605466573,207,507,0.4083,1582,0.0009,50
1605520572,207,505,0.4099,1578,0.0009,55
1605576376,205,494,0.415,1557,0.0007,55
1605632537,206,504,0.4087,1578,0.0007,55
1605686573,204,495,0.4121,1581,0.0007,55
1605740570,206,506,0.4071,1580,0.0007,55
1605794573,207,495,0.4182,1579,0.0007,55
1605848570,206,505,0.4079,1579,0.0007,55
1605904573,199,504,0.3948,1579,0.0006,50
1605961581,206,506,0.4071,1582,0.0006,55
1606016579,207,513,0.4035,1583,0.0006,50
1606072589,208,510,0.4078,1583,0.0005,50
1606126573,209,509,0.4106,1583,0.0005,50
1606183480,207,508,0.4075,1583,0.0005,55
1606242568,206,500,0.412,1570,0.0006,50
1606297684,105,505,0.2079,1562,-0.002,55
1606351573,207,509,0.4067,1585,-0.002,55
1606409569,212,502,0.4223,1583,-0.0029,50
1606463573,207,504,0.4107,1578,-0.0029,50
1606519573,202,506,0.3992,1578,-0.0028,50
1606573572,208,507,0.4103,1580,-0.0028,45
1606627570,201,508,0.3957,1583,-0.0027,45
1606682572,207,507,0.4083,1581,-0.0027,50
1606737570,206,507,0.4063,1581,-0.0026,45
1606795669,207,507,0.4083,1580,-0.0026,45
1606849718,208,509,0.4086,1582,-0.0026,50
1606903572,209,510,0.4098,1583,-0.0026,50
1606959539,214,515,0.4155,1585,-0.0026,55
1607013572,208,498,0.4177,1559,-0.0026,55
1607067572,210,510,0.4118,1585,-0.0026,55
1607125537,208,496,0.4194,1585,-0.0025,55
1607179572,209,511,0.409,1586,-0.0025,55
1607233572,211,517,0.4081,1584,-0.0025,50
1607289569,209,512,0.4082,1585,-0.0025,55
1607343573,201,507,0.3964,1583,-0.0027,50
1607399573,206,505,0.4079,1579,-0.0001,50
1607454574,206,503,0.4095,1576,-0.0001,55
1607509569,206,506,0.4071,1579,0.0002,60
1607563573,208,507,0.4103,1580,0.0002,60
1607617573,207,506,0.4091,1580,0.0001,60
1607671569,207,506,0.4091,1578,0.0001,60
1607728573,207,493,0.4199,1553,-0.0001,60
1607785584,207,506,0.4091,1579,-0.0001,60
1607839646,203,491,0.4134,1579,-0.0002,60
1607893577,208,506,0.4111,1581,-0.0002,55
1607949573,200,506,0.3953,1580,-0.0002,55
1608006569,207,506,0.4091,1581,-0.0002,55
1608062573,200,506,0.3953,1581,-0.0002,50
1608116572,206,506,0.4071,1582,-0.0002,55
1608170569,202,502,0.4024,1583,-0.0002,50
1608225574,206,508,0.4055,1583,-0.0003,55
1608280490,208,509,0.4086,1583,-0.0003,55
1608336574,206,505,0.4079,1579,-0.0003,55
1608392573,211,508,0.4154,1576,-0.0002,55
1608446573,205,483,0.4244,1534,0.0001,55
1608500569,212,512,0.4141,1581,0.0002,50
1608554573,207,497,0.4165,1581,0.0003,55
1608611569,208,508,0.4094,1581,0.0002,55
1608667226,203,509,0.3988,1583,0.0004,55
1608722837,208,508,0.4094,1582,0.0004,50
1608777516,202,511,0.3953,1585,0.0005,50
1608832568,209,512,0.4082,1585,0.0006,55
1608887574,209,512,0.4082,1586,0.0006,55
1608945568,211,512,0.4121,1585,0.0006,55
1608999574,208,510,0.4078,1584,0.0006,55
1609053572,208,511,0.407,1584,0.0006,55
1609107570,214,515,0.4155,1583,0.0006,55
1609163568,208,499,0.4168,1562,0.0006,55
1609219572,208,506,0.4111,1578,0.0006,55
1609277570,207,504,0.4107,1576,0.0006,50
1609331572,207,506,0.4091,1579,0.0007,45
1609385569,202,508,0.3976,1579,0.0006,50
1609439572,207,508,0.4075,1580,0.0006,50
1609493569,201,506,0.3972,1579,0.0004,45
1609552698,206,505,0.4079,1579,0.0002,50
1609606554,208,508,0.4094,1580,0.0002,50
1609661572,208,508,0.4094,1580,0.0001,50
1609717569,207,509,0.4067,1582,0.0001,50
1609771569,194,513,0.3782,1583,0.0004,50
1609832573,206,508,0.4055,1582,0.0004,50
1609886573,208,498,0.4177,1581,0.0002,50
1609942569,208,509,0.4086,1581,0.0002,45
1609996573,202,509,0.3969,1583,0.0003,45
1610050572,208,510,0.4078,1583,0.0003,50
1610104573,198,507,0.3905,1580,0.0004,50
1610161569,207,505,0.4099,1574,0.0003,50
1610215573,198,505,0.3921,1577,0.0004,45
1610269569,209,507,0.4122,1580,0.0004,45
1610325318,209,509,0.4106,1580,0.0004,50
1610379576,208,509,0.4086,1581,0.0004,50
1610437478,208,510,0.4078,1581,0.0003,45
1610491579,208,498,0.4177,1560,0.0005,45
1610548275,208,510,0.4078,1581,0.0005,45
1610602573,208,501,0.4152,1583,0.0007,45
1610658314,209,471,0.4437,1500,0.0011,45
1610713572,209,516,0.405,1582,0.001,45
1610769572,210,511,0.411,1582,0.001,45
1610828568,203,511,0.3973,1583,0.0012,45
1610882568,211,513,0.4113,1583,0.0007,45
1610938567,210,513,0.4094,1585,0.0007,45
1610992578,203,504,0.4028,1565,0.0008,45
1611049571,208,507,0.4103,1577,0.0008,45
1611103568,207,503,0.4115,1570,0.0007,45
1611157570,208,508,0.4094,1578,0.0007,45
1611214574,209,509,0.4106,1581,0.0006,45
1611268576,208,510,0.4078,1581,0.0007,45
1611327568,213,507,0.4201,1579,0.0006,45
1611383568,208,508,0.4094,1577,0.0006,50
1611439567,202,509,0.3969,1580,0.0006,50
1611493572,206,508,0.4055,1580,0.0006,55
1611547568,196,505,0.3881,1581,0.0005,50
1611605567,191,508,0.376,1579,0.0002,50
1611661565,209,509,0.4106,1579,0.0002,50
1611715572,208,509,0.4086,1579,0.0002,45
1611771572,213,514,0.4144,1579,-0.0002,45
1611828572,207,509,0.4067,1578,-0.0002,45
1611882568,208,509,0.4086,1579,-0.0002,45
1611936572,208,499,0.4168,1579,-0.0005,40
1611993154,205,501,0.4092,1572,-0.0004,45
1612047578,199,503,0.3956,1574,-0.0003,45
1612101570,206,504,0.4087,1575,-0.0003,45
1612157567,201,506,0.3972,1576,-0.0002,40
1612212572,206,506,0.4071,1576,-0.0002,45
1612269759,206,507,0.4063,1577,-0.0002,40
1612324572,207,506,0.4091,1577,-0.0002,40
1612378572,207,508,0.4075,1577,-0.0002,40
1612433572,207,498,0.4157,1558,-0.0002,40
1612488572,214,515,0.4155,1579,-0.0002,40
1612544687,99,459,0.2157,1560,-0.0006,40
1612602572,208,510,0.4078,1580,-0.0006,40
1612657572,210,512,0.4102,1581,-0.0005,45
1612711572,209,513,0.4074,1582,-0.0002,45
1612765572,203,511,0.3973,1582,-0.0004,45
1612821568,208,513,0.4055,1583,-0.0004,45
1612879145,201,510,0.3941,1582,-0.0006,45
1612933569,209,509,0.4106,1579,-0.0006,40
1612987579,208,507,0.4103,1576,-0.0005,40
1613041577,208,509,0.4086,1577,-0.0004,45
1613097568,208,509,0.4086,1578,-0.0004,45
1613151571,209,501,0.4172,1559,-0.0007,45
1613209565,207,510,0.4059,1579,-0.0006,45
1613263571,207,498,0.4157,1577,-0.0008,45
1613320369,208,509,0.4086,1577,-0.0008,45
1613375568,203,511,0.3973,1580,-0.0007,45
1613429571,208,510,0.4078,1580,-0.0007,45
1613485568,209,511,0.409,1580,-0.0007,50
1613540572,208,510,0.4078,1581,-0.0007,50
1613594573,197,507,0.3886,1577,-0.0008,45
1613648572,207,510,0.4059,1580,-0.0003,50
1613702572,209,511,0.409,1580,-0.0003,50
1613758572,208,510,0.4078,1580,-0.0003,45
1613818358,205,504,0.4067,1575,-0.0003,45
1613872573,205,494,0.415,1554,-0.0002,45
1613928567,207,506,0.4091,1576,-0.0002,45
1613982568,207,357,0.5798,1576,0.0019,45
1614036572,206,506,0.4071,1576,0.0019,50
1614092568,201,508,0.3957,1578,0.0017,45
1614149571,207,507,0.4083,1576,0.0017,45
1614205567,202,508,0.3976,1577,0.0018,40
1614263573,207,509,0.4067,1579,0.0019,40
1614319567,210,510,0.4118,1579,0.0019,45
1614375374,184,511,0.3601,1580,0.0023,45
1614429572,209,512,0.4082,1581,0.0024,45
1614483568,211,501,0.4212,1558,0.0022,45
1614537572,210,513,0.4094,1582,0.0022,40
1614591798,208,500,0.416,1559,0.0022,45
1614647538,209,513,0.4074,1583,0.0022,45
1614703572,213,503,0.4235,1580,0.0022,45
1614759581,207,508,0.4075,1576,0.0022,45
1614813571,201,509,0.3949,1577,0.0022,45
1614867568,207,510,0.4059,1580,0.0022,50
1614921572,203,512,0.3965,1580,0.0021,45
1614978370,208,510,0.4078,1578,0.002,50
1615032572,210,512,0.4102,1579,0.0021,50
1615086572,208,511,0.407,1579,0.0001,50
1615140567,204,507,0.4024,1580,0,45
1615197567,209,510,0.4098,1580,0.0002,50
1615252568,215,516,0.4167,1580,0.0001,50
1615309573,208,508,0.4094,1568,0,45
1615364573,209,511,0.409,1580,-0.0001,45
1615418573,208,500,0.416,1580,-0.0001,45
1615472568,208,510,0.4078,1580,-0.0005,45
1615526568,202,511,0.3953,1581,-0.0004,40
1615582374,207,507,0.4083,1576,-0.0003,45
1615638580,201,506,0.3972,1575,-0.0003,40
1615692575,206,506,0.4071,1574,-0.0003,45
1615746572,201,502,0.4004,1576,-0.0003,40
1615802570,207,507,0.4083,1577,-0.0003,40
1615856572,208,509,0.4086,1578,-0.0003,45
1615912568,206,507,0.4063,1577,-0.0002,40
1615968571,207,506,0.4091,1576,-0.0002,45
1616022568,207,498,0.4157,1560,-0.0001,45
1616076572,209,509,0.4106,1577,-0.0001,40
1616131573,207,499,0.4148,1578,0,45
1616188369,207,508,0.4075,1579,0,45
1616242572,202,510,0.3961,1580,-0.0001,45
1616298568,208,509,0.4086,1579,-0.0001,45
1616353572,203,510,0.398,1580,0.0002,50
1616407572,206,509,0.4047,1581,0.0002,55
1616462568,201,513,0.3918,1582,0.0004,50
1616520120,208,509,0.4086,1578,0.0005,50
1616573654,211,509,0.4145,1573,0.0004,55
1616627574,205,505,0.4059,1575,0.0004,55
1616681576,206,508,0.4055,1577,0.0004,50
1616737568,209,499,0.4188,1558,0.0003,50
1616794374,207,509,0.4067,1578,0.0003,50
1616848572,209,501,0.4172,1580,0.0003,50
1616904572,209,510,0.4098,1578,0.0003,45
1616958566,204,511,0.3992,1578,0.0003,50
1617012567,208,512,0.4062,1580,0.0003,50
1617066571,205,514,0.3988,1581,0.0002,45
1617123571,206,511,0.4031,1582,0.0001,50
1617177572,204,512,0.3984,1581,0,45
1617231571,210,513,0.4094,1582,0,45
1617289572,209,514,0.4066,1582,0,45
1617343572,210,513,0.4094,1581,0.0001,45
1617399374,209,512,0.4082,1581,0.0001,45
1617453572,209,498,0.4197,1555,-0.0002,40
1617507572,207,508,0.4075,1575,-0.0002,40
1617565580,207,497,0.4165,1579,-0.0005,40
1617619570,207,509,0.4067,1580,-0.0005,40
1617677579,210,506,0.415,1577,-0.0005,40
1617733573,207,508,0.4075,1577,-0.0005,40
1617792095,202,508,0.3976,1577,-0.0005,40
1617845569,207,508,0.4075,1577,-0.0004,40
1617899571,208,510,0.4078,1580,-0.0004,45
1617956571,207,509,0.4067,1580,-0.0004,45
1618012369,208,509,0.4086,1579,-0.0004,45
1618066572,208,504,0.4127,1569,-0.0004,45
1618122568,209,510,0.4098,1578,-0.0004,45
1618177902,208,504,0.4127,1578,-0.0003,45
1618231571,206,504,0.4087,1574,-0.0003,45
1618285568,205,491,0.4175,1571,-0.0001,45
1618344458,206,505,0.4079,1574,-0.0001,45
1618398574,199,506,0.3933,1574,-0.0003,45
1618452317,205,504,0.4067,1576,-0.0003,50
1618507576,200,505,0.396,1574,-0.0005,45
1618561572,206,503,0.4095,1574,-0.0003,45
1618617370,206,506,0.4071,1574,-0.0003,45
1618673676,206,505,0.4079,1575,-0.0002,45
1618727572,209,509,0.4106,1576,-0.0003,50
1618781572,206,506,0.4071,1577,-0.0002,50
1618836568,211,511,0.4129,1576,-0.0002,50
1618891567,208,498,0.4177,1556,-0.0003,50
1618947568,206,509,0.4047,1578,-0.0003,50
1619002572,208,499,0.4168,1579,-0.0003,50
1619056568,209,510,0.4098,1579,-0.0003,45
1619110572,200,505,0.396,1575,-0.0004,45
1619164568,207,505,0.4099,1572,-0.0004,45
1619220369,207,504,0.4107,1573,-0.0004,50
1619274572,207,493,0.4199,1573,-0.0003,50
1619328568,202,507,0.3984,1573,-0.0004,50
1619384261,207,507,0.4083,1576,-0.0005,50
1619438492,207,508,0.4075,1576,-0.0005,50
1619492570,208,507,0.4103,1576,-0.0003,50
1619549567,208,509,0.4086,1576,-0.0003,50
1619603572,208,499,0.4168,1557,0,55
1619657568,209,511,0.409,1578,0,55
1619712573,208,505,0.4119,1561,0,55
1619767568,207,509,0.4067,1577,0,55
1619823375,208,498,0.4177,1577,-0.0001,55
1619879567,207,508,0.4075,1577,-0.0001,55
1619933567,199,510,0.3902,1577,0.0001,50
1619987572,207,507,0.4083,1576,0.0001,50
1620041572,199,505,0.3941,1572,0.0002,50
1620097571,205,505,0.4059,1574,0.0002,55
1620153566,201,502,0.4004,1574,0.0002,50
1620207573,206,506,0.4071,1574,0.0002,55
1620261568,203,502,0.4044,1574,0.0002,50
1620316570,207,506,0.4091,1574,0.0002,50
1620372432,211,511,0.4129,1575,0.0002,50
1620428382,207,492,0.4207,1550,0.0003,50
1620483579,207,507,0.4083,1575,0.0003,50
1620537572,207,497,0.4165,1576,0.0004,50
1620592570,194,506,0.3834,1576,0.0001,55
1620646570,202,508,0.3976,1577,0,55
1620703072,208,508,0.4094,1576,-0.0002,55
1620758572,201,509,0.3949,1578,0,55
1620814568,207,508,0.4075,1578,0.0001,55
1620868572,208,509,0.4086,1578,0.0001,60
1620922572,207,505,0.4099,1574,0.0002,60
1620979567,208,505,0.4119,1570,0.0001,65
1621035374,206,504,0.4087,1571,0,60
1621089572,206,505,0.4079,1574,0,60
1621143568,208,497,0.4185,1554,-0.0001,60
1621197570,206,505,0.4079,1574,-0.0001,60
1621251572,207,497,0.4165,1575,-0.0001,60
1621309451,207,508,0.4075,1575,-0.0001,60
1621366578,200,506,0.3953,1576,-0.0001,60
1621423570,207,508,0.4075,1576,-0.0001,60
1621477572,203,509,0.3988,1577,-0.0002,55
1621531568,207,508,0.4075,1578,-0.0003,60
1621587568,209,511,0.409,1578,-0.0003,60
1621643374,207,509,0.4067,1577,-0.0004,55
1621699568,208,510,0.4078,1577,-0.0001,55
1621756572,206,500,0.412,1558,0.0001,55
1621812568,208,511,0.407,1579,0,55
1621866572,210,500,0.42,1579,-0.0003,50
1621920568,207,506,0.4091,1573,-0.0003,45
1621976572,198,504,0.3929,1572,-0.0002,45
1622030568,206,506,0.4071,1573,-0.0001,45
1622088330,201,508,0.3957,1575,0,45
1622142944,208,508,0.4094,1575,0,45
1622196578,198,507,0.3905,1575,0.0001,45
1622256381,206,507,0.4063,1575,0.0001,50
1622310571,206,506,0.4071,1576,0.0001,50
1622364571,206,508,0.4055,1576,0.0001,50
1622418568,212,514,0.4125,1577,0.0001,50
1622474567,207,498,0.4157,1556,0.0002,50
1622528571,206,506,0.4071,1576,0.0002,50
1622585568,207,498,0.4157,1576,0.0003,50
1622640572,206,508,0.4055,1576,0.0003,50
1622694571,202,510,0.3961,1579,0.0002,50
1622748571,209,511,0.409,1579,0.0002,45
1622804572,211,509,0.4145,1578,0.0003,45
1622860374,204,503,0.4056,1572,0.0002,50
1622914572,201,496,0.4052,1566,0.0001,45
1622968572,206,504,0.4087,1573,0.0003,50
1623022572,206,505,0.4079,1574,0.0003,45
1623078386,206,506,0.4071,1575,0.0002,45
1623132742,206,505,0.4079,1574,0.0002,45
1623190571,206,500,0.412,1562,0,45
1623244572,206,508,0.4055,1576,0,45
1623299568,205,497,0.4125,1577,-0.0001,45
1623355566,207,510,0.4059,1578,-0.0001,45
1623409567,206,509,0.4047,1578,-0.0001,45
1623465370,206,503,0.4095,1566,-0.0001,45
1623520568,216,513,0.4211,1578,-0.0001,40
1623574573,208,509,0.4086,1578,-0.0001,40
1623629569,197,471,0.4183,1557,0,40
1623683573,213,516,0.4128,1579,-0.0001,40
1623739568,208,511,0.407,1580,0,40
1623795572,207,508,0.4075,1575,0.0001,45
1623849569,206,505,0.4079,1572,0,45
1623903568,207,497,0.4165,1552,0.0001,45
1623958286,206,507,0.4063,1575,0.0001,45
1624014289,206,507,0.4063,1575,0.0001,50
1624070516,206,507,0.4063,1576,0.0001,55
1624127572,210,506,0.415,1574,0,55
1624181572,205,506,0.4051,1575,0.0001,55
1624235568,196,503,0.3897,1573,0.0002,50
1624290567,205,506,0.4051,1575,0.0003,55
1624345535,201,507,0.3964,1575,0.0004,50
1624401572,207,507,0.4083,1576,0.0004,50
1624457536,195,507,0.3846,1577,0.0005,55
1624511568,205,505,0.4059,1576,0.0005,55
1624565568,207,506,0.4091,1576,0.0005,55
1624619535,206,510,0.4039,1582,0.0004,55
1624677374,207,505,0.4099,1572,0.0004,55
1624731576,203,496,0.4093,1569,0.0004,55
1624785568,205,504,0.4067,1571,0.0004,55
1624839568,207,493,0.4199,1568,0.0005,50
1624893570,204,503,0.4056,1573,0.0004,50
1624947568,199,504,0.3948,1574,0.0003,45
1625005568,204,505,0.404,1576,0.0002,50
1625059579,200,504,0.3968,1574,0.0001,45
1625115566,207,506,0.4091,1575,0.0001,45
1625169567,205,506,0.4051,1576,0.0001,45
1625223572,206,507,0.4063,1576,0.0002,45
1625279373,211,512,0.4121,1577,0.0001,50
1625335569,206,512,0.4023,1586,0,50
1625390574,209,511,0.409,1579,0,50
1625444568,205,498,0.4116,1558,-0.0001,50
1625499571,207,511,0.4051,1580,-0.0001,50
1625553571,206,499,0.4128,1580,-0.0002,50
1625609568,206,507,0.4063,1576,-0.0002,50
1625664568,200,505,0.396,1574,-0.0002,50
1625718571,207,508,0.4075,1577,-0.0002,50
1625775568,201,509,0.3949,1578,-0.0002,50
1625829572,206,509,0.4047,1578,-0.0002,55
1625885337,200,503,0.3976,1579,-0.0003,50
1625939535,207,505,0.4099,1571,-0.0004,50
1625993538,206,508,0.4055,1577,-0.0004,50
1626048604,208,510,0.4078,1579,-0.0002,50
1626102571,208,511,0.407,1580,-0.0002,50
1626156544,208,507,0.4103,1573,0,50
1626213536,207,511,0.4051,1579,-0.0001,50
1626267574,210,508,0.4134,1579,-0.0002,45
1626323149,207,509,0.4067,1578,-0.0002,45
1626378567,209,510,0.4098,1579,-0.0002,45
1626432571,206,508,0.4055,1578,-0.0002,45
1626488371,199,504,0.3948,1574,-0.0001,40
1626543567,204,503,0.4056,1573,-0.0001,40
1626597572,200,505,0.396,1575,0,40
1626651568,206,506,0.4071,1576,0,40
1626706573,206,507,0.4063,1576,0,40
1626762573,206,507,0.4063,1576,0,45
1626819573,203,504,0.4028,1574,0,40
1626875568,203,492,0.4126,1552,0,40
1626929570,204,505,0.404,1576,0,40
1626985329,206,508,0.4055,1577,0.0001,45
1627039573,205,506,0.4051,1578,0.0001,45
1627095379,206,497,0.4145,1579,0.0001,40
1627152568,206,496,0.4153,1577,0.0002,45
1627206571,198,498,0.3976,1559,0.0001,45
1627261578,208,509,0.4086,1579,0.0001,45
1627320568,205,507,0.4043,1580,0.0001,45
1627379568,204,503,0.4056,1574,0.0002,50
1627435571,204,503,0.4056,1573,0.0002,50
1627492567,206,496,0.4153,1556,0.0001,50
1627547571,206,507,0.4063,1577,0.0001,50
1627601571,207,500,0.414,1580,0,50
1627656568,206,508,0.4055,1578,0,50
1627714214,201,507,0.3964,1575,0,50
1627768729,210,476,0.4412,1578,-0.0002,50
1627823578,206,515,0.4,1578,-0.0002,50
1627881572,208,512,0.4062,1580,-0.0002,50
1627936572,206,512,0.4023,1582,-0.0002,50
1627990572,207,512,0.4043,1582,-0.0002,50
1628046568,207,512,0.4043,1582,-0.0002,55
1628100572,209,518,0.4035,1592,-0.0002,55
1628154572,211,515,0.4097,1584,-0.0002,55
1628208568,208,503,0.4135,1564,-0.0002,55
1628264571,208,510,0.4078,1580,-0.0002,50
1628378222,206,508,0.4055,1577,-0.007,50
1628432568,200,509,0.3929,1580,-0.0072,50
1628486571,207,510,0.4059,1580,-0.0072,45
1628540568,199,506,0.3933,1578,-0.007,45
1628594571,206,509,0.4047,1580,-0.0069,50
1628651965,207,509,0.4067,1579,-0.0069,50
1628705573,206,507,0.4063,1579,-0.0069,45
1628759576,204,506,0.4032,1580,-0.0068,45
1628813572,205,508,0.4035,1580,-0.0069,50
1628871571,206,509,0.4047,1580,-0.0067,50
1628927751,206,497,0.4145,1558,-0.0068,50
1628983568,206,510,0.4039,1581,-0.0068,50
1629037572,206,498,0.4137,1580,-0.0068,50
1629091572,206,509,0.4047,1581,-0.0068,45
1629145568,200,508,0.3937,1580,-0.0068,50
1629201571,204,504,0.4048,1575,-0.0068,50
1629257572,198,502,0.3944,1572,-0.0069,45
1629313573,204,504,0.4048,1575,-0.007,50
1629367573,205,505,0.4059,1574,-0.007,50
1629421572,204,504,0.4048,1577,-0.0002,50
1629475572,211,510,0.4137,1576,-0.0001,50
1629531572,205,505,0.4059,1576,0.0001,50
1629585572,205,506,0.4051,1577,0.0001,50
1629641807,205,497,0.4125,1560,-0.0001,50
1629695578,208,509,0.4086,1579,-0.0001,45
1629749584,206,497,0.4145,1579,-0.0002,50
1629805567,205,508,0.4035,1580,-0.0002,50
1629861572,201,510,0.3941,1581,-0.0001,50
1629916572,207,510,0.4059,1582,-0.0001,45
1629972571,208,512,0.4062,1583,-0.0002,50
1630026572,208,512,0.4062,1584,-0.0001,50
1630080572,199,511,0.3894,1583,-0.0001,50
1630136568,208,509,0.4086,1582,-0.0001,50
1630191568,207,507,0.4083,1578,-0.0001,50
1630245572,207,509,0.4067,1579,-0.0001,45
1630354573,207,500,0.414,1560,-0.0031,45
1630408573,207,508,0.4075,1579,-0.003,40
1630464573,208,511,0.407,1578,-0.003,40
1630518568,207,510,0.4059,1581,-0.003,40
1630572573,201,499,0.4028,1579,-0.0032,40
1630626568,208,510,0.4078,1579,-0.0031,40
1630683085,200,508,0.3937,1580,-0.003,40
1630738579,207,508,0.4075,1581,-0.0029,45
1630795568,201,508,0.3957,1581,-0.0028,40
1630849568,206,510,0.4039,1583,-0.0027,40
1630903573,208,511,0.407,1581,-0.0027,45
1630960568,206,508,0.4055,1581,-0.0028,45
1631014573,205,506,0.4051,1580,-0.0028,40
1631071573,204,500,0.408,1568,-0.0028,35
1631125573,203,501,0.4052,1573,-0.0028,35
1631233573,205,506,0.4051,1578,-0.0023,40
1631289568,206,495,0.4162,1579,-0.0023,40
1631345573,205,505,0.4059,1578,-0.0023,40
1631399573,200,504,0.3968,1577,0.0008,40
1631455568,203,502,0.4044,1577,0.0007,45
1631509573,199,504,0.3948,1578,0.0006,45
1631565219,204,505,0.404,1580,0.0006,50
1631619951,207,508,0.4075,1580,0.0006,50
1631676579,207,509,0.4067,1581,0.0006,50
1631731568,201,503,0.3996,1582,0.0005,45
1631785577,208,509,0.4086,1583,0.0003,40
1631839567,212,515,0.4117,1583,0.0003,45
1631893573,205,497,0.4125,1562,0.0001,45
1632006573,206,496,0.4153,1577,0.0054,45
1632063573,204,502,0.4064,1575,0.0053,45
1632117569,200,507,0.3945,1579,0.0054,45
1632171573,206,508,0.4055,1581,0.0054,45
1632225573,200,508,0.3937,1581,0.0054,45
1632282568,207,510,0.4059,1581,0.005,45
1632337572,208,511,0.407,1582,0.005,50
1632391568,207,509,0.4067,1581,0.005,45
1632446287,210,513,0.4094,1582,0.005,50
1632500570,209,511,0.409,1583,0.005,45
1632558580,213,516,0.4128,1583,0.0051,50
1632612570,194,499,0.3888,1561,0.0051,50
1632668571,207,510,0.4059,1583,0.0051,50
1632722572,206,500,0.412,1581,0.0051,50
1632776572,207,509,0.4067,1582,0.0051,50
1632834567,202,509,0.3969,1583,0.0051,50
1632890568,206,505,0.4079,1578,0.0051,50
1632947573,195,501,0.3892,1575,0.0054,45
1633002568,204,504,0.4048,1577,0.0055,45
1633056571,205,505,0.4059,1578,0.0001,50
1633110572,206,505,0.4079,1579,0.0002,50
1633169568,203,501,0.4052,1578,0.0002,50
1633223573,206,496,0.4153,1558,0.0001,50
1633277568,205,504,0.4067,1578,0,50
1633332572,206,504,0.4087,1578,0,50
1633386572,207,507,0.4083,1579,0,45
1633442776,204,495,0.4121,1581,0,50
1633498574,205,505,0.4059,1580,0,50
1633552570,200,505,0.396,1579,0,50
1633608571,205,506,0.4051,1580,-0.0001,50
1633662572,203,508,0.3996,1580,-0.0001,45
1633716568,206,508,0.4055,1581,0,50
1633772572,209,511,0.409,1582,0,50
1633826572,205,353,0.5807,1577,0.0019,50
1633880572,200,498,0.4016,1574,0.0019,50
1633934572,205,505,0.4059,1577,0.002,55
1633991568,207,507,0.4083,1578,0.002,55
1634045572,205,494,0.415,1557,0.0017,55
1634101568,207,506,0.4091,1579,0.0016,50
1634157572,206,496,0.4153,1579,0.0015,50
1634211572,206,506,0.4071,1578,0.0015,50
1634265568,201,508,0.3957,1580,0.0016,50
1634321820,208,510,0.4078,1582,0.0016,50
1634379307,203,510,0.398,1582,0.0017,50
1634433581,207,509,0.4067,1582,0.0017,55
1634487576,208,510,0.4078,1583,0.0017,55
1634542583,208,508,0.4094,1581,0.0017,55
1634596572,206,509,0.4047,1582,0.0017,55
1634650568,206,509,0.4047,1582,0.0017,60
1634707573,206,508,0.4055,1580,0.0017,60
1634762572,205,492,0.4167,1555,0.0018,60
1634816568,204,502,0.4064,1574,0.0018,60
1634873567,204,494,0.413,1577,0.0019,60
1634928572,204,504,0.4048,1577,-0.0001,55
1634984572,199,505,0.3941,1578,-0.0002,55
1635039571,205,504,0.4067,1577,-0.0002,55
1635093572,201,505,0.398,1578,-0.0001,55
1635147572,206,505,0.4079,1578,0,60
1635202568,199,500,0.398,1578,0.0001,55
1635256572,206,505,0.4079,1578,0.0002,55
1635313751,211,511,0.4129,1580,0.0002,60
1635367578,204,505,0.404,1580,0.0001,60
1635421581,206,507,0.4063,1580,0.0001,60
1635475572,205,495,0.4141,1560,0.0001,60
1635531569,205,505,0.4059,1580,0.0001,60
1635587568,207,498,0.4157,1581,0.0001,55
1635642573,205,502,0.4084,1576,0.0001,55
1635697572,201,500,0.402,1574,0.0001,55
1635751568,205,501,0.4092,1574,0.0001,50
1635805568,196,503,0.3897,1577,0,50
1635859573,204,502,0.4064,1577,-0.0001,55
1635915568,202,503,0.4016,1577,-0.0001,50
1635969571,205,503,0.4076,1578,-0.0002,50
1636023571,205,505,0.4059,1579,-0.0002,50
1636078568,206,505,0.4079,1579,0,50
1636134572,200,500,0.4,1581,-0.0001,50
1636190568,205,506,0.4051,1581,-0.0002,50
1636244568,207,507,0.4083,1578,-0.0002,50
1636298537,207,497,0.4165,1559,-0.0004,50
1636352540,206,506,0.4071,1581,-0.0004,50
1636408580,208,499,0.4168,1583,-0.0004,50
1636462546,206,508,0.4055,1582,-0.0004,50
1636520567,201,509,0.3949,1585,-0.0004,45
1636574572,207,509,0.4067,1583,-0.0003,45
1636628571,200,504,0.3968,1578,-0.0003,45
1636684537,205,505,0.4059,1579,-0.0003,50
1636738568,200,502,0.3984,1579,-0.0003,50
1636794572,206,508,0.4055,1581,-0.0003,50
1636850538,209,509,0.4106,1580,-0.0003,50
1636904568,206,506,0.4071,1581,-0.0002,45
1636958538,204,505,0.404,1580,-0.0002,45
1637012572,205,494,0.415,1559,-0.0001,45
1637066538,207,507,0.4083,1581,-0.0001,45
1637123568,205,495,0.4141,1582,0,45
1637177572,205,505,0.4059,1580,-0.0001,45
1637231572,211,499,0.4228,1581,0.0003,50
1637285404,206,506,0.4071,1582,0.0002,50
1637339572,201,508,0.3957,1582,0.0004,45
1637398744,207,508,0.4075,1583,0.0005,45
1637453572,202,508,0.3976,1582,0.0006,45
1637508569,205,353,0.5807,1577,-0.0008,45
1637562572,203,501,0.4052,1575,-0.0008,45
1637616572,202,500,0.404,1576,-0.0008,45
1637670572,202,502,0.4024,1577,-0.0008,40
1637728568,204,493,0.4138,1557,-0.0008,40
1637782571,204,503,0.4056,1577,-0.0008,40
1637836845,204,491,0.4155,1554,-0.0008,40
1637892567,204,502,0.4064,1578,-0.0008,40
1637946572,205,495,0.4141,1580,-0.0008,40
1638002370,205,506,0.4051,1580,-0.0008,40
1638058571,201,508,0.3957,1582,-0.0009,40
1638112572,206,506,0.4071,1582,-0.0009,45
1638166572,199,506,0.3933,1582,-0.0011,40
1638221568,206,507,0.4063,1582,-0.0012,40
1638275572,207,507,0.4083,1582,-0.0011,45
1638332662,206,509,0.4047,1583,-0.0014,40
1638387052,208,509,0.4086,1582,-0.0014,40
1638440572,205,505,0.4059,1579,-0.0015,40
1638497572,208,506,0.4111,1575,-0.0016,40
1638551570,205,495,0.4141,1558,-0.0017,45
1638607374,205,507,0.4043,1580,-0.0003,45
1638663568,205,496,0.4133,1580,-0.0003,45
1638717572,205,507,0.4043,1581,-0.0003,45
1638771568,201,507,0.3964,1580,-0.0003,45
1638827568,202,506,0.3992,1580,-0.0003,50
1638881568,200,507,0.3945,1581,-0.0003,45
1638937572,207,508,0.4075,1580,-0.0003,45
1638993571,205,506,0.4051,1581,-0.0003,45
1639047572,206,507,0.4063,1580,-0.0003,45
1639101572,206,506,0.4071,1580,-0.0003,50
1639155572,205,506,0.4051,1581,-0.0002,50
1639212370,205,506,0.4051,1581,-0.0003,50
1639269091,206,507,0.4063,1581,-0.0001,55
1639322571,207,505,0.4099,1579,-0.0001,50
1639376578,204,488,0.418,1575,0,55
1639430578,203,501,0.4052,1575,0,55
1639489573,205,503,0.4076,1578,0.0001,55
1639545568,203,504,0.4028,1579,0.0001,55
1639600572,198,502,0.3944,1577,0.0003,50
1639656568,203,504,0.4028,1578,0.0004,55
1639710572,205,503,0.4076,1577,0.0004,55
1639764572,102,503,0.2028,1577,0.0018,55
1639821374,204,504,0.4048,1579,0.0018,55
1639875572,205,505,0.4059,1580,0.0018,55
1639930572,215,516,0.4167,1581,0.0017,60
1639986570,205,491,0.4175,1553,0.0017,60
1640041572,205,506,0.4051,1581,0.0017,65
1640095568,206,497,0.4145,1581,0.0017,60
1640151974,206,506,0.4071,1580,0.0017,60
1640205568,201,507,0.3964,1581,0.0017,60
1640259355,203,502,0.4044,1577,0.0017,60
1640315849,207,502,0.4124,1577,0.0017,55
1640369582,205,505,0.4059,1580,0.0017,55
1640426373,202,502,0.4024,1580,0.0016,50
1640480571,206,506,0.4071,1581,0.0015,50
1640536571,206,507,0.4063,1582,0.0015,50
1640593571,205,505,0.4059,1580,0.0015,50
1640647571,205,508,0.4035,1583,0.0015,50
1640701568,206,498,0.4137,1564,0.0013,50
1640757567,206,508,0.4055,1583,0.0013,50
1640812573,102,497,0.2052,1584,0.003,45
1640867572,206,506,0.4071,1582,0.0016,45
1640921572,200,508,0.3937,1583,0.0016,45
1640976571,205,505,0.4059,1583,0.0016,45
1641032374,210,507,0.4142,1582,0.0016,45
1641086572,206,506,0.4071,1581,0.0016,40
1641140572,196,502,0.3904,1576,0.0016,40
1641194572,203,501,0.4052,1575,0.0016,45
1641249572,205,504,0.4067,1579,0.0016,45
1641305367,205,504,0.4067,1579,0.0017,45
1641361577,204,503,0.4056,1579,0.0017,45
1641418567,205,492,0.4167,1557,0.0017,45
1641473568,203,502,0.4044,1578,0.0017,45
1641527571,203,493,0.4118,1579,0.0018,45
1641584566,205,504,0.4067,1579,0.0018,45
1641640373,199,504,0.3948,1580,0.0016,45
1641696568,204,504,0.4048,1580,0.0016,45
1641750571,201,506,0.3972,1580,0.0017,45
1641805572,204,504,0.4048,1580,0.0018,50
1641862572,205,505,0.4059,1581,0.0018,50
1641916568,204,504,0.4048,1580,0.0002,50
1641972568,198,496,0.3992,1577,0.0002,45
1642026568,202,503,0.4016,1581,0.0002,50
1642081430,207,504,0.4107,1575,0.0002,50
1642138109,204,503,0.4056,1577,0.0002,50
1642191580,205,502,0.4084,1578,0.0002,50
1642247406,204,491,0.4155,1578,0.0002,50
1642303571,201,505,0.398,1579,0.0002,50
1642358572,195,494,0.3947,1579,0.0001,45
1642412572,205,506,0.4051,1581,0.0001,50
1642468571,199,508,0.3917,1582,0,45
1642522572,206,507,0.4063,1583,0,45
1642578572,207,508,0.4075,1582,0,50
1642634571,206,507,0.4063,1582,-0.0001,50
1642688572,206,508,0.4055,1583,-0.0001,45
1642742572,206,508,0.4055,1583,0.0001,50
1642797573,210,512,0.4102,1583,0,50
1642853374,205,493,0.4158,1557,-0.0003,50
1642907568,203,501,0.4052,1575,-0.0003,50
1642961572,205,494,0.415,1578,-0.0003,50
1643015568,205,506,0.4051,1580,-0.0004,50
1643069570,208,505,0.4119,1580,-0.0004,50
1643123572,203,501,0.4052,1577,-0.0005,50
1643180574,198,502,0.3944,1577,-0.0004,50
1643234574,204,504,0.4048,1580,-0.0004,50
1643288576,199,503,0.3956,1579,-0.0004,45
1643344571,205,505,0.4059,1580,-0.0004,45
1643398572,205,504,0.4067,1581,-0.0004,50
1643452572,204,504,0.4048,1581,-0.0003,50
1643509568,205,505,0.4059,1581,-0.0003,50
1643563572,205,503,0.4076,1577,-0.0002,50
1643617572,205,504,0.4067,1581,-0.0002,50
1643671572,206,494,0.417,1560,-0.0001,50
1643727568,202,498,0.4056,1575,-0.0001,50
1643783572,203,487,0.4168,1572,0,50
1643841567,202,499,0.4048,1575,0,50
1643895567,192,499,0.3848,1576,0.0004,50
1643949568,201,498,0.4036,1576,0.0005,55
1644003568,196,498,0.3936,1574,0.0007,50
1644057572,202,500,0.404,1577,0.0008,55
1644115178,202,499,0.4048,1576,0.0008,55
1644169577,203,501,0.4052,1578,0.0008,60
1644223579,204,502,0.4064,1579,0.0008,60
1644277571,204,502,0.4064,1579,0.0008,60
1644333568,206,354,0.5819,1580,0.0004,65
1644389571,203,490,0.4143,1555,0.0003,60
1644443568,204,505,0.404,1582,0.0003,60
1644499571,206,495,0.4162,1583,0.0004,60
1644553571,204,504,0.4048,1583,0.0004,60
1644607571,200,506,0.3953,1583,0.0003,55
1644661568,204,503,0.4056,1583,0.0003,60
1644717571,200,500,0.4,1577,0.0002,55
1644771568,203,501,0.4052,1579,0.0001,60
1644828568,203,504,0.4028,1581,0.0001,55
1644882572,204,503,0.4056,1581,-0.0001,55
1644936572,205,505,0.4059,1583,0,60
1644992568,205,504,0.4067,1582,-0.0004,55
1645046568,204,503,0.4056,1581,-0.0004,55
1645100570,203,492,0.4126,1560,-0.0006,55
1645156732,205,504,0.4067,1581,-0.0006,50
1645210578,203,498,0.4076,1569,-0.0006,50
1645264576,204,501,0.4072,1581,-0.0007,45
1645321572,207,500,0.414,1581,-0.0007,45
1645375566,204,502,0.4064,1581,-0.0007,45
1645432573,193,503,0.3837,1583,-0.0003,45
1645486572,205,503,0.4076,1582,-0.0002,45
1645540572,199,505,0.3941,1584,-0.0003,45
1645596572,202,499,0.4048,1580,-0.0003,45
1645652567,204,499,0.4088,1576,-0.0003,50
1645706572,181,494,0.3664,1578,-0.0004,50
1645760572,203,498,0.4076,1578,-0.0004,50
1645870567,209,506,0.413,1581,-0.0052,50
1645927571,202,501,0.4032,1580,-0.0052,50
1645982568,202,499,0.4048,1579,-0.0052,50
1646036571,201,489,0.411,1582,-0.0051,50
1646092870,202,502,0.4024,1582,-0.005,55
1646146577,196,495,0.396,1572,-0.0049,50
1646204567,203,502,0.4044,1583,-0.0048,55
1646258571,199,503,0.3956,1585,-0.0047,50
1646312571,205,504,0.4067,1584,-0.0047,55
1646366571,205,504,0.4067,1584,-0.0047,55
1646422567,205,504,0.4067,1585,-0.0047,55
1646476571,204,504,0.4048,1586,-0.0046,55
1646533568,203,498,0.4076,1577,-0.0047,55
1646587572,204,501,0.4072,1582,-0.0047,55
1646641571,202,489,0.4131,1561,-0.0047,55
1646695571,203,503,0.4036,1584,-0.0047,55
1646750568,203,493,0.4118,1585,-0.0047,55
1646807567,203,503,0.4036,1585,-0.0045,55
1646861568,197,504,0.3909,1586,-0.0046,50
1646915568,204,501,0.4072,1583,0.0003,55
1646969568,205,504,0.4067,1587,0.0002,50
1647024568,203,504,0.4028,1586,0.0002,50
1647082572,205,505,0.4059,1587,0.0002,50
1647141567,205,506,0.4051,1588,0.0002,45
1647195572,204,503,0.4056,1586,0.0001,45
1647249572,203,505,0.402,1589,0,45
1647306568,203,503,0.4036,1586,0,45
1647360573,203,492,0.4126,1565,-0.0001,45
1647416572,206,506,0.4071,1588,-0.0001,40
1647473568,202,500,0.404,1585,-0.0001,40
1647527572,202,499,0.4048,1583,-0.0001,40
1647581568,195,498,0.3916,1583,0,40
1647636573,203,500,0.406,1584,0,45
1647690572,197,498,0.3956,1582,0,40
1647747572,204,500,0.408,1585,0,40
1647802568,203,501,0.4052,1585,0,40
1647856571,202,498,0.4056,1583,-0.0001,40
1647910687,204,502,0.4064,1586,0,45
1647964571,203,502,0.4044,1587,0.0001,45
1648022577,203,502,0.4044,1588,0,50
1648076578,203,339,0.5988,1562,0.0019,50
1648131576,204,501,0.4072,1587,0.002,45
1648185571,204,494,0.413,1589,0.002,50
1648239571,202,503,0.4016,1589,0.002,50
1648294572,197,503,0.3917,1591,0.0022,55
1648352568,204,504,0.4048,1591,0.0022,50
1648408572,197,501,0.3932,1587,0.0023,50
1648465568,203,501,0.4052,1586,0.0023,55
1648519575,202,501,0.4032,1586,0.0024,55
1648576571,205,504,0.4067,1590,0.0024,50
1648632568,203,502,0.4044,1589,0.0024,50
1648686568,203,491,0.4134,1567,0.0023,50
1648740568,204,505,0.404,1591,0.0023,50
1648794571,204,506,0.4032,1589,0.0023,50
1648849089,203,504,0.4028,1592,0.0023,50
1648908379,204,506,0.4032,1594,0.0023,50
1648962577,204,506,0.4032,1595,0.0023,50
1649018569,195,506,0.3854,1596,0.0022,50
1649074571,205,506,0.4051,1595,0.0022,45
1649129571,199,502,0.3964,1596,0.0021,45
1649186568,205,507,0.4043,1596,0.0002,50
1649244568,200,501,0.3992,1595,0.0001,45
1649302567,100,490,0.2041,1569,-0.0026,45
1649356571,199,498,0.3996,1588,-0.0026,45
1649410572,202,494,0.4089,1593,-0.0028,40
1649466572,191,482,0.3963,1574,-0.0027,40
1649523369,170,468,0.3632,1595,-0.0024,40
1649580571,204,503,0.4056,1593,-0.0024,40
1649634568,200,503,0.3976,1593,-0.0024,40
1649688570,203,502,0.4044,1593,-0.0023,45
1649744586,191,498,0.3835,1595,-0.0022,40
1649798571,203,504,0.4028,1596,-0.0022,45
1649857568,209,510,0.4098,1597,-0.0022,45
1649911571,204,506,0.4032,1600,-0.0022,45
1649965572,207,509,0.4067,1598,-0.0022,45
1650021809,204,492,0.4146,1571,-0.0022,45
1650077571,204,505,0.404,1598,-0.0022,45
1650133373,204,493,0.4138,1595,-0.002,45
1650187572,202,500,0.404,1592,-0.002,45
1650241567,198,502,0.3944,1593,-0.002,45
1650295568,202,500,0.404,1594,-0.0021,45
1650349571,198,503,0.3936,1597,-0.0021,45
1650405567,202,502,0.4024,1597,0.0004,45
1650462572,201,503,0.3996,1598,0.0004,45
1650516568,203,505,0.402,1598,0.0005,45
1650570571,204,506,0.4032,1599,0.0004,50
1650624571,206,507,0.4063,1599,-0.0001,50
1650679749,205,507,0.4043,1601,0,50
1650733454,205,497,0.4125,1579,-0.0002,50
1650790546,206,507,0.4063,1601,-0.0002,50
1650845778,208,510,0.4078,1605,-0.0003,50
1650899571,204,510,0.4,1604,-0.0003,50
1650953572,209,502,0.4163,1604,-0.0003,50
1651008572,204,505,0.404,1599,-0.0003,50
1651064571,198,505,0.3921,1597,-0.0003,45
1651118572,204,506,0.4032,1600,-0.0003,50
1651175537,195,506,0.3854,1600,-0.0004,45
1651229567,204,506,0.4032,1599,-0.0005,50
1651283571,204,507,0.4024,1600,-0.0005,45
1651340203,203,503,0.4036,1598,-0.0004,50
1651398568,204,504,0.4048,1599,-0.0004,50
1651452572,205,497,0.4125,1582,-0.0002,50
1651506572,204,506,0.4032,1601,-0.0002,50
1651560575,205,503,0.4076,1602,-0.0001,55
1651614572,204,506,0.4032,1600,-0.0001,55
1651670570,208,502,0.4143,1599,-0.0002,50
1651725715,205,505,0.4059,1599,-0.0002,50
1651779578,199,349,0.5702,1601,-0.0018,50
1651833574,201,499,0.4028,1596,-0.0018,55
1651887575,196,498,0.3936,1594,-0.0017,50
1651941582,202,489,0.4131,1596,-0.0017,50
1651997570,203,501,0.4052,1596,-0.0017,50
1652051572,202,501,0.4032,1597,-0.0017,50
1652105572,202,501,0.4032,1597,-0.0017,50
1652159572,204,504,0.4048,1597,-0.0017,50
1652215568,202,503,0.4016,1598,-0.0017,50
1652272572,202,493,0.4097,1579,-0.0016,50
1652328568,204,505,0.404,1601,-0.0016,50
1652385567,205,495,0.4141,1600,-0.0015,50
1652439571,204,505,0.404,1601,-0.0015,50
1652493571,200,507,0.3945,1602,-0.0016,45
1652549567,204,506,0.4032,1604,-0.0017,50
1652605571,200,507,0.3945,1604,-0.0018,45
1652659568,206,508,0.4055,1605,-0.0019,45
1652713572,199,500,0.398,1601,-0.0018,45
1652767773,204,504,0.4048,1599,-0.0017,50
1652824580,203,504,0.4028,1600,-0.0016,45
1652884570,203,494,0.4109,1582,-0.0001,45
1652938572,203,506,0.4012,1603,-0.0001,45
1652992572,205,502,0.4084,1586,-0.0002,50
1653047572,205,506,0.4051,1602,-0.0001,50
1653103572,208,496,0.4194,1603,-0.0002,50
1653157572,203,506,0.4012,1603,-0.0002,50
1653215568,202,507,0.3984,1604,-0.0002,45
1653269572,205,507,0.4043,1604,-0.0002,45
1653323572,200,506,0.3953,1605,-0.0002,45
1653379572,206,508,0.4055,1606,-0.0002,45
1653436567,206,507,0.4063,1605,-0.0002,50
1653492572,205,507,0.4043,1606,-0.0002,45
1653546568,204,505,0.404,1606,-0.0002,45
1653600572,202,491,0.4114,1581,-0.0001,45
1653654568,202,500,0.404,1599,-0.0001,45
1653709745,202,503,0.4016,1600,0,45
1653763574,203,503,0.4036,1602,0,45
1653819576,203,491,0.4134,1603,-0.0002,40
1653875572,204,503,0.4056,1603,-0.0002,40
1653930566,198,502,0.3944,1602,-0.0001,40
1653984572,202,502,0.4024,1603,-0.0001,40
1654040567,197,502,0.3924,1604,0,40
1654096567,203,504,0.4028,1606,0.0001,45
1654151573,203,504,0.4028,1606,0.0001,45
1654205568,204,505,0.404,1607,0.0001,45
1654260572,204,506,0.4032,1607,0.0001,45
1654314572,204,506,0.4032,1609,0.0001,50
1654370571,209,512,0.4082,1609,0.0001,50
1654426572,204,508,0.4016,1607,0.0001,50
1654480568,207,508,0.4075,1611,0.0001,45
1654534570,206,496,0.4153,1608,0.0002,50
1654588572,203,503,0.4036,1604,0.0002,55
1654642539,198,502,0.3944,1604,0.0001,50
1654698571,204,504,0.4048,1606,0,50
1654752578,205,506,0.4051,1609,0.0001,55
1654806581,203,504,0.4028,1609,0.0001,55
1654863572,199,506,0.3933,1610,-0.0001,50
1654920568,205,506,0.4051,1611,0,55
1654976572,205,508,0.4035,1613,0.0001,50
1655032568,204,506,0.4032,1609,0,45
1655088567,206,511,0.4031,1616,0,45
1655143626,205,507,0.4043,1615,-0.0001,45
1655197572,207,512,0.4043,1616,-0.0001,40
1655253567,206,498,0.4137,1617,-0.0002,40
1655309573,207,512,0.4043,1617,-0.0002,40
1655363568,200,511,0.3914,1619,-0.0002,40
1655417568,206,510,0.4039,1618,-0.0002,40
1655477591,202,506,0.3992,1617,-0.0002,40
1655531576,204,506,0.4032,1613,-0.0002,40
1655585578,203,506,0.4012,1615,-0.0002,35
1655642572,206,510,0.4039,1617,-0.0003,35
1655696572,205,509,0.4028,1617,-0.0003,35
1655750574,205,497,0.4125,1595,-0.0001,35
1655804572,204,508,0.4016,1617,-0.0002,35
1655860572,203,506,0.4012,1617,-0.0002,35
1655916571,203,507,0.4004,1617,-0.0002,30
1655973567,199,509,0.391,1619,-0.0003,30
1656027567,207,511,0.4051,1621,-0.0003,30
1656081572,195,507,0.3846,1619,0,35
1656135568,205,509,0.4028,1620,0,40
1656191572,199,507,0.3925,1620,0.0001,35
1656247566,205,509,0.4028,1620,0.0001,40
1656303568,206,508,0.4055,1619,0.0001,40
1656358454,204,506,0.4032,1618,0.0001,40
1656415574,201,500,0.402,1612,0.0002,35
1656475567,201,500,0.402,1607,0.0001,40
1656531571,200,501,0.3992,1612,0.0001,40
1656587568,205,506,0.4051,1615,0.0001,35
1656641572,203,505,0.402,1615,0.0001,35
1656695568,197,505,0.3901,1616,0.0001,35
1656749572,203,504,0.4028,1617,0.0001,35
1656805568,197,504,0.3909,1618,0,35
1656861571,203,506,0.4012,1618,-0.0001,40
1656916571,205,355,0.5775,1620,0.0016,40
1656971568,203,506,0.4012,1620,0.0016,40
1657026571,205,508,0.4035,1622,0.0017,45
1657080568,204,506,0.4032,1622,0.0019,45
1657136568,205,509,0.4028,1622,0.0019,45
1657190576,204,500,0.408,1603,0.0016,45
1657244571,207,510,0.4059,1622,0.0015,45
1657300572,205,497,0.4125,1622,0.0014,45
1657354584,205,506,0.4051,1618,0.0013,45
1657408576,198,502,0.3944,1615,0.0014,45
1657467568,204,507,0.4024,1619,0.0014,45
1657521573,200,508,0.3937,1621,0.0014,45
1657575574,204,508,0.4016,1622,0.0014,45
1657631571,202,507,0.3984,1620,0.0014,45
1657685572,102,507,0.2012,1620,0.0013,45
1657741568,200,503,0.3976,1621,0.0013,45
1657797572,204,499,0.4088,1603,0.0014,45
1657852572,205,510,0.402,1622,0.0013,45
1657906568,207,502,0.4124,1602,0.0015,45
1657963568,206,510,0.4039,1623,0.0015,45
1658018568,205,499,0.4108,1622,-0.0001,45
1658076570,206,509,0.4047,1622,-0.0001,40
1658130568,208,509,0.4086,1621,0,45
1658186218,206,500,0.412,1601,0.0001,50
1658240988,204,502,0.4064,1600,0.0001,50
1658295575,209,508,0.4114,1614,0,50
1658351576,204,505,0.404,1616,0,50
1658405567,203,506,0.4012,1618,0.0002,50
1658459571,203,504,0.4028,1616,0.0002,50
1658516568,173,487,0.3552,1597,0.0004,50
1658570572,205,507,0.4043,1617,0.0004,50
1658624572,202,501,0.4032,1603,0.0004,45
1658681568,203,505,0.402,1616,0.0004,45
1658735572,203,494,0.4109,1617,0.0004,50
1658789572,203,506,0.4012,1617,0.0005,45
1658847568,203,507,0.4004,1617,0.0005,45
1658901572,203,505,0.402,1617,0.0005,45
1658960572,195,505,0.3861,1616,0.0004,45
1659014568,190,486,0.3909,1617,0.0003,50
1659070580,200,502,0.3984,1619,0.0002,50
1659124570,203,504,0.4028,1617,0.0002,55
1659178576,203,501,0.4052,1611,0.0002,55
1659234567,201,491,0.4094,1592,0.0002,55
1659290573,202,503,0.4016,1614,0,50
1659344568,203,495,0.4101,1616,0,50
1659400567,203,504,0.4028,1616,0.0001,50
1659456567,197,505,0.3901,1616,0.0002,50
1659514572,203,504,0.4028,1615,0.0002,50
1659572568,102,506,0.2016,1616,0.0019,50
1659626568,204,506,0.4032,1616,0.0016,50
1659680572,186,473,0.3932,1616,0.0016,50
1659735568,204,508,0.4016,1617,0.0016,55
1659790571,204,508,0.4016,1618,0.0016,55
1659844571,203,511,0.3973,1625,0.0016,55
1659900568,205,508,0.4035,1619,0.0016,55
1659954568,206,496,0.4153,1593,0.0017,55
1660008571,207,510,0.4059,1619,0.0017,55
1660064850,204,496,0.4113,1617,0.0018,55
1660118577,203,505,0.402,1616,0.0019,50
1660176570,201,509,0.3949,1618,0.0019,50
1660230571,204,507,0.4024,1618,0.0019,50
1660287572,200,508,0.3937,1618,0.0017,45
1660341571,205,507,0.4043,1618,0.0017,45
1660396568,206,508,0.4055,1616,0.0017,50
1660450571,204,507,0.4024,1617,0.0018,55
1660506571,204,508,0.4016,1619,0.0019,50
1660560571,204,512,0.3984,1627,0.0018,50
1660614571,209,513,0.4074,1620,0.0017,50
1660669568,205,498,0.4116,1598,0,50
1660723571,205,507,0.4043,1619,0,50
1660783571,203,497,0.4085,1618,-0.0001,50
1660837568,203,506,0.4012,1617,-0.0001,50
1660893213,197,502,0.3924,1612,-0.0001,50
1660947570,201,501,0.4012,1612,-0.0001,50
1661001582,196,504,0.3889,1615,-0.0001,45
1661056576,202,503,0.4016,1615,-0.0001,50
1661112570,205,506,0.4051,1616,-0.0001,50
1661166570,202,502,0.4024,1615,-0.0002,45
1661222567,204,503,0.4056,1614,-0.0002,50
1661276570,204,504,0.4048,1614,-0.0001,45
1661332570,207,508,0.4075,1615,0,50
1661389567,205,507,0.4043,1615,0.0001,50
1661443570,204,507,0.4024,1618,0.0001,45
1661498570,203,495,0.4101,1618,0.0001,45
1661554566,204,505,0.404,1617,0.0001,45
1661608570,199,506,0.3933,1618,0.0002,50
1661662567,204,506,0.4032,1618,0.0002,50
1661718570,200,505,0.396,1616,0.0003,45
1661772567,202,502,0.4024,1612,0.0004,50
1661829289,202,502,0.4024,1612,0.0004,50
1661883570,202,503,0.4016,1615,0.0004,45
1661938578,205,505,0.4059,1615,0.0004,50
1661994569,203,508,0.3996,1624,0.0004,50
1662049571,203,505,0.402,1616,0.0004,50
1662103571,204,495,0.4121,1596,0.0004,50
1662159566,204,505,0.404,1616,0.0004,50
1662213572,205,498,0.4116,1618,0.0004,50
1662267571,204,508,0.4016,1619,0.0004,50
1662324570,201,508,0.3957,1618,0.0003,50
1662378571,204,507,0.4024,1619,0.0003,50
1662432573,206,507,0.4063,1619,0.0003,50
1662488765,205,508,0.4035,1619,0.0003,50
1662542571,195,504,0.3869,1619,0.0001,50
1662598571,204,506,0.4032,1617,0,50
1662652567,208,507,0.4103,1612,-0.0001,50
1662706529,202,500,0.404,1610,-0.0002,45
1662760569,205,504,0.4067,1613,-0.0003,50
1662816213,204,494,0.413,1593,-0.0004,50
1662870579,204,503,0.4056,1612,-0.0005,45
1662928579,202,493,0.4097,1612,-0.0005,50
1662982569,202,501,0.4032,1612,-0.0005,50
1663036571,202,492,0.4106,1613,-0.0005,50
1663090571,203,502,0.4044,1612,-0.0005,45
1663144567,197,503,0.3917,1614,-0.0005,45
1663200570,204,504,0.4048,1614,-0.0005,45
1663254571,197,505,0.3901,1614,-0.0006,45
1663308567,204,505,0.404,1615,-0.0006,45
1663362571,197,504,0.3909,1614,-0.0007,50
1663418567,202,502,0.4024,1614,-0.0006,45
1663473567,207,508,0.4075,1614,-0.0006,45
1663530571,203,506,0.4012,1620,-0.0006,50
1663584571,202,499,0.4048,1609,-0.0006,50
1663638567,202,488,0.4139,1588,-0.0003,50
1663692571,203,501,0.4052,1609,-0.0002,50
1663746567,201,490,0.4102,1609,-0.0002,50
1663802571,201,500,0.402,1610,-0.0002,50
1663856571,206,500,0.412,1609,-0.0003,50
1663913571,201,501,0.4012,1611,-0.0001,50
1663967573,205,501,0.4092,1611,-0.0002,50
1664021571,203,503,0.4036,1613,-0.0001,45
1664077566,193,348,0.5546,1613,-0.0009,45
1664133567,203,504,0.4028,1612,-0.0009,50
1664187571,204,505,0.404,1613,-0.0009,50
1664243570,204,506,0.4032,1614,-0.0009,50
1664298572,205,506,0.4051,1615,-0.0009,50
1664352570,203,496,0.4093,1594,-0.0009,50
1664409570,204,505,0.404,1615,-0.0009,50
1664463567,205,496,0.4133,1615,-0.0007,50
1664517638,204,504,0.4048,1613,-0.0007,50
1664573567,204,502,0.4064,1607,-0.0007,50
1664627570,202,501,0.4032,1608,-0.0007,50
1664681570,197,502,0.3924,1609,-0.0009,45
1664739564,204,505,0.404,1612,-0.001,50
1664797229,194,502,0.3865,1609,-0.0013,45
1664851583,202,503,0.4016,1609,-0.0011,50
1664905569,201,499,0.4028,1608,-0.0011,50
1664960578,202,503,0.4016,1610,-0.001,45
1665016571,201,503,0.3996,1609,-0.001,45
1665070571,204,494,0.413,1590,-0.001,45
1665124567,204,504,0.4048,1610,-0.001,45
1665181571,202,494,0.4089,1611,-0.0003,45
1665235571,204,505,0.404,1611,-0.0003,45
1665289571,205,496,0.4133,1610,-0.0003,45
1665346566,204,505,0.404,1610,-0.0003,45
1665400571,203,505,0.402,1609,-0.0003,40
1665454567,205,505,0.4059,1610,-0.0003,40
1665509571,198,501,0.3952,1606,-0.0004,40
1665563571,201,498,0.4036,1603,-0.0004,45
1665620571,201,498,0.4036,1602,-0.0004,45
1665675567,200,499,0.4008,1604,-0.0005,45
1665730270,201,500,0.402,1604,-0.0005,45
1665787637,202,490,0.4122,1585,-0.0002,45
1665841570,202,501,0.4032,1604,-0.0003,45
1665897569,200,497,0.4024,1604,0,45
1665953570,201,500,0.402,1605,0,45
1666007570,204,502,0.4064,1606,-0.0001,45
1666065567,202,503,0.4016,1606,-0.0001,45
1666119570,198,503,0.3936,1606,0,45
1666173570,203,504,0.4028,1608,0.0001,50
1666232566,204,504,0.4048,1606,0.0001,50
1666286480,202,502,0.4024,1607,0.0001,50
1666340571,200,501,0.3992,1608,0.0001,45
1666396566,203,505,0.402,1608,0.0001,50
1666451567,209,510,0.4098,1609,0.0001,50
1666505571,203,495,0.4101,1590,0.0001,50
1666561567,202,500,0.404,1603,0.0001,50
1666616443,201,490,0.4102,1601,0.0002,50
1666671821,201,502,0.4004,1604,0.0002,50
1666725581,198,503,0.3936,1605,0.0001,50
1666779572,203,503,0.4036,1605,0.0001,45
1666837566,202,506,0.3992,1608,0.0001,45
1666891571,203,505,0.402,1607,0,50
1666945568,198,506,0.3913,1607,-0.0002,50
1667000571,205,506,0.4051,1608,-0.0001,50
1667055567,204,508,0.4016,1609,-0.0001,50
1667109570,205,508,0.4035,1610,-0.0001,50
1667167570,204,508,0.4016,1609,-0.0001,50
1667221567,205,497,0.4125,1589,-0.0003,50
1667275570,205,507,0.4043,1609,-0.0003,50
1667330571,205,499,0.4108,1611,-0.0003,50
1667386568,205,509,0.4028,1610,-0.0003,50
1667442571,200,508,0.3937,1609,-0.0003,50
1667496571,204,505,0.404,1603,-0.0003,50
1667550567,194,503,0.3857,1602,-0.0003,45
1667604569,203,503,0.4036,1605,-0.0003,50
1667658570,199,505,0.3941,1606,-0.0003,45
1667714910,204,505,0.404,1607,-0.0003,45
1667770569,204,505,0.404,1605,-0.0003,50
1667826642,202,504,0.4008,1606,-0.0003,50
1667881567,203,504,0.4028,1606,-0.0003,50
1667935570,201,498,0.4036,1588,-0.0002,50
1667990570,203,504,0.4028,1607,-0.0002,50
1668048567,202,491,0.4114,1606,0,50
1668102570,202,503,0.4016,1605,0,50
1668158566,199,504,0.3948,1607,0.0001,50
1668212566,203,505,0.402,1607,0.0001,50
1668266570,190,459,0.4139,1590,0,50
1668321534,202,500,0.404,1602,0,55
1668377571,195,498,0.3916,1599,0.0001,50
1668431571,201,500,0.402,1602,0.0002,55
1668485571,204,504,0.4048,1602,0.0002,55
1668539567,203,471,0.431,1536,0.0001,55
1668593571,180,453,0.3974,1601,0.0001,55
1668651737,208,505,0.4119,1602,0.0001,55
1668706008,202,500,0.404,1602,0.0001,55
1668759576,202,490,0.4122,1582,0.0001,55
1668814575,202,503,0.4016,1603,0.0001,55
1668868571,201,493,0.4077,1605,0.0001,55
1668922570,202,503,0.4016,1605,0.0001,55
1668981570,198,503,0.3936,1604,0,50
1669035570,202,502,0.4024,1603,0,55
1669089534,198,503,0.3936,1605,-0.0001,50
1669143570,202,503,0.4016,1605,-0.0002,55
1669199566,201,499,0.4028,1601,-0.0002,55
1669256570,202,498,0.4056,1598,-0.0003,50
1669314571,196,494,0.3968,1600,-0.0003,50
1669368570,201,502,0.4004,1604,-0.0001,55
1669422571,203,502,0.4044,1601,-0.0001,55
1669477534,202,490,0.4122,1580,-0.0003,55
1669531571,201,502,0.4004,1602,-0.0003,55
1669588870,202,493,0.4097,1604,-0.0003,55
1669642576,202,502,0.4024,1602,-0.0002,50
1669696572,197,504,0.3909,1605,-0.0002,50
1669750536,203,505,0.402,1605,-0.0002,55
1669806566,208,506,0.4111,1605,-0.0002,55
1669862571,206,507,0.4063,1605,-0.0002,50
1669917572,199,503,0.3956,1606,-0.0002,50
1669972571,203,506,0.4012,1606,-0.0002,55
1670026995,209,498,0.4197,1580,-0.0001,55
1670080571,203,503,0.4036,1605,0,50
1670135571,202,502,0.4024,1601,0,50
1670191571,204,495,0.4121,1583,0.0002,50
1670245571,202,504,0.4008,1605,0.0002,50
1670301566,204,497,0.4105,1606,0.0003,50
1670357568,203,506,0.4012,1605,0.0003,50
1670411571,197,505,0.3901,1605,0.0004,50
1670468567,203,504,0.4028,1603,0.0004,50
1670522572,199,506,0.3933,1606,0.0005,45
1670579481,205,507,0.4043,1607,0.0006,45
1670633572,200,502,0.3984,1608,0.0006,45
1670687575,203,506,0.4012,1609,0.0006,50
1670743573,203,507,0.4004,1609,0.0006,45
1670800570,205,508,0.4035,1609,0.0006,45
1670855813,211,511,0.4129,1608,0.0006,45
1670909572,204,494,0.413,1584,0.0006,50
1670963572,202,501,0.4032,1601,0.0006,50
1671017572,201,491,0.4094,1603,0.0006,50
1671073572,203,503,0.4036,1604,0.0006,50
1671128572,198,502,0.3944,1605,0.0005,50
1671182619,200,466,0.4292,1565,0.0007,50
1671236567,194,502,0.3865,1604,0.0005,50
1671290571,201,501,0.4012,1604,0.0004,50
1671347534,196,502,0.3904,1605,0.0003,50
1671403571,203,503,0.4036,1606,0.0002,50
1671457534,203,502,0.4044,1606,0.0001,50
1671512534,204,504,0.4048,1607,-0.0001,50
1671566571,203,502,0.4044,1606,-0.0001,50
1671620536,202,504,0.4008,1612,-0.0001,50
1671678573,202,503,0.4016,1609,-0.0001,50
1671732571,203,506,0.4012,1608,-0.0001,50
1671788573,201,497,0.4044,1603,-0.0002,50
1671842571,200,487,0.4107,1603,-0.0002,50
1671896571,202,502,0.4024,1606,-0.0002,50
1671953567,195,500,0.39,1606,-0.0002,45
1672009570,201,501,0.4012,1607,-0.0002,50
1672063571,195,501,0.3892,1607,-0.0002,45
1672120570,202,501,0.4032,1607,-0.0002,50
1672174571,202,501,0.4032,1606,-0.0002,50
1672228571,203,502,0.4044,1608,-0.0002,55
1672286429,202,503,0.4016,1610,-0.0004,50
1672341571,201,492,0.4085,1590,-0.0002,50
1672395534,202,503,0.4016,1611,-0.0002,50
1672449536,203,504,0.4028,1611,0,55
1672503571,205,505,0.4059,1610,0,55
1672560573,206,505,0.4079,1611,0,50
1672616577,192,508,0.378,1610,0.0003,55
1672672570,197,507,0.3886,1613,0.0005,60
1672726534,204,504,0.4048,1612,0.0004,55
1672780571,195,500,0.39,1607,0.0005,60
1672837534,202,501,0.4032,1607,0.0005,60
1672896571,200,503,0.3976,1611,0.0006,55
1672951534,204,506,0.4032,1615,0.0006,55
1673005571,204,506,0.4032,1612,0.0006,60
1673059571,203,496,0.4093,1595,0.0006,60
1673116534,203,504,0.4028,1613,0.0006,60
1673171570,204,497,0.4105,1615,0.0006,60
1673229566,204,507,0.4024,1615,0.0006,60
1673283567,199,507,0.3925,1615,0.0006,55
1673337571,203,506,0.4012,1615,0.0005,60
1673393707,203,507,0.4004,1616,0.0005,55
1673447552,205,508,0.4035,1616,0.0005,55
1673505566,204,507,0.4024,1616,0.0005,55
1673560567,203,507,0.4004,1617,0.0005,50
1673614571,204,509,0.4008,1618,0.0004,50
1673669567,204,503,0.4056,1609,0.0004,50
1673724570,202,501,0.4032,1612,0.0001,45
1673779571,203,505,0.402,1608,-0.0001,45
1673837566,203,496,0.4093,1596,-0.0001,45
1673891571,209,499,0.4188,1616,-0.0003,45
1673949566,203,504,0.4028,1614,-0.0003,45
1674003570,205,506,0.4051,1617,-0.0004,45
1674057570,203,505,0.402,1615,-0.0004,45
1674113567,198,506,0.3913,1616,-0.0003,40
1674167567,204,506,0.4032,1617,-0.0003,40
1674221569,204,507,0.4024,1618,-0.0003,40
1674278577,203,506,0.4012,1617,-0.0004,40
1674332504,203,506,0.4012,1617,-0.0004,40
1674386577,206,473,0.4355,1543,-0.0001,40
1674443567,205,494,0.415,1591,0,40
1674498567,210,504,0.4167,1619,0.0001,40
1674552571,204,506,0.4032,1619,0.0001,40
1674609571,200,508,0.3937,1619,0,45
1674663571,201,502,0.4004,1613,0,45
1674719571,194,501,0.3872,1611,-0.0002,40
1674774567,204,506,0.4032,1615,-0.0002,45
1674828571,199,506,0.3933,1616,0,45
1674882571,204,507,0.4024,1617,-0.0001,45
1674939564,202,504,0.4008,1615,0,40
1674994567,203,504,0.4028,1614,0.0002,45
1675052570,204,504,0.4048,1613,0.0002,45
1675106567,205,496,0.4133,1594,0.0001,45
1675160571,205,507,0.4043,1617,0.0001,45
1675217577,203,495,0.4101,1617,0.0001,45
1675271571,203,508,0.3996,1619,0.0001,50
1675328569,199,508,0.3917,1619,0.0001,50
1675382571,204,508,0.4016,1618,0.0001,45
1675437571,209,496,0.4214,1619,0.0001,50
1675493567,191,508,0.376,1618,-0.0002,50
1675547571,193,500,0.386,1614,-0.0004,50
1675601571,202,501,0.4032,1609,-0.0005,50
1675659566,204,505,0.404,1614,-0.0005,55
1675713571,203,506,0.4012,1615,-0.0004,50
1675767571,203,504,0.4028,1613,-0.0004,55
1675824572,202,493,0.4097,1593,0,60
1675879471,203,504,0.4028,1613,0,60
1675935534,203,495,0.4101,1613,-0.0003,60
1675990567,204,506,0.4032,1614,-0.0003,60
1676044569,198,505,0.3921,1613,-0.0002,60
1676099694,204,507,0.4024,1615,-0.0002,60
1676154571,199,507,0.3925,1616,-0.0001,55
1676208571,204,508,0.4016,1617,0,60
1676264571,200,504,0.3968,1617,0,55
1676372571,202,504,0.4008,1611,0.0014,55
1676429567,202,504,0.4008,1611,0.0014,60
1676483571,209,513,0.4074,1614,0.0014,60
1676539571,205,498,0.4116,1593,0.0014,60
1676596567,206,509,0.4047,1614,0.0015,55
1676650567,205,499,0.4108,1616,0.0017,55
1676704571,205,510,0.402,1616,0.0017,55
1676761566,201,511,0.3933,1616,0.0016,55
1676816567,208,513,0.4055,1617,0.0016,50
1676874570,201,512,0.3926,1616,0.0015,50
1676928567,207,512,0.4043,1617,0.0014,50
1676984702,195,509,0.3831,1614,0.0017,50
1677038571,206,508,0.4055,1612,0.0017,50
1677092575,204,505,0.404,1609,0.0017,50
1677149566,204,508,0.4016,1615,0.0016,50
1677203566,209,513,0.4074,1610,0.0016,50
1677257571,204,497,0.4105,1592,0.0015,50
1677314567,202,505,0.4,1609,0.0015,50
1677368571,202,494,0.4089,1608,0.0014,55
1677422571,202,505,0.4,1609,0.0001,55
1677480570,198,506,0.3913,1610,0.0001,50
1677534565,205,508,0.4035,1610,0.0001,50
1677588571,194,506,0.3834,1611,0,45
1677645570,206,508,0.4055,1610,0,45
1677700567,195,503,0.3877,1608,-0.0001,45
1677757682,204,464,0.4397,1604,0.0001,45
1677812567,203,502,0.4044,1601,0.0001,45
1677868795,203,492,0.4126,1582,0.0003,45
1677922577,203,504,0.4028,1604,0.0003,45
1677976684,202,490,0.4122,1578,0.0005,45
1678031578,203,505,0.402,1605,0.0005,45
1678087567,203,494,0.4109,1605,0.0001,40
1678141571,203,504,0.4028,1604,0.0002,45
1678197571,196,502,0.3904,1604,0.0003,45
1678251571,202,504,0.4008,1606,0.0003,45
1678307571,195,503,0.3877,1605,0.0005,40
1678365570,204,506,0.4032,1605,0.0005,40
1678419571,203,505,0.402,1605,0.0005,40
1678528571,205,508,0.4035,1606,0.0028,40
1678582571,205,507,0.4043,1606,0.0027,40
1678692567,202,487,0.4148,1571,0.0024,40
1678746571,203,504,0.4028,1600,0.0023,40
1678800567,205,495,0.4141,1601,0.0025,45
1678856206,205,507,0.4043,1604,0.0022,45
1678911577,206,506,0.4071,1602,0.0023,45
1678969570,205,507,0.4043,1601,0.0022,40
1679023571,198,507,0.3905,1602,0.0021,40
1679077571,204,508,0.4016,1603,0.0019,45
1679133572,194,502,0.3865,1603,0.0017,40
1679187567,207,510,0.4059,1605,0.0018,40
1679241571,206,509,0.4047,1604,0.0017,40
1679300567,205,511,0.4012,1609,0.0016,35
1679354571,207,511,0.4051,1605,0.0016,40
1679409567,205,501,0.4092,1586,0.0014,40
1679464572,205,509,0.4028,1606,0.0014,40
1679518567,206,499,0.4128,1603,0.0013,45
1679574571,205,506,0.4051,1598,-0.0009,40
1679628567,198,506,0.3913,1599,-0.0009,40
1679682569,206,508,0.4055,1599,-0.0009,40
1679736569,204,508,0.4016,1601,-0.0004,40
1679792130,205,507,0.4043,1599,-0.0004,40
1679845857,200,507,0.3945,1599,-0.0005,40
1679901569,205,507,0.4043,1599,-0.0005,45
1679957566,204,507,0.4024,1600,-0.0005,40
1680011571,205,509,0.4028,1600,-0.0006,45
1680065571,206,509,0.4047,1602,-0.0006,45
1680120567,207,510,0.4059,1601,-0.0004,45
1680176566,210,513,0.4094,1601,-0.0003,50
1680231571,204,506,0.4032,1601,0,50
1680287572,205,508,0.4035,1601,0,55
1680341571,204,495,0.4121,1601,-0.0001,55
1680395571,204,507,0.4024,1599,-0.0001,55
1680449571,199,348,0.5718,1594,-0.0017,50
1680505571,202,502,0.4024,1593,-0.0017,55
1680559571,197,505,0.3901,1595,-0.0016,50
1680613571,205,506,0.4051,1596,-0.0016,55
1680667571,198,507,0.3905,1596,-0.0015,55
1680721571,203,505,0.402,1595,-0.0015,55
1680777589,203,503,0.4036,1594,-0.0015,55
1680833577,199,501,0.3972,1595,-0.0015,55
1680888424,202,507,0.3984,1598,-0.0016,55
1680942577,206,498,0.4137,1575,-0.0015,55
1680999567,205,509,0.4028,1598,-0.0015,55
1681054567,204,499,0.4088,1599,-0.0014,55
1681112570,207,511,0.4051,1598,-0.0014,50
1681166571,201,509,0.3949,1598,-0.0015,50
1681220567,207,470,0.4404,1548,-0.0011,45
1681274571,204,509,0.4008,1599,-0.0012,50
1681330570,206,508,0.4055,1597,-0.0012,50
1681386565,195,476,0.4097,1595,-0.0013,50
1681441572,208,513,0.4055,1597,-0.0012,45
1681496571,200,505,0.396,1598,-0.0011,45
1681550567,207,513,0.4035,1599,0.0005,45
1681604571,206,511,0.4031,1598,0.0005,45
1681658567,207,500,0.414,1573,0.0003,45
1681714571,207,511,0.4051,1598,0.0003,45
1681770721,206,499,0.4128,1598,0.0003,45
1681825571,207,512,0.4043,1598,0.0003,40
1681879581,208,512,0.4062,1599,0.0002,45
1681934536,207,359,0.5766,1598,0.0004,45
1681990571,194,511,0.3796,1598,0.0003,45
1682044570,206,512,0.4023,1598,0.0003,50
1682101566,200,512,0.3906,1598,0.0002,45
1682155570,206,512,0.4023,1600,0.0002,50
1682210570,207,511,0.4051,1597,0.0002,50
1682266566,204,505,0.404,1591,0.0003,50
1682322566,204,508,0.4016,1594,-0.0002,45
1682376534,205,499,0.4108,1575,0,45
1682432570,205,510,0.402,1595,-0.0001,45
1682486571,205,498,0.4116,1595,-0.0001,45
1682540571,208,509,0.4086,1595,-0.0001,45
1682596567,203,507,0.4004,1592,-0.0002,45
1682650571,205,510,0.402,1595,-0.0002,50
1682706809,198,509,0.389,1597,-0.0001,45
1682760579,206,509,0.4047,1596,0,50
1682819569,200,510,0.3922,1597,0.0001,45
1682873571,207,512,0.4043,1596,0.0001,50
1682929571,212,518,0.4093,1597,0.0001,45
1682986571,206,516,0.3992,1605,0.0001,45
1683040567,208,514,0.4047,1598,0,45
1683094571,205,502,0.4084,1578,0,45
1683149571,205,509,0.4028,1593,0,45
1683205571,204,495,0.4121,1590,0.0001,45
1683259567,206,510,0.4039,1592,0.0002,45
1683314570,200,510,0.3922,1594,0,45
1683369571,205,510,0.402,1594,0,45
1683423571,208,509,0.4086,1592,0.0001,50
1683477571,206,511,0.4031,1594,0,45
1683533534,199,509,0.391,1593,-0.0002,45
1683587571,204,510,0.4,1593,0,50
1683643012,103,512,0.2012,1597,0.0027,50
1683696583,208,514,0.4047,1597,0.0026,45
1683750687,208,514,0.4047,1598,0.0026,50
1683808368,206,512,0.4023,1595,0.0025,50
1683862571,208,517,0.4023,1599,0.0025,45
1683921566,206,505,0.4079,1599,0.0024,45
1683975571,208,515,0.4039,1598,0.0024,45
1684029571,209,514,0.4066,1596,0.0024,45
1684083571,207,512,0.4043,1593,0.0024,45
1684141566,204,510,0.4,1592,0.0024,40
1684195571,206,513,0.4016,1595,0.0024,45
1684305570,205,510,0.402,1591,0,45
1684360571,206,511,0.4031,1593,0,45
1684417959,204,510,0.4,1592,0.0001,45
1684471567,204,511,0.3992,1593,0,40
1684527110,207,514,0.4027,1595,0,45
1684580589,207,513,0.4035,1596,0,45
1684635572,207,514,0.4027,1595,0.0001,45
1684691569,206,512,0.4023,1595,0.0001,45
1684747570,200,513,0.3899,1595,-0.0023,45
1684801567,204,511,0.3992,1594,-0.0022,45
1684857566,205,513,0.3996,1595,-0.0022,50
1684913570,204,509,0.4008,1590,-0.0022,55
1684967567,197,507,0.3886,1588,-0.0021,50
1685025368,204,509,0.4008,1590,-0.002,55
1685079572,206,511,0.4031,1592,-0.002,55
1685134571,205,508,0.4035,1591,-0.002,60
1685189572,206,511,0.4031,1590,-0.002,55
1685243571,207,502,0.4124,1573,-0.002,55
1685297567,206,510,0.4039,1592,-0.002,55
1685354113,205,492,0.4167,1573,0.0004,55
1685407567,207,514,0.4027,1595,0.0004,55
1685464758,210,514,0.4086,1595,0.0004,55
1685518577,208,514,0.4047,1595,0.0005,55
1685572569,196,514,0.3813,1597,0.0003,55
1685631370,208,515,0.4039,1596,0.0003,50
1685685571,197,511,0.3855,1597,0.0001,55
1685739571,207,514,0.4027,1596,0.0001,55
1685797567,207,514,0.4027,1595,0.0001,55
1685851571,206,510,0.4039,1590,-0.0001,55
1685909567,204,506,0.4032,1588,-0.0002,50
1685968571,207,501,0.4132,1591,-0.0003,50
1686022567,206,510,0.4039,1592,-0.0003,50
1686076571,211,504,0.4187,1591,-0.0005,50
1686130571,204,509,0.4008,1591,-0.0005,50
1686184567,199,508,0.3917,1590,-0.0005,45
1686240569,205,509,0.4028,1592,-0.0005,50
1686297338,202,513,0.3938,1594,-0.0005,45
1686351964,205,510,0.402,1593,-0.0005,50
1686406577,208,514,0.4047,1595,-0.0005,50
1686462566,205,511,0.4012,1593,-0.0005,50
1686516566,206,512,0.4023,1593,-0.0005,50
1686573572,207,502,0.4124,1572,-0.0005,50
1686627571,206,512,0.4023,1594,-0.0005,50
1686681642,208,501,0.4152,1570,-0.0002,50
1686735571,206,511,0.4031,1592,-0.0002,50
1686792570,203,494,0.4109,1587,0.0001,50
1686848571,205,507,0.4043,1587,0.0001,50
1686904567,195,508,0.3839,1589,0.0004,50
1686958571,204,510,0.4,1590,0.0004,55
1687013571,201,511,0.3933,1590,0.0006,50
1687067567,204,509,0.4008,1591,0.0007,55
1687121571,204,509,0.4008,1589,0.0007,55
1687177467,207,510,0.4059,1589,0.0008,55
1687232864,208,512,0.4062,1590,0.0008,60
1687286460,207,514,0.4027,1594,0.0007,60
1687340578,213,519,0.4104,1594,0.0007,60
1687395543,207,503,0.4115,1572,0.0007,60
1687451572,207,513,0.4035,1592,0.0007,60
1687506572,206,504,0.4087,1593,0.0007,60
1687562534,208,516,0.4031,1595,0.0007,55
1687616570,204,515,0.3961,1593,0.0007,55
1687670570,209,515,0.4058,1594,0.0006,55
1687725571,208,510,0.4078,1589,0.0007,60
1687781570,204,509,0.4008,1587,0.0005,60
1687835571,195,509,0.3831,1590,0.0003,55
1687891534,208,513,0.4055,1590,0.0002,55
1687945571,209,514,0.4066,1590,0.0003,60
1687999534,207,511,0.4051,1589,0,55
1688055570,205,509,0.4028,1588,-0.0001,55
1688109534,207,501,0.4132,1568,-0.0003,55
1688163570,207,511,0.4051,1590,-0.0003,50
1688219188,206,512,0.4023,1590,-0.0003,50
1688274576,207,511,0.4051,1590,-0.0003,50
1688328578,206,502,0.4104,1592,-0.0004,50
1688385569,208,360,0.5778,1591,-0.001,50
1688439570,198,514,0.3852,1591,-0.001,50
1688494567,206,511,0.4031,1590,-0.001,55
1688550570,201,513,0.3918,1591,-0.001,50
1688604571,199,471,0.4225,1503,-0.0009,50
1688660571,204,507,0.4024,1583,-0.0009,50
1688716570,207,509,0.4067,1583,-0.0009,50
1688770571,205,508,0.4035,1586,-0.0009,50
1688824571,204,508,0.4016,1586,-0.0009,45
1688878571,205,510,0.402,1588,-0.0009,50
1688933570,204,493,0.4138,1558,-0.0006,50
1688991570,204,507,0.4024,1585,-0.0006,50
1689047570,202,511,0.3953,1588,-0.0008,45
1689102571,207,512,0.4043,1589,-0.0008,45
1689159802,199,514,0.3872,1591,-0.0006,45
1689213685,207,513,0.4035,1591,-0.0005,50
1689271573,201,513,0.3918,1591,-0.0003,50
1689325571,206,512,0.4023,1591,-0.0003,50
1689379567,209,516,0.405,1592,-0.0003,50
1689433571,209,514,0.4066,1590,-0.0003,50
1689489566,206,512,0.4023,1589,0.0003,45
1689543571,207,502,0.4124,1569,0.0003,45
1689599567,204,506,0.4032,1584,0.0003,45
1689655570,203,495,0.4101,1582,0.0003,50
1689710567,204,506,0.4032,1584,0.0002,45
1689764571,207,510,0.4059,1587,0.0003,50
1689822564,204,507,0.4024,1585,0.0002,50
1689878571,202,516,0.3915,1592,0.0002,50
1689933567,206,515,0.4,1594,0.0001,50
1689990704,207,513,0.4035,1592,0.0002,50
1690044579,203,515,0.3942,1594,-0.0001,50
1690098577,210,519,0.4046,1595,0,50
1690152579,209,517,0.4043,1595,0.0001,50
1690210568,207,515,0.4019,1595,0.0001,50
1690264791,209,504,0.4147,1567,-0.0002,50
1690318571,209,517,0.4043,1593,-0.0002,50
1690373571,210,508,0.4134,1596,-0.0004,50
1690427571,210,519,0.4046,1596,-0.0005,50
1690485571,202,518,0.39,1595,-0.0004,45
1690542571,102,516,0.1977,1594,0.0007,45
1690596571,204,513,0.3977,1591,0.0008,45
1690650571,207,512,0.4043,1587,0.0008,45
1690706571,207,514,0.4027,1589,0.0008,45
1690760571,207,515,0.4019,1590,0.0008,45
1690817571,204,512,0.3984,1592,0.0008,40
1690871571,207,515,0.4019,1595,0.0007,45
1690925571,207,511,0.4051,1587,0.0008,45
1690979285,206,501,0.4112,1566,0.0009,45
1691033573,206,514,0.4008,1590,0.0009,45
1691091291,208,503,0.4135,1589,0.001,45
1691145577,206,514,0.4008,1590,0.0011,45
1691201566,201,513,0.3918,1589,0.0009,45
1691255569,212,518,0.4093,1590,0.001,45
1691309571,210,515,0.4078,1590,0.0009,45
1691364567,208,513,0.4055,1589,0.001,40
1691420571,202,509,0.3969,1590,0.0011,40
1691474571,205,509,0.4028,1585,0.0012,45
1691530567,205,507,0.4043,1581,0.0012,45
1691584571,204,509,0.4008,1585,0.0011,45
1691638571,205,511,0.4012,1587,0.0001,45
1691694571,207,503,0.4115,1567,0,45
1691751567,207,515,0.4019,1591,0,50
1691805571,210,508,0.4134,1592,0,50
1691859571,208,516,0.4031,1590,0,50
1691913534,211,508,0.4154,1591,0,50
1691967570,208,481,0.4324,1521,0.0002,50
1692024716,204,522,0.3908,1593,0.0001,50
1692081573,209,517,0.4043,1592,0,50
1692137566,198,519,0.3815,1594,-0.0001,50
1692191569,210,518,0.4054,1594,-0.0002,50
1692245571,210,519,0.4046,1595,-0.0002,50
1692301571,208,517,0.4023,1594,0,50
1692356536,210,519,0.4046,1591,-0.0001,50
1692410571,206,509,0.4047,1581,0,55
1692464571,207,514,0.4027,1587,0,50
1692519534,207,512,0.4043,1576,-0.0001,50
1692576572,210,516,0.407,1590,-0.0001,50
1692632572,204,516,0.3953,1590,-0.0001,55
1692688566,207,514,0.4027,1590,-0.0001,50
1692742568,209,513,0.4074,1588,-0.0001,55
1692797572,209,516,0.405,1589,-0.0001,50
1692851534,203,517,0.3926,1591,-0.0001,50
1692907572,210,519,0.4046,1591,-0.0001,50
1692963253,210,519,0.4046,1593,-0.0001,55
1693017571,209,518,0.4035,1592,-0.0001,50
1693077580,209,517,0.4043,1592,-0.0002,50
1693132576,208,504,0.4127,1567,-0.0001,50
1693186572,209,519,0.4027,1593,-0.0001,50
1693244566,210,510,0.4118,1593,0.0002,50
1693298571,209,518,0.4035,1592,0.0001,55
1693352571,98,514,0.1907,1587,-0.0023,55
1693406571,206,515,0.4,1589,-0.0023,55
1693463534,204,519,0.3931,1592,-0.0025,50
1693519571,210,518,0.4054,1592,-0.0025,50
1693573570,209,517,0.4043,1592,-0.0025,50
1693629566,208,519,0.4008,1593,-0.0024,45
1693683570,209,517,0.4043,1591,-0.0024,45
1693737567,208,517,0.4023,1589,-0.0025,45
1693848534,189,505,0.3743,1565,0.0018,45
1693904088,210,521,0.4031,1595,0.0019,45
1693958577,211,510,0.4137,1593,0.0018,45
1694012542,208,519,0.4008,1594,0.0018,45
1694066575,205,520,0.3942,1594,0.0018,45
1694123566,209,365,0.5726,1595,0.0022,40
1694177570,204,521,0.3916,1594,0.0021,40
1694231570,209,520,0.4019,1594,0.0021,45
1694286570,189,514,0.3677,1591,0.0018,40
1694344570,206,513,0.4016,1585,0.0018,45
1694399570,204,512,0.3984,1588,0.0017,40
1694455572,207,485,0.4268,1534,0.0044,40
1694509567,208,517,0.4023,1591,0.0044,40
1694565566,207,505,0.4099,1569,0.0046,45
1694620570,207,516,0.4012,1590,0.0047,50
1694674570,209,508,0.4114,1592,0.0046,50
1694731567,209,519,0.4027,1594,0.0046,50
1694785569,203,519,0.3911,1594,0.0047,50
1694841719,209,364,0.5742,1594,0.0033,50
1694895576,202,517,0.3907,1590,-0.0008,45
1694949572,207,516,0.4012,1592,-0.0009,50
1695005569,201,519,0.3873,1594,-0.0009,45
1695061570,209,520,0.4019,1594,-0.0008,45
1695115570,206,516,0.3992,1595,-0.0008,45
1695171566,209,520,0.4019,1595,-0.0008,50
1695226570,212,522,0.4061,1591,-0.0012,50
1695280571,208,505,0.4119,1566,-0.0011,50
1695337567,206,518,0.3977,1592,-0.0011,50
1695391571,209,508,0.4114,1591,-0.0009,50
1695445570,209,519,0.4027,1591,-0.0008,50
1695501566,201,519,0.3873,1592,-0.0009,50
1695555570,208,518,0.4015,1591,-0.0012,55
1695609567,212,519,0.4085,1592,-0.0012,55
1695666107,209,521,0.4012,1594,-0.0013,50
1695719567,200,520,0.3846,1594,-0.001,50
1695773571,210,521,0.4031,1594,-0.0009,50
1695830583,211,521,0.405,1595,-0.001,55
1695884569,210,522,0.4023,1595,-0.0011,55
1695942566,209,520,0.4019,1594,0.0004,50
1695996578,209,510,0.4098,1573,0.0002,50
1696050571,212,521,0.4069,1595,0.0002,50
1696104571,210,517,0.4062,1594,0.0001,45
1696160570,208,516,0.4031,1589,0.0001,45
1696214571,211,509,0.4145,1590,0.0001,45
1696272571,208,517,0.4023,1591,0.0001,45
1696326567,209,518,0.4035,1591,0.0001,45
1696380571,209,518,0.4035,1592,0.0001,45
1696434567,203,518,0.3919,1591,0,45
1696489570,206,514,0.4008,1590,0,50
1696546570,208,519,0.4008,1592,0,45
1696600567,209,519,0.4027,1594,0.0001,45
1696654567,209,518,0.4035,1590,0.0001,50
1696762571,213,524,0.4065,1593,-0.0073,50
1696816569,207,507,0.4083,1570,-0.0076,45
1696875577,209,520,0.4019,1595,-0.0076,45
1696929571,209,505,0.4139,1594,-0.0077,45
1696985569,210,521,0.4031,1596,-0.0077,45
1697039571,175,514,0.3405,1594,-0.0072,45
1697093571,206,514,0.4008,1590,-0.0072,50
1697150572,199,514,0.3872,1590,-0.0071,50
1697204571,207,517,0.4004,1592,-0.007,55
1697258571,209,519,0.4027,1593,-0.007,55
1697315567,207,517,0.4004,1593,-0.007,55
1697372571,202,511,0.3953,1593,-0.007,50
1697428566,207,506,0.4091,1571,-0.007,45
1697485566,207,516,0.4012,1592,-0.007,45
1697539567,207,508,0.4075,1595,-0.007,45
1697595249,210,520,0.4038,1595,-0.0069,45
1697651230,207,521,0.3973,1597,-0.007,45
1697705577,210,520,0.4038,1596,-0.007,40
1697762578,212,520,0.4077,1595,-0.0069,45
1697816571,208,519,0.4008,1596,0.0005,45
1697870567,199,520,0.3827,1596,0.0002,40
1697924571,210,522,0.4023,1598,0.0003,40
1697982567,207,519,0.3988,1598,0.0003,40
1698036571,210,518,0.4054,1592,0.0004,40
1698094571,205,514,0.3988,1590,0.0004,40
1698149700,207,503,0.4115,1566,-0.0002,40
1698204571,208,517,0.4023,1594,-0.0002,40
1698260566,208,505,0.4119,1592,-0.0003,40
1698315571,208,517,0.4023,1593,-0.0003,40
1698372567,202,516,0.3915,1592,-0.0003,40
1698426567,207,515,0.4019,1592,-0.0003,40
1698480569,202,517,0.3907,1593,-0.0003,40
1698535868,206,516,0.3992,1595,-0.0003,45
1698589579,207,517,0.4004,1596,-0.0003,45
1698643571,208,517,0.4023,1595,-0.0003,50
1698700569,208,517,0.4023,1595,-0.0003,50
1698754571,208,517,0.4023,1596,-0.0003,55
1698808571,214,524,0.4084,1597,-0.0003,50
1698864570,208,508,0.4094,1575,-0.0002,55
1698920571,206,514,0.4008,1592,-0.0002,55
1698976571,205,501,0.4092,1588,0.0001,60
1699030571,205,513,0.3996,1590,0.0002,60
1699084571,201,516,0.3895,1593,0.0003,60
1699138571,208,517,0.4023,1594,0.0003,60
1699193567,209,517,0.4043,1594,0.0003,65
1699247571,208,516,0.4031,1593,0.0003,60
1699303567,195,514,0.3794,1593,0.0005,60
1699357567,207,513,0.4035,1589,0.0005,60
1699414100,208,516,0.4031,1594,0.0005,60
1699469417,210,520,0.4038,1596,0.0005,60
1699523536,208,519,0.4008,1597,0.0005,60
1699583017,207,508,0.4075,1575,0.0005,60
1699638571,209,520,0.4019,1597,0.0005,55
1699693567,209,510,0.4098,1598,0.0006,55
1699747570,209,522,0.4004,1599,0.0006,55
1699801534,202,520,0.3885,1597,0.0005,50
1699855570,208,516,0.4031,1593,0.0005,50
1699913570,199,513,0.3879,1590,0.0003,45
1699967534,208,518,0.4015,1593,0.0002,45
1700021570,204,514,0.3969,1594,0.0001,45
1700077534,209,520,0.4019,1595,0,45
1700134534,209,519,0.4027,1595,0,45
1700190534,208,516,0.4031,1590,-0.0002,45
1700244570,207,518,0.3996,1594,-0.0002,45
1700301074,209,519,0.4027,1594,-0.0001,50
1700354576,210,521,0.4031,1596,-0.0001,50
1700408578,208,507,0.4103,1596,-0.0004,50
1700462570,210,522,0.4023,1597,-0.0003,55
1700519534,205,520,0.3942,1595,-0.0003,50
1700573567,209,520,0.4019,1597,-0.0003,50
1700631566,210,523,0.4015,1600,-0.0003,50
1700685566,209,522,0.4004,1598,-0.0003,50
1700739570,210,522,0.4023,1596,-0.0003,50
1700797570,206,517,0.3985,1593,-0.0004,50
1700851570,210,522,0.4023,1595,-0.0003,50
1700906570,209,526,0.3973,1604,-0.0003,50
1700962567,213,525,0.4057,1595,-0.0003,50
1701016670,209,508,0.4114,1568,0,50
1701074443,210,523,0.4015,1595,0,50
1701132567,212,521,0.4069,1594,0.0001,50
1701188682,210,520,0.4038,1595,0.0001,50
1701242575,205,521,0.3935,1596,0.0003,50
1701299566,210,522,0.4023,1596,0.0003,50
1701353571,204,516,0.3953,1595,0.0003,50
1701411575,208,521,0.3992,1594,0.0003,50
1701465571,211,524,0.4027,1596,0.0003,50
1701519571,211,524,0.4027,1596,0.0004,50
1701577566,214,525,0.4076,1593,0.0004,55
1701634571,210,509,0.4126,1591,0.0003,55
1701689571,209,521,0.4012,1594,0.0003,60
1701745567,207,525,0.3943,1597,0.0003,60
1701799571,212,525,0.4038,1597,0.0003,55
1701853567,207,527,0.3928,1598,0.0003,60
1701909022,211,526,0.4011,1599,0.0003,60
1701962571,205,523,0.392,1594,0.0002,60
1702018584,211,526,0.4011,1599,0.0003,60
1702073571,210,524,0.4008,1598,0.0002,55
1702127575,212,523,0.4054,1595,0.0002,55
1702183566,207,518,0.3996,1593,0.0002,55
1702237571,210,520,0.4038,1594,0.0001,60
1702349570,208,513,0.4055,1577,-0.0085,50
1702403575,208,511,0.407,1587,-0.0086,55
1702459567,205,500,0.41,1587,-0.0087,55
1702515566,103,516,0.1996,1591,-0.0068,55
1702573571,205,517,0.3965,1593,-0.0067,55
1702631567,208,518,0.4015,1593,-0.0067,55
1702685570,210,522,0.4023,1597,-0.0067,55
1702739571,210,521,0.4031,1596,-0.0067,55
1702793566,211,521,0.405,1595,-0.0067,60
1702847571,211,523,0.4034,1597,-0.0067,60
1702901567,212,522,0.4061,1596,-0.0067,60
1702957814,210,511,0.411,1576,-0.0066,60
1703011621,211,521,0.405,1596,-0.0066,60
1703065768,210,511,0.411,1574,-0.0065,60
1703119571,211,523,0.4034,1598,-0.0065,60
1703176566,211,513,0.4113,1599,-0.0064,60
1703232571,208,518,0.4015,1592,-0.0065,60
1703286571,202,473,0.4271,1540,-0.0061,60
1703342568,208,517,0.4023,1591,-0.0062,60
1703396571,203,517,0.3926,1592,0.0021,60
1703450571,209,519,0.4027,1593,0.0022,60
1703504571,205,520,0.3942,1593,0.0023,55
1703564571,210,520,0.4038,1594,0.0024,55
1703619534,209,521,0.4012,1595,0.0004,50
1703673571,209,508,0.4114,1572,0.0003,50
1703727571,186,516,0.3605,1596,0.0006,50
1703781571,209,509,0.4106,1573,0.0005,45
1703837571,211,522,0.4042,1596,0.0005,45
1703891567,211,510,0.4137,1593,0.0005,45
1703945569,210,521,0.4031,1596,0.0005,45
1704000603,206,522,0.3946,1597,0.0005,40
1704057129,212,522,0.4061,1595,0.0005,40
1704113566,204,519,0.3931,1592,0.0005,40
1704169566,208,516,0.4031,1590,0.0004,45
1704224572,208,515,0.4039,1589,0.0004,45
1704278571,207,516,0.4012,1590,0.0003,45
1704333571,204,513,0.3977,1591,0.0003,40
1704391571,209,506,0.413,1569,0.0001,40
1704447571,211,521,0.405,1595,0.0002,40
1704501571,209,507,0.4122,1592,0.0004,45
1704555567,209,517,0.4043,1592,0.0004,45
1704613566,213,517,0.412,1593,0.0002,45
1704667571,210,520,0.4038,1593,0.0002,45
1704721571,200,520,0.3846,1595,0.0004,45
1704778567,209,519,0.4027,1594,0.0004,45
1704834210,201,520,0.3865,1596,0.0003,45
1704892390,211,521,0.405,1596,0.0003,45
1704948567,211,521,0.405,1596,0.0003,50
1705002571,209,520,0.4019,1596,0.0003,50
1705058598,214,522,0.41,1591,0.0003,50
1705113578,208,484,0.4298,1567,0.0003,50
1705168571,208,515,0.4039,1590,0.0003,50
1705222571,208,505,0.4119,1591,0.0004,50
1705277567,207,515,0.4019,1591,0.0004,50
1705332571,202,515,0.3922,1590,0.0003,50
1705388571,209,516,0.405,1590,0.0003,50
1705447534,199,514,0.3872,1589,0.0002,50
1705501570,207,515,0.4019,1591,0.0001,55
1705555764,209,517,0.4043,1592,0.0001,55
1705612572,209,516,0.405,1591,0,55
1705670943,214,523,0.4092,1595,-0.0001,55
1705724542,209,506,0.413,1574,-0.0001,55
1705778573,209,517,0.4043,1594,-0.0001,55
1705834579,210,509,0.4126,1595,-0.0004,55
1705889534,210,519,0.4046,1595,-0.0004,55
1705943572,210,515,0.4078,1592,-0.0005,55
1705999534,206,510,0.4039,1587,-0.0005,55
1706056534,208,513,0.4055,1589,-0.0005,55
1706110571,207,514,0.4027,1590,-0.0005,55
1706164534,201,515,0.3903,1589,-0.0005,50
1706219572,209,514,0.4066,1589,-0.0005,50
1706276567,209,515,0.4058,1591,-0.0005,50
1706330571,208,515,0.4039,1591,-0.0005,45
1706386534,202,509,0.3969,1591,-0.0006,45
1706440571,208,505,0.4119,1571,-0.0004,45
1706494571,209,516,0.405,1592,-0.0004,45
1706550571,208,505,0.4119,1593,-0.0002,45
1706606534,209,516,0.405,1592,-0.0002,40
1706663579,211,515,0.4097,1592,-0.0001,40
1706717573,209,517,0.4043,1594,-0.0001,40
1706773578,209,515,0.4058,1593,-0.0001,40
1706827537,208,517,0.4023,1595,0.0001,40
1706883571,197,510,0.3863,1590,0.0003,35
1706938534,207,510,0.4059,1587,0.0003,35
1706992571,211,518,0.4073,1589,0.0003,40
1707047567,206,514,0.4008,1590,0.0004,40
1707101571,207,513,0.4035,1589,0.0004,40
1707157566,102,503,0.2028,1569,0.0011,40
1707213567,208,513,0.4055,1588,0.0011,40
1707270566,204,499,0.4088,1588,0.0011,40
1707325572,208,514,0.4047,1591,0.0011,45
1707379571,203,516,0.3934,1592,0.0011,45
1707433567,207,514,0.4027,1590,0.0011,45
1707489571,210,512,0.4102,1589,0.0012,50
1707545242,208,513,0.4055,1590,0.0011,45
1707600237,203,512,0.3965,1592,0.001,45
1707654577,209,516,0.405,1593,0.001,50
1707710570,208,514,0.4047,1591,0.001,45
1707764565,208,359,0.5794,1588,0.0031,45
1707822571,205,507,0.4043,1584,0.0031,45
1707876567,205,498,0.4116,1566,0.0031,45
1707931269,206,510,0.4039,1588,0.003,45
1707985567,206,501,0.4112,1588,0.0028,45
1708041570,204,507,0.4024,1587,0.0028,45
1708097571,199,507,0.3925,1587,0.0029,45
1708151567,206,510,0.4039,1589,0.0029,40
1708208566,201,509,0.3949,1587,0.0029,40
1708262571,207,511,0.4051,1589,0.0022,45
1708316572,200,506,0.3953,1591,0.0022,40
1708370567,206,511,0.4031,1591,0.0022,45
1708426572,212,515,0.4117,1587,0.0022,45
1708483846,206,515,0.4,1596,0.0022,45
1708538576,206,512,0.4023,1592,0.0022,45
1708592536,207,502,0.4124,1572,0.0022,45
1708648566,206,511,0.4031,1590,0.0022,45
1708704570,205,495,0.4141,1585,0.0024,45
1708760567,204,507,0.4024,1585,0.0023,50
1708869570,207,511,0.4051,1588,-0.0068,45
1708925534,200,508,0.3937,1587,-0.007,45
1708979570,206,510,0.4039,1588,-0.0069,50
1709035534,205,509,0.4028,1588,-0.0069,45
1709091570,205,509,0.4028,1586,-0.0068,45
1709145571,207,510,0.4059,1588,-0.0068,50
1709199571,207,510,0.4059,1588,-0.0069,50
1709253571,207,509,0.4067,1588,-0.0069,55
1709309567,207,499,0.4148,1565,-0.007,55
1709363406,208,510,0.4078,1587,-0.0071,55
1709419008,205,499,0.4108,1590,-0.0071,55
1709473116,206,513,0.4016,1592,-0.0071,55
1709526579,209,500,0.418,1587,-0.0071,55
1709580579,206,505,0.4079,1582,-0.0071,50
1709637569,193,502,0.3845,1580,-0.0071,50
1709691571,204,504,0.4048,1582,-0.0072,50
1709745570,199,506,0.3933,1586,-0.0072,50
1709804571,205,506,0.4051,1584,-0.0073,50
1709858571,203,505,0.402,1584,-0.0073,50
1709914571,204,505,0.404,1584,-0.0004,55
1709970534,205,508,0.4035,1586,-0.0004,50
1710025571,204,498,0.4096,1567,-0.0002,55
1710079570,206,508,0.4055,1585,-0.0002,55
1710136570,205,497,0.4125,1587,-0.0003,55
1710191534,206,509,0.4047,1588,-0.0003,55
1710247570,200,510,0.3922,1588,-0.0002,50
1710302567,207,508,0.4075,1587,-0.0002,45
1710359292,200,508,0.3937,1589,-0.0001,45
1710413694,207,508,0.4075,1587,-0.0001,50
1710467577,207,509,0.4067,1587,-0.0001,45
1710523577,204,501,0.4072,1580,-0.0001,45
1710577569,200,499,0.4008,1580,-0.0001,45
1710631571,204,504,0.4048,1584,-0.0001,50
1710685571,205,507,0.4043,1585,-0.0001,45
1710741566,205,497,0.4125,1566,0,45
1710795566,203,505,0.402,1584,0,45
1710851567,203,494,0.4109,1583,0.0001,45
1710907570,203,505,0.402,1584,0.0001,50
1710961571,206,507,0.4063,1585,0.0001,45
1711015572,203,505,0.402,1585,0.0001,50
1711071567,204,508,0.4016,1586,0.0001,45
1711127571,205,508,0.4035,1586,0,45
1711181571,196,507,0.3866,1585,0.0003,45
1711235572,205,507,0.4043,1584,0.0004,50
1711289485,205,507,0.4043,1586,0.0004,50
1711343571,205,507,0.4043,1586,0.0003,55
1711398591,203,499,0.4068,1575,0.0003,55
1711454570,206,504,0.4087,1579,0.0002,55
1711510568,202,500,0.404,1578,0.0002,60
1711564574,202,489,0.4131,1555,0.0002,55
1711618570,202,502,0.4024,1582,0.0002,55
1711675565,204,489,0.4172,1581,0.0002,55
1711731570,205,504,0.4067,1583,0.0002,55
1711785565,198,501,0.3952,1581,0.0001,55
1711840570,201,501,0.4012,1581,0.0001,60
1711894565,197,500,0.394,1580,0.0001,55
1711948570,203,503,0.4036,1583,0,55
1712002570,200,500,0.4,1584,0,55
1712058565,204,503,0.4056,1582,0,55
1712112570,204,504,0.4048,1584,0,55
1712166566,205,506,0.4051,1585,0.0001,55
1712220565,204,503,0.4056,1583,0.0001,60
1712274566,205,505,0.4059,1584,-0.0002,55
1712330373,209,509,0.4106,1585,-0.0003,55
1712387343,205,505,0.4059,1582,-0.0003,50
1712441573,204,499,0.4088,1578,-0.0003,50
1712495575,201,488,0.4119,1577,-0.0004,50
1712550576,201,499,0.4028,1579,-0.0003,55
1712604570,197,499,0.3948,1578,-0.0003,50
1712660570,201,499,0.4028,1579,-0.0002,50
1712715565,197,500,0.394,1580,-0.0002,50
1712771565,202,500,0.404,1580,-0.0002,55
1712825570,203,498,0.4076,1578,-0.0002,55
1712879570,203,500,0.406,1578,-0.0002,50
1712935372,198,495,0.4,1580,-0.0002,50
1712990570,202,501,0.4032,1582,-0.0001,55
1713044565,204,502,0.4064,1581,-0.0001,55
1713098570,204,492,0.4146,1561,0,55
1713153565,202,501,0.4032,1581,0,60
1713208565,203,492,0.4126,1581,0.0001,55
1713264565,202,501,0.4032,1580,0,55
1713318565,196,499,0.3928,1578,-0.0002,50
1713372568,201,495,0.4061,1573,-0.0002,50
1713426913,203,487,0.4168,1558,-0.0002,50
1713482275,195,495,0.3939,1574,-0.0001,50
1713538373,196,496,0.3952,1575,0,50
1713593573,202,497,0.4064,1576,0.0001,50
1713648569,202,498,0.4056,1576,0.0001,50
1713702570,201,496,0.4052,1574,0,45
1713756570,201,496,0.4052,1575,0,50
1713811565,200,486,0.4115,1554,0,50
1713867566,200,497,0.4024,1576,0,50
1713921577,201,494,0.4069,1575,0,50
1713976571,202,520,0.3885,1605,-0.0001,55
1714030533,216,521,0.4146,1619,0,50
1714084570,218,532,0.4098,1620,0,45
1714138565,205,513,0.3996,1600,0,45
1714195569,210,513,0.4094,1595,-0.0001,45
1714249570,202,507,0.3984,1588,-0.0001,45
1714303566,205,502,0.4084,1583,-0.0002,45
1714357565,193,498,0.3876,1583,-0.0004,50
1714411570,205,503,0.4076,1584,-0.0002,50
1714469899,205,503,0.4076,1585,-0.0002,50
1714523572,204,503,0.4056,1585,0,45
1714577575,204,503,0.4056,1585,-0.0002,45
1714633576,206,493,0.4178,1563,-0.0004,45
1714688566,204,502,0.4064,1584,-0.0004,45
1714742570,204,494,0.413,1587,-0.0004,50
1714801533,204,502,0.4064,1584,-0.0004,45
1714855570,198,504,0.3929,1587,-0.0004,45
1714910533,206,506,0.4071,1587,-0.0004,45
1714966533,201,506,0.3972,1586,-0.0004,45
1715021533,203,505,0.402,1586,-0.0004,45
1715077570,207,508,0.4075,1588,-0.0004,50
1715132566,205,505,0.4059,1585,-0.0004,50
1715186570,199,496,0.4012,1581,-0.0004,45
1715240570,203,498,0.4076,1578,-0.0004,50
1715295565,203,500,0.406,1579,-0.0004,45
1715350307,204,493,0.4138,1563,-0.0003,45
1715406583,204,500,0.408,1580,-0.0003,45
1715461580,203,488,0.416,1580,0.0001,45
1715515572,204,500,0.408,1578,0.0001,45
1715570575,202,500,0.404,1578,0.0002,50
1715624570,203,502,0.4044,1581,0.0002,50
1715680570,101,503,0.2008,1584,0.0025,45
1715734587,188,452,0.4159,1507,0.0025,45
1715790570,200,503,0.3976,1582,0.0026,45
1715844570,205,502,0.4084,1581,0.0026,45
1715898570,204,501,0.4072,1580,0.0026,45
1715952570,204,502,0.4064,1581,0.0026,45
1716008533,203,501,0.4052,1581,0.0026,40
1716062570,203,502,0.4044,1584,0.0026,35
1716116533,201,493,0.4077,1572,0.0026,35
1716172741,204,489,0.4172,1555,0.0026,40
1716227569,203,499,0.4068,1576,0.0026,40
1716283570,204,487,0.4189,1580,0.0027,40
1716337565,204,497,0.4105,1575,0.0027,40
1716391570,199,499,0.3988,1575,0.0026,40
1716445570,203,498,0.4076,1576,0.0026,45
1716500591,200,502,0.3984,1581,0.0025,40
1716555250,206,506,0.4071,1584,0.0024,45
1716613569,206,503,0.4095,1582,0.0024,45
1716667564,203,503,0.4036,1583,0.0024,45
1716722570,200,500,0.4,1583,0.0024,40
1716778569,206,503,0.4095,1581,0.0001,45
1716889578,206,493,0.4178,1560,0.0057,40
1716944533,204,498,0.4096,1575,0.0057,40
1716998565,202,485,0.4165,1572,0.0057,45
1717053566,204,498,0.4096,1574,0.0057,45
1717108571,196,497,0.3944,1575,0.0057,50
1717162565,204,498,0.4096,1576,0.0057,45
1717218570,198,496,0.3992,1574,0.0057,45
1717272565,203,495,0.4101,1573,0.0057,45
1717326571,191,491,0.389,1574,0.0056,45
1717380566,203,496,0.4093,1575,0.0055,50
1717436802,204,497,0.4105,1574,0.0055,50
1717492576,202,496,0.4073,1575,0.0056,50
1717546543,205,499,0.4108,1577,0.0056,50
1717601569,204,487,0.4189,1556,0.0059,50
1717655535,203,496,0.4093,1576,0.0059,50
1717709569,178,498,0.3574,1574,0.0052,45
1717763569,203,497,0.4085,1575,0.0051,45
1717820533,203,482,0.4212,1571,0.0048,45
1717874569,202,492,0.4106,1568,0.0048,45
1717928569,197,493,0.3996,1569,-0.0008,45
1717984533,201,493,0.4077,1571,-0.0008,50
1718038569,196,492,0.3984,1569,-0.0007,45
1718149533,202,494,0.4089,1572,0.0024,45
1718203569,204,492,0.4146,1569,0.0024,45
1718257566,206,496,0.4153,1569,0.0024,50
1718311565,201,491,0.4094,1570,0.0024,50
1718365569,203,493,0.4118,1570,0.0024,50
1718421569,203,484,0.4194,1553,0.0025,50
1718477577,203,493,0.4118,1571,0.0025,45
1718532072,203,472,0.4301,1550,0.0027,50
1718585576,202,494,0.4089,1573,0.0027,50
1718642565,203,491,0.4134,1573,0.0027,50
1718698565,200,491,0.4073,1571,0.0026,50
1718754565,202,487,0.4148,1566,0.0026,50
1718809565,199,487,0.4086,1564,0.0034,50
1718864570,195,484,0.4029,1566,0.0035,50
1718919570,200,489,0.409,1567,0.0036,55
1718974570,202,490,0.4122,1567,0.0036,55
1719031565,200,490,0.4082,1568,0.0035,50
1719086569,205,493,0.4158,1566,0.0034,55
1719140570,199,478,0.4163,1549,0.0033,60
1719194570,201,489,0.411,1566,0.0002,55
1719248570,200,479,0.4175,1568,0.0002,55
1719304565,201,490,0.4102,1568,0.0002,55
1719358570,195,489,0.3988,1568,0.0002,55
1719414240,200,488,0.4098,1568,0.0002,55
1719468582,198,489,0.4049,1568,0.0002,50
1719522351,201,490,0.4102,1569,0.0002,55
1719576570,196,489,0.4008,1567,0.0001,50
1719632570,201,488,0.4119,1566,0,50
1719686570,199,485,0.4103,1562,0,50
1719740566,199,485,0.4103,1562,0,50
1719798565,194,481,0.4033,1564,-0.0001,50
1719853292,199,475,0.4189,1541,0,50
1719909564,197,485,0.4062,1563,-0.0001,50
1719964565,200,475,0.4211,1564,-0.0003,45
1720018570,199,485,0.4103,1562,-0.0003,45
1720072570,199,476,0.4181,1562,-0.0004,45
1720127570,200,487,0.4107,1565,-0.0004,45
1720181565,194,486,0.3992,1563,-0.0003,40
1720237569,201,486,0.4136,1564,-0.0003,40
1720291565,194,486,0.3992,1565,-0.0002,40
1720345570,199,485,0.4103,1563,-0.0002,40
1720399568,194,482,0.4025,1566,-0.0002,40
1720453570,201,487,0.4127,1565,-0.0002,40
1720510576,197,484,0.407,1565,-0.0002,40
1720564572,197,480,0.4104,1559,-0.0002,40
1720621568,197,480,0.4104,1557,-0.0002,45
1720675570,197,473,0.4165,1541,-0.0001,45
1720729565,197,481,0.4096,1561,-0.0001,50
1720783570,198,473,0.4186,1563,0,45
1720840569,199,483,0.412,1562,0,45
1720895564,192,481,0.3992,1561,-0.0001,45
1720949570,197,480,0.4104,1561,-0.0002,45
1721005565,197,480,0.4104,1560,-0.0001,50
1721059570,201,488,0.4119,1562,0,50
1721115570,193,483,0.3996,1563,0.0002,50
1721171565,198,483,0.4099,1564,0.0002,55
1721226565,203,488,0.416,1563,0.0002,55
1721280570,200,484,0.4132,1563,0.0001,55
1721334565,198,483,0.4099,1564,0.0001,50
1721388565,200,476,0.4202,1546,0,50
1721444567,200,485,0.4124,1564,0,50
1721500433,199,471,0.4225,1561,-0.0001,50
1721554578,199,480,0.4146,1557,-0.0001,50
1721608576,198,469,0.4222,1560,0,50
1721663577,197,481,0.4096,1560,-0.0001,50
1721719570,192,480,0.4,1561,-0.0001,45
1721773570,196,482,0.4066,1560,-0.0001,50
1721827565,194,483,0.4017,1561,-0.0002,45
1721885570,197,480,0.4104,1561,-0.0003,50
1721939569,197,481,0.4096,1562,-0.0003,45
1721993570,197,483,0.4079,1562,-0.0002,45
1722049570,199,483,0.412,1563,-0.0002,40
1722103570,200,488,0.4098,1570,-0.0002,40
1722157566,204,488,0.418,1562,-0.0003,40
1722214565,198,471,0.4204,1541,-0.0005,40
1722268570,199,483,0.412,1562,-0.0006,40
1722324566,199,475,0.4189,1564,-0.0006,40
1722378571,200,483,0.4141,1562,-0.0006,40
1722432570,194,481,0.4033,1558,-0.0005,40
1722488245,197,477,0.413,1556,-0.0005,40
1722543570,192,480,0.4,1558,-0.0005,40
1722597574,196,478,0.41,1559,-0.0004,45
1722653570,199,479,0.4154,1559,-0.0004,45
1722707570,196,479,0.4092,1558,-0.0004,45
1722761566,204,485,0.4206,1558,-0.0004,45
1722819569,198,479,0.4134,1557,-0.0004,40
1722874565,202,485,0.4165,1560,-0.0003,45
1722930570,198,468,0.4231,1534,-0.0002,45
1722985570,199,482,0.4129,1561,-0.0002,45
1723039570,199,471,0.4225,1560,0,50
1723093566,199,481,0.4137,1560,0,45
1723149570,190,480,0.3958,1560,-0.0002,50
1723203565,200,482,0.4149,1562,-0.0001,50
1723259570,191,480,0.3979,1561,0.0002,50
1723315533,196,476,0.4118,1557,0.0003,55
1723369570,187,469,0.3987,1553,0.0005,50
1723425896,197,477,0.413,1556,0.0005,55
1723479535,196,477,0.4109,1557,0.0005,50
1723535578,196,477,0.4109,1558,0.0005,55
1723591535,198,478,0.4142,1557,0.0005,55
1723645569,196,467,0.4197,1538,0.0004,55
1723699569,198,478,0.4142,1557,0.0004,55
1723753331,197,469,0.42,1558,0.0004,55
1723809565,197,478,0.4121,1559,0.0004,55
1723866570,191,478,0.3996,1559,0.0003,55
1723923565,198,478,0.4142,1559,0.0004,55
1723977570,191,478,0.3996,1560,0.0003,50
1724032570,197,479,0.4113,1560,0.0002,55
1724086570,193,474,0.4072,1560,0.0001,50
1724144569,198,479,0.4134,1559,0,55
1724199570,198,476,0.416,1555,0.0001,55
1724253566,196,477,0.4109,1560,0.0003,55
1724307570,200,479,0.4175,1554,0.0003,55
1724361566,197,468,0.4209,1537,0,50
1724416858,196,475,0.4126,1555,0,50
1724472576,195,464,0.4203,1554,-0.0003,50
1724528565,197,476,0.4139,1553,-0.0003,50
1724582569,190,475,0.4,1554,-0.0002,50
1724636566,197,477,0.413,1556,-0.0002,50
1724690569,192,477,0.4025,1557,-0.0002,45
1724748564,198,477,0.4151,1557,-0.0001,45
1724802569,194,474,0.4093,1558,-0.0001,45
1724858563,195,476,0.4097,1557,-0.0001,50
1724912569,202,482,0.4191,1557,-0.0001,50
1724966566,199,478,0.4163,1558,-0.0001,45
1725020569,197,476,0.4139,1558,-0.0001,45
1725076566,195,461,0.423,1531,0,45
1725130569,195,471,0.414,1550,0.0001,45
1725184569,195,460,0.4239,1528,0.0002,45
1725238566,195,473,0.4123,1554,0.0002,45
1725292569,195,465,0.4194,1560,0.0002,45
1725350326,193,470,0.4106,1555,0.0002,45
1725404577,190,472,0.4025,1554,0,40
1725458571,195,473,0.4123,1555,0.0001,45
1725514575,192,473,0.4059,1553,0.0002,40
1725568568,196,473,0.4144,1556,0.0003,40
1725622569,188,474,0.3966,1556,0.0005,45
1725679569,196,475,0.4126,1557,0.0004,45
1725734566,197,476,0.4139,1557,0.0004,45
1725789501,195,474,0.4114,1558,0.0003,45
1725843569,202,482,0.4191,1558,0.0003,45
1725900648,197,463,0.4255,1535,0.0003,45
1725956569,195,471,0.414,1552,0.0002,45
1726010533,194,458,0.4236,1548,0.0003,45
1726066569,194,470,0.4128,1553,0.0002,50
1726121533,190,472,0.4025,1553,0.0002,45
1726175570,195,470,0.4149,1552,0.0002,45
1726229533,189,470,0.4021,1553,0.0001,45
1726285535,194,470,0.4128,1553,0,45
1726343570,196,473,0.4144,1553,0,50
1726397535,195,472,0.4131,1554,-0.0001,45
1726452577,196,472,0.4153,1554,0,50
1726507569,194,472,0.411,1555,0.0001,50
1726619533,197,466,0.4227,1556,0.0083,50
1726673570,197,474,0.4156,1554,0.0082,50
1726727570,198,466,0.4249,1556,0.008,50
1726781570,197,475,0.4147,1557,0.008,45
1726838570,191,474,0.403,1555,0.008,50
1726894565,195,469,0.4158,1550,0.008,50
1726948570,189,468,0.4038,1548,0.0081,45
1727005566,195,471,0.414,1551,0.0081,50
1727059570,197,471,0.4183,1551,0.0081,50
1727113570,196,472,0.4153,1552,0.0081,45
1727170533,196,472,0.4153,1553,0.0081,50
1727224570,196,469,0.4179,1548,0.0081,50
1727280570,194,471,0.4119,1554,0.0081,50
1727334730,197,460,0.4283,1529,0.0083,50
1727388570,197,474,0.4156,1555,0.0083,45
1727445567,194,461,0.4208,1555,0.0084,50
1727501633,197,472,0.4174,1554,0.0084,45
1727558569,195,472,0.4131,1555,0.0084,45
1727612565,196,473,0.4144,1557,0.0085,50
1727666570,191,473,0.4038,1557,0.0002,50
1727721571,197,470,0.4191,1553,0.0003,50
1727778566,194,466,0.4163,1549,0.0003,50
1727835570,195,470,0.4149,1552,0.0004,45
1727890570,195,470,0.4149,1553,0.0004,50
1727944570,194,458,0.4236,1533,0.0002,50
1727998570,192,465,0.4129,1550,0.0002,50
1728052566,194,470,0.4128,1551,0.0002,50
1728110925,194,469,0.4136,1554,0.0002,50
1728166572,189,470,0.4021,1555,0.0002,50
1728220578,196,472,0.4153,1556,0.0002,50
1728276565,198,471,0.4204,1557,0.0002,45
1728330570,197,473,0.4165,1557,0.0002,45
1728386570,189,471,0.4013,1557,0.0002,45
1728443570,194,470,0.4128,1557,0.0001,50
1728497572,193,468,0.4124,1559,0,45
1728553570,196,472,0.4153,1558,0,50
1728607570,199,474,0.4198,1557,0,50
1728661570,194,458,0.4236,1534,0.0001,50
1728717572,194,467,0.4154,1552,0.0001,50
1728772571,194,460,0.4217,1554,-0.0001,45
1728826570,194,468,0.4145,1554,0,50
1728880570,200,466,0.4292,1554,-0.0002,50
1728934570,196,471,0.4161,1556,-0.0002,45
1728992569,185,467,0.3961,1556,0,45
1729047353,197,472,0.4174,1557,0,45
1729101565,190,471,0.4034,1558,0,50
1729155570,195,471,0.414,1558,0,45
1729210565,194,470,0.4128,1559,0,45
1729266138,196,470,0.417,1559,0,45
1729322578,196,471,0.4161,1560,0,45
1729378565,196,464,0.4224,1542,0,45
1729432565,196,471,0.4161,1560,0,45
1729486570,195,469,0.4158,1560,0.0001,40
1729541565,194,469,0.4136,1557,0.0001,40
1729599569,196,467,0.4197,1555,0.0002,40
1729653564,193,469,0.4115,1559,0.0001,40
1729709565,194,468,0.4145,1558,0.0001,40
1729763570,194,469,0.4136,1559,0,40
1729818570,187,436,0.4289,1531,0.0001,40
1729873569,196,469,0.4179,1558,0.0002,40
1729929569,199,473,0.4207,1559,0.0001,45
1729984569,194,469,0.4136,1561,0.0003,45
1730038565,194,468,0.4145,1561,0.0003,45
1730093986,204,472,0.4322,1543,0,45
1730149720,195,469,0.4158,1561,0,45
1730205570,196,460,0.4261,1561,-0.0001,45
1730259574,198,442,0.448,1563,-0.0002,50
1730315577,196,463,0.4233,1564,-0.0002,45
1730369568,197,472,0.4174,1566,-0.0002,45
1730423570,199,461,0.4317,1562,-0.0002,45
1730477565,192,464,0.4138,1557,-0.0003,50
1730534569,188,465,0.4043,1557,-0.0003,50
1730588570,192,467,0.4111,1560,-0.0003,55
1730642570,97,471,0.2059,1560,-0.0017,50
1730696570,193,467,0.4133,1559,-0.0018,50
1730752565,183,457,0.4004,1560,-0.0019,50
1730809565,193,459,0.4205,1542,-0.0018,50
1730865569,194,469,0.4136,1561,-0.0018,50
1730919564,194,470,0.4128,1562,-0.0021,45
1730973570,196,471,0.4161,1563,-0.002,45
1731027565,195,462,0.4221,1564,-0.002,45
1731081565,197,471,0.4183,1560,-0.0021,40
1731137568,188,469,0.4009,1564,-0.002,40
1731193780,195,472,0.4131,1564,-0.0018,45
1731248578,199,472,0.4216,1566,-0.0018,45
1731302580,196,470,0.417,1563,-0.0018,40
1731358565,190,464,0.4095,1562,-0.0017,40
1731414570,192,464,0.4138,1557,-0.0016,45
1731470566,192,465,0.4129,1558,-0.0016,40
1731524570,193,471,0.4098,1568,-0.0016,40
1731578565,200,473,0.4228,1560,-0.0016,40
1731632570,193,458,0.4214,1542,-0.0016,35
1731688565,194,468,0.4145,1562,-0.0015,35
1731744566,192,457,0.4201,1561,-0.0001,35
1731798570,194,469,0.4136,1562,-0.0001,35
1731853565,189,471,0.4013,1564,-0.0001,35
1731907570,194,470,0.4128,1565,-0.0002,40
1731961570,197,470,0.4191,1565,-0.0001,40
1732017371,194,470,0.4128,1564,-0.0001,40
1732071566,186,469,0.3966,1565,0.0002,40
1732125567,194,470,0.4128,1566,0.0003,45
1732182154,195,472,0.4131,1566,0.0004,45
1732236572,195,470,0.4149,1566,0.0002,45
1732290570,196,468,0.4188,1562,0.0002,50
1732349565,193,455,0.4242,1541,0.0002,50
1732403569,192,468,0.4103,1564,0.0002,50
1732457569,193,457,0.4223,1564,0.0001,50
1732512570,193,467,0.4133,1563,0.0001,50
1732567570,196,467,0.4197,1565,0.0001,55
1732623367,196,471,0.4161,1564,0.0001,55
1732678565,191,466,0.4099,1563,0.0001,55
1732732570,193,468,0.4124,1564,0.0001,60
1732786565,186,467,0.3983,1564,0,55
1732840570,193,469,0.4115,1565,-0.0001,60
1732896565,193,467,0.4133,1564,-0.0001,60
1732952570,194,469,0.4136,1565,0.0001,60
1733006570,194,469,0.4136,1565,0.0001,65
1733060566,194,473,0.4101,1572,-0.0001,65
1733114570,194,469,0.4136,1566,0,65
1733168565,193,456,0.4232,1541,-0.0004,60
1733227372,191,463,0.4125,1560,-0.0004,60
1733281578,193,455,0.4242,1562,-0.0005,55
1733337568,191,465,0.4108,1566,-0.0005,55
1733391570,188,468,0.4017,1565,-0.0004,50
1733445567,194,461,0.4208,1547,-0.0003,50
1733499570,188,467,0.4026,1564,-0.0003,50
1733555570,192,469,0.4094,1565,-0.0002,55
1733609570,193,468,0.4124,1565,-0.0002,55
1733663570,194,469,0.4136,1566,-0.0002,60
1733717565,194,469,0.4136,1567,-0.0002,60
1733773570,195,469,0.4158,1566,-0.0002,60
1733830384,193,468,0.4124,1566,-0.0002,60
1733888570,194,470,0.4128,1566,-0.0002,60
1733942570,196,472,0.4153,1568,-0.0001,60
1733996570,194,457,0.4245,1562,0,60
1734050566,191,462,0.4134,1560,0,60
1734105043,188,465,0.4043,1560,-0.0001,60
1734162991,190,465,0.4086,1563,-0.0002,60
1734216649,186,464,0.4009,1562,-0.0003,55
1734270570,193,466,0.4142,1565,-0.0002,55
1734327565,187,463,0.4039,1565,-0.0001,55
1734388565,193,467,0.4133,1565,0,55
1734444535,195,468,0.4167,1564,0,60
1734499570,194,458,0.4236,1546,-0.0002,60
1734553570,194,467,0.4154,1565,-0.0002,60
1734607570,193,457,0.4223,1564,-0.0003,60
1734662570,194,468,0.4145,1565,-0.0003,55
1734717571,194,467,0.4154,1565,-0.0003,55
1734773570,195,468,0.4167,1565,-0.0003,55
1734828569,191,463,0.4125,1561,-0.0003,55
1734889759,192,463,0.4147,1558,-0.0003,55
1734943571,168,461,0.3644,1558,-0.0005,55
1734997569,176,463,0.3801,1559,-0.0007,55
1735055565,188,459,0.4096,1560,-0.0007,55
1735109570,193,466,0.4142,1562,-0.0008,55
1735164570,190,465,0.4086,1561,-0.0008,55
1735218570,193,453,0.426,1536,-0.0006,55
1735273569,193,466,0.4142,1562,-0.0005,55
1735328568,193,457,0.4223,1562,-0.0002,60
1735388535,194,466,0.4163,1562,-0.0003,60
1735442569,186,468,0.3974,1562,-0.0002,60
1735496569,192,465,0.4129,1562,-0.0002,60
1735550569,188,467,0.4026,1563,0,55
1735606533,192,467,0.4111,1564,0.0001,60
1735663533,194,468,0.4145,1563,0.0001,60
1735718533,192,454,0.4229,1559,0.0001,60
1735772535,190,442,0.4299,1556,0,60
1735826277,192,462,0.4156,1557,0,60
1735882571,192,464,0.4138,1561,0,55
1735937580,193,462,0.4177,1562,0,55
1735995565,193,466,0.4142,1562,0,55
1736049569,192,463,0.4147,1561,0.0002,55
1736103569,192,463,0.4147,1561,0.0004,55
1736158569,182,465,0.3914,1562,0.0003,55
1736213565,192,466,0.412,1564,0.0003,55
1736269569,188,466,0.4034,1564,0.0002,55
1736326565,192,464,0.4138,1563,0.0001,60
1736380533,193,467,0.4133,1564,0.0001,55
1736434533,193,467,0.4133,1565,-0.0001,55
1736488569,194,467,0.4154,1564,-0.0001,55
1736544565,192,453,0.4238,1542,-0.0004,55
1736600569,191,461,0.4143,1557,-0.0004,55
1736655565,190,452,0.4204,1559,-0.0006,55
1736709569,192,463,0.4147,1560,-0.0006,50
1736763565,191,448,0.4263,1559,-0.0007,50
1736820570,192,462,0.4156,1559,-0.0007,50
1736876576,186,462,0.4026,1559,-0.0006,50
1736932537,191,463,0.4125,1560,-0.0005,55
1736986570,182,462,0.3939,1558,-0.0005,50
1737040565,192,465,0.4129,1559,-0.0005,55
1737095672,193,465,0.4151,1560,-0.0005,50
1737150535,192,464,0.4138,1560,-0.0005,50
1737210535,193,466,0.4142,1561,-0.0005,50
1737264569,192,456,0.4211,1542,-0.0003,50
1737318569,191,465,0.4108,1562,-0.0004,50
1737373566,194,457,0.4245,1563,-0.0001,50
1737427569,191,464,0.4116,1560,-0.0002,55
1737485565,185,461,0.4013,1556,-0.0003,50
1737539569,190,460,0.413,1554,-0.0003,50
1737593565,189,463,0.4082,1557,-0.0002,50
1737647566,193,465,0.4151,1557,-0.0001,50
1737706208,182,461,0.3948,1557,0.0001,50
1737760575,192,464,0.4138,1559,0.0002,55
1737817574,191,463,0.4125,1558,0.0002,50
1737872565,190,462,0.4113,1557,0.0003,50
1737926566,198,470,0.4213,1559,0.0003,50
1737980565,191,455,0.4198,1541,0.0002,45
1738034569,192,464,0.4138,1560,0.0002,45
1738092565,192,456,0.4211,1562,0.0002,45
1738146569,191,464,0.4116,1561,0.0002,45
1738200566,187,464,0.403,1560,0.0001,45
1738257569,193,466,0.4142,1562,0.0001,45
1738311535,188,466,0.4034,1562,0.0001,40
1738365570,190,460,0.413,1557,0,40
1738421533,185,454,0.4075,1555,0,40
1738475571,191,461,0.4143,1556,-0.0001,40
1738529533,192,463,0.4147,1558,-0.0001,45
1738583570,190,462,0.4113,1559,0.0001,45
1738637570,194,464,0.4181,1560,0.0001,45
1738694372,191,452,0.4226,1539,-0.0001,40
1738749570,192,462,0.4156,1559,-0.0001,40
1738806578,188,449,0.4187,1560,-0.0003,40
1738860578,190,462,0.4113,1561,-0.0003,45
1738914576,194,453,0.4283,1561,-0.0004,45
1738969579,192,465,0.4129,1562,-0.0005,45
1739025570,182,462,0.3939,1561,-0.0003,45
1739080570,191,464,0.4116,1563,-0.0003,50
1739136570,189,467,0.4047,1563,-0.0003,45
1739192570,191,465,0.4108,1565,-0.0002,50
1739248565,192,467,0.4111,1566,-0.0002,50
1739304337,192,465,0.4129,1564,-0.0002,55
1739358535,191,462,0.4134,1559,-0.0002,55
1739413570,190,453,0.4194,1540,-0.0001,55
1739467570,191,462,0.4134,1559,-0.0001,55
1739521572,192,451,0.4257,1535,0,55
1739576570,192,465,0.4129,1561,0,55
1739632533,192,463,0.4147,1560,0,55
1739689714,191,462,0.4134,1560,0,55
1739743541,189,464,0.4073,1561,-0.0001,50
1739798573,193,466,0.4142,1564,0,55
1739854578,187,465,0.4022,1564,0.0002,50
1739910372,192,467,0.4111,1565,0.0002,55
1739964570,193,468,0.4124,1566,0.0002,55
1740020565,193,466,0.4142,1565,0.0004,55
1740074570,192,466,0.412,1566,0.0004,55
1740128570,193,459,0.4205,1548,0.0002,55
1740182570,96,468,0.2051,1566,0.001,60
1740239565,193,458,0.4214,1567,0.001,55
1740293565,190,461,0.4121,1561,0.001,50
1740347569,190,451,0.4213,1560,0.001,50
1740403565,192,465,0.4129,1562,0.001,50
1740457570,187,464,0.403,1562,0.0009,45
1740513372,174,465,0.3742,1562,0.0007,45
1740567565,186,463,0.4017,1563,0.0006,45
1740621570,192,463,0.4147,1564,0.0005,45
1740675570,192,464,0.4138,1564,0.0005,45
1740729565,193,465,0.4151,1566,0.0005,45
1740785578,193,467,0.4133,1567,0.0005,45
1740841576,190,466,0.4077,1568,0.0005,45
1740897535,197,469,0.42,1567,0.0004,45
1740951570,192,456,0.4211,1550,0.0002,45
1741005571,192,467,0.4111,1569,0.0002,45
1741061535,192,457,0.4201,1569,0.0001,40
1741118368,194,469,0.4136,1571,0.0001,40
1741174535,187,468,0.3996,1571,0.0002,40
1741228569,193,464,0.4159,1566,0.0002,40
1741283569,186,462,0.4026,1562,-0.0005,40
1741339535,196,467,0.4197,1562,-0.0005,40
1741393533,192,465,0.4129,1564,-0.0005,40
1741449570,193,466,0.4142,1564,-0.0005,40
1741503533,192,465,0.4129,1563,-0.0005,40
1741557915,193,466,0.4142,1563,-0.0005,45
1741611569,192,465,0.4129,1561,-0.0003,40
1741667138,193,457,0.4223,1542,-0.0001,40
1741723371,193,467,0.4133,1562,-0.0001,45
1741779533,193,459,0.4205,1563,-0.0001,40
1741834567,193,468,0.4124,1564,-0.0001,45
1741888570,187,469,0.3987,1564,-0.0003,45
1741942570,196,469,0.4179,1566,-0.0001,45
1741997570,196,469,0.4179,1566,-0.0001,45
1742053570,193,468,0.4124,1567,0,40
1742107570,185,470,0.3936,1565,0.0002,40
1742162570,191,463,0.4125,1563,0.0003,45
1742216565,191,464,0.4116,1564,0.0003,40
1742270566,192,466,0.412,1566,0.0002,45
1742327372,193,466,0.4142,1568,0.0002,45
1742381565,192,457,0.4201,1551,0.0002,45
1742435570,191,464,0.4116,1570,0.0002,50
1742489577,191,454,0.4207,1549,0.0002,45
1742544566,191,464,0.4116,1570,0.0002,50
1742598570,193,457,0.4223,1573,0.0002,45
1742655712,193,468,0.4124,1574,0.0002,50
1742709576,187,467,0.4004,1576,0.0001,45
1742763580,193,467,0.4133,1576,0.0001,50
1742818576,186,465,0.4,1575,-0.0001,45
1742872537,193,469,0.4115,1578,-0.0001,50
1742927570,185,431,0.4292,1520,0,50
1742986566,194,463,0.419,1571,0.0003,45
1743040570,190,462,0.4113,1569,0.0002,45
1743094565,191,465,0.4108,1572,0.0003,50
1743149571,197,471,0.4183,1574,0.0002,50
1743203565,191,457,0.4179,1557,0,45
1743259570,192,466,0.412,1573,0,45
1743315571,192,456,0.4211,1574,-0.0001,45
1743369569,192,466,0.412,1574,-0.0001,45
1743423569,186,467,0.3983,1575,0,40
1743477569,193,467,0.4133,1575,0,40
1743531533,184,468,0.3932,1577,0,40
1743587535,194,469,0.4136,1578,0,40
1743642817,182,467,0.3897,1577,0,40
1743696581,194,469,0.4136,1578,0,40
1743750725,193,458,0.4214,1577,0,45
1743804579,194,450,0.4311,1558,0.0002,45
1743861533,185,457,0.4048,1571,0.0001,45
1743916565,189,453,0.4172,1554,0.0003,45
1743971569,192,465,0.4129,1575,0.0003,45
1744026548,192,464,0.4138,1574,0.0001,50
1744080570,191,465,0.4108,1575,0,50
1744134570,191,456,0.4189,1576,0.0001,50
1744193570,192,465,0.4129,1575,0.0001,50
1744247566,86,465,0.1849,1576,0.0031,50
1744301570,193,468,0.4124,1577,0.0031,50
1744357571,187,467,0.4004,1579,0.0033,50
1744411570,193,468,0.4124,1580,0.0033,50
1744467535,191,467,0.409,1580,0.0034,50
1744521535,192,468,0.4103,1580,0.0033,55
1744575537,191,467,0.409,1581,0.0033,50
1744629570,175,467,0.3747,1580,0.0033,50
1744685797,192,464,0.4138,1576,0.0033,50
1744739693,191,452,0.4226,1554,0.0034,50
1744795576,191,464,0.4116,1576,0.0034,50
1744851577,191,456,0.4189,1577,0.0034,50
1744905570,191,464,0.4116,1577,0.0033,45
1744959570,185,465,0.3978,1577,0.0032,45
1745013570,192,466,0.412,1578,0.0032,50
1745069566,195,465,0.4194,1577,0.0032,45
1745124570,191,465,0.4108,1578,0.0032,50
1745178570,182,466,0.3906,1580,0.0029,45
1745236569,191,466,0.4099,1580,0.0028,45
1745290565,192,468,0.4103,1582,0.0028,45
1745344570,193,468,0.4124,1581,-0.0001,50
1745403565,193,468,0.4124,1581,-0.0001,50
1745457570,194,460,0.4217,1564,-0.0003,50
1745511566,195,471,0.414,1583,-0.0003,50
1745565565,192,457,0.4201,1579,-0.0004,50
1745619570,193,467,0.4133,1579,-0.0004,50
1745678216,186,463,0.4017,1576,-0.0003,50
1745732909,193,467,0.4133,1579,-0.0004,55
1745786576,187,467,0.4004,1580,-0.0004,50
1745841577,193,468,0.4124,1580,-0.0004,50
1745895535,183,468,0.391,1581,-0.0005,50
1745949570,192,466,0.412,1580,-0.0005,50
1746006533,194,468,0.4145,1580,-0.0005,55
1746060570,193,468,0.4124,1582,-0.0004,50
1746114570,192,470,0.4085,1583,-0.0004,50
1746170560,193,460,0.4196,1564,-0.0004,50
1746226566,193,470,0.4106,1583,-0.0004,50
1746282569,193,459,0.4205,1584,0,50
1746336566,193,469,0.4115,1584,0,50
1746393565,186,469,0.3966,1584,0.0002,50
1746447570,194,471,0.4119,1585,0.0002,50
1746501533,184,466,0.3948,1581,0.0004,45
1746555569,191,464,0.4116,1578,0.0005,50
1746612533,183,466,0.3927,1580,0.0007,45
1746669569,190,465,0.4086,1579,0.0007,50
1746730565,189,463,0.4082,1582,0.0008,45
1746784569,191,457,0.4179,1563,0.0007,45
1746838533,192,468,0.4103,1582,0.0007,45
1746896566,191,457,0.4179,1582,0.0007,45
1746950533,193,467,0.4133,1582,0.0007,45
1747004569,192,458,0.4192,1584,0.0008,45
1747060570,192,468,0.4103,1584,0.0008,45
1747114570,183,468,0.391,1584,0.0006,45
1747171372,192,469,0.4094,1585,0.0006,45
1747230988,189,464,0.4073,1585,0.0006,45
1747285570,193,468,0.4124,1583,0.0005,45
1747339533,188,466,0.4034,1587,0.0005,45
1747393569,194,471,0.4119,1586,0.0003,45
1747447535,194,468,0.4145,1583,0.0004,50
1747503613,189,316,0.5981,1560,-0.0025,45
1747557575,191,464,0.4116,1580,-0.0025,45
1747616565,192,329,0.5836,1583,-0.0046,45
1747676001,191,466,0.4099,1582,-0.0046,45
1747732569,187,468,0.3996,1583,-0.0047,45
1747790487,193,469,0.4115,1583,-0.0047,45
1747848569,193,469,0.4115,1584,-0.0047,50
1747902533,194,469,0.4136,1583,-0.0047,50
1747958565,193,470,0.4106,1586,-0.0047,50
1748012569,194,462,0.4199,1567,-0.0047,50
1748066569,193,471,0.4098,1586,-0.0047,50
1748122533,195,469,0.4158,1574,-0.0047,50
1748178058,194,472,0.411,1587,-0.0047,50
1748233577,199,465,0.428,1586,-0.0045,50
1748288575,194,472,0.411,1587,-0.0045,50
1748346569,196,473,0.4144,1587,-0.0044,50
1748402533,194,332,0.5843,1585,-0.0027,55
1748456569,182,461,0.3948,1580,-0.0028,55
1748513569,193,467,0.4133,1580,-0.0028,55
1748567570,192,469,0.4094,1583,-0.0029,50
1748621570,193,469,0.4115,1583,-0.0002,55
1748678566,193,469,0.4115,1584,-0.0002,55
1748791565,193,468,0.4124,1584,0.0083,55
1748845570,193,460,0.4196,1585,0.0081,55
1748899570,195,472,0.4131,1585,0.0081,50
1748953570,189,472,0.4004,1587,0.0082,50
1749009566,194,471,0.4119,1587,0.0082,50
1749063570,188,470,0.4,1586,0.0082,50
1749118684,194,472,0.411,1588,0.0082,50
1749172570,185,473,0.3911,1588,0.0082,50
1749226574,194,472,0.411,1589,0.0082,55
1749282565,193,469,0.4115,1586,0.0082,55
1749338536,191,466,0.4099,1581,0.0081,55
1749392569,192,467,0.4111,1580,0.0081,55
1749446571,193,459,0.4205,1564,0.0082,55
1749502569,193,469,0.4115,1584,0.0065,50
1749556612,191,467,0.409,1583,0.0066,50
1749613570,193,470,0.4106,1585,0.0066,50
1749667570,196,468,0.4188,1583,0.0067,55
1749721570,192,468,0.4103,1583,0.0067,55
1749775570,187,469,0.3987,1584,0.0069,50
1749831571,191,468,0.4081,1585,0.0003,55
1749885533,188,470,0.4,1586,0.0004,50
1749941570,194,471,0.4119,1585,0.0005,55
1749995533,193,470,0.4106,1585,0.0005,50
1750049535,193,470,0.4106,1585,0.0005,55
1750103570,197,474,0.4156,1585,0.0005,55
1750159570,193,467,0.4133,1581,0.0004,50
1750215576,194,469,0.4136,1579,0.0004,55
1750271538,190,455,0.4176,1557,0.0004,55
1750331384,191,468,0.4081,1583,0.0004,55
1750385566,193,470,0.4106,1583,0.0004,55
1750439570,192,468,0.4103,1583,0.0004,55
1750493565,186,466,0.3991,1581,0.0004,50
1750551569,191,468,0.4081,1582,0.0003,55
1750605570,181,466,0.3884,1582,0,55
1750659570,192,469,0.4094,1584,0,55
1750715566,192,468,0.4103,1584,0,55
1750769570,192,469,0.4094,1584,-0.0001,50
1750825571,193,468,0.4124,1583,-0.0001,50
1750879566,193,466,0.4142,1578,-0.0003,50
1750933570,192,468,0.4103,1584,-0.0004,50
1750988734,191,452,0.4226,1555,-0.0006,50
1751044389,189,461,0.41,1576,-0.0006,55
1751099571,191,455,0.4198,1580,-0.0006,50
1751160348,192,466,0.412,1580,-0.0006,50
1751215569,187,467,0.4004,1581,-0.0006,50
1751271533,192,464,0.4138,1581,-0.0006,45
1751326565,192,466,0.412,1580,-0.0006,45
1751385565,190,465,0.4086,1580,-0.0006,40
1751441570,192,466,0.412,1581,-0.0006,40
1751495570,193,457,0.4223,1561,-0.0005,45
1751550565,191,467,0.409,1583,-0.0005,45
1751604705,193,468,0.4124,1582,-0.0004,45
1751658570,192,466,0.412,1581,-0.0004,45
1751714566,192,456,0.4211,1582,-0.0001,45
1751770565,193,469,0.4115,1585,-0.0001,40
1751826417,183,466,0.3927,1582,-0.0003,45
1751882569,191,464,0.4116,1580,-0.0003,45
1751937577,184,462,0.3983,1577,-0.0001,45
1751991570,189,464,0.4073,1577,0,50
1752047569,189,462,0.4091,1578,0,50
1752103565,191,464,0.4116,1577,0.0002,50
1752157569,191,462,0.4134,1577,0.0001,55
1752213569,189,454,0.4163,1560,0.0001,55
1752270564,190,463,0.4104,1578,0.0002,55
1752325569,193,459,0.4205,1581,0.0001,55
1752382569,192,467,0.4111,1581,0.0001,60
1752436570,186,467,0.3983,1581,0.0001,60
1752544569,193,466,0.4142,1582,-0.0003,55
1752598566,191,465,0.4108,1581,-0.0004,50
1752654565,187,466,0.4013,1582,-0.0004,50
1752708569,192,466,0.412,1581,-0.0004,55
1752763585,190,465,0.4086,1582,-0.0005,50
1752817575,189,461,0.41,1577,-0.0006,55
1752871571,189,460,0.4109,1576,-0.0006,55
1752927575,190,453,0.4194,1560,-0.0002,55
1752983569,188,461,0.4078,1578,-0.0003,55
1753037569,190,459,0.4139,1564,-0.0005,50
1753093565,190,463,0.4104,1579,-0.0005,45
1753147569,192,451,0.4257,1579,-0.0007,45
1753201569,190,461,0.4121,1578,-0.0007,45
1753257565,185,463,0.3996,1579,-0.0006,40
1753312565,195,463,0.4212,1581,-0.0007,40
1753366571,185,464,0.3987,1580,-0.0006,40
1753420569,191,465,0.4108,1582,-0.0006,45
1753474569,184,465,0.3957,1582,-0.0005,45
1753530565,190,464,0.4095,1583,-0.0005,45
1753586565,187,461,0.4056,1583,-0.0001,45
1753640565,190,466,0.4077,1584,-0.0001,50
1753694565,191,466,0.4099,1583,-0.0001,50
1753748569,193,455,0.4242,1561,0,50
1753806209,189,459,0.4118,1575,0,50
1753862573,188,449,0.4187,1576,0.0001,50
1753918568,190,463,0.4104,1578,0.0001,50
1753972569,185,463,0.3996,1579,0,45
1754026565,192,464,0.4138,1579,-0.0001,45
1754080570,193,465,0.4151,1580,0,50
1754136569,189,463,0.4082,1579,0.0001,55
1754192564,191,464,0.4116,1579,0.0001,55
1754248570,190,464,0.4095,1580,0.0002,55
1754305566,198,472,0.4195,1581,0.0002,55
1754359569,192,468,0.4103,1585,0.0001,55
1754415565,192,464,0.4138,1579,0.0001,55
1754471569,191,467,0.409,1577,0.0001,55
1754525565,190,463,0.4104,1579,0.0001,55
1754579565,190,454,0.4185,1579,0,55
1754633570,192,466,0.412,1582,0,55
1754687570,188,468,0.4017,1583,0,55
1754742842,190,461,0.4121,1578,0,50
1754802565,185,461,0.4013,1575,0,50
1754856570,191,462,0.4134,1576,-0.0001,50
1754910570,190,461,0.4121,1575,0,50
1754964570,190,462,0.4113,1577,-0.0001,45
1755020569,194,466,0.4163,1577,-0.0001,50
1755076569,190,465,0.4086,1584,0,50
1755133570,191,463,0.4125,1578,0,50
1755188570,191,461,0.4143,1580,0,50
1755242570,192,465,0.4129,1581,0,45
1755302071,192,457,0.4201,1582,-0.0002,50
1755356566,192,467,0.4111,1583,-0.0002,50
1755412734,188,466,0.4034,1582,0,50
1755468909,193,466,0.4142,1582,0,45
1755522578,183,467,0.3919,1583,0.0001,50
1755576576,193,468,0.4124,1585,0.0001,45
1755630567,193,468,0.4124,1585,0.0001,50
1755688569,192,466,0.412,1583,0.0001,50
1755742570,190,462,0.4113,1578,0.0001,45
1755799565,190,451,0.4213,1556,0.0001,45
1755858570,191,463,0.4125,1579,0.0001,45
1755912570,190,452,0.4204,1581,0.0002,45
1755966570,192,465,0.4129,1582,0.0002,45
1756024565,183,463,0.3952,1579,0.0001,50
1756078569,193,466,0.4142,1582,0.0001,50
1756132565,186,466,0.3991,1581,-0.0001,50
1756186570,191,464,0.4116,1580,0,50
1756240566,191,466,0.4099,1583,-0.0001,45
1756296570,193,467,0.4133,1583,-0.0001,45
1756352619,192,466,0.412,1582,-0.0001,45
1756406570,190,466,0.4077,1584,0.0001,45
1756460567,197,471,0.4183,1584,0,45
1756514578,192,457,0.4201,1567,-0.0002,45
1756569576,192,466,0.412,1585,-0.0002,45
1756625570,192,458,0.4192,1585,-0.0003,45
1756679570,193,465,0.4151,1582,-0.0004,40
1756736565,191,462,0.4134,1580,-0.0004,40
1756790416,189,462,0.4091,1580,-0.0003,45
1756844570,193,465,0.4151,1581,-0.0004,45
1756900570,190,464,0.4095,1583,-0.0004,45
1756954570,95,465,0.2043,1583,-0.0008,40
1757008564,190,464,0.4095,1582,-0.0009,45
1757062570,192,465,0.4129,1582,-0.0009,45
1757116570,191,466,0.4099,1584,-0.0008,45
1757172570,188,463,0.406,1585,-0.0008,40
1757228570,192,458,0.4192,1569,-0.0006,40
1757283570,192,466,0.412,1585,-0.0006,40
1757337578,191,457,0.4179,1567,-0.0005,40
1757391570,192,467,0.4111,1586,-0.0006,40
1757445570,195,461,0.423,1589,-0.0007,40
1757501690,193,468,0.4124,1586,-0.0008,40
1757555576,186,466,0.3991,1587,-0.0006,35
1757610572,194,470,0.4128,1589,-0.0005,35
1757666567,192,465,0.4129,1584,-0.0005,40
1757720569,190,463,0.4104,1581,-0.0004,40
1757775570,182,464,0.3922,1582,-0.0003,40
1757831570,192,464,0.4138,1583,-0.0003,40
1757886566,192,466,0.412,1583,-0.0003,40
1757940570,192,466,0.412,1584,-0.0003,40
1757996565,192,467,0.4111,1584,-0.0003,40
1758050570,191,457,0.4179,1566,0.0002,40
1758106565,192,467,0.4111,1585,0.0002,40
1758162566,192,460,0.4174,1587,0.0002,40
1758216570,194,471,0.4119,1587,0.0002,40
1758270565,187,466,0.4013,1584,0.0002,40
1758325565,186,452,0.4115,1584,0.0001,45
1758380570,189,467,0.4047,1584,0,40
1758437981,194,469,0.4136,1585,-0.0001,40
1758491577,185,469,0.3945,1587,-0.0003,40
1758545578,193,468,0.4124,1588,-0.0001,45
1758599573,192,466,0.412,1584,-0.0001,40
1758654574,191,464,0.4116,1581,-0.0003,40
1758710570,194,470,0.4128,1584,-0.0003,40
1758764570,192,463,0.4147,1578,-0.0003,40
1758820570,193,468,0.4124,1586,-0.0003,40
1758874570,190,467,0.4069,1584,-0.0004,40
1758929565,192,468,0.4103,1586,-0.0004,45
1758983570,193,459,0.4205,1587,-0.0004,40
1759039570,192,467,0.4111,1587,-0.0004,45
1759093570,189,471,0.4013,1588,-0.0004,40
1759147570,194,470,0.4128,1589,-0.0004,40
1759201565,188,469,0.4009,1589,-0.0004,40
1759256570,192,469,0.4094,1589,-0.0005,45
1759312374,182,464,0.3922,1587,-0.0006,45
1759366570,192,468,0.4103,1588,-0.0005,45
1759420565,199,475,0.4189,1590,-0.0005,45
1759474570,192,468,0.4103,1588,-0.0004,45
1759528566,192,466,0.412,1584,-0.0004,45
1759584684,190,455,0.4176,1564,-0.0001,50
1759640574,192,468,0.4103,1585,-0.0001,55
1759695577,192,466,0.412,1586,-0.0001,55
1759750568,193,468,0.4124,1586,-0.0001,60
1759804570,196,460,0.4261,1586,-0.0002,55
1759858565,194,469,0.4136,1587,-0.0002,55
1759916366,183,468,0.391,1586,-0.0001,60
1759970570,193,470,0.4106,1588,-0.0001,55
1760024565,188,471,0.3992,1588,0,55
1760080565,193,471,0.4098,1590,0,60
1760135565,193,470,0.4106,1589,0,60
1760189570,193,470,0.4106,1590,0,65
1760249569,193,470,0.4106,1589,0,65
1760303571,195,464,0.4203,1572,0.0001,65
1760357565,193,470,0.4106,1589,0.0001,65
1760411566,192,463,0.4147,1586,0.0002,65
1760465570,189,464,0.4073,1583,0.0002,65
1760520134,191,449,0.4254,1568,0.0003,65
1760575952,192,468,0.4103,1587,0.0003,65
1760629577,190,468,0.406,1587,0.0002,60
1760683933,192,468,0.4103,1586,0.0001,60
1760737575,187,468,0.3996,1588,0.0002,60
1760794565,194,469,0.4136,1588,0.0002,55
1760850569,192,470,0.4085,1589,0.0003,55
1760905569,194,472,0.411,1591,0.0004,60
1760959565,188,466,0.4034,1591,0.0005,55
1761013569,192,470,0.4085,1591,0.0004,60
1761067569,194,472,0.411,1591,0.0004,60
1761122569,193,463,0.4168,1574,0.0003,60
1761178569,193,470,0.4106,1592,0.0003,60
1761232569,187,450,0.4156,1572,0.0003,55
1761286535,192,466,0.412,1585,0.0003,50
1761342565,187,466,0.4013,1585,0.0003,50
1761396570,191,467,0.409,1588,0.0002,55
1761453567,196,468,0.4188,1587,0.0003,50
1761507566,193,469,0.4115,1589,0.0003,50
1761561570,187,468,0.3996,1587,0.0002,50
1761615567,192,468,0.4103,1589,0,55
1761670697,168,470,0.3574,1589,-0.0006,55
1761724569,193,471,0.4098,1590,-0.0005,55
1761782564,194,472,0.411,1591,-0.0005,55
1761837532,193,462,0.4177,1573,-0.0008,50
1761891569,193,470,0.4106,1591,-0.0007,50
1761946532,193,472,0.4089,1590,-0.0007,50
1762000569,193,472,0.4089,1593,-0.0007,50
1762056569,194,463,0.419,1592,-0.0008,50
1762110569,195,472,0.4131,1592,-0.0009,45
1762166568,188,469,0.4009,1587,-0.0008,45
1762221569,191,467,0.409,1585,-0.0008,50
1762275569,187,470,0.3979,1590,-0.0007,45
1762331532,194,471,0.4119,1591,-0.0007,50
1762387569,195,471,0.414,1590,-0.0007,50
1762441532,193,470,0.4106,1590,-0.0007,45
1762495564,188,465,0.4043,1590,-0.0007,45
1762549569,194,472,0.411,1591,-0.0008,50
1762603566,194,472,0.411,1592,-0.0008,50
1762659584,195,463,0.4212,1573,-0.0006,50
1762713575,195,474,0.4114,1594,-0.0006,50
1762767581,194,463,0.419,1593,0.0001,50
1762821566,195,473,0.4123,1594,0.0001,45
1762877568,195,474,0.4114,1594,0.0001,45
1762932569,192,472,0.4068,1594,0.0003,50
1762990564,197,471,0.4183,1591,0.0002,50
1763044569,192,467,0.4111,1586,0.0002,45
1763098569,184,471,0.3907,1590,0.0004,45
1763154569,192,471,0.4076,1591,0.0004,50
1763208563,193,471,0.4098,1591,0.0005,50
1763264564,191,468,0.4081,1590,0.0004,50
1763318569,193,471,0.4098,1592,0.0004,50
1763374568,194,462,0.4199,1571,0.0004,50
1763428567,192,471,0.4076,1593,0.0004,50
1763483384,195,467,0.4176,1580,0.0004,50
1763537564,194,472,0.411,1593,0.0004,50
1763593569,198,467,0.424,1593,0.0005,50
1763649569,194,474,0.4093,1595,0.0004,50
1763703571,190,473,0.4017,1594,0.0004,45
1763757575,193,473,0.408,1595,0.0003,50
1763812575,188,474,0.3966,1595,0.0001,45
1763868569,193,471,0.4098,1591,0,50
1763923569,193,470,0.4106,1588,0,55
1763979564,194,473,0.4101,1591,0,50
1764033569,193,473,0.408,1594,0,50
1764087569,193,476,0.4055,1601,0.0001,50
1764141569,196,474,0.4135,1591,0.0001,50
1764197633,193,460,0.4196,1566,-0.0002,50
1764251569,195,474,0.4114,1592,-0.0002,45
1764306534,196,463,0.4233,1593,-0.0003,50
1764362534,194,474,0.4093,1594,-0.0003,50
1764416532,189,473,0.3996,1593,-0.0003,45
1764472570,195,475,0.4105,1595,-0.0002,45
1764526532,190,474,0.4008,1595,-0.0002,45
1764580569,194,473,0.4101,1594,-0.0002,50
1764637463,186,474,0.3924,1595,-0.0003,45
1764691576,193,469,0.4115,1590,-0.0003,45
1764745574,195,471,0.414,1588,-0.0003,50
1764803564,193,471,0.4098,1591,-0.0003,45
1764857568,196,476,0.4118,1593,-0.0002,50
1764911532,193,463,0.4168,1574,0,50
1764965564,193,471,0.4098,1592,0,50
1765021532,194,462,0.4199,1592,0.0001,50
1765077569,191,470,0.4064,1593,0,50
1765132564,189,472,0.4004,1593,0.0001,55
1765186569,195,473,0.4123,1594,0.0001,55
1765240569,189,475,0.3979,1595,0.0002,50
1765294564,195,475,0.4105,1596,0.0003,55
1765350564,190,475,0.4,1595,0.0004,50
1765407564,194,474,0.4093,1595,0.0005,55
1765461569,195,477,0.4088,1598,0.0005,50
1765515564,194,472,0.411,1593,0.0005,50
1765569564,182,470,0.3872,1591,0.0005,55
1765623566,194,476,0.4076,1599,0.0005,55
1765679371,197,477,0.413,1593,0.0005,55
1765735575,195,475,0.4105,1594,0.0006,55
1765790429,194,472,0.411,1593,0.0006,55
1765846564,195,473,0.4123,1594,0.0006,55
1765901569,194,472,0.411,1593,0.0006,55
1765955569,187,474,0.3945,1595,0.0004,50
1766012564,196,477,0.4109,1595,0.0004,50
1766067564,190,477,0.3983,1597,0.0002,50
1766123564,195,475,0.4105,1595,0.0001,50
1766177659,195,475,0.4105,1595,0.0002,55
1766231569,195,476,0.4097,1595,0,55
1766288372,195,475,0.4105,1594,0.0001,55
1766399569,194,471,0.4119,1589,0.0068,55
1766453564,194,463,0.419,1591,0.0066,55
1766507566,194,472,0.411,1592,0.0066,55
1766563823,195,464,0.4203,1592,0.0065,55
1766619569,194,333,0.5826,1593,0.0059,60
1766673577,184,472,0.3898,1592,0.0059,60
1766728576,194,474,0.4093,1593,0.0059,60
1766782569,189,475,0.3979,1594,0.0059,60
1766836569,194,475,0.4084,1595,0.0059,60
1766891535,196,477,0.4109,1596,0.0059,60
1766947569,196,475,0.4126,1595,0.0059,60
1767001534,195,475,0.4105,1595,0.0059,60
1767055568,195,476,0.4097,1596,0.006,60
1767110568,200,478,0.4184,1594,0.0061,60
1767165534,193,460,0.4196,1571,0.0063,60
1767221568,192,469,0.4094,1589,0.0063,60
1767277569,182,435,0.4184,1592,0.0064,60
1767332569,194,472,0.411,1591,0.0064,55
1767386569,189,472,0.4004,1591,0.0065,55
1767440563,192,472,0.4068,1592,-0.0003,60
1767494564,196,332,0.5904,1592,-0.002,55
1767550574,193,472,0.4089,1592,-0.002,60
1767605757,189,467,0.4047,1591,-0.0019,55
1767659575,193,473,0.408,1595,-0.0019,55
1767713566,193,473,0.408,1595,-0.0012,55
1767768572,194,474,0.4093,1595,-0.0012,60
1767824569,196,476,0.4118,1595,-0.0012,60
1767878569,196,466,0.4206,1576,-0.0012,60
1767935569,193,474,0.4072,1595,-0.0012,60
1767989569,192,463,0.4147,1590,-0.0012,55
1768043564,194,470,0.4128,1587,-0.0012,55
1768097568,193,462,0.4177,1590,-0.0012,60
1768155568,196,474,0.4135,1592,-0.0011,60
1768209563,185,473,0.3911,1592,-0.0014,55
1768263564,192,472,0.4068,1591,-0.0015,60
1768318570,190,471,0.4034,1591,-0.0016,55
1768372568,191,471,0.4055,1591,-0.0018,55
1768428568,195,473,0.4123,1592,-0.0018,55
1768482585,194,475,0.4084,1594,-0.0019,50
1768536536,192,472,0.4068,1594,-0.0019,50
1768590568,192,472,0.4068,1593,-0.0001,55
1768646543,193,472,0.4089,1592,-0.0001,55
1768700577,194,465,0.4172,1575,-0.0002,55
1768757572,194,474,0.4093,1594,-0.0002,50
1768811569,193,464,0.4159,1593,-0.0003,50
1768866569,192,469,0.4094,1589,-0.0003,50
1768920564,187,468,0.3996,1587,-0.0002,45
1768976569,192,469,0.4094,1588,-0.0003,45
1769032569,195,471,0.414,1589,-0.0002,50
1769086569,193,471,0.4098,1588,-0.0003,50
1769142564,183,470,0.3894,1589,-0.0004,45
1769197564,191,469,0.4072,1589,-0.0005,50
1769251575,194,473,0.4101,1590,-0.0005,50
1769307564,192,470,0.4085,1589,-0.0003,45
1769363569,198,477,0.4151,1592,-0.0002,50
1769418569,192,461,0.4165,1569,0,50
1769472564,192,471,0.4076,1590,0,50
1769526566,193,462,0.4177,1591,-0.0001,50
1769582226,193,473,0.408,1593,-0.0001,50
1769638575,187,472,0.3962,1592,0,50
1769694568,195,476,0.4097,1593,0,45
1769748534,188,473,0.3975,1593,0.0001,45
1769802569,193,471,0.4098,1589,0.0001,45
1769856569,185,468,0.3953,1586,0.0002,45
1769911569,192,469,0.4094,1585,0.0002,50
1769967564,191,470,0.4064,1588,0.0002,45
1770021569,193,459,0.4205,1574,0.0002,45
1770077569,194,472,0.411,1587,0.0002,45
1770132564,194,463,0.419,1570,0.0002,45
1770186569,194,473,0.4101,1589,0.0002,45
1770242569,192,461,0.4165,1588,0.0004,45
1770296564,194,474,0.4093,1591,0.0004,45
1770404569,195,475,0.4105,1591,-0.0046,45
1770458564,187,473,0.3953,1591,-0.0048,40
1770512569,193,473,0.408,1590,-0.0049,40
1770568564,188,473,0.3975,1590,-0.005,40
1770622567,195,474,0.4114,1591,-0.005,40
1770678913,193,474,0.4072,1594,-0.0049,40
1770732639,193,472,0.4089,1591,-0.0051,45
1770786575,191,469,0.4072,1585,-0.0051,40
1770843600,190,433,0.4388,1547,-0.0054,40
1770897569,192,468,0.4103,1584,-0.0054,40
1770951564,192,460,0.4174,1567,-0.0055,40
1771005569,191,470,0.4064,1588,-0.0055,45
1771062569,191,460,0.4152,1588,-0.0055,45
1771116564,192,470,0.4085,1587,-0.0055,45
1771174564,187,471,0.397,1589,-0.0055,40
1771228569,191,470,0.4064,1589,-0.0056,45
1771283569,189,472,0.4004,1591,-0.0056,40
1771339564,191,470,0.4064,1591,-0.0057,45
1771394568,188,467,0.4026,1591,-0.0057,40
1771450564,192,472,0.4068,1591,-0.0007,45
1771505564,185,467,0.3961,1590,-0.0009,40
1771559566,193,472,0.4089,1591,-0.0007,40
1771615872,193,475,0.4063,1592,-0.0007,40
1771669570,193,463,0.4168,1573,-0.0005,45
1771723568,194,472,0.411,1590,-0.0005,45
1771780572,192,459,0.4183,1586,-0.0006,45
1771835568,189,466,0.4056,1584,-0.0006,50
1771889563,193,470,0.4106,1587,-0.0006,50
1771944569,193,470,0.4106,1587,-0.0004,50
1771999568,183,470,0.3894,1588,-0.0002,50
1772055564,194,470,0.4128,1587,-0.0002,50
1772111569,182,470,0.3872,1588,-0.0001,50
1772165569,192,470,0.4085,1588,-0.0001,55
1772219564,195,473,0.4123,1589,-0.0001,55
1772273569,192,472,0.4068,1590,-0.0001,50
1772331568,194,473,0.4101,1590,-0.0001,55
1772387568,193,465,0.4151,1573,0,55
1772441569,192,472,0.4068,1591,0,55
1772495564,192,463,0.4147,1590,0,55
1772549569,193,473,0.408,1590,0,55
1772603564,193,463,0.4168,1590,0.0003,55
1772660426,192,472,0.4068,1591,0.0002,55
1772714573,186,469,0.3966,1587,0.0001,55
1772769576,191,467,0.409,1583,0,55
1772824569,187,468,0.3996,1584,0.0002,55
1772878564,192,471,0.4076,1586,0.0003,55
1772932569,193,471,0.4098,1586,0.0002,60
1772988564,191,469,0.4072,1586,0.0003,55
1773042569,188,466,0.4034,1587,0.0003,50
1773096569,190,469,0.4051,1587,0.0002,55
1773151564,191,470,0.4064,1588,0.0003,55
1773206568,193,463,0.4168,1570,0.0002,55
1773262372,191,470,0.4064,1589,0.0002,55
1773318579,193,462,0.4177,1589,0.0002,55
1773372569,193,472,0.4089,1589,0.0002,55
1773426569,187,471,0.397,1590,0.0001,50
1773480569,192,470,0.4085,1589,0.0001,50
1773534569,184,472,0.3898,1590,0,50
1773593544,193,473,0.408,1591,0,55
1773647575,189,466,0.4056,1587,-0.0001,50
1773701569,190,467,0.4069,1584,-0.0002,50
1773757577,191,466,0.4099,1583,-0.0001,55
1773814563,190,468,0.406,1585,0,55
1773871370,196,475,0.4126,1586,0.0001,55
1773926563,192,467,0.4111,1571,-0.0001,50
1773980564,191,468,0.4081,1585,-0.0001,50
1774034569,191,460,0.4152,1586,-0.0002,50
1774089569,192,471,0.4076,1586,-0.0002,50
1774144564,187,470,0.3979,1586,-0.0001,50
1774200569,193,473,0.408,1588,-0.0002,45
1774256568,188,472,0.3983,1589,-0.0001,45
1774311564,193,472,0.4089,1588,-0.0001,45
1774365569,193,472,0.4089,1588,-0.0001,50
1774419564,192,473,0.4059,1590,-0.0001,50
1774475371,193,472,0.4089,1589,-0.0001,50
1774531839,193,472,0.4089,1588,-0.0001,50
1774585771,196,472,0.4153,1585,0,55
1774639575,191,457,0.4179,1563,0.0001,55
1774695566,191,468,0.4081,1584,0.0001,55
1774749569,191,461,0.4143,1586,0.0002,55
1774805569,190,470,0.4043,1587,0.0002,55
1774861564,188,470,0.4,1585,0.0001,55
1774915569,193,469,0.4115,1585,0.0001,55
1774970569,193,469,0.4115,1586,0.0001,55
1775026564,191,470,0.4064,1586,0.0002,60
1775082372,180,466,0.3863,1587,0.0005,55
1775136534,192,470,0.4085,1587,0.0005,55
1775191564,200,478,0.4184,1589,0.0004,60
1775245534,192,470,0.4085,1587,0.0003,55
1775300564,191,471,0.4055,1588,0.0004,55
1775354532,193,462,0.4177,1568,0.0003,55
1775410564,192,472,0.4068,1589,0.0003,55
1775464569,193,460,0.4196,1585,0.0002,55
1775520571,190,466,0.4077,1581,0.0002,55
1775575577,192,465,0.4129,1582,0.0002,50
1775630575,193,468,0.4124,1583,0.0002,50
1775687366,182,468,0.3889,1584,0.0001,45
1775741569,190,468,0.406,1585,0.0001,50
1775796569,186,469,0.3966,1586,0,45
1775850569,192,469,0.4094,1586,0,45
1775905564,191,470,0.4064,1586,0,45
1775959569,191,470,0.4064,1587,0.0001,50
1776015568,191,471,0.4055,1589,0,45
1776069569,193,470,0.4106,1585,0,45
1776123564,191,470,0.4064,1588,0,45
1776177569,193,463,0.4168,1569,-0.0004,45
1776234569,192,471,0.4076,1589,-0.0004,45
1776290371,193,463,0.4168,1589,-0.0004,45
1776344564,193,473,0.408,1588,-0.0004,45
1776398569,186,468,0.3974,1582,-0.0003,45
1776452569,190,468,0.406,1582,-0.0003,50
1776506564,186,469,0.3966,1585,-0.0002,45
1776562303,193,470,0.4106,1586,-0.0002,45
1776618571,188,467,0.4026,1587,-0.0002,45
1776675570,191,470,0.4064,1587,-0.0002,50
1776729566,193,471,0.4098,1585,-0.0002,50
1776783569,192,471,0.4076,1586,-0.0002,45
1776895366,192,462,0.4156,1569,-0.0031,45
1776949569,193,472,0.4089,1589,-0.0031,45
1777005564,191,461,0.4143,1588,-0.003,45
1777060569,192,472,0.4068,1588,-0.003,45
1777114564,189,474,0.3987,1589,-0.0031,45
1777169569,191,471,0.4055,1589,-0.0032,45
1777226569,187,471,0.397,1586,-0.003,45
1777280564,190,467,0.4069,1582,-0.0029,50
1777335564,191,464,0.4116,1576,-0.003,50
1777389569,191,469,0.4072,1585,-0.0029,50
1777444566,193,471,0.4098,1585,-0.0029,50
1777503377,191,467,0.409,1582,-0.003,45
1777557575,191,469,0.4072,1585,-0.003,45
1777612757,191,457,0.4179,1563,-0.003,45
1777666569,191,470,0.4064,1586,-0.003,45
1777720564,192,463,0.4147,1587,-0.003,45
1777774569,191,470,0.4064,1588,-0.003,45
1777831564,187,472,0.3962,1589,-0.0031,45
1777885569,192,471,0.4076,1588,-0.0031,45
1777939569,194,472,0.411,1589,0,50
1777995568,192,472,0.4068,1589,0,50
1778049564,185,474,0.3903,1590,-0.0002,45
1778105372,192,472,0.4068,1588,-0.0003,50
1778162568,192,468,0.4103,1583,-0.0002,50
1778216569,189,466,0.4056,1583,-0.0001,45
1778270564,190,469,0.4051,1585,-0.0001,45
1778325564,192,457,0.4201,1560,-0.0005,40
1778379569,193,471,0.4098,1585,-0.0005,40
1778437769,191,462,0.4134,1586,-0.0005,40
1778491577,193,472,0.4089,1587,-0.0005,40
1778545566,192,470,0.4085,1586,-0.0005,40
1778602566,193,473,0.408,1588,-0.0005,35
1778656569,194,474,0.4093,1588,-0.0005,40
1778712372,193,475,0.4063,1589,-0.0005,40
1778767569,183,470,0.3894,1589,-0.0005,35
1778821569,193,474,0.4072,1590,-0.0005,35
1778875569,192,473,0.4059,1590,-0.0005,35
1778929569,192,474,0.4051,1589,-0.0004,35
1778987564,191,473,0.4038,1589,-0.0004,30
1779043569,192,461,0.4165,1566,-0.0004,30
1779099568,191,467,0.409,1582,-0.0004,30
1779153569,191,461,0.4143,1585,-0.0002,30
1779207564,193,472,0.4089,1586,-0.0002,30
1779261569,193,470,0.4106,1586,-0.0002,30
1779318366,191,470,0.4064,1586,-0.0002,30
1779372569,194,471,0.4119,1586,-0.0001,35
1779428786,191,470,0.4064,1587,0.0001,40
1779483577,184,471,0.3907,1588,0.0004,35
1779537534,192,472,0.4068,1591,0.0004,40
1779593564,195,475,0.4105,1590,0.0004,40
1779649564,192,473,0.4059,1590,0.0004,45
1779704569,192,473,0.4059,1589,0.0005,45
1779759564,192,463,0.4147,1571,0.0004,45
1779813569,193,474,0.4072,1591,0.0004,45
1779867564,193,464,0.4159,1591,0.0004,45
1779924371,191,472,0.4047,1590,0.0004,50
1779978569,193,467,0.4133,1584,0.0004,50
1780032569,191,466,0.4099,1581,0.0004,50
1780088564,184,470,0.3915,1585,0.0003,50
1780196564,187,470,0.3979,1586,-0.0029,50
1780252569,191,469,0.4072,1586,-0.0029,55
1780306564,191,471,0.4055,1587,-0.003,50
1780360566,191,470,0.4064,1587,-0.003,55
1780415661,191,471,0.4055,1589,-0.003,50
1780469570,192,472,0.4068,1590,-0.0031,50
1780523576,196,476,0.4118,1590,-0.0032,50
1780581566,193,463,0.4168,1570,-0.0035,50
1780635566,193,473,0.408,1590,-0.0035,50
1780689568,192,463,0.4147,1590,-0.0036,50
1780744568,192,473,0.4059,1590,-0.0036,50
1780799564,187,473,0.3953,1590,-0.0035,45
1780856568,192,470,0.4085,1586,-0.0035,45
1780913568,189,467,0.4047,1583,-0.0035,45
1780967568,191,469,0.4072,1585,-0.0034,45
1781021568,192,472,0.4068,1587,-0.0034,45
1781076568,193,473,0.408,1587,-0.0034,50
1781131564,186,466,0.3991,1588,-0.0035,45
1781187568,191,469,0.4072,1586,-0.0034,50
1781241564,190,470,0.4043,1587,-0.0003,45
1781295534,191,460,0.4152,1566,-0.0002,45
1781349536,191,472,0.4047,1589,-0.0002,50
1781405555,192,471,0.4076,1590,-0.0002,45
1781461536,191,471,0.4055,1590,-0.0002,50
1781516576,188,473,0.3975,1591,-0.0003,45
1781570569,192,473,0.4059,1591,-0.0003,45
1781624532,189,473,0.3996,1591,-0.0002,45
1781678569,191,471,0.4055,1589,0,50
1781734532,183,466,0.3927,1584,0.0002,45
1781790481,190,467,0.4069,1583,0.0002,45
1781844532,191,469,0.4072,1585,0.0002,50
1781900564,191,468,0.4081,1586,0.0001,55
1781954568,193,471,0.4098,1586,0.0001,55
1782008568,190,469,0.4051,1587,0.0001,55
1782066562,191,469,0.4072,1586,0.0001,55
1782120568,191,461,0.4143,1587,0.0001,55
1782174568,191,470,0.4064,1587,0.0001,55
1782228564,192,459,0.4183,1591,0.0002,55
1782282568,191,470,0.4064,1588,0.0002,55
1782336667,191,416,0.4591,1533,0.0005,55
1782393669,192,472,0.4068,1588,0.0004,55
1782448177,186,471,0.3949,1589,0.0003,55
1782502574,193,473,0.408,1590,0.0003,55
1782558564,170,321,0.5296,1589,0.0017,60
1782612568,180,471,0.3822,1588,0.0015,60
1782668568,194,473,0.4101,1582,0.0016,60
1782724564,191,467,0.409,1582,0.0014,55
1782778568,194,473,0.4101,1583,0.0014,60
1782832568,190,461,0.4121,1567,0.0012,60
1782886534,191,470,0.4064,1585,0.0012,60
1782941564,95,461,0.2061,1586,0.0028,55
1782999568,191,469,0.4072,1584,0.0028,55
1783055564,185,470,0.3936,1585,0.0029,55
1783109568,191,471,0.4055,1586,0.0029,55
1783163532,186,472,0.3941,1588,0.003,50
1783217532,192,470,0.4085,1585,0.003,50
1783275568,191,471,0.4055,1586,0.003,50
1783330564,192,472,0.4068,1587,0.0029,50
1783385951,192,471,0.4076,1586,0.0029,55
1783439574,193,472,0.4089,1586,0.0027,55
1783494576,196,476,0.4118,1588,0.0027,60
1783550564,193,458,0.4214,1562,0.0029,60
1783606569,190,466,0.4077,1580,0.0029,60
1783660568,190,461,0.4121,1581,0.0016,60
1783716563,191,470,0.4064,1583,0.0019,60
1783771568,190,469,0.4051,1584,0.0018,55
1783831564,191,468,0.4081,1582,0.0018,55
1783887568,183,469,0.3902,1584,0.0021,50
1783943563,191,470,0.4064,1585,0.0022,55
1783997568,196,474,0.4135,1584,0.0021,55
1784105568,191,470,0.4064,1585,0.0053,55
1784160564,192,460,0.4174,1564,0.0052,55
1784218112,191,470,0.4064,1585,0.0052,55
1784271577,192,460,0.4174,1586,0.0051,55
1784329575,191,471,0.4055,1588,0.0051,60
1784383566,189,454,0.4163,1586,0.0051,55
1784437568,191,471,0.4055,1587,0.0051,55
1784493568,185,469,0.3945,1583,0.0051,50
1784548564,190,466,0.4077,1578,0.0051,50
1784602568,180,467,0.3854,1581,0.0049,45
1784656568,190,469,0.4051,1583,0.0048,50
1784712564,192,472,0.4068,1583,0.0048,50
1784769569,192,470,0.4085,1582,0.0047,50
1784827564,190,468,0.406,1582,0.0047,50
1784882564,190,460,0.413,1563,0.0048,55
1784936569,193,472,0.4089,1583,0.0048,55
1784990564,192,461,0.4165,1583,0.0045,55
1785044569,192,472,0.4068,1584,0.0045,55
1785102184,193,473,0.408,1586,0.0045,55
1785156575,192,472,0.4068,1586,-0.0003,50
1785210566,193,472,0.4089,1586,-0.0004,55
1785264579,191,471,0.4055,1585,-0.0003,55
1785319536,189,334,0.5659,1586,-0.0009,50
1785373568,190,471,0.4034,1586,-0.0009,55
1785429568,192,470,0.4085,1581,-0.0009,55
1785484569,190,466,0.4077,1578,-0.0009,50
1785539532,191,470,0.4064,1581,-0.0009,50
1785593568,191,461,0.4143,1564,-0.0008,50
1785647532,189,471,0.4013,1581,-0.0008,50
1785705564,191,460,0.4152,1582,-0.0006,50
1785759564,191,470,0.4064,1582,-0.0006,50
1785813564,191,459,0.4161,1582,-0.0005,45
1785870568,191,470,0.4064,1582,-0.0005,45
1785924569,188,472,0.3983,1583,-0.0006,45
1785978569,192,471,0.4076,1584,-0.0007,45
1786035564,186,471,0.3949,1584,-0.0005,45
1786089419,191,470,0.4064,1584,-0.0004,50
1786145663,194,473,0.4101,1585,-0.0004,45
1786199571,192,472,0.4068,1585,-0.0004,50
1786253566,192,471,0.4076,1583,-0.0004,50
1786311568,191,319,0.5987,1561,-0.0017,50
1786365569,190,465,0.4086,1576,-0.0017,50
1786419579,190,457,0.4158,1556,-0.0012,50
1786475565,190,468,0.406,1580,-0.0012,50
1786529569,190,459,0.4139,1579,-0.0012,50
1786583564,190,468,0.406,1579,-0.0012,55
1786640535,187,470,0.3979,1580,-0.0012,50
1786694564,190,468,0.406,1579,-0.0012,50
1786748535,185,468,0.3953,1579,-0.0013,50
1786804569,191,471,0.4055,1581,-0.0013,55
1786862535,191,470,0.4064,1580,-0.0013,55
1786918532,192,471,0.4076,1579,-0.0014,55
1786972530,191,471,0.4055,1581,-0.0014,55
1787029853,192,462,0.4156,1562,-0.0012,55
1787083575,192,471,0.4076,1581,-0.0012,55
1787137577,193,472,0.4089,1583,-0.0014,50
1787193534,193,474,0.4072,1582,-0.0014,50
1787249569,188,470,0.4,1577,-0.0013,50
1787303569,191,468,0.4081,1572,-0.0013,45
1787360569,188,469,0.4009,1574,-0.0012,45
1787416564,192,473,0.4059,1577,0.0001,50
1787470564,184,470,0.3915,1576,0.0001,45
1787526569,191,471,0.4055,1576,0.0002,50
1787583564,195,471,0.414,1571,0.0002,45
1787637569,197,475,0.4147,1575,0.0002,50
1787691569,192,472,0.4068,1577,0.0002,50
1787748564,192,462,0.4156,1558,0.0002,50
1787802534,191,471,0.4055,1577,0.0002,50
1787860564,192,461,0.4165,1575,0.0003,50
1787969834,188,474,0.3966,1577,-0.0037,50
1788023569,192,472,0.4068,1577,-0.0037,50
1788077570,188,472,0.3983,1578,-0.0038,50
1788134564,193,469,0.4115,1573,-0.0039,50
1788189568,188,464,0.4052,1569,-0.0039,50
1788243534,191,470,0.4064,1572,-0.0039,55
1788299571,191,470,0.4064,1574,-0.0039,55
1788354569,188,467,0.4026,1573,-0.0039,55
1788408569,194,472,0.411,1572,-0.0039,55
1788466582,191,458,0.417,1549,-0.0041,55
1788520569,190,468,0.406,1572,-0.0041,55
1788575569,191,463,0.4125,1572,-0.0042,55
1788631568,194,471,0.4119,1573,-0.0042,55
1788685569,186,469,0.3966,1574,-0.0042,50
1788741564,192,471,0.4076,1574,-0.0042,50
1788795564,188,468,0.4017,1568,-0.0042,50
1788849569,191,469,0.4072,1573,-0.0042,50
1788905865,187,472,0.3962,1576,-0.0042,50
1788959728,191,470,0.4064,1574,-0.0043,50
1789013575,191,470,0.4064,1574,-0.0003,50
1789070564,189,467,0.4047,1570,-0.0002,50
1789125569,192,467,0.4111,1567,-0.0002,50
1789179569,191,460,0.4152,1551,0,50
1789235568,191,469,0.4072,1571,0,50
1789290427,189,459,0.4118,1570,0.0001,55
1789346569,189,468,0.4038,1570,0.0001,55
1789402564,89,468,0.1902,1570,0.0029,55
1789456569,190,469,0.4051,1571,0.0028,55
1789510569,192,470,0.4085,1571,0.0029,55
1789564569,192,471,0.4076,1572,0.0029,50
1789620564,184,472,0.3898,1572,0.003,50
1789676569,191,472,0.4047,1573,0.0031,55
1789730564,193,470,0.4106,1571,0.0031,55
1789784569,192,471,0.4076,1571,0.0031,55
1789838532,192,469,0.4094,1571,0.0031,55
1789895242,190,460,0.413,1553,0.0031,55
1789951574,191,470,0.4064,1571,0.0031,55
1790007532,189,458,0.4127,1566,0.0031,55
1790061566,190,467,0.4069,1566,0.0031,50
1790115532,195,462,0.4221,1568,0.0032,55
1790169569,190,468,0.406,1569,0.0033,55
1790223569,185,469,0.3945,1567,0.0031,50
1790281564,189,467,0.4047,1568,0.003,55
1790335569,184,467,0.394,1568,0.0028,50
1790390569,194,468,0.4145,1567,0.0028,50
1790446569,191,470,0.4064,1569,0.0028,50
1790500564,191,469,0.4072,1569,0,50
1790556569,191,468,0.4081,1568,0,55
1790612564,190,456,0.4167,1544,-0.0001,55
1790667569,191,470,0.4064,1569,-0.0001,55
1790721569,192,458,0.4192,1544,-0.0003,55
1790776564,192,470,0.4085,1569,-0.0003,55
1790830570,191,459,0.4161,1568,-0.0003,55
1790889575,189,466,0.4056,1565,-0.0003,55
1790943567,188,464,0.4052,1560,-0.0003,50
1790999564,187,463,0.4039,1562,-0.0003,50
1791053569,178,464,0.3836,1563,-0.0004,45
1791107569,188,466,0.4034,1563,-0.0004,50
1791164569,190,468,0.406,1564,-0.0004,50
1791218570,187,465,0.4022,1563,-0.0005,50
1791273919,190,468,0.406,1564,-0.0005,50
1791328535,190,458,0.4148,1545,-0.0003,50
1791383568,191,468,0.4081,1564,-0.0003,50
1791437565,191,465,0.4108,1550,-0.0001,55
1791493568,192,471,0.4076,1565,-0.0002,50
1791547568,191,456,0.4189,1565,-0.0004,45
1791602568,190,470,0.4043,1565,-0.0003,45
1791658565,184,473,0.389,1568,-0.0001,40
1791712568,194,474,0.4093,1568,0,40
1791769881,175,470,0.3723,1567,0.0002,40
1791829566,191,329,0.5805,1563,-0.0008,40
1791885569,183,460,0.3978,1558,-0.0008,40
1791939564,189,466,0.4056,1558,-0.0008,45
1791995568,196,473,0.4144,1560,-0.0008,45
1792049562,190,459,0.4139,1541,-0.0008,45
1792107568,191,470,0.4064,1560,-0.0008,45
1792161569,191,457,0.4179,1559,-0.0007,45
1792215564,189,467,0.4047,1559,-0.0007,45
1792270568,164,442,0.371,1560,-0.0009,45
1792327565,191,469,0.4072,1561,-0.0008,40
1792383568,186,470,0.3957,1561,-0.0009,40
1792437565,190,430,0.4419,1483,-0.0007,40
1792491567,188,465,0.4043,1560,-0.0007,40
1792545566,191,468,0.4081,1559,-0.0007,40
1792601568,191,469,0.4072,1561,-0.0007,40
1792656568,191,473,0.4038,1565,-0.0005,45
1792713564,191,328,0.5823,1557,-0.0028,45
1792767815,189,452,0.4181,1527,-0.0031,40
1792822564,187,462,0.4048,1552,-0.0031,40
1792878564,188,450,0.4178,1553,-0.0035,45
1792932568,190,467,0.4069,1555,-0.0023,40
1792988564,185,467,0.3961,1554,-0.0023,40
1793044564,188,466,0.4034,1554,-0.0023,40
1793098568,184,466,0.3948,1554,-0.0022,40
1793152568,190,468,0.406,1554,-0.0022,45
1793207568,191,468,0.4081,1555,-0.0022,45
1793261568,191,469,0.4072,1555,-0.0022,40
1793318568,187,463,0.4039,1552,-0.0023,40
1793372564,189,467,0.4047,1553,-0.0021,45
1793427187,193,469,0.4115,1551,-0.002,45
1793483234,190,459,0.4139,1535,-0.0019,50
1793538574,156,469,0.3326,1553,-0.003,50
1793596564,191,461,0.4143,1554,-0.0028,45
1793650568,189,465,0.4065,1548,-0.0029,50
1793704568,182,462,0.3939,1545,-0.0031,45
1793758568,190,465,0.4086,1546,-0.0031,45
1793815564,186,465,0.4,1547,-0.0008,45
1793870564,191,467,0.409,1548,-0.0007,45
1793928564,189,466,0.4056,1547,-0.0007,45
1793983570,190,466,0.4077,1547,-0.0006,45
1794037568,190,466,0.4077,1547,-0.0006,50
1794094568,190,456,0.4167,1526,-0.0007,50
1794149564,188,466,0.4034,1546,-0.0007,50
1794205570,189,422,0.4479,1504,-0.0009,50
1794259564,191,468,0.4081,1546,-0.0009,50
1794313568,195,460,0.4239,1545,-0.0008,50
1794370627,190,469,0.4051,1546,-0.0008,50
1794424570,187,470,0.3979,1548,-0.0009,50
1794478574,193,471,0.4098,1546,-0.0008,50
1794535564,184,468,0.3932,1545,-0.001,45
1794589568,190,465,0.4086,1540,-0.001,45
1794643564,189,465,0.4065,1539,-0.0003,45
1794699564,190,467,0.4069,1540,-0.0004,45
1794753568,191,466,0.4099,1539,-0.0003,50
1794810568,190,457,0.4158,1521,0,55
1794865564,94,466,0.2017,1540,0.0029,60
1794919659,95,466,0.2039,1538,0.0054,60
1794973569,191,468,0.4081,1539,0.0055,60
1795027564,191,458,0.417,1540,0.0053,60
1795082569,191,467,0.409,1539,0.0053,55
1795138564,185,466,0.397,1538,0.0054,55
1795192569,192,469,0.4094,1539,0.0054,55
1795246564,186,469,0.3966,1539,0.0055,55
1795301359,189,466,0.4056,1539,0.0056,60
1795355571,183,462,0.3961,1537,0.0056,55
1795411619,191,468,0.4081,1539,0.0056,55
1795466579,175,395,0.443,1485,0.0056,60
1795520569,189,462,0.4091,1531,0.0057,60
1795576571,189,464,0.4073,1532,0.0057,55
1795630568,189,455,0.4154,1513,0.0058,55
1795684569,189,464,0.4073,1532,0.0058,55
1795742532,190,455,0.4176,1532,0.0059,55
1795796569,190,466,0.4077,1533,0.0059,55
1795850532,191,465,0.4108,1532,0.0059,55
1795904569,189,465,0.4065,1533,0.0058,50
1795961532,192,466,0.412,1534,0.0028,45
1796017568,190,467,0.4069,1534,0.0002,45
1796073532,191,467,0.409,1534,0.0002,45
1796127569,190,467,0.4069,1533,0.0003,45
1796181569,190,467,0.4069,1533,0.0003,45
1796235569,190,467,0.4069,1533,0.0003,50
1796290343,192,469,0.4094,1535,0.0003,50
1796348197,190,459,0.4139,1516,0.0002,50
1796402575,192,467,0.4111,1531,0.0002,50
1796456577,187,453,0.4128,1528,0.0002,50
1796511234,188,464,0.4052,1529,0.0002,50
1796566571,189,459,0.4118,1530,0.0001,50
1796622569,188,465,0.4043,1530,0.0001,55
1796677569,178,466,0.382,1530,-0.0001,50
1796731564,190,467,0.4069,1530,-0.0001,55
1796785569,185,466,0.397,1530,-0.0002,50
1796839569,188,465,0.4043,1530,-0.0003,55
1796894569,192,470,0.4085,1531,-0.0003,55
1796951569,190,467,0.4069,1530,-0.0004,50
1797005569,190,467,0.4069,1530,-0.0004,55
1797059564,192,469,0.4094,1531,-0.0003,55
1797115568,196,472,0.4153,1531,-0.0004,55
1797170569,190,458,0.4148,1512,-0.0005,55
1797226569,190,468,0.406,1531,-0.0005,55
1797280564,191,458,0.417,1530,-0.0006,50
1797337821,187,463,0.4039,1527,-0.0006,50
1797391575,183,461,0.397,1522,-0.0005,45
1797445577,188,464,0.4052,1526,-0.0005,50
1797499575,184,464,0.3966,1526,-0.0004,45
1797555569,189,467,0.4047,1528,-0.0004,50
1797609564,186,462,0.4026,1526,-0.0004,45
1797663568,189,463,0.4082,1526,-0.0004,45
1797717564,189,465,0.4065,1527,-0.0004,45
1797772569,166,464,0.3578,1526,-0.0006,45
1797831373,190,466,0.4077,1528,-0.0005,45
1797887564,191,455,0.4198,1503,-0.0004,45
1797941569,191,467,0.409,1527,-0.0003,40
1797995564,189,457,0.4136,1528,-0.0003,45
1798050569,190,466,0.4077,1527,-0.0002,40
1798104564,185,467,0.3961,1528,-0.0004,40
1798160569,190,467,0.4069,1528,-0.0004,40
1798214564,193,467,0.4133,1528,-0.0003,45
1798269377,188,463,0.406,1524,-0.0002,40
1798323566,178,461,0.3861,1521,0,40
1798382569,189,463,0.4082,1522,0,40
1798438570,188,463,0.406,1523,0,40
1798492569,191,465,0.4108,1524,-0.0001,40
1798546569,193,468,0.4124,1524,-0.0001,45
1798600569,186,452,0.4115,1506,-0.0001,40
1798656564,189,465,0.4065,1523,-0.0001,40
1798710569,190,458,0.4148,1526,-0.0001,40
1798766569,190,466,0.4077,1525,-0.0001,40
1798820569,185,467,0.3961,1526,-0.0002,40
1798875568,191,468,0.4081,1527,0.0001,40
1798929569,186,467,0.3983,1526,0.0001,40
1798983564,190,468,0.406,1526,-0.0001,45
1799043564,187,472,0.3962,1527,-0.0002,40
1799097562,191,468,0.4081,1526,-0.0003,40
1799151569,190,467,0.4069,1526,-0.0003,40
1799205564,190,465,0.4086,1523,-0.0001,45
1799259569,190,464,0.4095,1519,-0.0001,45
1799313564,187,463,0.4039,1524,0,45
1799370878,189,464,0.4073,1522,0,45
1799424581,189,461,0.41,1508,-0.0002,45
1799478572,189,463,0.4082,1522,-0.0002,45
1799532923,189,452,0.4181,1523,-0.0003,45
1799588566,190,464,0.4095,1521,-0.0003,45
1799644372,184,466,0.3948,1523,-0.0003,45
1799701564,189,465,0.4065,1523,-0.0002,50
1799755568,184,467,0.394,1524,-0.0002,45
1799809569,190,467,0.4069,1524,-0.0002,50
1799867567,189,464,0.4073,1522,-0.0002,50
1799922569,191,466,0.4099,1524,-0.0002,50
1799978564,189,466,0.4056,1524,-0.0002,50
1800032569,191,458,0.417,1505,-0.0001,50
1800086569,190,465,0.4086,1523,-0.0001,50
1800140569,190,453,0.4194,1500,0.0002,50
1800194564,188,460,0.4087,1517,0.0002,50
1800248569,189,454,0.4163,1520,0.0003,50
1800304569,188,462,0.4069,1519,0.0003,50
1800359790,183,464,0.3944,1523,0.0005,55
1800414564,188,462,0.4069,1521,0.0004,55
1800468579,184,462,0.3983,1520,0.0006,50
1800524569,189,464,0.4073,1522,0.0006,55
1800584569,189,465,0.4065,1521,0.0006,50
1800638569,189,465,0.4065,1522,0.0007,55
1800692569,191,467,0.409,1523,0.0007,55
1800746564,191,466,0.4099,1523,0.0006,55
1800801568,195,471,0.414,1522,0.0006,60
1800856569,190,457,0.4158,1505,0.0006,60
1800915568,190,467,0.4069,1524,0.0006,60
1800969569,190,455,0.4176,1524,0.0006,55
1801023569,190,466,0.4077,1523,0.0006,55
1801077569,185,463,0.3996,1519,0.0006,55
1801131569,187,460,0.4065,1516,0.0005,60
1801187471,184,462,0.3983,1519,0.0004,55
1801243914,189,463,0.4082,1520,0.0003,60
1801297571,191,464,0.4116,1519,0.0003,60
1801351571,189,463,0.4082,1520,0.0002,55
1801408515,194,468,0.4145,1519,0.0003,60
1801465569,187,452,0.4137,1500,0.0001,55
1801521569,188,464,0.4052,1522,0.0001,55
1801577569,191,457,0.4179,1523,-0.0001,55
1801633568,189,464,0.4073,1522,-0.0001,55
1801687569,192,464,0.4138,1522,-0.0002,55
1801741569,189,464,0.4073,1521,-0.0002,55
1801797570,182,464,0.3922,1522,-0.0001,50
1801851564,190,466,0.4077,1523,-0.0001,50
1801905571,183,464,0.3944,1523,-0.0001,45
1801959569,190,463,0.4104,1519,-0.0001,45
1802013566,183,456,0.4013,1516,-0.0001,45
1802067564,187,459,0.4074,1515,-0.0001,50
1802123566,189,463,0.4082,1519,-0.0001,50
1802178889,189,462,0.4091,1519,0,50
1802232569,188,461,0.4078,1517,0,50
1802286573,189,453,0.4172,1498,0.0001,50
1802340575,188,461,0.4078,1518,0.0001,50
1802399371,189,454,0.4163,1520,0.0002,50
1802453569,188,464,0.4052,1520,0.0001,50
1802509565,185,465,0.3978,1521,-0.0001,45
1802564569,190,464,0.4095,1521,0,45
1802619565,188,466,0.4034,1521,0,45
1802675569,190,465,0.4086,1521,0.0001,45
1802731569,185,461,0.4013,1522,0.0002,45
1802787564,192,467,0.4111,1522,0.0002,45
1802841569,189,464,0.4073,1522,0.0002,45
1802895564,191,465,0.4108,1519,0.0001,45
1802950564,193,466,0.4142,1516,0.0001,50
1803006366,188,453,0.415,1498,0,50
1803060566,90,466,0.1931,1519,0.0002,55
1803116588,190,456,0.4167,1521,0.0002,50
1803170676,191,465,0.4108,1520,0.0002,45
1803224575,185,465,0.3978,1521,0.0001,45
1803281566,189,464,0.4073,1520,0.0001,50
1803339569,184,463,0.3974,1520,0.0001,45
1803395564,189,465,0.4065,1521,0,50
1803450569,190,466,0.4077,1521,0,50
1803504569,190,465,0.4086,1522,-0.0001,50
1803560568,190,465,0.4086,1522,-0.0001,55
1803617366,189,456,0.4145,1503,0.0002,60
1803673568,190,465,0.4086,1523,0.0002,60
1803727563,190,456,0.4167,1522,0,60
1803782108,189,462,0.4091,1518,0,60
1803836569,190,449,0.4232,1514,-0.0002,60
1803890569,189,462,0.4091,1518,-0.0002,60
1803948976,179,462,0.3874,1518,-0.0001,60
1804004577,189,464,0.4073,1522,0,60
1804061568,180,463,0.3888,1521,0.0001,55
1804116572,190,464,0.4095,1520,0.0001,55
1804170569,194,469,0.4136,1521,-0.0001,60
1804228370,189,468,0.4038,1529,-0.0001,60
1804282569,190,465,0.4086,1522,-0.0001,60
1804336569,189,456,0.4145,1504,0,60
1804391569,190,464,0.4095,1520,0,60
1804445569,188,455,0.4132,1523,0.0001,60
1804501569,190,466,0.4077,1522,0.0001,60
1804559568,184,466,0.3948,1522,0,55
1804613569,191,467,0.409,1523,0,50
1804667569,184,462,0.3983,1519,-0.0002,50
1804721569,164,456,0.3596,1515,-0.001,45
1804775571,178,459,0.3878,1515,-0.0007,45
1804832373,188,462,0.4069,1518,-0.0005,50
1804886577,196,470,0.417,1520,-0.0006,50
1804940569,189,465,0.4065,1520,-0.0005,50
1804995391,189,463,0.4082,1520,-0.0004,50
1805053564,186,434,0.4286,1501,-0.0007,50
1805108569,191,464,0.4116,1520,-0.0007,50
1805164569,191,457,0.4179,1521,-0.0009,50
1805219570,189,466,0.4056,1522,-0.0008,50
1805273570,185,467,0.3961,1523,-0.0008,50
1805386569,185,466,0.397,1522,-0.0015,45
1805442368,192,469,0.4094,1523,-0.0015,50
1805496568,191,459,0.4161,1505,-0.0015,45
1805551568,178,469,0.3795,1521,-0.0017,50
1805605564,187,462,0.4048,1519,-0.0018,50
1805659564,188,460,0.4087,1513,-0.0016,55
1805713569,186,461,0.4035,1517,-0.0017,50
1805770856,189,455,0.4154,1500,-0.0015,55
1805824817,189,464,0.4073,1520,-0.0008,55
1805878569,190,453,0.4194,1520,-0.0012,50
1805932402,189,463,0.4082,1519,-0.0013,50
1805986575,194,456,0.4254,1519,-0.0013,50
1806044370,189,463,0.4082,1519,-0.0014,50
1806098569,186,465,0.4,1522,-0.0013,45
1806154568,189,467,0.4047,1523,-0.0011,50
1806210564,170,466,0.3648,1522,-0.0009,45
1806264569,189,464,0.4073,1521,-0.0008,45
1806319509,190,466,0.4077,1522,-0.0009,50
1806376568,189,466,0.4056,1523,-0.0009,50
1806430568,189,465,0.4065,1522,-0.0002,50
1806486564,187,452,0.4137,1500,-0.0002,50
1806540568,187,459,0.4074,1516,-0.0002,50
1806594568,188,452,0.4159,1518,-0.0002,50
1806650366,186,460,0.4043,1518,0,50
1806704564,188,449,0.4187,1519,0.0001,45
1806758569,188,462,0.4069,1519,0.0001,45
1806813719,182,461,0.3948,1519,0,45
1806867995,189,464,0.4073,1519,-0.0001,50
1806921575,185,465,0.3978,1520,-0.0002,45
1806977568,188,326,0.5767,1522,-0.0025,45
1807031569,189,465,0.4065,1522,-0.0025,45
1807085569,189,466,0.4056,1522,-0.0022,45
1807139568,192,469,0.4094,1522,-0.0023,45
1807195564,189,466,0.4056,1523,-0.0023,40
1807252373,191,467,0.409,1523,-0.0023,45
1807309564,190,467,0.4069,1519,-0.0025,45
1807364568,189,463,0.4082,1519,-0.0026,40
1807420564,193,459,0.4205,1517,-0.0026,45
1807474568,187,462,0.4048,1518,-0.0026,45
1807528568,185,466,0.397,1520,-0.0026,40
1807584568,189,465,0.4065,1521,-0.0026,45
1807638564,183,463,0.3952,1519,-0.0027,40
1807692318,179,456,0.3925,1520,-0.0028,40
1807747642,189,464,0.4073,1520,-0.0028,40
1807801577,191,465,0.4108,1520,-0.0028,40
1807855577,190,466,0.4077,1521,-0.0028,40
1807912564,192,331,0.5801,1522,-0.0007,40
1807966569,191,467,0.409,1522,-0.0007,40
1808020566,188,456,0.4123,1504,-0.0005,45
1808074564,189,466,0.4056,1522,0.0019,50
1808130568,190,456,0.4167,1523,0.0018,50
1808186569,189,464,0.4073,1523,0.0018,50
1808241564,183,462,0.3961,1518,0.0019,50
1808296569,187,460,0.4065,1515,0.0019,50
1808350578,178,461,0.3861,1518,0.0021,50
1808404569,187,462,0.4048,1520,0.0021,50
1808461564,180,462,0.3896,1520,0.0022,45
1808517564,189,464,0.4073,1521,0.0022,45
1808571569,188,462,0.4069,1519,0.0022,45
1808625564,189,464,0.4073,1522,0.0022,45
1808680146,189,464,0.4073,1521,0.0022,50
1808736244,189,469,0.403,1530,0.0022,50
1808792576,189,466,0.4056,1523,0.0023,55
1808847575,190,464,0.4095,1524,0.0023,55
1808902569,189,463,0.4082,1522,0.0023,50
1808956569,192,464,0.4138,1523,0.0023,55
1809010569,191,467,0.409,1524,0.0004,55
1809066564,184,465,0.3957,1523,0.0002,50
1809122568,187,462,0.4048,1520,0.0001,50
1809178564,182,461,0.3948,1517,0.0003,50
1809232568,188,463,0.406,1519,0.0004,55
1809286564,189,464,0.4073,1520,0.0004,55
1809340569,188,464,0.4052,1520,0.0003,55
1809399569,186,462,0.4026,1521,0.0004,50
1809453569,188,454,0.4141,1502,0.0002,50
1809507569,191,466,0.4099,1520,0.0002,50
1809561586,189,453,0.4172,1496,0.0001,50
1809615566,190,467,0.4069,1524,0.0001,55
1809669569,190,457,0.4158,1523,0,50
1809725687,191,468,0.4081,1524,0,45
1809779575,186,467,0.3983,1522,0,50
1809833575,190,467,0.4069,1523,0,45
1809891564,188,468,0.4017,1522,0,45
1809945569,190,467,0.4069,1522,0,50
1810003564,182,456,0.3991,1516,-0.0001,45
1810057569,188,462,0.4069,1518,-0.0001,50
1810111569,189,464,0.4073,1520,-0.0002,50
1810165564,188,464,0.4052,1521,0,45
1810220569,188,463,0.406,1521,0,50
1810275569,189,455,0.4154,1502,-0.0003,45
1810333569,189,464,0.4073,1522,-0.0003,45
1810391859,188,453,0.415,1521,-0.0004,45
1810445569,189,467,0.4047,1523,-0.0004,45
1810499564,185,466,0.397,1524,-0.0004,45
1810554235,190,466,0.4077,1524,-0.0003,50
1810611681,187,467,0.4004,1524,-0.0003,45
1810666569,189,466,0.4056,1524,-0.0002,50
1810720567,190,466,0.4077,1526,-0.0002,50
1810776568,190,466,0.4077,1524,-0.0002,55
1810830569,189,463,0.4082,1519,-0.0002,55
1810884569,187,465,0.4022,1526,-0.0002,55
1810943569,187,463,0.4039,1520,-0.0002,55
1810997569,190,455,0.4176,1521,-0.0001,55
1811051564,189,465,0.4065,1521,-0.0001,55
1811106568,190,457,0.4158,1522,0,55
1811160568,189,465,0.4065,1522,0,55
1811216568,183,465,0.3935,1523,-0.0002,55
1811270569,189,465,0.4065,1522,-0.0002,50
1811327562,183,464,0.3944,1523,-0.0003,50
1811381569,189,466,0.4056,1524,-0.0002,55
1811437569,191,468,0.4081,1525,-0.0002,55
1811492564,191,468,0.4081,1525,-0.0001,55
1811549156,191,468,0.4081,1525,-0.0001,60
1811603575,191,458,0.417,1506,-0.0003,60
1811657577,191,469,0.4072,1525,-0.0003,60
1811711565,190,454,0.4185,1500,-0.0004,60
1811767568,190,464,0.4095,1520,-0.0004,55
1811823569,190,457,0.4158,1522,-0.0004,55
1811877564,181,465,0.3892,1524,-0.0004,55
1811933564,182,468,0.3889,1524,-0.0004,55
1811987568,189,465,0.4065,1522,-0.0004,50
1812041566,183,466,0.3927,1525,-0.0005,50
1812095568,190,466,0.4077,1523,-0.0005,50
1812151568,190,466,0.4077,1525,-0.0005,55
1812205568,189,466,0.4056,1526,-0.0006,55
1812259563,195,472,0.4131,1526,-0.0005,55
1812313568,190,468,0.406,1526,-0.0004,55
1812369567,190,468,0.406,1526,-0.0004,55
1812427568,191,458,0.417,1507,-0.0001,60
1812482563,190,468,0.406,1527,-0.0001,60
1812536565,191,459,0.4161,1527,-0.0002,55
1812591705,189,464,0.4073,1522,-0.0002,55
1812645574,183,462,0.3961,1521,-0.0001,50
1812699877,187,464,0.403,1523,0.0001,55
1812756575,191,464,0.4116,1524,0,55
1812811563,190,465,0.4086,1524,0.0001,55
1812868568,178,463,0.3844,1523,0.0002,50
1812925563,188,465,0.4043,1524,0.0002,50
1812979568,189,466,0.4056,1525,0.0002,55
1813038563,190,455,0.4176,1502,0.0002,55
1813092568,189,465,0.4065,1526,0.0002,55
1813146568,190,468,0.406,1525,0.0003,55
1813202567,188,465,0.4043,1526,0.0002,50
1813257568,191,458,0.417,1528,0.0003,50
1813311563,190,467,0.4069,1527,0.0003,50
1813367563,185,468,0.3953,1528,0.0001,50
1813421568,191,468,0.4081,1527,0.0002,45
1813478772,184,466,0.3948,1526,0,45
1813532570,191,467,0.409,1523,-0.0001,45
1813586570,188,462,0.4069,1520,-0.0001,45
1813644569,189,464,0.4073,1523,0,50
1813698568,187,466,0.4013,1525,0.0001,45
1813752705,169,430,0.393,1452,0.0001,45
1813809566,189,465,0.4065,1524,0.0001,45
1813863650,191,466,0.4099,1523,0.0001,45
1813918562,189,465,0.4065,1525,0.0001,45
1813977568,182,467,0.3897,1526,0.0001,45
1814031568,191,469,0.4072,1528,0.0001,40
1814085568,184,470,0.3915,1529,0.0001,40
1814142567,189,468,0.4038,1528,0.0001,45
1814196568,182,467,0.3897,1528,0,45
1814252568,189,467,0.4047,1527,0,45
1814306563,190,468,0.406,1528,0,50
1814361438,191,454,0.4207,1498,0.0001,50
1814417377,176,466,0.3777,1523,-0.0002,55
1814471575,187,451,0.4146,1501,0,50
1814525691,189,465,0.4065,1525,0,50
1814583567,189,456,0.4145,1526,0.0002,50
1814637568,189,465,0.4065,1526,0.0002,50
1814691563,193,465,0.4151,1526,0.0001,45
1814747479,189,466,0.4056,1526,0.0001,45
1814802568,183,465,0.3935,1527,0.0002,45
1814858568,190,466,0.4077,1527,0.0001,45
1814913567,181,468,0.3868,1528,0.0002,45
1814969568,190,468,0.406,1529,0.0003,50
1815023568,191,468,0.4081,1528,0.0002,50
1815079567,189,458,0.4127,1511,0.0002,50
1815133568,191,469,0.4072,1530,0.0002,50
1815190568,191,460,0.4152,1511,0.0001,50
1815244563,190,468,0.406,1530,0.0001,50
1815298535,190,455,0.4176,1526,0.0002,50
1815354576,188,462,0.4069,1524,0.0002,45
1815408535,190,466,0.4077,1528,0.0002,50
1815466565,190,465,0.4086,1525,0.0001,50
1815520568,192,467,0.4111,1527,0.0004,55
1815574568,189,467,0.4047,1528,0.0003,55
1815628568,184,466,0.3948,1527,0.0002,50
1815684563,190,467,0.4069,1528,0.0001,50
1815738533,191,468,0.4081,1529,0.0001,55
1815795563,190,467,0.4069,1529,0.0002,55
1815849568,190,470,0.4043,1531,0.0002,55
1815903533,191,461,0.4143,1515,0,55
1815957568,190,469,0.4051,1530,0,55
1816011568,190,460,0.413,1512,-0.0002,55
1816069563,190,437,0.4348,1459,-0.0004,55
1816124590,191,461,0.4143,1531,-0.0004,50
1816178533,188,465,0.4043,1527,-0.0004,55
1816232568,183,463,0.3952,1524,-0.0003,50
1816286563,191,468,0.4081,1527,-0.0003,50
1816341601,184,468,0.3932,1530,-0.0004,50
1816397577,191,468,0.4081,1529,-0.0004,50
1816454563,189,466,0.4056,1528,-0.0004,50
1816508567,188,464,0.4052,1525,-0.0004,45
1816563567,188,465,0.4043,1525,-0.0004,40
1816619562,187,468,0.3996,1531,-0.0005,40
1816676567,189,467,0.4047,1528,-0.0005,40
1816732562,189,458,0.4127,1530,-0.0003,40
1816786567,191,469,0.4072,1532,-0.0003,40
1816840567,190,460,0.413,1534,-0.0002,40
1816896566,171,433,0.3949,1514,-0.0001,45
1816951567,186,470,0.3957,1533,0,45
1817008567,189,465,0.4065,1529,0.0001,45
1817062563,183,462,0.3961,1525,0.0002,45
1817116565,188,464,0.4052,1527,0.0003,45
1817172574,189,466,0.4056,1528,0.0005,50
1817226571,189,466,0.4056,1531,0.0005,50
1817285563,191,467,0.409,1530,0.0005,55
1817339563,188,456,0.4123,1511,0.0005,55
1817393567,189,466,0.4056,1529,0.0005,55
1817450568,189,458,0.4127,1531,0.0005,55
1817504568,190,469,0.4051,1532,0.0005,60
1817558568,195,463,0.4212,1533,0.0005,60
1817616568,191,470,0.4064,1533,0.0005,60
1817671568,184,468,0.3932,1534,0.0005,65
1817725568,191,472,0.4047,1535,0.0005,65
1817781568,181,467,0.3876,1535,0.0003,60
1817836568,191,471,0.4055,1535,0.0003,65
1817892568,191,471,0.4055,1535,0.0002,65
1817946568,189,466,0.4056,1531,0.0001,65
1818000570,190,467,0.4069,1529,0,60
1818056335,177,455,0.389,1513,0,60
1818110568,191,470,0.4064,1534,0.0001,60
1818164603,191,470,0.4064,1535,0,60
1818221570,191,471,0.4055,1534,-0.0001,60
1818275568,194,469,0.4136,1536,-0.0001,55
1818329568,169,469,0.3603,1535,0.0001,55
1818383567,184,471,0.3907,1536,0.0002,55
1818438566,190,471,0.4034,1536,0.0002,60
1818495567,184,472,0.3898,1537,0.0002,55
1818549563,192,473,0.4059,1537,0.0002,55
1818604568,193,474,0.4072,1537,0.0002,60
1818658568,192,474,0.4051,1539,0.0002,60
1818712563,188,468,0.4017,1538,0.0001,55
1818766568,191,472,0.4047,1539,0.0002,60
1818824568,195,472,0.4131,1533,0.0003,60
1818878567,189,456,0.4145,1512,0.0006,60
1818932567,189,468,0.4038,1535,0.0005,60
1818986563,190,459,0.4139,1537,0.0006,55
1819040568,190,469,0.4051,1536,0.0006,55
1819098637,185,468,0.3953,1536,0.0008,55
1819152576,190,467,0.4069,1534,0.0006,55
1819207568,194,469,0.4136,1536,0.0005,55
1819262574,189,469,0.403,1537,0.0005,60
1819318568,180,472,0.3814,1539,0.0007,55
1819372568,190,470,0.4043,1537,0.0008,55
1819431563,187,467,0.4004,1539,0.0006,50
1819485607,190,444,0.4279,1494,0.0004,50
1819539563,195,477,0.4088,1539,0.0004,50
1819594568,189,461,0.41,1520,0.0004,50
1819648568,191,472,0.4047,1540,0.0004,50
1819704568,193,462,0.4177,1537,0.0004,50
1819759563,188,466,0.4034,1533,0.0004,50
1819814562,185,467,0.3961,1533,0.0004,50
1819869568,195,474,0.4114,1535,0.0004,50
1819923563,193,471,0.4098,1536,0.0004,45
1819977563,192,471,0.4076,1537,0.0004,40
1820034247,186,472,0.3941,1537,0.0002,40
1820089841,191,470,0.4064,1536,0.0001,40
1820143568,194,473,0.4101,1538,0.0002,45
1820197571,191,474,0.403,1540,0.0001,45
1820253574,192,475,0.4042,1542,0.0001,45
1820309568,190,463,0.4104,1521,0.0002,45
1820363568,192,475,0.4042,1541,0.0002,45
1820419562,192,464,0.4138,1541,-0.0001,45
1820473568,191,473,0.4038,1541,-0.0001,45
1820527563,191,463,0.4125,1542,-0.0002,50
1820581567,193,474,0.4072,1540,-0.0001,50
1820639563,191,473,0.4038,1538,-0.0001,45
1820693568,192,470,0.4085,1536,-0.0001,45
1820747563,184,469,0.3923,1537,-0.0001,45
1820803567,191,472,0.4047,1539,-0.0001,45
1820857568,191,471,0.4055,1538,-0.0001,50
1820913563,191,473,0.4038,1539,-0.0001,50
1820967563,191,473,0.4038,1539,-0.0001,55
1821021568,192,477,0.4025,1546,-0.0002,55
1821075563,195,477,0.4088,1539,-0.0002,55
1821130799,192,463,0.4147,1521,0.0001,55
1821184576,193,474,0.4072,1541,0.0001,55
1821242562,191,452,0.4226,1518,0.0003,55
1821297569,191,472,0.4047,1539,0.0002,50
1821351568,186,474,0.3924,1541,0.0004,50
1821406568,192,475,0.4042,1542,0.0005,55
1821460568,187,475,0.3937,1541,0.0006,50
1821516563,191,471,0.4055,1536,0.0006,50
1821571568,184,465,0.3957,1535,0.0007,50
1821625563,191,473,0.4038,1538,0.0007,55
1821679567,194,477,0.4067,1540,0.0007,55
1821733563,194,477,0.4067,1541,0.0007,60
1821787568,194,477,0.4067,1540,0.0007,60
1821844567,192,466,0.412,1521,0.0007,60
1821898563,195,478,0.4079,1540,0.0007,55
1821952568,194,475,0.4084,1528,0.0008,60
1822006563,194,480,0.4042,1542,0.0008,55
1822060565,196,473,0.4144,1545,0.0008,60
1822116412,196,484,0.405,1547,0.0008,60
1822170574,192,486,0.3951,1549,0.0007,55
1822224576,199,488,0.4078,1550,0.0006,55
1822278571,201,490,0.4102,1551,0.0007,60
1822334567,199,486,0.4095,1548,0.0005,55
1822388568,188,487,0.386,1548,0.0008,60
1822445568,200,495,0.404,1555,0.0006,60
1822500567,207,501,0.4132,1558,0.0005,60
1822554561,204,499,0.4088,1559,0.0004,55
1822608568,205,498,0.4116,1559,0.0003,60
1822664563,203,487,0.4168,1538,0.0002,60
1822720370,204,499,0.4088,1560,0.0001,55
1822774568,203,490,0.4143,1561,0.0001,55
1822830563,205,502,0.4084,1562,0.0001,50
1822884567,200,503,0.3976,1563,0.0001,50
1822938563,207,503,0.4115,1562,0.0001,50
1822992567,200,504,0.3968,1564,0.0001,50
1823048563,204,497,0.4105,1556,0.0001,50
1823102565,196,492,0.3984,1551,0.0001,50
1823157786,200,491,0.4073,1551,0,50
1823211356,201,491,0.4094,1551,0.0001,55
1823265568,201,492,0.4085,1551,0.0002,50
1823321769,198,486,0.4074,1548,0.0002,50
1823377674,203,458,0.4432,1545,0.0006,50
1823431568,198,485,0.4082,1546,0.0006,50
1823485563,198,477,0.4151,1527,0.0002,45
1823541563,199,486,0.4095,1547,0.0001,45
1823595567,198,476,0.416,1544,0.0001,45
1823651563,197,485,0.4062,1545,0.0001,45
1823707563,190,480,0.3958,1540,0.0002,40
1823761567,194,476,0.4076,1536,0.0003,45
1823815563,188,475,0.3958,1535,0.0004,40
1823871562,194,478,0.4059,1537,0.0004,45
1823928370,190,475,0.4,1538,0.0004,40
1823983563,194,478,0.4059,1539,0.0004,45
1824037568,194,478,0.4059,1538,0.0004,45
1824091563,193,476,0.4055,1536,0.0004,45
1824147562,199,482,0.4129,1537,0.0004,45
1824201570,193,470,0.4106,1527,0.0005,40
1824259562,166,476,0.3487,1537,0.0001,40
1824313568,194,468,0.4145,1538,0.0001,40
1824367568,194,477,0.4067,1537,0.0001,45
1824425566,188,474,0.3966,1534,0,40
1824479563,190,470,0.4043,1530,-0.0005,45
1824535370,185,471,0.3928,1531,-0.0007,40
1824591567,192,473,0.4059,1531,-0.0006,45
1824646568,192,473,0.4059,1532,-0.0005,45
1824700563,192,475,0.4042,1534,-0.0004,45
1824757562,191,473,0.4038,1534,-0.0004,40
1824811568,191,475,0.4021,1537,-0.0004,40
1824867568,192,474,0.4051,1534,-0.0004,40
1824921569,193,465,0.4151,1516,-0.0005,40
1824975568,192,474,0.4051,1535,-0.0005,40
1825029565,193,467,0.4133,1537,-0.0006,40
1825085245,194,477,0.4067,1537,-0.0006,35
1825141378,187,474,0.3945,1536,-0.0006,40
1825196571,192,476,0.4034,1538,-0.0006,40
1825250565,189,476,0.3971,1537,-0.0006,40
1825304568,193,474,0.4072,1533,-0.0006,40
1825358568,180,470,0.383,1529,-0.0004,40
1825412568,189,469,0.403,1528,-0.0005,45
1825474563,191,472,0.4047,1531,-0.0005,45
1825530567,195,451,0.4324,1512,-0.0001,45
1825638659,190,460,0.413,1509,-0.007,50
1825695567,191,472,0.4047,1531,-0.007,50
1825751370,192,462,0.4156,1531,-0.0071,50
1825805568,190,473,0.4017,1533,-0.0071,55
1825859563,186,475,0.3916,1533,-0.0069,55
1825913568,193,474,0.4072,1533,-0.007,50
1825970278,188,475,0.3958,1534,-0.0069,50
1826024570,191,475,0.4021,1535,-0.0069,55
1826082576,193,477,0.4046,1536,-0.0069,55
1826136565,191,472,0.4047,1531,-0.0068,60
1826190568,189,470,0.4021,1528,-0.0068,55
1826244563,190,474,0.4008,1536,-0.0068,55
1826300568,190,471,0.4034,1530,-0.0068,55
1826356373,192,474,0.4051,1531,-0.0068,60
1826410567,192,474,0.4051,1533,-0.0068,60
1826469531,184,472,0.3898,1531,-0.0068,60
1826523567,190,471,0.4034,1531,-0.0068,60
1826577567,181,473,0.3827,1532,-0.007,55
1826633567,191,475,0.4021,1533,-0.0073,55
1826689567,183,475,0.3853,1534,-0.0004,55
1826743567,193,476,0.4055,1535,-0.0005,55
1826797563,191,475,0.4021,1536,-0.0005,55
1826851565,192,475,0.4042,1535,-0.0003,55
1826905567,193,478,0.4038,1536,-0.0004,55
1826961197,192,477,0.4025,1538,-0.0005,55
1827017573,192,472,0.4068,1529,-0.0005,55
1827074569,190,472,0.4025,1532,-0.0005,50
1827128567,190,473,0.4017,1532,-0.0005,50
1827182564,190,462,0.4113,1533,-0.0005,45
1827236567,192,476,0.4034,1534,-0.0005,45
1827295562,190,476,0.3992,1534,-0.0005,50
1827349567,191,475,0.4021,1534,-0.0005,50
1827463161,192,476,0.4034,1535,-0.0019,45
1827519563,194,478,0.4059,1537,-0.0019,45
1827575369,193,483,0.3996,1547,-0.0018,45
1827629563,193,479,0.4029,1539,-0.0018,45
1827683567,192,470,0.4085,1522,-0.0016,45
1827737567,193,480,0.4021,1540,-0.0016,45
1827795020,198,466,0.4249,1521,-0.0011,45
1827848580,195,482,0.4046,1542,-0.0011,45
1827905575,189,481,0.3929,1540,-0.001,45
1827960568,193,478,0.4038,1538,-0.001,50
1828014568,187,476,0.3929,1534,-0.0008,50
1828068567,191,477,0.4004,1538,-0.0008,50
1828124531,185,446,0.4148,1539,-0.0009,50
1828180369,193,480,0.4021,1540,-0.0009,50
1828234567,197,484,0.407,1540,-0.0009,55
1828290563,192,478,0.4017,1537,-0.0009,55
1828344567,195,481,0.4054,1539,-0.0009,55
1828398567,194,471,0.4119,1521,-0.0009,55
1828453568,193,481,0.4012,1541,-0.0009,55
1828509531,193,471,0.4098,1543,0.0005,55
1828563567,194,480,0.4042,1539,0.0005,55
1828617531,199,476,0.4181,1542,0.0006,55
1828671533,194,482,0.4025,1542,0.0006,55
1828725567,189,483,0.3913,1544,0.0005,50
1828783995,194,482,0.4025,1543,0.0004,50
1828837533,190,483,0.3934,1542,0.0003,50
1828891567,192,478,0.4017,1539,0,55
1828947563,193,478,0.4038,1536,0,55
1829003531,193,481,0.4012,1541,-0.0001,55
1829059531,193,480,0.4021,1542,-0.0001,55
1829115567,193,472,0.4089,1521,-0.0002,55
1829169567,193,482,0.4004,1542,-0.0002,55
1829225531,193,473,0.408,1542,-0.0002,55
1829279567,194,482,0.4025,1542,-0.0002,55
1829334567,197,482,0.4087,1543,-0.0002,55
1829392365,194,483,0.4017,1543,-0.0002,55
1829446567,196,484,0.405,1544,-0.0002,55
1829500531,195,484,0.4029,1545,-0.0002,50
1829554567,190,485,0.3918,1545,-0.0002,50
1829608988,195,486,0.4012,1546,-0.0002,55
1829665107,195,487,0.4004,1547,-0.0002,50
1829720567,194,487,0.3984,1547,-0.0003,50
1829774533,196,488,0.4016,1547,-0.0003,50
1829830563,193,474,0.4072,1525,-0.0002,50
1829884567,178,487,0.3655,1540,-0.0006,55
1829939563,194,482,0.4025,1530,-0.0005,50
1829997365,195,487,0.4004,1545,-0.0005,50
1830051563,201,479,0.4196,1545,-0.0003,50
1830108567,194,485,0.4,1545,-0.0002,50
1830162563,191,485,0.3938,1545,-0.0001,45
1830216567,194,485,0.4,1546,0,50
1830270567,184,478,0.3849,1529,0.0001,45
1830330565,194,487,0.3984,1547,0.0002,50
1830384565,202,493,0.4097,1546,0.0001,45
1830441568,194,484,0.4008,1545,0.0002,50
1830498576,195,488,0.3996,1548,0.0002,45
1830552533,196,478,0.41,1528,0.0002,45
1830608372,194,487,0.3984,1549,0.0002,45
1830664533,196,478,0.41,1549,0.0002,45
1830718567,193,484,0.3988,1545,0.0002,50
1830772567,189,484,0.3905,1542,0.0002,50
1830828567,193,483,0.3996,1543,0.0002,50
1830883563,189,485,0.3897,1545,0.0001,45
1830939531,194,486,0.3992,1545,0,45
1830994531,194,485,0.4,1545,0.0004,50
1831049531,194,485,0.4,1545,0.0003,55
1831103567,194,485,0.4,1545,0.0003,55
1831158531,195,487,0.4004,1546,0,55
1831216333,197,489,0.4029,1547,0,55
1831270568,195,478,0.4079,1528,-0.0002,55
1831324568,197,489,0.4029,1548,-0.0002,55
1831378826,196,478,0.41,1547,-0.0005,55
1831433565,196,487,0.4025,1547,-0.0005,55
1831487567,189,487,0.3881,1549,-0.0003,55
1831543662,196,489,0.4008,1549,-0.0003,55
1831597348,197,489,0.4029,1551,-0.0004,60
1831651569,195,486,0.4012,1545,-0.0003,55
1831705571,189,483,0.3913,1542,-0.0003,55
1831761567,192,484,0.3967,1545,-0.0003,60
1831817370,195,487,0.4004,1547,-0.0003,60
1831872563,195,487,0.4004,1547,-0.0003,60
1831926568,195,485,0.4021,1545,-0.0003,65
1831980567,86,491,0.1752,1554,-0.0017,65
1832034568,195,487,0.4004,1547,-0.0017,60
1832088568,195,478,0.4079,1528,-0.0016,60
1832147563,195,489,0.3988,1549,-0.0017,60
1832201568,202,484,0.4174,1550,-0.0014,55
1832257563,196,490,0.4,1550,-0.0014,55
1832311568,186,489,0.3804,1550,-0.0011,55
1832365563,197,490,0.402,1549,-0.001,60
1832421563,192,490,0.3918,1550,-0.0009,55
1832479878,196,490,0.4,1551,-0.0008,60
1832533574,196,490,0.4,1549,-0.0008,60
1832587571,195,486,0.4012,1545,-0.0009,60
1832643575,194,444,0.4369,1529,-0.0011,60
1832755568,194,487,0.3984,1548,0.0011,65
1832813568,195,477,0.4088,1548,0.001,65
1832867563,197,489,0.4029,1548,0.001,60
1832921568,197,488,0.4037,1548,0.0011,60
1832976568,196,488,0.4016,1547,0.0011,60
1833031563,195,487,0.4004,1548,0.001,55
1833087567,195,490,0.398,1549,0.0026,55
1833143564,190,485,0.3918,1550,0.0025,50
1833197567,196,488,0.4016,1549,0.0024,50
1833251567,199,494,0.4028,1551,0.0025,55
1833305567,196,489,0.4008,1549,0.0023,50
1833361564,196,490,0.4,1550,0.0023,50
1833415566,197,479,0.4113,1529,0.0018,45
1833473585,194,485,0.4,1545,0.0018,45
1833527572,193,474,0.4072,1545,0.0017,45
1833581574,194,486,0.3992,1547,0.0017,45
1833637565,200,487,0.4107,1547,0.0016,40
1833693563,194,487,0.3984,1548,0.0016,40
1833748568,196,487,0.4025,1548,0.0018,40
1833802568,193,485,0.3979,1546,-0.0003,40
1833856568,185,487,0.3799,1547,-0.0003,35
1833910568,196,490,0.4,1549,-0.0003,40
1833966568,196,490,0.4,1549,-0.0003,40
1834022569,195,489,0.3988,1549,-0.0003,40
1834076568,197,491,0.4012,1549,-0.0003,40
1834132566,196,478,0.41,1525,-0.0002,45
1834187568,195,490,0.398,1550,-0.0002,45
1834241567,197,492,0.4004,1550,-0.0002,50
1834297563,197,487,0.4045,1544,-0.0001,45
1834351568,197,479,0.4113,1548,0,50
1834407234,194,486,0.3992,1544,-0.0001,55
1834463752,186,483,0.3851,1542,-0.0003,50
1834519563,196,488,0.4016,1545,-0.0001,50
1834575568,191,490,0.3898,1548,0,50
1834629568,195,490,0.398,1548,0.0001,55
1834684568,195,488,0.3996,1547,0.0001,55
1834738568,196,488,0.4016,1546,0.0002,55
1834792478,195,487,0.4004,1546,0.0001,55
1834846568,195,490,0.398,1552,0.0002,50
1834903567,196,489,0.4008,1548,0.0002,55
1834957568,198,491,0.4033,1547,0.0001,55
1835011568,196,491,0.3992,1550,0.0001,55
1835065562,197,482,0.4087,1549,0.0001,55
1835121568,196,491,0.3992,1549,0.0001,55
1835177568,192,489,0.3926,1547,0.0001,50
1835231568,195,487,0.4004,1547,0,50
1835285563,190,485,0.3918,1542,0,50
1835339568,194,484,0.4008,1543,0,50
1835393565,186,487,0.3819,1546,-0.0002,45
1835447568,198,490,0.4041,1547,-0.0003,45
1835506636,202,494,0.4089,1548,-0.0002,50
1835562562,194,491,0.3951,1554,0,50
1835616568,195,487,0.4004,1546,0,50
1835670567,195,478,0.4079,1528,-0.0003,50
1835724568,195,488,0.3996,1547,-0.0003,50
1835780563,195,479,0.4071,1548,-0.0003,45
1835834568,197,490,0.402,1549,-0.0003,45
1835888563,198,490,0.4041,1550,-0.0004,50
1835942568,195,489,0.3988,1548,-0.0004,50
1835999567,191,486,0.393,1547,-0.0003,45
1836060567,196,489,0.4008,1548,-0.0003,45
1836117568,191,482,0.3963,1545,-0.0003,45
1836172563,193,483,0.3996,1542,-0.0003,45
1836226568,194,484,0.4008,1541,-0.0003,50
1836280568,195,480,0.4062,1531,-0.0003,50
1836394578,195,476,0.4097,1544,-0.0032,50
1836449568,194,486,0.3992,1544,-0.0032,50
1836509958,189,486,0.3889,1543,-0.0031,50
1836564568,194,485,0.4,1543,-0.0032,50
1836618568,189,487,0.3881,1545,-0.0034,50
1836672568,196,489,0.4008,1546,-0.0034,50
1836729568,196,489,0.4008,1546,-0.0034,50
1836783568,195,488,0.3996,1546,-0.0033,50
1836837568,191,484,0.3946,1547,-0.0032,45
1836893563,196,489,0.4008,1547,-0.0031,50
1836947568,201,494,0.4069,1546,-0.0032,45
1837006568,195,481,0.4054,1542,-0.0032,45
1837061563,192,480,0.4,1539,-0.0032,45
1837117970,193,471,0.4098,1540,-0.0033,45
1837171574,194,484,0.4008,1543,-0.0033,45
1837225568,189,485,0.3897,1543,-0.0033,45
1837279574,194,484,0.4008,1542,-0.0033,45
1837335568,190,338,0.5621,1541,-0.0029,40
1837389568,195,484,0.4029,1541,-0.0029,40
1837443568,190,480,0.3958,1541,0.0001,40
1837499562,194,485,0.4,1542,0,40
1837554568,191,482,0.3963,1542,0,40
1837610568,195,488,0.3996,1548,0.0001,45
1837665563,194,486,0.3992,1544,0.0001,40
1837719568,195,475,0.4105,1523,0.0004,40
1837773568,195,485,0.4021,1544,0.0004,40
1837830563,194,473,0.4101,1542,0.0003,40
1837885563,193,479,0.4029,1537,0.0002,40
1837941568,187,478,0.3912,1536,0.0003,40
1837995563,193,479,0.4029,1536,0.0002,40
1838054592,190,484,0.3926,1540,0.0004,40
1838108568,194,482,0.4025,1539,0.0004,40
1838162960,196,484,0.405,1540,0.0004,45
1838218562,193,480,0.4021,1538,0.0004,40
1838273565,192,480,0.4,1540,0.0004,40
1838328568,192,482,0.3983,1541,0.0004,40
1838385568,193,482,0.4004,1541,0.0004,40
1838440563,193,481,0.4012,1541,0,45
1838494568,194,482,0.4025,1540,0,45
1838550568,198,475,0.4168,1541,0.0001,45
1838605568,193,482,0.4004,1540,0.0001,45
1838659568,190,484,0.3926,1541,0.0001,45
1838715567,195,484,0.4029,1541,0.0001,45
1838770563,187,478,0.3912,1535,0,45
1838826568,191,476,0.4013,1534,-0.0001,50
1838880563,194,480,0.4042,1535,-0.0001,50
1838934568,194,480,0.4042,1536,0,50
1838991638,194,480,0.4042,1536,0,55
1839048891,194,471,0.4119,1517,-0.0002,55
1839104563,195,481,0.4054,1536,-0.0002,55
1839160568,193,470,0.4106,1536,-0.0004,55
1839215568,193,481,0.4012,1537,-0.0004,55
1839270567,188,481,0.3909,1539,-0.0003,55
1839324568,193,481,0.4012,1538,-0.0003,55
1839378568,193,482,0.4004,1538,-0.0003,55
1839434563,195,482,0.4046,1538,-0.0003,55
1839488568,185,482,0.3838,1538,-0.0003,55
1839543568,194,481,0.4033,1538,-0.0003,50
1839601563,199,482,0.4129,1534,-0.0003,55
1839656563,192,473,0.4059,1531,-0.0003,50
1839711568,192,475,0.4042,1530,-0.0003,50
1839767563,192,467,0.4111,1513,-0.0002,50
1839821923,193,477,0.4046,1533,-0.0001,50
1839877721,194,433,0.448,1463,0.0005,50
1839932574,193,477,0.4046,1534,0.0005,45
1839986676,187,477,0.392,1533,0.0004,45
1840043567,191,475,0.4021,1532,0.0004,45
1840097567,187,478,0.3912,1535,0.0006,40
1840151564,192,477,0.4025,1535,0.0007,45
1840205567,186,479,0.3883,1535,0.0008,40
1840260567,192,476,0.4034,1534,0.0009,40
1840315567,194,479,0.405,1534,0.0009,45
1840371564,193,478,0.4038,1535,0.0008,40
1840427567,193,480,0.4021,1536,0.0008,40
1840482568,193,467,0.4133,1516,0.0008,40
1840536568,194,476,0.4076,1531,0.0008,40
1840592563,191,462,0.4134,1528,0.0008,40
1840648568,191,474,0.403,1528,0.0008,40
1840702563,187,474,0.3945,1529,0.0007,40
1840756565,192,473,0.4059,1529,0.0007,40
1840811329,188,476,0.395,1530,0.0007,40
1840866798,191,474,0.403,1531,0.0006,45
1840920565,186,474,0.3924,1531,0.0005,40
1840976578,193,476,0.4055,1532,0,40
1841031573,193,477,0.4046,1533,0,40
1841085568,193,477,0.4046,1532,0.0002,45
1841140564,194,477,0.4067,1533,0.0001,45
1841194567,193,478,0.4038,1533,-0.0001,40
1841253564,198,482,0.4108,1532,-0.0001,45
1841307567,193,467,0.4133,1512,-0.0004,45
1841363564,192,477,0.4025,1533,-0.0004,45
1841417567,197,475,0.4147,1533,-0.0004,45
1841471567,193,474,0.4072,1529,-0.0005,45
1841525567,172,461,0.3731,1507,-0.0004,45
1841584563,192,473,0.4059,1528,-0.0003,50
1841638563,185,472,0.3919,1528,-0.0003,45
1841692563,193,474,0.4072,1529,-0.0003,45
1841746567,192,473,0.4059,1528,-0.0003,45
1841801567,193,474,0.4072,1529,-0.0003,45
1841859575,194,474,0.4093,1529,-0.0003,50
1841913569,192,463,0.4147,1510,-0.0001,50
1841967565,192,474,0.4051,1531,-0.0001,50
1842023565,194,466,0.4163,1512,0.0001,50
1842077568,193,475,0.4063,1532,0.0001,50
1842131563,193,465,0.4151,1531,0.0003,50
1842190563,193,474,0.4072,1530,0.0003,50
1842244568,184,476,0.3866,1531,0.0006,55
1842298568,192,474,0.4051,1531,0.0006,55
1842353562,187,474,0.3945,1530,0.0008,50
1842409533,191,471,0.4055,1527,0.0008,50
1842465568,191,468,0.4081,1522,0.0008,55
1842520563,190,469,0.4051,1526,0.0009,55
1842575568,192,472,0.4068,1527,0.0009,55
1842629568,193,472,0.4089,1526,0.0007,55
1842683563,191,470,0.4064,1526,0.0007,55
1842737563,191,460,0.4152,1505,0.0007,55
1842793427,191,471,0.4055,1526,0.0007,60
1842849204,191,463,0.4125,1526,0.0007,55
1842903576,194,482,0.4025,1540,0.0007,55
1842957568,192,485,0.3959,1546,0.0006,50
1843013563,199,483,0.412,1543,0.0006,50
1843069572,191,481,0.3971,1539,0.0005,50
1843123563,196,480,0.4083,1537,0.0005,50
1843179563,187,479,0.3904,1535,0.0003,50
1843233568,196,479,0.4092,1535,0.0002,50
1843287568,198,482,0.4108,1537,0.0003,55
1843342533,193,476,0.4055,1533,0,50
1843398568,195,474,0.4114,1528,-0.0001,55
1843452533,192,465,0.4129,1511,-0.0003,55
1843508533,193,474,0.4072,1532,-0.0003,55
1843562568,194,464,0.4181,1530,-0.0004,55
1843616533,193,474,0.4072,1530,-0.0004,50
1843672563,198,475,0.4168,1530,-0.0005,50
1843726533,194,474,0.4093,1531,-0.0005,50
1843780567,188,474,0.3966,1530,-0.0004,50
1843834567,194,474,0.4093,1531,-0.0004,50
1843890213,191,476,0.4013,1532,-0.0004,50
1843944573,194,476,0.4076,1532,-0.0005,50
1844001573,193,474,0.4072,1531,-0.0004,50
1844055568,194,476,0.4076,1532,-0.0004,55
1844109568,195,476,0.4097,1533,-0.0004,55
1844163563,194,474,0.4093,1531,-0.0003,50
1844217568,200,479,0.4175,1530,-0.0002,55
1844275564,192,468,0.4103,1513,0,50
1844329567,190,467,0.4069,1525,0,50
1844384564,191,460,0.4152,1527,0.0001,50
1844438567,192,472,0.4068,1528,0,50
1844492567,187,471,0.397,1527,0.0002,45
1844547567,194,472,0.411,1527,0.0002,45
1844605562,190,472,0.4025,1527,0.0003,45
1844659567,192,470,0.4085,1527,0.0004,45
1844713567,187,466,0.4013,1526,0.0004,45
1844767564,193,472,0.4089,1528,0.0005,50
1844821566,194,474,0.4093,1529,0.0005,50
1844878264,194,473,0.4101,1529,0.0004,50
1844932573,195,473,0.4123,1529,0.0004,55
1844986575,193,463,0.4168,1509,0.0004,55
1845040573,195,475,0.4105,1531,0.0004,55
1845096563,193,467,0.4133,1530,0.0005,55
1845150533,191,468,0.4081,1525,0.0005,55
1845207567,192,466,0.412,1521,0.0005,55
1845261567,192,470,0.4085,1524,0.0005,55
1845315533,186,469,0.3966,1525,0.0003,55
1845369563,192,470,0.4085,1525,0.0002,55
1845423534,195,469,0.4158,1525,0.0004,55
1845481534,188,471,0.3992,1526,0.0001,55
1845535568,194,472,0.411,1526,0.0001,55
1845589567,193,470,0.4106,1526,-0.0001,55
1845646563,187,464,0.403,1525,0,50
1845700533,195,472,0.4131,1527,-0.0001,50
1845754567,198,475,0.4168,1526,-0.0002,55
1845811564,193,461,0.4187,1508,-0.0003,55
1845868252,199,476,0.4181,1525,-0.0004,50
1845922573,194,462,0.4199,1528,-0.0004,50
1845976573,195,472,0.4131,1528,-0.0004,45
1846031574,188,471,0.3992,1526,-0.0004,45
1846088563,191,466,0.4099,1521,-0.0004,50
1846142564,187,468,0.3996,1522,-0.0004,45
1846198563,191,467,0.409,1524,-0.0004,45
1846252567,192,468,0.4103,1524,-0.0004,50
1846306567,192,459,0.4183,1523,-0.0004,50
1846361567,197,473,0.4165,1522,-0.0003,50
1846417567,192,472,0.4068,1532,-0.0002,50
1846471567,195,471,0.414,1524,-0.0002,50
1846525564,193,460,0.4196,1506,-0.0001,50
1846579567,192,469,0.4094,1525,0,50
1846635563,190,457,0.4158,1525,0,50
1846691567,194,469,0.4136,1525,-0.0001,50
1846745563,187,468,0.3996,1524,0,50
1846799564,192,469,0.4094,1525,0,50
1846855566,190,468,0.406,1525,0.0001,45
1846911736,192,469,0.4094,1523,0.0002,50
1846965574,187,460,0.4065,1519,0.0002,45
1847023563,190,463,0.4104,1518,0.0003,50
1847077567,186,459,0.4052,1520,0.0003,45
1847131566,192,465,0.4129,1521,0.0003,45
1847185567,191,466,0.4099,1521,0.0003,45
1847242563,189,455,0.4154,1501,0.0003,45
1847298563,169,454,0.3722,1501,0.0002,45
1847354567,96,455,0.211,1519,-0.0009,40
1847408568,191,465,0.4108,1520,-0.0009,45
1847462568,187,458,0.4083,1522,-0.001,40
1847516566,193,467,0.4133,1522,-0.0009,45
1847571563,192,465,0.4129,1522,-0.001,40
1847628569,191,466,0.4099,1521,-0.0011,35
1847682568,183,463,0.3952,1522,-0.0013,35
1847736563,192,468,0.4103,1523,-0.0012,40
1847790565,192,468,0.4103,1524,-0.0012,40
1847844568,193,468,0.4124,1523,-0.0013,40
1847903323,190,464,0.4095,1519,-0.0013,40
1847957568,188,452,0.4159,1498,-0.0014,40
1848013562,190,464,0.4095,1519,-0.0014,40
1848067565,191,457,0.4179,1520,-0.0014,40
1848121568,192,467,0.4111,1520,-0.0014,40
1848175563,193,456,0.4232,1519,-0.0015,40
1848231567,192,466,0.412,1520,-0.0015,40
1848285563,186,465,0.4,1518,-0.0015,40
1848339568,192,467,0.4111,1520,-0.0015,40
1848395563,186,468,0.3974,1522,-0.0014,40
1848449570,191,466,0.4099,1521,-0.0004,45
1848506568,194,469,0.4136,1522,-0.0003,45
1848561563,191,465,0.4108,1520,-0.0003,45
1848615568,192,467,0.4111,1520,-0.0003,50
1848669563,192,468,0.4103,1521,-0.0004,45
1848723563,197,472,0.4174,1522,-0.0003,50
1848777568,192,458,0.4192,1502,0.0001,55
1848833569,190,461,0.4121,1515,0,50
1848889568,190,452,0.4204,1515,-0.0001,50
1848943574,190,464,0.4095,1518,-0.0001,55
1848997574,182,462,0.3939,1518,0.0001,50
1849053563,191,463,0.4125,1519,0.0001,50
1849109563,188,464,0.4052,1519,0.0002,50
1849164568,190,465,0.4086,1519,0.0002,55
1849218568,183,460,0.3978,1520,0.0003,50
1849273563,191,465,0.4108,1519,0.0003,55
1849329568,193,467,0.4133,1520,0.0003,55
1849383568,192,457,0.4201,1502,0.0003,55
1849439568,187,465,0.4022,1521,0.0003,55
1849495568,193,457,0.4223,1502,0.0004,55
1849549568,191,465,0.4108,1520,0.0004,55
1849604563,193,459,0.4205,1521,0.0004,55
1849658568,193,466,0.4142,1521,0.0004,50
1849714563,195,461,0.423,1515,0.0006,55
1849768565,190,460,0.413,1513,0.0006,55
1849825574,190,462,0.4113,1517,0.0005,50
1849879576,191,463,0.4125,1517,0.0004,50
1849933641,184,464,0.3966,1517,0.0006,50
1849989566,191,464,0.4116,1518,0.0008,50
1850045567,196,470,0.417,1518,0.0007,55
1850099568,192,464,0.4138,1518,0.0005,50
1850155567,191,464,0.4116,1518,0.0005,50
1850209531,190,459,0.4139,1500,0.0004,50
1850263568,191,465,0.4108,1520,0.0004,50
1850319568,192,458,0.4192,1520,0.0003,50
1850374567,193,467,0.4133,1520,0.0003,50
1850428562,190,455,0.4176,1520,0.0003,50
1850482563,193,467,0.4133,1521,0.0003,45
1850536568,187,466,0.4013,1520,0.0003,45
1850592567,193,467,0.4133,1520,0.0003,45
1850648563,186,465,0.4,1517,0.0002,45
1850702571,191,461,0.4143,1512,0.0002,45
1850757052,191,464,0.4116,1516,0.0002,45
1850811568,191,464,0.4116,1517,0.0001,50
1850867594,192,465,0.4129,1518,0,50
1850923574,192,463,0.4147,1513,0.0001,50
1850978572,190,464,0.4095,1517,0,50
1851033755,191,454,0.4207,1497,-0.0003,45
1851087563,191,465,0.4108,1518,-0.0003,45
1851141568,192,458,0.4192,1520,-0.0003,45
1851197563,193,467,0.4133,1519,-0.0003,45
1851253568,187,467,0.4004,1519,-0.0002,45
1851307569,192,466,0.412,1519,-0.0002,45
1851362564,185,464,0.3987,1519,-0.0001,45
1851416568,192,465,0.4129,1520,-0.0001,50
1851470671,183,464,0.3944,1520,-0.0001,45
1851526370,191,464,0.4116,1519,-0.0001,50
1851582563,190,461,0.4121,1514,-0.0001,50
1851636565,189,460,0.4109,1514,0,50
1851690567,190,462,0.4113,1516,-0.0001,50
1851744567,191,453,0.4216,1497,0.0001,50
1851799563,192,463,0.4147,1516,0.0001,50
1851857720,191,453,0.4216,1516,0.0001,50
1851911568,191,463,0.4125,1516,0.0002,50
1851965574,195,464,0.4203,1517,0.0002,45
1852020575,189,462,0.4091,1516,0.0002,50
1852074568,186,463,0.4017,1517,0.0001,45
1852130365,191,466,0.4099,1519,0.0002,50
1852185568,187,465,0.4022,1520,0.0003,45
1852239568,190,464,0.4095,1519,0.0004,50
1852294563,192,466,0.412,1519,0.0004,50
1852348568,193,450,0.4289,1485,0.0002,50
1852405563,188,465,0.4043,1522,0.0003,50
1852462568,183,431,0.4246,1500,0.0001,50
1852519563,191,461,0.4143,1515,0.0001,50
1852627568,192,464,0.4138,1517,0.0014,45
1852681563,195,456,0.4276,1516,0.0014,50
1852737365,192,461,0.4165,1509,0.0015,45
1852791568,187,463,0.4039,1517,0.0014,45
1852848565,190,463,0.4104,1517,0.0014,50
1852902539,186,464,0.4009,1518,0.0013,45
1852956569,192,465,0.4129,1520,0.0012,45
1853012533,192,465,0.4129,1519,0.0012,50
1853068568,192,467,0.4111,1521,0.0011,45
1853123569,191,466,0.4099,1521,0.0011,45
1853177568,193,458,0.4214,1501,0.0014,50
1853231568,193,466,0.4142,1519,0.0013,50
1853285571,192,453,0.4238,1494,0.0011,50
1853342371,192,466,0.412,1520,0.001,50
1853396568,191,454,0.4207,1516,0.0009,50
1853450531,191,461,0.4143,1513,0.0011,45
1853506531,184,462,0.3983,1516,0.0011,45
1853560568,189,461,0.41,1515,0.0012,50
1853614568,186,462,0.4026,1516,0.0012,45
1853671171,191,463,0.4125,1516,-0.0001,50
1853725531,191,462,0.4134,1516,-0.0001,50
1853781448,191,462,0.4134,1517,-0.0001,55
1853836171,188,459,0.4096,1517,-0.0002,50
1853890574,192,463,0.4147,1517,-0.0001,50
1853948369,192,464,0.4138,1518,-0.0001,50
1854002700,191,451,0.4235,1493,0.0001,50
1854056531,192,464,0.4138,1518,0.0001,45
1854112567,192,456,0.4211,1520,0.0001,50
1854166531,193,465,0.4151,1519,0.0002,50
1854220568,187,464,0.403,1519,0.0001,50
1854276531,167,456,0.3662,1516,-0.0007,45
1854330568,183,458,0.3996,1513,-0.0005,45
1854384568,190,460,0.413,1514,-0.0003,45
1854438568,185,461,0.4013,1515,-0.0002,45
1854494563,189,460,0.4109,1515,-0.0001,50
1854550370,191,462,0.4134,1514,-0.0001,50
1854604563,190,460,0.413,1514,-0.0002,45
1854658563,191,461,0.4143,1514,-0.0002,50
1854712568,190,461,0.4121,1514,-0.0003,50
1854766565,191,463,0.4125,1516,-0.0003,50
1854821723,191,449,0.4254,1491,-0.0003,45
1854877574,191,464,0.4116,1517,-0.0003,45
1854932575,192,454,0.4229,1518,-0.0003,45
1854986565,193,464,0.4159,1517,-0.0003,45
1855040567,183,464,0.3944,1518,-0.0004,45
1855095567,192,465,0.4129,1519,-0.0004,50
1855151563,188,462,0.4069,1515,-0.0005,45
1855207567,191,460,0.4152,1512,-0.0005,45
1855262567,188,458,0.4105,1512,-0.0006,45
1855316567,191,462,0.4134,1515,-0.0005,50
1855370564,196,466,0.4206,1514,0.0003,55
1855426567,191,462,0.4134,1515,0.0001,50
1855484563,194,465,0.4172,1516,0.0001,55
1855539685,191,451,0.4235,1493,-0.0002,55
1855593563,191,462,0.4134,1514,-0.0002,55
1855647565,192,452,0.4248,1515,-0.0003,55
1855703222,193,462,0.4177,1514,-0.0003,50
1855757571,179,462,0.3874,1516,-0.0002,55
1855813567,192,462,0.4156,1514,-0.0002,50
1855870567,188,464,0.4052,1516,-0.0002,50
1855924565,191,463,0.4125,1516,-0.0002,50
1855982563,192,463,0.4147,1516,-0.0002,55
1856036569,189,459,0.4118,1513,-0.0002,55
1856092568,188,457,0.4114,1509,-0.0002,50
1856148567,190,449,0.4232,1493,-0.0001,50
1856202568,191,459,0.4161,1512,0,50
1856256568,179,423,0.4232,1467,0.0001,50
1856311568,196,464,0.4224,1513,0.0002,50
1856366567,191,448,0.4263,1512,0.0003,50
1856480563,186,460,0.4043,1513,-0.0073,50
1856536773,192,461,0.4165,1514,-0.0074,50
1856590568,183,461,0.397,1516,-0.0071,45
1856644571,192,462,0.4156,1516,-0.007,45
1856701568,189,459,0.4118,1515,-0.007,45
1856755568,191,462,0.4134,1514,-0.0069,50
1856810567,191,462,0.4134,1517,-0.0069,50
1856865568,191,452,0.4226,1496,-0.0071,50
1856920531,190,460,0.413,1513,-0.0071,50
1856977567,96,452,0.2124,1510,-0.0066,50
1857033567,190,459,0.4139,1511,-0.0066,50
1857088531,185,460,0.4022,1513,-0.0067,50
1857142567,190,460,0.413,1513,-0.0066,50
1857199569,186,460,0.4043,1512,-0.0067,50
1857253567,190,460,0.413,1513,-0.0067,55
1857310567,187,456,0.4101,1513,-0.0068,50
1857364531,191,460,0.4152,1513,-0.0068,55
1857418567,191,462,0.4134,1514,-0.0069,50
1857474567,191,461,0.4143,1515,-0.0071,50
1857529573,196,467,0.4197,1516,0.0005,50
1857585531,191,452,0.4226,1497,0.0007,55
1857641567,192,463,0.4147,1515,0.0008,55
1857695567,191,453,0.4216,1516,0.0004,55
1857751563,191,462,0.4134,1515,0.0005,55
1857805563,184,459,0.4009,1512,0.0006,55
1857859568,189,457,0.4136,1509,0.0006,50
1857917568,190,458,0.4148,1511,0.0006,55
1857971568,190,459,0.4139,1513,0.0006,50
1858026563,189,460,0.4109,1512,0.0006,50
1858082567,180,459,0.3922,1512,0.0002,50
1858136563,185,416,0.4447,1457,0.0002,50
1858190568,190,459,0.4139,1512,0.0002,45
1858246563,198,466,0.4249,1512,0.0002,50
1858300558,191,449,0.4254,1493,0.0003,50
1858356859,191,460,0.4152,1515,0.0003,50
1858410569,169,448,0.3772,1515,0.0001,50
1858464542,192,460,0.4174,1514,0.0001,50
1858521563,188,461,0.4078,1514,0.0001,50
1858575569,192,461,0.4165,1514,0.0001,50
1858629567,184,460,0.4,1512,-0.0002,45
1858683567,190,456,0.4167,1509,-0.0003,45
1858738568,183,455,0.4022,1509,-0.0001,45
1858793363,190,458,0.4148,1510,0,45
1858849567,189,457,0.4136,1510,0,45
1858905562,191,459,0.4161,1511,-0.0001,45
1858959567,190,458,0.4148,1510,-0.0002,45
1859013567,189,454,0.4163,1504,-0.0002,45
1859070563,190,458,0.4148,1510,-0.0002,45
1859126567,189,448,0.4219,1511,-0.0002,50
1859180533,191,458,0.417,1512,-0.0003,50
1859234405,190,449,0.4232,1514,-0.0002,50
1859288567,191,460,0.4152,1513,-0.0002,50
1859344401,186,461,0.4035,1514,-0.0003,45
1859398524,192,462,0.4156,1514,-0.0003,45
1859454568,186,461,0.4035,1514,-0.0004,45
1859509542,190,459,0.4139,1513,-0.0001,50
1859564533,189,457,0.4136,1509,-0.0002,45
1859618567,188,456,0.4123,1508,-0.0001,45
1859672567,185,452,0.4093,1510,-0.0002,40
1859728567,189,456,0.4145,1510,0,45
1859782567,195,463,0.4212,1510,0,45
1859837563,189,449,0.4209,1492,-0.0002,40
1859891563,190,457,0.4158,1509,-0.0002,40
1859947534,190,449,0.4232,1511,-0.0004,40
1860001563,189,458,0.4127,1511,-0.0003,45
1860058533,184,458,0.4017,1511,-0.0002,40
1860113533,191,460,0.4152,1513,-0.0002,40
1860167563,186,458,0.4061,1512,-0.0002,40
1860221567,190,459,0.4139,1512,-0.0001,45
1860277567,186,455,0.4088,1512,-0.0001,40
1860333533,190,459,0.4139,1513,-0.0001,45
1860389567,189,456,0.4145,1508,-0.0001,45
1860444573,188,453,0.415,1505,-0.0001,50
1860500575,192,459,0.4183,1507,-0.0001,50
1860554535,189,445,0.4247,1490,0,50
1860608567,190,456,0.4167,1509,0.0001,50
1860665567,189,445,0.4247,1508,0.0002,55
1860719567,190,456,0.4167,1508,0.0002,55
1860774397,183,456,0.4013,1509,0.0001,55
1860830531,189,456,0.4145,1509,0.0001,55
1860884532,185,458,0.4039,1511,-0.0001,50
1860940534,188,457,0.4114,1510,0,55
1860996533,185,452,0.4093,1510,0.0001,50
1861050562,190,457,0.4158,1510,0.0002,50
1861104533,184,431,0.4269,1478,0,55
1861158568,189,457,0.4136,1510,-0.0001,55
1861212533,188,455,0.4132,1510,-0.0001,50
1861268535,189,445,0.4247,1487,-0.0002,50
1861323586,188,453,0.415,1504,-0.0002,50
1861377573,188,452,0.4159,1502,-0.0002,50
1861431569,190,457,0.4158,1508,-0.0002,45
1861489535,190,447,0.4251,1509,-0.0002,45
1861545567,190,458,0.4148,1510,-0.0002,45
1861601533,183,455,0.4022,1508,-0.0002,40
1861655567,189,455,0.4154,1507,-0.0003,45
1861709567,183,457,0.4004,1509,-0.0004,40
1861763533,189,458,0.4127,1510,-0.0005,45
1861823532,191,459,0.4161,1510,-0.0005,45
1861879567,190,462,0.4113,1518,-0.0004,45
1861934567,191,460,0.4152,1511,-0.0004,45
1861989571,191,447,0.4273,1486,0,50
1862044568,189,456,0.4145,1510,-0.0001,50
1862098561,189,449,0.4209,1510,-0.0002,50
1862155563,188,453,0.415,1503,-0.0002,50
1862211246,183,453,0.404,1503,0,50
1862266574,190,455,0.4176,1507,0,50
1862320573,185,456,0.4057,1507,0,50
1862375534,188,321,0.5857,1507,-0.0008,50
1862429567,191,458,0.417,1508,-0.0008,45
1862485567,189,455,0.4154,1507,-0.0008,50
1862541566,184,451,0.408,1507,-0.0008,45
1862595565,190,456,0.4167,1507,-0.0008,45
1862649567,193,460,0.4196,1509,-0.0008,50
1862706613,190,445,0.427,1487,-0.0007,50
1862762565,188,458,0.4105,1510,-0.0008,50
1862816575,187,444,0.4212,1508,-0.0006,50
1862871567,190,457,0.4158,1509,-0.0006,50
1862979567,189,453,0.4172,1504,-0.0065,45
1863033533,185,449,0.412,1501,-0.0065,45
1863089562,186,450,0.4133,1503,-0.0067,45
1863143564,179,451,0.3969,1504,-0.0065,45
1863199112,188,453,0.415,1504,-0.0064,50
1863252573,189,454,0.4163,1505,-0.0064,50
1863306572,188,455,0.4132,1507,-0.0065,50
1863364566,189,456,0.4145,1506,-0.0065,50
1863418567,187,445,0.4202,1489,-0.0066,55
1863473567,194,460,0.4217,1507,-0.0057,55
1863529566,188,445,0.4225,1507,-0.0057,60
1863583567,189,457,0.4136,1508,-0.0057,60
1863637567,189,443,0.4266,1507,-0.0057,60
1863694561,190,456,0.4167,1508,-0.0057,60
1863748567,179,456,0.3925,1508,-0.0058,55
1863803567,189,454,0.4163,1506,-0.0058,55
1863859563,177,450,0.3933,1501,-0.0059,55
1863913567,186,452,0.4115,1503,-0.006,60
1863969567,189,454,0.4163,1506,-0.006,60
1864023532,189,453,0.4172,1504,0,65
1864077567,189,453,0.4172,1503,0,65
1864131567,187,452,0.4137,1504,0,60
1864187574,187,452,0.4137,1504,0,65
1864241540,186,441,0.4218,1486,-0.0004,60
1864301563,188,319,0.5893,1504,-0.0026,60
1864355565,189,451,0.4191,1507,-0.0026,60
1864409566,188,454,0.4141,1506,-0.0026,60
1864465562,177,453,0.3907,1507,-0.0024,55
1864519566,188,453,0.415,1505,-0.0024,55
1864575566,181,442,0.4095,1488,-0.0023,50
1864631561,186,448,0.4152,1501,-0.0023,50
1864685566,186,447,0.4161,1499,-0.0023,55
1864739566,187,449,0.4165,1500,-0.0023,60
1864794567,186,449,0.4143,1501,-0.0023,55
1864849562,186,450,0.4133,1504,-0.0023,55
1864909567,187,449,0.4165,1501,-0.0023,55
1864963562,188,441,0.4263,1501,-0.0021,55
1865017567,187,450,0.4156,1500,-0.002,55
1865072709,189,447,0.4228,1502,-0.002,50
1865127567,186,450,0.4133,1504,-0.002,50
1865185566,181,450,0.4022,1502,-0.0022,50
1865239567,187,451,0.4146,1502,-0.0022,45
1865294567,180,452,0.3982,1504,-0.0024,45
1865350562,185,451,0.4102,1504,-0.0022,45
1865407567,188,452,0.4159,1504,0,50
1865462563,93,448,0.2076,1499,0.0024,50
1865518567,184,444,0.4144,1496,0.0024,50
1865572566,186,439,0.4237,1479,0.0021,50
1865629566,186,449,0.4143,1499,0.0021,50
1865683562,187,440,0.425,1500,0.002,50
1865737566,188,450,0.4178,1500,0.002,45
1865793413,182,448,0.4062,1499,0.002,45
1865847876,187,448,0.4174,1498,0.002,45
1865903937,181,449,0.4031,1500,0.002,50
1865957575,187,448,0.4174,1501,0.002,45
1866011575,179,447,0.4004,1502,0.002,45
1866068564,187,449,0.4165,1502,0.0019,45
1866125567,186,449,0.4143,1502,0.0019,45
1866181561,187,448,0.4174,1500,0.0018,45
1866235567,186,448,0.4152,1500,0.0019,45
1866291567,186,434,0.4286,1474,0.0022,45
1866347562,184,443,0.4153,1494,0.0022,45
1866405567,188,443,0.4244,1496,0.0025,50
1866461567,187,446,0.4193,1498,0.0024,45
1866515567,187,443,0.4221,1496,0.0023,50
1866569567,185,445,0.4157,1498,0,45
1866623562,180,446,0.4036,1496,0.0001,45
1866678567,186,445,0.418,1496,0.0001,45
1866735280,187,447,0.4183,1498,0.0001,50
1866789623,185,446,0.4148,1498,0.0002,50
1866843574,188,448,0.4196,1498,0.0002,50
1866897564,186,450,0.4133,1505,0.0001,50
1866952572,187,446,0.4193,1498,0.0001,50
1867008566,186,442,0.4208,1483,0.0002,50
1867062562,186,447,0.4161,1498,0.0002,50
1867117566,185,434,0.4263,1495,0.0003,50
1867171566,183,439,0.4169,1490,0.0003,50
1867225566,178,441,0.4036,1492,0.0002,50
1867279566,185,442,0.4186,1493,0.0002,50
1867336561,181,445,0.4067,1493,0.0001,50
1867390566,187,445,0.4202,1493,0,50
1867444566,175,441,0.3968,1494,-0.0002,50
1867498562,184,442,0.4163,1494,-0.0003,50
1867554561,187,444,0.4212,1494,-0.0004,50
1867610568,184,444,0.4144,1495,-0.0003,50
1867665562,187,447,0.4183,1496,-0.0003,50
1867719566,186,436,0.4266,1477,-0.0005,50
1867773562,187,446,0.4193,1496,-0.0005,45
1867829572,187,434,0.4309,1495,-0.0006,50
1867884580,185,445,0.4157,1496,-0.0006,50
1867941561,189,446,0.4238,1496,-0.0006,50
1867995570,185,442,0.4186,1493,-0.0006,50
1868049562,175,439,0.3986,1489,-0.0006,45
1868104567,183,442,0.414,1494,-0.0006,50
1868158567,180,442,0.4072,1494,-0.0007,45
1868215567,185,442,0.4186,1493,-0.0007,45
1868272562,183,441,0.415,1491,-0.0007,45
1868327576,184,433,0.4249,1491,-0.0006,45
1868381567,190,446,0.426,1491,-0.0005,50
1868437562,186,434,0.4286,1475,-0.0003,50
1868491567,187,445,0.4202,1494,-0.0003,50
1868549567,186,433,0.4296,1494,0.0001,50
1868603562,187,444,0.4212,1494,0.0002,50
1868657564,185,443,0.4176,1494,0.0003,50
1868713575,185,442,0.4186,1495,0.0002,50
1868767573,189,314,0.6019,1494,-0.0019,50
1868825567,185,312,0.5929,1490,-0.0035,50
1868879564,178,432,0.412,1486,-0.0034,50
1868933567,183,437,0.4188,1488,-0.0033,50
1868987562,183,439,0.4169,1490,-0.0034,50
1869043566,184,439,0.4191,1490,-0.0033,50
1869097567,183,438,0.4178,1490,-0.0033,50
1869155562,185,433,0.4273,1478,-0.0034,50
1869209567,185,440,0.4205,1491,-0.0033,50
1869263562,184,430,0.4279,1491,-0.0033,50
1869317567,185,441,0.4195,1491,-0.0033,50
1869373566,189,442,0.4276,1491,-0.0032,50
1869429567,185,441,0.4195,1492,-0.0033,50
1869483562,175,440,0.3977,1492,-0.0035,45
1869537562,185,441,0.4195,1493,-0.0036,50
1869591564,181,441,0.4104,1493,-0.0037,45
1869645564,187,442,0.4231,1492,-0.0038,45
1869757575,184,435,0.423,1487,-0.0123,40
1869812571,185,439,0.4214,1488,-0.0123,40
1869866567,175,440,0.3977,1490,-0.01,40
1869920562,186,440,0.4227,1489,-0.0083,40
1869974567,187,431,0.4339,1471,-0.0085,40
1870030563,185,439,0.4214,1488,-0.0085,40
1870084566,185,429,0.4312,1488,-0.0086,40
1870138562,184,439,0.4191,1490,-0.0086,40
1870192566,189,438,0.4315,1488,-0.0086,40
1870248562,186,440,0.4227,1490,-0.0086,40
1870302566,175,439,0.3986,1489,-0.0086,40
1870361561,185,440,0.4205,1490,-0.0087,40
1870415565,181,435,0.4161,1490,-0.0087,40
1870469567,184,437,0.4211,1488,-0.0087,40
1870523562,184,435,0.423,1484,-0.0087,45
1870577567,183,433,0.4226,1483,-0.0085,40
1870635760,184,435,0.423,1486,-0.0084,45
1870690575,184,427,0.4309,1469,-0.0082,45
1870744717,185,436,0.4243,1486,-0.0082,45
1870798708,185,435,0.4253,1487,0.0003,50
1870854561,183,434,0.4217,1486,0.0003,50
1870908564,189,428,0.4416,1486,0,55
1871022562,185,437,0.4233,1488,0.0062,55
1871077565,184,310,0.5935,1487,0.0049,55
1871136565,184,436,0.422,1488,0.0049,55
1871190567,184,436,0.422,1488,0.005,55
1871245562,92,438,0.21,1488,0.0057,55
1871301566,185,429,0.4312,1472,0.0058,55
1871356567,183,434,0.4217,1486,0.0058,55
1871410567,184,420,0.4381,1457,0.0058,55
1871464567,183,432,0.4236,1483,0.0058,55
1871520369,184,425,0.4329,1485,0.0059,55
1871574567,185,436,0.4243,1485,0.0059,50
1871631602,177,433,0.4088,1485,0.0058,55
1871685569,183,434,0.4217,1485,0.0058,55
1871740573,179,435,0.4115,1484,0.0057,50
1871795575,184,434,0.424,1485,0.0056,55
1871851567,178,430,0.414,1485,0.0054,50
1871905567,185,436,0.4243,1485,0.0054,50
1871960567,185,436,0.4243,1485,0.0054,50
1872015566,184,436,0.422,1486,0.0056,45
1872069567,187,438,0.4269,1487,-0.0009,45
1872131373,185,435,0.4253,1485,-0.0009,45
1872185561,186,436,0.4266,1485,0.0004,45
1872242567,179,433,0.4134,1483,0.0005,45
1872296567,182,430,0.4233,1480,0.0005,45
1872350562,174,432,0.4028,1481,-0.0002,45
1872407561,182,431,0.4223,1483,-0.0002,45
1872465197,182,431,0.4223,1482,-0.0002,50
1872519567,184,433,0.4249,1482,-0.0002,50
1872573573,183,432,0.4236,1481,-0.0002,50
1872632567,185,436,0.4243,1491,-0.0003,55
1872686567,185,435,0.4253,1484,-0.0002,55
1872742368,183,424,0.4316,1467,-0.0001,55
1872797561,185,434,0.4263,1484,-0.0001,55
1872851565,185,426,0.4343,1484,0.0002,55
1872905562,184,434,0.424,1484,0.0002,55
1872961561,180,435,0.4138,1484,0.0002,55
1873016567,183,433,0.4226,1485,0.0001,55
1873072567,159,430,0.3698,1481,0.0009,60
1873129562,180,426,0.4225,1476,0.0009,60
1873183567,182,428,0.4252,1477,0.0009,65
1873237567,181,427,0.4239,1477,0.0009,60
1873291567,177,424,0.4175,1478,0.001,55
1873348365,183,430,0.4256,1479,0.0009,55
1873404626,187,435,0.4299,1481,0.0009,60
1873458574,182,417,0.4365,1456,0.0008,60
1873512571,183,431,0.4246,1481,0.0008,55
1873566572,183,421,0.4347,1481,0.0008,55
1873622561,184,432,0.4259,1481,0.0008,55
1873678566,178,431,0.413,1481,0.0007,55
1873733563,188,436,0.4312,1481,0.0008,50
1873788566,176,432,0.4074,1481,0.0007,50
1873842567,183,432,0.4236,1482,0.0006,55
1873896567,176,428,0.4112,1483,0.0005,50
1873952368,91,430,0.2116,1480,-0.0017,50
1874007566,189,434,0.4355,1477,-0.0016,50
1874061567,183,428,0.4276,1477,-0.0014,45
1874115567,183,429,0.4266,1479,-0.0013,45
1874169567,184,421,0.4371,1461,-0.0023,40
1874225561,183,428,0.4276,1478,-0.0023,35
1874281567,182,420,0.4333,1479,-0.0024,40
1874339561,182,427,0.4262,1477,-0.0025,40
1874393562,178,429,0.4149,1477,-0.0024,40
1874449794,183,430,0.4256,1479,-0.0024,40
1874503576,179,430,0.4163,1480,-0.0024,35
1874559366,182,429,0.4242,1481,-0.0023,40
1874614562,177,425,0.4165,1480,-0.0023,35
1874668566,184,429,0.4289,1479,-0.0023,35
1874722566,184,430,0.4279,1480,-0.0023,35
1874777566,182,429,0.4242,1480,-0.0023,35
1874832561,181,427,0.4239,1476,-0.0023,30
1874888566,179,414,0.4324,1455,-0.0022,30
1874943562,180,424,0.4245,1474,-0.0022,30
1874998561,182,417,0.4365,1476,-0.002,35
1875052566,181,427,0.4239,1477,0.0001,35
1875106566,182,416,0.4375,1476,0.0001,35
1875165364,181,427,0.4239,1477,0.0001,40
1875219566,183,426,0.4296,1477,0.0001,40
1875273566,182,426,0.4272,1478,0.0003,45
1875328562,177,426,0.4155,1478,0.0004,40
1875382567,181,425,0.4259,1478,0.0005,45
1875437269,185,429,0.4312,1479,0.0005,45
1875494586,181,426,0.4249,1478,0.0004,45
1875548569,184,428,0.4299,1480,0.0004,45
1875602570,183,426,0.4296,1476,0.0003,40
1875657573,182,426,0.4272,1478,0.0003,40
1875712562,181,420,0.431,1460,0.0002,40
1875768364,179,421,0.4252,1472,0.0002,45
1875824561,180,424,0.4245,1474,0.0002,40
1875879567,181,425,0.4259,1476,0.0002,45
1875933562,176,425,0.4141,1474,0.0002,45
1875988567,181,427,0.4239,1476,0.0002,50
1876043562,178,426,0.4178,1476,0.0001,45
1876099562,182,427,0.4262,1476,0,45
1876155561,182,428,0.4252,1478,0.0001,45
1876209562,183,427,0.4286,1478,0,45
1876263562,184,429,0.4289,1478,0,50
1876317567,183,429,0.4266,1481,0,45
1876377365,187,432,0.4329,1477,-0.0001,45
1876432577,182,417,0.4365,1478,-0.0004,45
1876487573,182,426,0.4272,1477,-0.0004,45
1876542570,182,420,0.4333,1474,-0.0004,45
1876597561,181,424,0.4269,1475,-0.0004,45
1876651567,175,424,0.4127,1476,-0.0003,45
1876710562,180,423,0.4255,1475,-0.0003,50
1876764561,178,424,0.4198,1481,-0.0003,45
1876819567,184,433,0.4249,1486,-0.0002,50
1876875562,191,437,0.4371,1484,-0.0003,50
1876929567,186,432,0.4306,1483,-0.0003,45
1876985364,185,430,0.4302,1481,-0.0002,45
1877041566,184,420,0.4381,1463,-0.0002,45
1877095567,183,429,0.4266,1482,-0.0001,45
1877149562,183,419,0.4368,1480,0,45
1877203562,184,430,0.4279,1484,0,45
1877257567,184,419,0.4391,1480,0.0001,45
1877315961,184,426,0.4319,1477,0.0002,40
1877371655,183,421,0.4347,1473,0.0002,45
1877425567,179,422,0.4242,1475,0.0002,45
1877480569,175,425,0.4118,1475,0.0005,45
1877535570,182,425,0.4282,1476,0.0006,45
1877591369,183,425,0.4306,1475,0.0006,50
1877645562,182,426,0.4272,1476,0.0006,45
1877700567,181,423,0.4279,1474,0.0006,50
1877754567,182,417,0.4365,1459,0.0005,50
1877810567,182,426,0.4272,1477,0.0005,50
1877865562,183,418,0.4378,1478,0.0004,50
1877921567,92,428,0.215,1479,0.0009,50
1877975567,187,420,0.4452,1478,0.0009,50
1878029567,184,427,0.4309,1477,0.0009,50
1878085562,183,428,0.4276,1477,0.0009,50
1878139569,182,423,0.4303,1472,0.0008,50
1878196372,175,421,0.4157,1472,0.0008,50
1878250562,182,423,0.4303,1473,0.0007,50
1878304564,184,427,0.4309,1475,0.0008,55
1878359610,184,425,0.4329,1474,0.0007,55
1878413579,178,420,0.4238,1474,0.0006,55
1878467573,182,422,0.4313,1473,0.0006,55
1878524565,181,423,0.4279,1474,0.0006,55
1878578567,181,414,0.4372,1457,0.0002,50
1878633567,182,424,0.4292,1476,0.0002,50
1878689562,182,416,0.4375,1477,0.0002,50
1878743567,183,426,0.4296,1478,0.0001,45
1878799369,179,425,0.4212,1476,0.0002,45
1878854562,180,418,0.4306,1470,0.0002,45
1878908567,175,417,0.4197,1468,0.0003,45
1878963563,180,420,0.4286,1471,0.0003,45
1879020561,181,420,0.431,1471,-0.0002,50
1879074566,180,419,0.4296,1471,-0.0002,50
1879130566,179,419,0.4272,1473,-0.0002,50
1879184563,182,421,0.4323,1473,-0.0002,45
1879296359,181,412,0.4393,1456,-0.0022,45
1879350577,181,419,0.432,1471,-0.0022,40
1879406372,182,415,0.4386,1473,-0.0021,40
1879462561,183,423,0.4326,1473,-0.0021,40
1879516567,177,422,0.4194,1473,-0.0022,40
1879571562,181,423,0.4279,1474,-0.0022,45
1879627566,179,423,0.4232,1473,-0.0023,40
1879681567,179,418,0.4282,1469,-0.0022,45
1879738567,180,418,0.4306,1466,-0.0022,45
1879793481,179,416,0.4303,1467,-0.0021,40
1879848567,180,418,0.4306,1467,-0.0021,45
1879902562,181,398,0.4548,1417,-0.0024,45
1879959566,185,423,0.4374,1467,-0.0024,45
1880015364,180,420,0.4286,1469,-0.0025,45
1880069567,180,420,0.4286,1469,-0.0025,45
1880123562,181,411,0.4404,1469,-0.0025,45
1880179564,181,420,0.431,1470,-0.0025,45
1880234587,177,420,0.4214,1469,-0.0025,45
1880288567,183,421,0.4347,1469,-0.0025,45
1880346573,176,399,0.4411,1439,-0.0003,45
1880400567,181,420,0.431,1471,-0.0003,50
1880457078,182,421,0.4323,1470,-0.0003,50
1880511859,181,389,0.4653,1411,-0.0001,50
1880566561,182,420,0.4333,1470,-0.0001,50
1880622368,179,406,0.4409,1447,0.0001,50
1880678561,178,413,0.431,1463,0.0002,50
1880732561,178,406,0.4384,1465,0.0004,55
1880786566,180,417,0.4317,1466,0.0003,50
1880840564,180,404,0.4455,1466,0.0001,55
1880895567,179,416,0.4303,1467,0.0001,55
1880951532,169,414,0.4082,1464,0.0004,50
1881008562,179,415,0.4313,1465,0.0006,55
1881117567,178,415,0.4289,1466,0.0046,50
1881174421,181,419,0.432,1468,0.0046,55
1881230383,180,418,0.4306,1468,0.0046,55
1881285564,181,419,0.432,1469,0.0046,55
1881339567,180,410,0.439,1454,0.0046,55
1881393562,180,418,0.4306,1469,0.0046,55
1881449561,180,410,0.439,1470,0.0046,55
1881505567,180,419,0.4296,1470,0.0046,55
1881561567,176,421,0.4181,1472,0.0045,50
1881615567,180,420,0.4286,1471,0.0042,55
1881671562,179,420,0.4262,1471,0.0041,50
1881727561,180,416,0.4327,1467,0.004,50
1881781567,174,414,0.4203,1470,0.0039,50
1881837370,181,420,0.431,1472,0.0038,50
1881891563,186,424,0.4387,1471,0.0037,50
1881945565,182,419,0.4344,1468,0.0038,45
1882002825,181,417,0.4341,1467,0.0038,45
1882056575,181,410,0.4415,1451,0.0034,45
1882115566,179,418,0.4282,1470,0.0035,45
1882174295,179,407,0.4398,1471,-0.0006,45
1882229562,183,420,0.4357,1471,-0.0006,40
1882283566,171,417,0.4101,1469,-0.0005,45
1882338562,181,419,0.432,1470,-0.0005,45
1882394566,174,417,0.4173,1471,-0.0005,40
1882450364,181,420,0.431,1472,-0.0005,40
1882507561,182,419,0.4344,1471,-0.0005,45
1882561567,181,419,0.432,1472,-0.0005,40
1882617735,181,419,0.432,1473,-0.0005,45
1882671562,181,409,0.4425,1453,-0.0004,45
1882728567,180,415,0.4337,1466,-0.0003,45
1882786575,178,403,0.4417,1466,-0.0002,45
1882840571,178,414,0.43,1466,-0.0002,45
1882896566,176,415,0.4241,1467,-0.0001,45
1882950567,178,416,0.4279,1468,-0.0002,45
1883004567,175,416,0.4207,1469,0.0001,50
1883061567,180,417,0.4317,1468,0.0001,55
1883115566,179,416,0.4303,1469,0.0001,50
1883170567,179,417,0.4293,1470,0.0003,45
1883227563,179,417,0.4293,1471,0.0003,50
1883281567,181,423,0.4279,1479,0.0003,50
1883336567,182,420,0.4333,1472,0.0004,50
1883394562,181,410,0.4415,1471,0.0002,50
1883448567,172,420,0.4095,1472,0.0003,55
1883502810,161,384,0.4193,1457,0.0003,55
1883556562,182,421,0.4323,1474,0.0003,55
1883610564,177,421,0.4204,1474,0.0003,55
1883667920,182,423,0.4303,1476,0.0002,55
1883721567,166,413,0.4019,1475,0.0001,50
1883775564,182,419,0.4344,1470,0,50
1883830573,173,412,0.4199,1468,-0.0001,50
1883885567,180,418,0.4306,1471,-0.0002,50
1883939567,186,424,0.4387,1471,-0.0001,55
1883997562,181,421,0.4299,1472,0,50
1884051567,186,424,0.4387,1471,0.0001,55
1884105567,181,410,0.4415,1454,-0.0002,50
1884162567,181,419,0.432,1472,-0.0002,50
1884216567,180,409,0.4401,1472,-0.0003,55
1884272562,182,421,0.4323,1473,-0.0003,50
1884330566,177,420,0.4214,1474,-0.0002,55
1884384567,182,422,0.4313,1474,-0.0003,55
1884438567,179,423,0.4232,1475,-0.0002,50
1884492562,183,422,0.4336,1475,-0.0002,50
1884605035,181,421,0.4299,1476,0.0011,50
1884660562,178,417,0.4269,1476,0.0011,45
1884714564,183,420,0.4357,1475,0.0011,45
1884770566,185,421,0.4394,1471,0.0012,50
1884824567,180,406,0.4433,1452,0.0014,50
1884880567,180,417,0.4317,1472,0.0014,50
1884936561,180,408,0.4412,1472,0.0015,50
1884990567,181,421,0.4299,1474,0.0015,50
1885045567,174,418,0.4163,1473,0.0013,50
1885101566,182,424,0.4292,1480,0.0013,50
1885156611,178,424,0.4198,1480,0.001,45
1885213567,183,423,0.4326,1479,0.0011,45
1885267567,182,422,0.4313,1478,0.0011,45
1885321567,182,423,0.4303,1477,0.0012,45
1885375567,179,421,0.4252,1478,0.0013,40
1885429567,184,425,0.4329,1479,0.0012,40
1885485364,184,424,0.434,1478,0.0012,45
1885539564,183,414,0.442,1460,0.0011,45
1885594706,184,424,0.434,1480,0.0011,45
1885648712,185,416,0.4447,1480,-0.0003,45
1885703570,184,426,0.4319,1479,-0.0003,45
1885759574,184,420,0.4381,1475,-0.0003,45
1885816562,157,419,0.3747,1474,-0.0004,45
1885870567,177,421,0.4204,1475,-0.0005,45
1885926566,181,421,0.4299,1477,-0.0005,50
1885980567,175,416,0.4207,1478,-0.0006,45
1886034562,182,423,0.4303,1477,-0.0007,45
1886090369,183,422,0.4336,1478,-0.0007,50
1886145561,182,422,0.4313,1477,-0.0005,45
1886204562,182,423,0.4303,1478,-0.0005,45
1886258567,181,411,0.4404,1457,-0.0002,50
1886312567,182,422,0.4313,1478,-0.0002,55
1886367567,183,414,0.442,1478,-0.0003,55
1886423562,181,424,0.4269,1480,-0.0003,55
1886477564,178,423,0.4208,1481,-0.0002,55
1886533849,182,424,0.4292,1481,-0.0002,55
1886587575,177,424,0.4175,1482,-0.0001,50
1886641567,181,423,0.4279,1481,0,55
1886698372,172,418,0.4115,1476,0.0001,50
1886752567,180,419,0.4296,1475,0.0001,55
1886806562,186,426,0.4366,1477,0.0001,55
1886860567,182,421,0.4323,1477,0.0001,50
1886914566,182,422,0.4313,1478,0.0002,45
1886969567,183,413,0.4431,1460,0.0003,45
1887025567,182,423,0.4303,1479,0.0003,45
1887079633,151,417,0.3621,1479,-0.0001,45
1887134562,181,421,0.4299,1479,-0.0001,45
1887188567,182,415,0.4386,1481,0,45
1887242567,183,424,0.4316,1480,0,45
1887296562,178,423,0.4208,1481,-0.0002,45
1887354562,183,425,0.4306,1481,-0.0003,45
1887408567,176,423,0.4161,1481,-0.0001,45
1887462567,182,422,0.4313,1480,0.0001,45
1887516562,176,414,0.4251,1476,0.0001,45
1887570564,180,417,0.4317,1474,0,45
1887627738,181,419,0.432,1475,0,50
1887681573,181,420,0.431,1478,-0.0001,45
1887735564,183,423,0.4326,1479,-0.0002,50
1887790573,181,413,0.4383,1462,-0.0003,50
1887845562,181,420,0.431,1479,-0.0003,50
1887899566,181,416,0.4351,1480,-0.0003,50
1887957561,183,424,0.4316,1481,-0.0003,50
1888011566,178,424,0.4198,1482,-0.0003,50
1888065565,183,425,0.4306,1482,-0.0003,50
1888121561,182,426,0.4272,1482,-0.0004,50
1888175567,182,425,0.4282,1483,0.0001,55
1888231562,179,425,0.4212,1482,0,50
1888286567,183,425,0.4306,1482,-0.0001,55
1888341567,182,422,0.4313,1479,-0.0001,55
1888395567,181,421,0.4299,1478,0.0001,55
1888449567,182,422,0.4313,1481,0.0001,55
1888503562,182,426,0.4272,1488,-0.0001,55
1888559411,184,425,0.4329,1481,-0.0001,55
1888614828,183,427,0.4286,1478,-0.0002,55
1888668577,182,423,0.4303,1481,-0.0001,55
1888722567,182,414,0.4396,1483,-0.0002,55
1888776440,183,424,0.4316,1482,-0.0002,55
1888832564,177,424,0.4175,1484,-0.0001,50
1888886567,182,423,0.4303,1483,-0.0001,55
1888940567,184,424,0.434,1485,-0.0001,55
1888996562,184,426,0.4319,1485,-0.0001,50
1889050567,173,426,0.4061,1486,-0.0001,55
1889104567,182,425,0.4282,1485,-0.0001,55
1889162566,183,425,0.4306,1486,-0.0001,55
1889270567,180,418,0.4306,1478,-0.0031,55
1889324568,181,416,0.4351,1474,-0.003,55
1889380561,182,422,0.4313,1481,-0.003,55
1889437567,182,415,0.4386,1482,-0.0029,55
1889491562,182,424,0.4292,1483,-0.0029,55
1889545566,183,414,0.442,1484,-0.0028,55
1889599620,183,425,0.4306,1485,-0.0028,55
1889655832,178,424,0.4198,1485,-0.0026,55
1889710280,183,426,0.4296,1486,-0.0027,55
1889768561,178,427,0.4169,1488,-0.0025,50
1889822567,183,426,0.4296,1486,-0.0024,55
1889876567,183,423,0.4326,1482,-0.0024,55
1889931565,182,423,0.4303,1482,-0.0025,55
1889986567,183,425,0.4306,1483,-0.0025,55
1890042561,185,418,0.4426,1466,-0.0025,55
1890098562,183,426,0.4296,1485,-0.0025,55
1890152567,185,420,0.4405,1487,-0.0025,55
1890206567,182,425,0.4282,1486,-0.0025,55
1890260567,183,418,0.4378,1486,-0.0025,55
1890316562,184,428,0.4299,1487,0.0006,55
1890372567,182,431,0.4223,1489,0.0005,50
1890426562,181,429,0.4219,1489,0.0004,50
1890535080,187,432,0.4329,1490,-0.0055,45
1890588567,180,425,0.4235,1490,-0.0056,45
1890646575,184,429,0.4289,1491,-0.0057,45
1890700575,184,430,0.4279,1492,-0.0057,45
1890757560,183,426,0.4296,1488,-0.0058,50
1890811567,186,433,0.4296,1493,-0.0058,45
1890865567,183,422,0.4336,1475,-0.006,45
1890919567,186,431,0.4316,1491,-0.006,45
1890976566,184,417,0.4412,1487,-0.0061,45
1891030562,182,423,0.4303,1484,-0.0061,45
1891084567,176,424,0.4151,1487,-0.006,40
1891142562,183,428,0.4276,1490,-0.006,45
1891196567,179,428,0.4182,1489,-0.006,40
1891252567,182,426,0.4272,1488,-0.006,45
1891308566,185,429,0.4312,1489,-0.006,45
1891362567,184,429,0.4289,1490,-0.006,45
1891416567,181,425,0.4259,1489,-0.006,40
1891470567,183,428,0.4276,1491,-0.006,45
1891524562,185,430,0.4302,1489,-0.0059,50
1891580567,184,419,0.4391,1470,0,50
1891636320,185,431,0.4292,1490,-0.0001,50
1891690576,186,422,0.4408,1492,0.0001,50
1891744570,184,428,0.4299,1487,0.0002,50
1891798567,190,426,0.446,1486,-0.0001,45
1891855564,186,432,0.4306,1485,-0.0001,45
1891909566,183,431,0.4246,1485,-0.0001,45
1891964567,182,423,0.4303,1477,0,50
1892020566,177,422,0.4194,1475,0.0001,45
1892074567,181,423,0.4279,1478,0.0002,50
1892128567,183,428,0.4276,1483,0.0002,45
1892186562,185,431,0.4292,1487,0.0001,45
1892241567,186,433,0.4296,1490,0.0001,50
1892295567,188,427,0.4403,1473,0.0001,50
1892351566,186,433,0.4296,1490,0.0001,50
1892405560,186,426,0.4366,1489,0.0001,50
1892461567,184,431,0.4269,1487,0.0001,50
1892515562,190,434,0.4378,1489,0.0002,50
1892569567,188,437,0.4302,1492,0.0002,50
1892625218,185,436,0.4243,1491,0.0001,45
1892679567,188,436,0.4312,1492,0.0001,45
1892733575,181,433,0.418,1491,-0.0001,45
1892791566,189,435,0.4345,1491,-0.0001,45
1892846567,187,434,0.4309,1491,-0.0001,45
1892900567,186,432,0.4306,1487,0.0001,50
1892957562,184,428,0.4299,1482,0.0001,45
1893011567,185,423,0.4374,1469,0,45
1893067567,184,433,0.4249,1488,0,45
1893121663,187,433,0.4319,1489,-0.0001,45
1893175567,186,433,0.4296,1487,-0.0001,45
1893229562,188,425,0.4424,1489,-0.0002,45
1893283567,186,433,0.4296,1488,-0.0002,45
1893341562,181,432,0.419,1488,-0.0002,40
1893397567,188,432,0.4352,1487,-0.0002,40
1893452562,181,432,0.419,1488,-0.0002,40
1893507244,186,432,0.4306,1489,-0.0002,40
1893563510,186,432,0.4306,1489,-0.0002,45
1893617569,186,432,0.4306,1490,-0.0002,45
1893676567,187,434,0.4309,1489,-0.0002,50
1893730567,184,425,0.4329,1478,-0.0001,50
1893784562,183,427,0.4286,1483,-0.0001,50
1893840561,185,421,0.4394,1485,0.0001,50
1893894567,183,428,0.4276,1485,0,55
1893948567,185,420,0.4405,1485,0.0001,55
1894006566,185,431,0.4292,1487,0.0002,60
1894060567,189,433,0.4365,1490,0.0001,60
1894114562,187,433,0.4319,1490,0.0001,55
1894170562,180,433,0.4157,1489,0.0002,55
1894224567,185,431,0.4292,1489,0.0003,60
1894280562,185,433,0.4273,1490,0.0003,55
1894335562,186,434,0.4286,1492,0.0003,60
1894390407,189,438,0.4315,1494,0.0003,60
1894446780,187,426,0.439,1473,0.0003,60
1894500567,186,430,0.4326,1487,0.0003,60
1894554571,186,432,0.4306,1485,0.0003,60
1894612565,186,432,0.4306,1487,0.0003,60
1894666567,187,432,0.4329,1488,0.0003,55
1894720567,185,431,0.4292,1489,0.0003,55
1894776562,178,433,0.4111,1490,0.0002,50
1894830567,189,437,0.4325,1494,0.0002,50
1894886567,176,431,0.4084,1493,0,50
1894941568,190,441,0.4308,1497,-0.0001,50
1894997562,190,445,0.427,1503,-0.0001,50
1895051567,192,445,0.4315,1502,-0.0003,50
1895105567,180,417,0.4317,1451,-0.0003,50
1895161562,194,436,0.445,1478,-0.0004,50
1895217566,191,439,0.4351,1491,-0.0004,50
1895271562,188,438,0.4292,1485,-0.0006,50
1895328567,186,431,0.4316,1481,-0.0006,50
1895383584,188,432,0.4352,1483,-0.0007,50
1895437575,186,435,0.4276,1490,-0.0006,50
1895494573,181,436,0.4151,1491,-0.0006,45
1895549562,187,438,0.4269,1496,-0.0006,50
1895603567,184,437,0.4211,1493,-0.0005,50
1895657567,187,437,0.4279,1495,-0.0006,50
1895712567,191,440,0.4341,1497,-0.0005,45
1895767562,189,437,0.4325,1497,-0.0005,45
1895823567,186,437,0.4256,1498,-0.0006,45
1895878562,188,435,0.4322,1493,-0.0004,50
1895932567,188,436,0.4312,1497,-0.0004,45
1895986647,189,427,0.4426,1476,-0.0001,45
1896040566,186,435,0.4276,1498,-0.0001,45
1896096566,188,425,0.4424,1496,0.0001,45
1896151530,187,433,0.4319,1493,0.0001,45
1896205561,180,431,0.4176,1493,0.0003,45
1896259566,187,435,0.4299,1496,0.0005,50
1896316562,189,435,0.4345,1497,0.0005,50
1896370567,187,435,0.4299,1496,0.0005,50
1896427573,188,434,0.4332,1497,0.0004,50
1896481569,186,434,0.4286,1497,0.0005,45
1896537575,186,433,0.4296,1499,0.0005,50
1896592567,186,434,0.4286,1499,0.0004,45
1896647567,194,442,0.4389,1500,0.0004,50
1896704567,186,426,0.4366,1482,0.0004,45
1896758567,189,438,0.4315,1503,0.0004,45
1896814767,186,425,0.4376,1501,0.0004,45
1896868565,185,431,0.4292,1496,0.0004,45
1896923567,178,430,0.414,1495,0.0003,45
1896977530,183,429,0.4266,1495,0.0003,50
1897033565,180,431,0.4176,1496,0.0002,45
1897087562,186,432,0.4306,1497,0.0001,45
1897143562,179,427,0.4192,1498,0,45
1897198568,184,431,0.4269,1497,-0.0002,50
1897252566,184,431,0.4269,1498,-0.0003,50
1897308562,185,432,0.4282,1497,-0.0005,50
1897362564,190,437,0.4348,1499,-0.0005,45
1897417702,185,425,0.4353,1482,-0.0005,50
1897471573,186,433,0.4296,1498,-0.0005,50
1897525575,185,426,0.4343,1499,-0.0005,50
1897579570,186,433,0.4296,1498,-0.0005,50
1897635566,190,429,0.4429,1494,-0.0006,50
1897689562,183,426,0.4296,1492,-0.0006,50
1897743567,177,428,0.4136,1493,-0.0006,50
1897798562,183,428,0.4276,1493,-0.0005,55
1897852567,181,430,0.4209,1495,-0.0006,50
1897909567,185,431,0.4292,1495,-0.0006,55
1897965566,184,429,0.4289,1494,-0.0006,50
1898019567,184,430,0.4279,1494,-0.0005,45
1898074561,184,431,0.4269,1496,-0.0005,45
1898128566,183,429,0.4266,1496,-0.0004,45
1898185566,188,436,0.4312,1497,-0.0004,45
1898241567,184,430,0.4279,1496,-0.0003,40
1898295562,186,432,0.4306,1497,-0.0003,40
1898349567,184,423,0.435,1497,-0.0002,45
1898404562,184,433,0.4249,1499,-0.0001,45
1898459720,181,433,0.418,1498,0.0001,40
1898516573,185,433,0.4273,1499,0.0002,45
1898571573,180,430,0.4186,1495,0.0003,40
1898625567,182,427,0.4262,1491,0.0004,45
1898679567,182,427,0.4262,1491,0.0004,45
1898733562,185,430,0.4302,1493,0.0005,45
1898787567,187,434,0.4309,1496,0.0005,50
1898844562,184,431,0.4269,1496,0.0004,50
1898898566,187,434,0.4309,1496,0.0004,50
1898953566,182,421,0.4323,1478,0.0004,50
1899009562,184,431,0.4269,1497,0.0004,55
1899063565,182,422,0.4313,1497,0.0004,55
1899120562,183,431,0.4246,1498,0.0004,60
1899175562,179,433,0.4134,1500,0.0003,60
1899229567,187,435,0.4299,1500,0.0004,60
1899283562,187,434,0.4309,1501,0.0003,60
1899338562,185,433,0.4273,1500,0.0003,60
1899392564,175,433,0.4042,1501,0,55
1899450180,183,433,0.4226,1500,-0.0002,55
1899504573,188,434,0.4332,1495,-0.0003,55
1899559567,183,426,0.4296,1493,-0.0004,50
1899615566,183,429,0.4266,1496,-0.0004,50
1899669567,183,421,0.4347,1480,-0.0006,50
1899725562,182,430,0.4233,1498,-0.0006,50
1899781566,182,422,0.4313,1499,-0.0006,45
1899835567,184,431,0.4269,1499,-0.0006,45
1899889567,177,429,0.4126,1497,-0.0005,45
1899945561,184,431,0.4269,1497,-0.0005,45
1899999562,184,429,0.4289,1498,-0.0005,45
1900055567,183,429,0.4266,1497,-0.0005,45
1900111566,177,425,0.4165,1497,-0.0005,40
1900165562,182,430,0.4233,1497,-0.0006,45
1900219567,183,430,0.4256,1496,-0.0006,45
1900273562,183,430,0.4256,1496,-0.0005,50
1900330567,183,430,0.4256,1497,-0.0005,50
1900386585,181,420,0.431,1478,-0.0005,50
1900440762,181,424,0.4269,1491,-0.0005,50
1900494569,180,417,0.4317,1488,-0.0002,50
1900550575,178,423,0.4208,1490,-0.0002,50
1900604567,180,301,0.598,1491,-0.0025,50
1900660562,182,427,0.4262,1492,-0.0025,55
1900714567,175,427,0.4098,1493,-0.0023,50
1900770566,181,426,0.4249,1491,-0.0022,50
1900824562,175,427,0.4098,1492,-0.0021,50
1900878567,182,427,0.4262,1492,-0.0021,55
1900936561,181,428,0.4229,1493,-0.0021,50
1900990562,182,428,0.4252,1494,-0.0021,55
1901044567,184,432,0.4259,1495,-0.0021,55
1901101562,181,428,0.4229,1497,-0.0021,55
1901156567,180,428,0.4206,1495,-0.0021,50
1901210562,182,430,0.4233,1492,-0.0021,55
1901266564,184,430,0.4279,1497,-0.0021,50
1901322698,183,419,0.4368,1497,-0.002,50
1901376575,179,423,0.4232,1491,-0.002,50
1901430573,172,421,0.4086,1490,-0.0022,45
1901484569,179,425,0.4212,1493,-0.0023,50
1901541566,176,426,0.4131,1493,-0.0024,45
1901595567,182,427,0.4262,1494,-0.0025,45
1901649562,181,427,0.4239,1495,-0.0024,45
1901704567,180,426,0.4225,1494,0.0001,50
1901758567,179,425,0.4212,1493,0.0001,45
1901813530,182,427,0.4262,1494,-0.0001,45
1901870565,186,433,0.4296,1495,-0.0001,50
1901924566,181,419,0.432,1478,-0.0003,50
1901978565,180,427,0.4215,1496,-0.0003,55
1902032565,182,419,0.4344,1497,-0.0003,50
1902088567,183,429,0.4266,1496,-0.0003,45
1902145566,186,428,0.4346,1497,-0.0003,50
1902199566,182,430,0.4233,1497,-0.0003,50
1902254530,177,429,0.4126,1497,-0.0003,50
1902308567,181,424,0.4269,1491,-0.0003,50
1902365771,174,419,0.4153,1491,-0.0004,45
1902419572,178,423,0.4208,1491,-0.0005,50
1902477561,175,421,0.4157,1494,-0.0005,45
1902531566,180,424,0.4245,1492,-0.0004,45
1902585562,187,432,0.4329,1494,-0.0003,50
1902640566,181,418,0.433,1477,0,50
1902695561,179,425,0.4212,1494,-0.0001,55
1902751566,180,419,0.4296,1493,0,55
1902807562,179,426,0.4202,1493,0,60
1902861567,176,427,0.4122,1494,0.0001,55
1902915567,182,428,0.4252,1494,0.0001,55
1902969567,184,426,0.4319,1494,0.0001,55
1903025566,182,428,0.4252,1494,0.0002,50
1903081562,177,423,0.4184,1494,0.0002,50
1903135562,182,426,0.4272,1490,0.0002,50
1903189567,182,428,0.4252,1493,0.0002,50
1903244562,178,421,0.4228,1487,0.0003,50
1903299604,179,421,0.4252,1486,0.0003,50
1903355573,179,414,0.4324,1472,0.0003,50
1903411531,180,425,0.4235,1494,0.0003,50
1903465651,170,422,0.4028,1491,0.0002,50
1903519531,181,426,0.4249,1492,0.0002,50
1903573567,181,414,0.4372,1491,0.0004,50
1903629562,179,425,0.4212,1492,0.0004,50
1903685569,179,427,0.4192,1493,0.0002,45
1903739567,180,426,0.4225,1493,0.0001,45
1903797532,176,427,0.4122,1495,0,45
1903851567,181,427,0.4239,1495,-0.0001,45
1903905532,181,419,0.432,1494,-0.0003,45
1903963531,180,426,0.4225,1496,-0.0004,45
1904017567,181,427,0.4239,1495,-0.0004,45
1904072562,180,418,0.4306,1477,-0.0004,45
1904126562,180,423,0.4255,1488,-0.0004,45
1904180567,178,421,0.4228,1485,-0.0004,45
1904234681,174,422,0.4123,1490,-0.0003,45
1904294678,178,414,0.43,1491,-0.0003,45
1904349567,180,424,0.4245,1492,-0.0003,45
1904404070,179,426,0.4202,1493,-0.0003,40
1904459561,178,422,0.4218,1491,-0.0004,45
1904514564,171,424,0.4033,1491,-0.0004,40
1904571567,180,424,0.4245,1492,-0.0003,45
1904626567,175,420,0.4167,1492,-0.0004,40
1904680567,180,425,0.4235,1493,-0.0005,40
1904734562,180,425,0.4235,1494,-0.0004,45
1904789567,179,416,0.4303,1478,-0.0003,45
1904844567,181,425,0.4259,1494,-0.0003,45
1904900562,181,417,0.4341,1493,0,45
1904956566,180,424,0.4245,1492,0,45
1905010567,173,388,0.4459,1478,-0.0002,45
1905065567,183,422,0.4336,1484,-0.0003,40
1905119562,176,422,0.4171,1487,-0.0003,40
1905175567,173,421,0.4109,1487,-0.0001,40
1905229562,175,423,0.4137,1488,0,45
1905284932,177,421,0.4204,1489,0,45
1905338647,179,421,0.4252,1487,0,50
1905393574,178,420,0.4238,1487,0,50
1905448572,181,423,0.4279,1487,0,50
1905504566,179,414,0.4324,1472,0,50
1905558567,179,424,0.4222,1490,0,50
1905612580,180,413,0.4358,1468,0.0001,50
1905669561,181,425,0.4259,1490,0.0001,50
1905723567,180,415,0.4337,1490,0.0002,50
1905779562,181,425,0.4259,1490,0.0002,45
1905834562,174,424,0.4104,1490,0.0001,45
1905888562,178,420,0.4238,1487,0,50
1905942562,173,417,0.4149,1483,-0.0001,45
1905997567,177,419,0.4224,1485,-0.0003,50
1906051567,177,419,0.4224,1487,-0.0003,50
1906108567,178,422,0.4218,1488,0,55
1906162562,175,417,0.4197,1487,0.0002,50
1906216567,180,421,0.4276,1487,0.0001,55
1906270562,178,420,0.4238,1487,0,50
1906325804,178,410,0.4341,1470,-0.0002,50
1906381799,179,421,0.4252,1489,-0.0002,50
1906436574,178,413,0.431,1490,-0.0003,50
1906490564,185,421,0.4394,1489,-0.0003,50
1906544567,182,422,0.4313,1490,-0.0003,50
1906598567,178,421,0.4228,1490,-0.0003,45
1906653567,174,424,0.4104,1491,-0.0003,45
1906709567,179,423,0.4232,1492,-0.0004,50
1906763567,88,421,0.209,1490,-0.0012,45
1906817567,178,418,0.4258,1485,-0.0012,50
1906871567,178,418,0.4258,1484,-0.0012,50
1906926562,88,418,0.2105,1486,-0.0029,50
1906982567,178,419,0.4248,1489,-0.0029,50
1907038567,179,421,0.4252,1491,-0.0027,50
1907092562,176,418,0.4211,1487,-0.0028,50
1907150567,177,418,0.4234,1486,-0.0027,50
1907204562,178,419,0.4248,1487,-0.0028,50
1907258567,178,410,0.4341,1487,-0.003,50
1907315820,177,420,0.4214,1488,-0.0029,55
1907369572,173,419,0.4129,1487,-0.0028,50
1907423567,178,418,0.4258,1488,-0.0027,50
1907478573,173,419,0.4129,1488,-0.0026,50
1907534562,178,420,0.4238,1489,-0.0026,50
1907595561,180,422,0.4265,1488,-0.0026,55
1907649567,178,420,0.4238,1487,-0.0025,50
1907706565,177,416,0.4255,1482,-0.0025,55
1907761562,175,405,0.4321,1462,-0.0025,55
1907815531,176,418,0.4211,1483,-0.0025,55
1907869562,176,408,0.4314,1484,-0.0017,55
1907926531,177,418,0.4234,1484,-0.0017,55
1907980566,172,417,0.4125,1483,-0.0018,50
1908034566,177,415,0.4265,1483,0,50
1908089080,169,418,0.4043,1483,-0.0002,50
1908142530,175,416,0.4207,1484,-0.0003,55
1908200655,173,419,0.4129,1485,-0.0004,50
1908254524,177,418,0.4234,1486,-0.0004,50
1908308532,177,418,0.4234,1486,-0.0003,50
1908362568,179,419,0.4272,1486,-0.0003,50
1908416566,177,418,0.4234,1486,-0.0003,50
1908473566,178,410,0.4341,1469,-0.0005,50
1908529530,178,419,0.4248,1486,-0.0005,50
1908586567,175,404,0.4332,1480,-0.0006,50
1908696713,170,414,0.4106,1480,0.0026,55
1908751567,175,415,0.4217,1482,0.0026,55
1908807568,180,417,0.4317,1483,0.0026,55
1908861567,175,413,0.4237,1482,0.0026,50
1908916567,170,416,0.4087,1481,0.0025,50
1908972561,175,413,0.4237,1481,0.0025,50
1909027530,176,415,0.4241,1482,0.0025,55
1909081566,176,416,0.4231,1484,0.0026,55
1909137530,176,416,0.4231,1483,0.0026,55
1909191566,176,408,0.4314,1466,0.0028,55
1909247647,177,417,0.4245,1484,0.0029,55
1909302555,176,408,0.4314,1484,0.0031,55
1909356566,175,415,0.4217,1484,0.0031,55
1909412532,178,297,0.5993,1483,0.0006,50
1909466566,178,417,0.4269,1484,0.0006,50
1909520567,171,413,0.414,1479,0.0007,50
1909575566,173,410,0.422,1475,0.0008,55
1909631566,169,412,0.4102,1478,0.0009,50
1909685566,174,412,0.4223,1478,0.001,50
1909743562,176,414,0.4251,1478,-0.0022,50
1909797562,175,413,0.4237,1477,-0.0022,45
1909851567,175,412,0.4248,1477,-0.0022,50
1909908562,172,402,0.4279,1460,-0.0022,50
1909962567,176,414,0.4251,1479,-0.0022,50
1910019567,175,404,0.4332,1479,-0.0021,50
1910073562,176,415,0.4241,1481,-0.0021,50
1910127567,176,401,0.4389,1480,-0.0021,50
1910183221,176,415,0.4241,1478,-0.0021,45
1910237567,165,414,0.3986,1481,-0.0023,45
1910291570,176,416,0.4231,1482,-0.0023,50
1910348561,172,415,0.4145,1482,-0.0025,45
1910402567,174,414,0.4203,1481,-0.0026,50
1910456567,176,412,0.4272,1477,-0.0025,50
1910512561,173,408,0.424,1474,0,55
1910568567,174,412,0.4223,1477,0,50
1910624567,175,403,0.4342,1460,-0.0002,50
1910679562,175,413,0.4237,1479,-0.0002,50
1910733566,175,414,0.4227,1476,-0.0003,45
1910787562,175,412,0.4248,1478,-0.0003,50
1910841566,175,403,0.4342,1479,-0.0004,50
1910897562,175,412,0.4248,1479,-0.0004,50
1910953567,170,412,0.4126,1479,-0.0003,45
1911007562,174,411,0.4234,1478,-0.0003,50
1911061567,171,413,0.414,1479,-0.0004,45
1911115567,175,371,0.4717,1444,-0.0003,45
1911169564,170,414,0.4106,1480,-0.0003,45
1911233561,177,414,0.4275,1481,-0.0004,45
1911288567,177,414,0.4275,1481,-0.0004,50
1911342567,176,406,0.4335,1466,-0.0001,50
1911398566,175,411,0.4258,1478,0,50
1911452562,173,399,0.4336,1475,0.0002,50
1911506567,173,409,0.423,1476,0.0002,50
1911564562,168,410,0.4098,1479,0,45
1911621567,175,410,0.4268,1477,-0.0001,45
1911677562,170,411,0.4136,1478,0,45
1911731562,174,411,0.4234,1478,0.0002,50
1911785567,150,408,0.3676,1473,0.0007,50
1911841530,173,410,0.422,1478,0.0007,50
1911895567,173,410,0.422,1477,0.0007,50
1911951796,175,412,0.4248,1479,0.0008,55
1912005567,174,396,0.4394,1448,0.0007,55
1912059572,175,380,0.4605,1411,0.0006,55
1912117567,180,417,0.4317,1479,0.0006,55
1912173567,175,403,0.4342,1478,0.0006,60
1912229566,173,411,0.4209,1479,0.0005,55
1912283530,171,413,0.414,1480,0.0005,55
1912338567,174,411,0.4234,1479,0.0005,55
1912394566,169,408,0.4142,1473,0.0004,50
1912450567,173,408,0.424,1472,0.0003,55
1912506530,175,411,0.4258,1474,0.0003,55
1912560567,174,410,0.4244,1475,0.0002,50
1912614529,175,410,0.4268,1475,0.0003,55
1912668565,175,411,0.4258,1476,0.0005,55
1912722529,175,410,0.4268,1475,0.0005,55
1912778531,174,401,0.4339,1457,0.0002,55
1912835204,173,410,0.422,1477,0.0003,55
1912889574,175,404,0.4332,1479,-0.0004,55
1912943566,175,413,0.4237,1479,-0.0004,50
1912999529,172,413,0.4165,1479,-0.0004,50
1913055566,175,412,0.4248,1479,-0.0004,50
1913112567,170,412,0.4126,1480,-0.0003,45
1913166529,174,412,0.4223,1480,-0.0002,50
1913220566,176,413,0.4262,1480,-0.0002,50
1913277564,174,410,0.4244,1477,-0.0002,45
1913333529,173,407,0.4251,1473,-0.0002,50
1913391560,173,400,0.4325,1458,-0.0001,50
1913445564,175,409,0.4279,1474,-0.0001,50
1913499564,173,402,0.4303,1476,0,50
1913553565,174,410,0.4244,1476,0,50
1913607769,174,401,0.4339,1475,0.0001,50
1913663563,173,408,0.424,1475,0.0001,50
1913720652,167,408,0.4093,1476,-0.0001,50
1913774567,174,409,0.4254,1475,-0.0001,50
1913829571,170,410,0.4146,1476,0.0001,50
1913885561,175,410,0.4268,1478,0.0002,50
1913939565,174,411,0.4234,1478,0.0001,50
1913996565,174,411,0.4234,1477,0.0002,55
1914050565,175,411,0.4258,1478,0.0002,55
1914105576,174,410,0.4244,1478,0.0002,55
1914159565,175,412,0.4248,1478,0.0002,55
1914215561,88,411,0.2141,1476,0.0009,55
1914271565,172,405,0.4247,1471,0.0009,55
1914325562,172,392,0.4388,1469,0.0009,55
1914379565,173,407,0.4251,1472,0.0009,55
1914435561,168,408,0.4118,1474,0.0009,50
1914490560,173,407,0.4251,1474,0.0008,55
1914544565,157,409,0.3839,1473,0.0006,50
1914601566,173,408,0.424,1473,0.0006,55
1914658262,175,409,0.4279,1474,0.0006,55
1914712567,175,409,0.4279,1474,0.0005,55
1914766572,174,408,0.4265,1475,0.0006,55
1914823561,172,281,0.6121,1458,0.0032,55
1914879566,174,410,0.4244,1475,0.0031,55
1914933570,173,407,0.4251,1476,0.003,55
1914990561,174,410,0.4244,1475,0.003,50
1915044566,177,412,0.4296,1477,0.003,50
1915098561,175,412,0.4248,1477,0.0029,50
1915155561,177,409,0.4328,1475,0.0029,50
1915211567,172,405,0.4247,1471,0.0029,50
1915265564,163,402,0.4055,1470,0.003,45
1915321561,172,407,0.4226,1472,0.0022,50
1915377564,174,406,0.4286,1471,0.0022,50
1915431566,173,408,0.424,1475,0.0022,50
1915487561,173,408,0.424,1475,0.0022,50
1915543280,173,398,0.4347,1457,0.0022,50
1915597579,173,408,0.424,1473,0.0022,50
1915651566,176,400,0.44,1475,0.0025,50
1915705568,173,409,0.423,1477,0.0025,50
1915759569,174,399,0.4361,1477,0.0026,45
1915815666,175,371,0.4717,1413,0.003,50
1915869564,171,410,0.4171,1477,0.0029,50
1915923566,174,410,0.4244,1477,0.0005,55
1915977561,167,409,0.4083,1478,0.0003,50
1916033565,175,411,0.4258,1477,0.0003,50
1916089565,174,409,0.4254,1477,0.0003,50
1916146565,172,405,0.4247,1473,0.0003,50
1916200565,172,403,0.4268,1469,0.0003,50
1916254565,171,368,0.4647,1411,0,50
1916308566,174,406,0.4286,1470,0,50
1916364623,172,394,0.4365,1448,-0.0001,50
1916420565,174,406,0.4286,1472,-0.0002,50
1916474561,174,399,0.4361,1473,-0.0002,50
1916528565,173,407,0.4251,1474,-0.0002,45
1916582563,169,407,0.4152,1473,-0.0002,45
1916638483,174,408,0.4265,1475,-0.0002,45
1916695367,168,408,0.4118,1475,-0.0003,45
1916751565,174,409,0.4254,1475,-0.0003,45
1916805566,173,408,0.424,1475,-0.0003,45
1916861084,174,409,0.4254,1475,-0.0004,45
1916915566,167,402,0.4154,1475,-0.001,45
1916969565,172,408,0.4216,1475,-0.0009,45
1917025566,173,407,0.4251,1475,-0.0009,45
1917079566,86,397,0.2166,1454,-0.0036,45
1917135561,171,402,0.4254,1467,-0.0036,50
1917189566,172,396,0.4343,1470,-0.0038,50
1917244561,173,405,0.4272,1470,-0.0038,45
1917303566,168,406,0.4138,1472,-0.0037,45
1917358566,173,398,0.4347,1471,-0.0034,45
1917412529,168,406,0.4138,1471,-0.0033,45
1917467087,173,406,0.4261,1471,-0.0033,50
1917520566,171,404,0.4233,1470,-0.0032,45
1917577166,172,406,0.4236,1473,-0.0032,50
1917633565,175,292,0.5993,1475,-0.0033,50
1917690569,173,389,0.4447,1439,-0.0033,45
1917745568,173,291,0.5945,1476,-0.0029,50
1917799566,173,410,0.422,1475,-0.0029,50
1917856565,173,407,0.4251,1476,-0.0029,50
1917912558,176,409,0.4303,1476,-0.0029,50
1917966531,173,406,0.4261,1473,-0.0028,50
1918022530,170,402,0.4229,1469,-0.0028,45
1918076566,171,404,0.4233,1470,-0.0028,50
1918130566,168,406,0.4138,1473,-0.0029,45
1918185529,172,405,0.4247,1473,0.0001,50
1918242570,174,406,0.4286,1473,0,50
1918296567,171,405,0.4222,1472,0.0002,50
1918350566,170,403,0.4218,1471,0.0002,45
1918404531,173,410,0.422,1479,0.0002,50
1918458566,177,411,0.4307,1474,0.0002,50
1918517760,158,410,0.3854,1474,0.0004,50
1918571565,173,407,0.4251,1475,0.0004,50
1918625572,152,393,0.3868,1475,0.0005,50
1918679566,173,408,0.424,1475,0.0005,50
1918736029,166,408,0.4069,1475,0.0007,50
1918789566,174,409,0.4254,1475,0.0007,50
1918847565,156,407,0.3833,1476,0.0002,50
1918901531,154,401,0.384,1471,0,50
1918955565,172,404,0.4257,1469,0,50
1919010565,172,404,0.4257,1471,0,55
1919067561,166,399,0.416,1470,-0.0001,55
1919123566,172,397,0.4332,1455,0,50
1919178566,173,406,0.4261,1472,0.0001,50
1919237561,174,397,0.4383,1469,0.0004,50
1919295561,172,405,0.4247,1471,0.0004,50
1919350452,169,407,0.4152,1472,0.0006,55
1919406367,173,407,0.4251,1474,0.0005,55
1919462563,169,407,0.4152,1472,0.0006,55
1919516566,173,409,0.423,1474,0.0006,55
1919570566,175,409,0.4279,1473,0.0006,55
1919624566,173,409,0.423,1474,0.0004,55
1919680565,173,409,0.423,1475,0.0004,55
1919737566,171,400,0.4275,1458,0.0002,55
1919797531,174,408,0.4265,1474,0.0002,55
1919851566,172,396,0.4343,1468,0.0002,55
1919907531,170,403,0.4218,1468,0.0002,55
1919961565,167,404,0.4134,1470,0.0003,50
1920018367,173,406,0.4261,1472,0.0004,50
1920072561,168,406,0.4138,1472,0.0004,50
1920126566,172,401,0.4289,1463,0.0004,50
1920182574,177,409,0.4328,1472,0.0005,55
1920236572,174,407,0.4275,1473,0.0005,50
1920292569,178,412,0.432,1474,0.0005,55
1920349531,171,407,0.4201,1474,0.0003,55
1920403564,177,412,0.4296,1474,0.0004,55
1920459560,173,396,0.4369,1452,0.0001,50
1920513565,173,408,0.424,1475,0.0001,50
1920567531,173,400,0.4325,1476,-0.0001,50
1920624366,175,410,0.4268,1477,-0.0002,50
1920678565,167,407,0.4103,1476,0,50
1920732565,172,405,0.4247,1471,0,45
1920787531,168,403,0.4169,1469,0,45
1920842566,171,403,0.4243,1471,0,50
1920896566,167,405,0.4123,1471,0,45
1920952566,172,405,0.4247,1472,0.0001,45
1921006561,173,405,0.4272,1472,0.0001,50
1921060566,173,406,0.4261,1472,0.0001,50
1921114563,170,404,0.4208,1471,0.0001,45
1921169600,172,410,0.4195,1479,0.0001,45
1921228103,174,408,0.4265,1473,0.0001,45
1921327561,173,406,0.4261,1472,0,45
1921381824,173,395,0.438,1450,0.0001,40
1921435589,173,408,0.424,1473,0,40
1921489569,167,407,0.4103,1474,-0.0001,40
1921545375,173,409,0.423,1475,-0.0002,40
1921600565,168,410,0.4098,1476,0.0002,45
1921654566,172,407,0.4226,1471,0.0002,45
1921708566,165,398,0.4146,1469,0.0004,45
1921763566,171,403,0.4243,1469,0.0004,45
1921821561,167,400,0.4175,1472,0.0004,45
1921877561,172,405,0.4247,1471,0.0004,45
1921932561,173,408,0.424,1470,0.0004,45
1921986566,172,406,0.4236,1471,0.0004,40
1922043561,165,391,0.422,1471,0.0003,40
1922097566,171,397,0.4307,1455,0.0003,35
1922153368,172,404,0.4257,1473,0.0003,40
1922207561,169,406,0.4163,1473,0.0003,40
1922261656,173,408,0.424,1475,0.0003,40
1922315639,167,407,0.4103,1475,0.0003,40
1922371254,171,405,0.4222,1475,0.0002,45
1922426444,169,403,0.4194,1477,0.0002,40
1922484565,172,407,0.4226,1476,0,45
1922538563,172,408,0.4216,1474,0,40
1922592566,169,405,0.4173,1469,0.0001,40
1922646561,176,408,0.4314,1469,0.0002,40
1922701566,171,403,0.4243,1472,0,35
1922757368,171,396,0.4318,1472,-0.0001,40
1922812531,172,405,0.4247,1473,-0.0002,35
1922869567,172,406,0.4236,1473,-0.0002,35
1922923567,168,406,0.4138,1474,-0.0002,35
1922978567,172,406,0.4236,1474,-0.0002,40
1923033567,166,406,0.4089,1475,-0.0001,40
1923089566,172,407,0.4226,1476,-0.0001,40
1923143531,169,403,0.4194,1476,-0.0001,40
1923197566,174,410,0.4244,1477,-0.0001,45
1923252533,178,413,0.431,1476,-0.0001,45
1923307682,173,409,0.423,1474,-0.0001,45
1923363374,173,389,0.4447,1438,0,45
1923418539,174,399,0.4361,1476,0.0001,40
1923473565,172,398,0.4322,1474,0.0002,40
1923527565,170,396,0.4293,1452,0.0003,35
1923581565,170,403,0.4218,1469,0.0003,35
1923635576,171,392,0.4362,1452,0.0005,40
1923692531,172,405,0.4247,1471,0.0005,40
1923746565,164,405,0.4049,1472,0.0002,35
1923800566,172,405,0.4247,1471,0.0002,35
1923857565,166,406,0.4089,1471,0.0005,35
1923911531,173,406,0.4261,1472,0.0004,35
1923967367,172,408,0.4216,1474,0.0005,35
1924022531,173,408,0.424,1474,0.0004,35
1924076531,174,408,0.4265,1475,0.0004,40
1924130566,173,408,0.424,1474,0.0003,35
1924184561,174,410,0.4244,1476,0.0003,40
1924238566,172,406,0.4236,1474,0.0003,40
1924294483,173,399,0.4336,1474,0.0003,35
1924352566,177,406,0.436,1472,0.0003,40
1924406572,173,409,0.423,1474,0.0003,40
1924463567,160,404,0.396,1471,0.0001,40
1924517566,170,405,0.4198,1471,0,45
1924573367,167,406,0.4113,1473,-0.0002,45
1924629561,86,407,0.2113,1475,-0.002,45
1924683565,172,407,0.4226,1475,-0.0019,45
1924737531,172,406,0.4236,1475,-0.0021,50
1924791565,168,402,0.4179,1473,-0.0022,45
1924847561,173,406,0.4261,1474,-0.0019,50
1924903565,173,399,0.4336,1475,-0.002,50
1924957531,174,408,0.4265,1476,-0.0022,45
1925013531,172,398,0.4322,1477,-0.0023,50
1925067565,173,400,0.4325,1460,-0.0024,50
1925121565,174,408,0.4265,1477,-0.0024,50
1925178334,169,410,0.4122,1477,-0.0023,50
1925232565,174,410,0.4244,1478,-0.0023,50
1925287818,170,410,0.4146,1478,-0.0023,50
1925341709,172,408,0.4216,1476,-0.0023,50
1925396565,171,405,0.4222,1471,-0.0023,50
1925454561,172,405,0.4247,1473,-0.0023,50
1925510565,172,406,0.4236,1473,-0.0023,50
1925565566,172,406,0.4236,1474,-0.0022,50
1925620561,172,397,0.4332,1475,-0.0021,55
1925674566,172,411,0.4185,1484,-0.0021,55
1925728566,173,407,0.4251,1475,-0.0003,55
1925785368,172,392,0.4388,1446,-0.0001,55
1925840566,174,409,0.4254,1477,-0.0001,55
1925898561,176,409,0.4303,1478,0,55
1925954562,174,408,0.4265,1478,0.0001,55
1926008561,163,406,0.4015,1477,0.0005,60
1926062565,175,411,0.4258,1478,0.0005,60
1926120155,174,410,0.4244,1478,0.0006,55
1926174571,174,411,0.4234,1478,0.0007,55
1926228575,173,411,0.4209,1479,0.0007,50
1926284564,173,409,0.423,1474,0.0007,55
1926339566,172,398,0.4322,1474,0.0006,55
1926396363,173,397,0.4358,1458,0.0005,55
1926450566,172,407,0.4226,1475,0.0005,50
1926504566,170,407,0.4177,1477,0.0005,50
1926558566,172,408,0.4216,1476,0.0005,55
1926614561,175,407,0.43,1476,0.0006,50
1926668566,172,408,0.4216,1477,0.0006,50
1926724566,169,410,0.4122,1478,0.0004,50
1926780561,174,410,0.4244,1479,0.0005,50
1926835566,175,410,0.4268,1480,0.0005,50
1926889566,175,410,0.4268,1479,0.0004,50
1926943561,174,411,0.4234,1480,0.0004,50
1926999368,174,410,0.4244,1480,0.0003,55
1927053561,174,402,0.4328,1482,0.0004,55
1927109574,173,409,0.423,1478,0.0001,55
1927164574,172,409,0.4205,1477,0.0001,55
1927220561,171,405,0.4222,1474,0.0002,60
1927274566,172,405,0.4247,1476,0.0001,60
1927331561,177,408,0.4338,1478,0,60
1927388565,172,408,0.4216,1478,0,60
1927442566,163,404,0.4035,1478,0.0002,55
1927498566,173,409,0.423,1478,0.0002,55
1927554561,172,409,0.4205,1478,0.0002,55
1927610368,171,409,0.4181,1479,0.0002,55
1927664561,178,414,0.43,1480,0.0003,55
1927720565,174,411,0.4234,1481,0.0002,50
1927774566,174,402,0.4328,1481,0.0003,55
1927829561,173,401,0.4314,1464,0.0004,50
1927883561,174,410,0.4244,1481,0.0004,50
1927939566,170,411,0.4136,1480,0.0003,45
1927997571,174,411,0.4234,1482,0.0002,50
1928051574,169,411,0.4112,1482,0.0001,45
1928105569,172,409,0.4205,1477,0.0001,45
1928162565,160,402,0.398,1475,-0.0004,40
1928218363,174,408,0.4265,1477,-0.0005,40
1928273565,170,400,0.425,1478,-0.0005,35
1928328565,173,409,0.423,1477,-0.0006,35
1928382565,173,411,0.4209,1478,-0.0005,30
1928437529,173,409,0.423,1477,-0.0004,30
1928492529,173,398,0.4347,1478,-0.0005,35
1928548565,173,402,0.4303,1462,-0.0007,30
1928605561,174,410,0.4244,1480,-0.0007,30
1928659529,169,411,0.4112,1481,-0.0006,35
1928713565,173,411,0.4209,1480,-0.0006,35
1928767529,169,410,0.4122,1481,-0.0007,35
1928823367,174,412,0.4223,1481,-0.0007,35
1928879986,169,406,0.4163,1482,-0.0007,35
1928933573,175,412,0.4248,1481,-0.0008,35
1928987565,173,412,0.4199,1479,-0.0008,35
1929043573,171,408,0.4191,1476,-0.0007,35
1929097565,177,413,0.4286,1479,-0.0007,35
1929153565,172,409,0.4205,1479,-0.0006,35
1929209529,172,400,0.43,1480,-0.0005,35
1929263565,172,400,0.43,1463,0,40
1929317565,172,408,0.4216,1479,0.0001,45
1929372565,167,408,0.4093,1478,0.0003,45
1929430333,172,408,0.4216,1479,0.0003,45
1929485565,167,409,0.4083,1480,0.0004,45
1929541561,173,410,0.422,1482,0.0004,45
1929595565,174,411,0.4234,1482,0.0005,50
1929649565,173,411,0.4209,1482,0.0005,50
1929704569,172,397,0.4332,1446,0.0005,50
1929760531,174,412,0.4223,1483,0.0005,45
1929815887,179,423,0.4232,1485,0.0005,50
1929869573,175,414,0.4227,1484,0.0005,45
1929923537,172,400,0.43,1478,0.0005,50
1929977573,171,399,0.4286,1460,0.0005,45
1930032572,173,409,0.423,1478,0.0005,45
1930088565,169,409,0.4132,1480,0.0005,50
1930142565,173,409,0.423,1480,0.0005,50
1930196563,166,410,0.4049,1480,0.0003,50
1930252561,172,409,0.4205,1480,0.0003,50
1930306566,169,411,0.4112,1480,0,45
1930362567,173,410,0.422,1481,-0.0001,45
1930417529,173,411,0.4209,1481,-0.0001,45
1930471529,172,411,0.4185,1482,-0.0002,45
1930525566,156,413,0.3777,1482,0.0003,45
1930580529,175,413,0.4237,1483,0.0002,40
1930635565,180,419,0.4296,1483,0.0001,40
1930691566,175,412,0.4248,1483,0.0001,40
1930745566,174,400,0.435,1482,0,40
1930799566,174,403,0.4318,1463,0,40
1930853568,172,411,0.4185,1478,0,40
1930907566,168,408,0.4118,1479,0,40
1930964572,171,409,0.4181,1480,0,40
1931018572,175,411,0.4258,1481,0,45
1931076563,173,412,0.4199,1481,0,45
1931130566,174,412,0.4223,1481,0,45
1931184566,173,412,0.4199,1483,0,45
1931240566,177,415,0.4265,1482,0.0001,45
1931296567,175,408,0.4289,1485,0.0003,45
1931350566,177,416,0.4255,1484,0.0004,45
1931406561,173,412,0.4199,1483,0.0005,45
1931461987,173,404,0.4282,1484,0.0006,45
1931516026,174,292,0.5959,1245,-0.0019,45
1931574565,173,404,0.4282,1486,-0.0021,45
1931628566,170,413,0.4116,1486,-0.0024,45
1931683566,173,410,0.422,1481,-0.0024,45
1931737566,167,407,0.4103,1479,-0.0023,45
1931791567,171,407,0.4201,1481,-0.0022,45
1931847977,168,405,0.4148,1481,-0.0021,45
1931903572,173,410,0.422,1483,-0.0021,45
1931961882,168,407,0.4128,1485,-0.0021,45
1932015566,171,410,0.4171,1483,-0.0021,50
1932069566,173,410,0.422,1484,-0.0021,50
1932125565,173,414,0.4179,1491,-0.0021,50
1932181566,174,405,0.4296,1484,-0.0021,45
1932235566,173,404,0.4282,1469,-0.002,45
1932291561,174,413,0.4213,1484,-0.002,45
1932345565,168,413,0.4068,1486,-0.0022,40
1932402566,173,413,0.4189,1487,-0.0023,45
1932458565,164,415,0.3952,1487,-0.0026,45
1932514566,175,413,0.4237,1486,-0.0026,45
1932568561,175,414,0.4227,1486,-0.0027,40
1932622561,171,404,0.4233,1467,-0.0002,45
1932676566,169,403,0.4194,1478,-0.0001,40
1932730561,174,409,0.4254,1481,-0.0002,40
1932786608,178,415,0.4289,1482,-0.0003,45
1932840647,173,412,0.4199,1481,-0.0004,45
1932894572,173,404,0.4282,1483,-0.0004,45
1932950564,173,403,0.4293,1465,-0.0005,45
1933005561,173,414,0.4179,1484,-0.0005,45
1933059566,169,414,0.4082,1485,-0.0005,45
1933116566,175,414,0.4227,1487,-0.0005,40
1933170561,168,414,0.4058,1486,-0.0005,45
1933224566,174,412,0.4223,1485,-0.0005,45
1933278566,165,413,0.3995,1485,-0.0006,45
1933334566,173,414,0.4179,1487,-0.0007,50
1933397756,175,414,0.4227,1487,-0.0006,50
1933451566,173,412,0.4199,1485,-0.0005,45
1933506566,173,401,0.4314,1482,-0.0004,50
1933560529,171,409,0.4181,1482,-0.0002,50
1933614566,173,401,0.4314,1485,-0.0001,50
1933668529,173,401,0.4314,1465,0.0001,55
1933726568,172,412,0.4175,1486,0.0001,60
1933781235,167,411,0.4063,1486,0.0003,55
1933836565,174,413,0.4213,1486,0.0004,55
1933890566,168,413,0.4068,1487,0.0006,55
1933944566,173,412,0.4199,1488,0.0006,55
1934002561,173,413,0.4189,1489,0.0006,50
1934056566,175,415,0.4217,1489,0.0007,50
1934110566,169,409,0.4132,1489,0.0007,50
1934166565,174,415,0.4193,1490,0.0007,55
1934220566,176,406,0.4335,1491,0.0007,55
1934274561,174,414,0.4203,1491,0.0007,55
1934330561,174,404,0.4307,1490,0.0007,55
1934384566,172,401,0.4289,1468,0.0008,50
1934442566,173,410,0.422,1485,0.0008,50
1934497561,165,410,0.4024,1487,0.0007,50
1934551563,173,412,0.4199,1488,0.0007,50
1934608576,169,412,0.4102,1488,0.0005,50
1934662569,172,412,0.4175,1487,0.0005,50
1934717572,173,411,0.4209,1487,0.0003,50
1934772563,174,413,0.4213,1488,0.0002,50
1934826566,176,413,0.4262,1489,0.0001,50
1934880566,173,416,0.4159,1490,0,50
1934940565,178,418,0.4258,1488,-0.0001,50
1934995566,174,407,0.4275,1473,-0.0003,50
1935051561,176,415,0.4241,1490,-0.0003,50
1935105572,177,417,0.4245,1491,-0.0004,50
1935159561,175,418,0.4187,1489,-0.0004,50
1935217561,173,416,0.4159,1488,-0.0004,50
1935271561,173,415,0.4169,1483,-0.0004,50
1935325567,169,414,0.4082,1484,-0.0003,50
1935379562,177,418,0.4234,1487,-0.0003,50
1935433564,179,421,0.4252,1489,-0.0004,55
1935487566,176,418,0.4211,1487,-0.0004,55
1935545565,176,417,0.4221,1488,-0.0004,55
1935599572,177,419,0.4224,1488,-0.0002,55
1935656531,177,418,0.4234,1488,-0.0002,60
1935710567,162,405,0.4,1463,-0.0003,60
1935764566,178,414,0.43,1493,-0.0002,55
1935822560,177,407,0.4349,1468,0,55
1935876565,176,419,0.42,1490,0,55
1935931529,166,418,0.3971,1489,0.0004,60
1935986529,175,416,0.4207,1489,0.0003,60
1936040565,169,414,0.4082,1487,0.0005,55
1936094565,174,415,0.4193,1489,0.0006,60
1936152565,175,417,0.4197,1491,0.0007,60
1936206565,175,417,0.4197,1491,0.0007,60
1936260561,178,420,0.4238,1494,0.0007,65
1936314565,176,419,0.42,1494,0.0006,60
1936369561,182,425,0.4282,1494,0.0006,65
1936425563,176,419,0.42,1494,0.0006,65
1936481573,163,412,0.3956,1495,0.0006,60
1936536570,176,411,0.4282,1478,0.0006,60
1936592574,177,421,0.4204,1496,0.0006,60
1936646566,172,421,0.4086,1496,0.0005,55
1936700566,177,420,0.4214,1496,0.0005,55
1936759561,170,418,0.4067,1492,0.0004,50
1936813566,175,416,0.4207,1490,0.0006,55
1936867561,86,415,0.2072,1490,-0.0019,50
1936921566,176,416,0.4231,1491,-0.0021,50
1936976565,171,412,0.415,1492,-0.0022,50
1937032566,176,418,0.4211,1493,-0.0025,45
1937086566,176,420,0.419,1495,-0.0025,45
1937195566,176,404,0.4356,1494,0.0039,40
1937249566,175,409,0.4279,1478,0.0038,35
1937303561,176,418,0.4211,1497,0.0038,35
1937359561,171,420,0.4071,1497,0.0039,35
1937415876,178,420,0.4238,1499,0.0038,35
1937469566,177,420,0.4214,1498,0.0039,30
1937523566,175,418,0.4187,1492,0.0039,30
1937577566,170,416,0.4087,1493,0.0039,30
1937635561,174,414,0.4203,1494,0.0039,35
1937690566,176,417,0.4221,1495,0.0039,35
1937745561,93,430,0.2163,1521,0.0029,35
1937800561,189,443,0.4266,1530,0.0029,35
1937854566,188,442,0.4253,1524,0.003,30
1937908566,182,425,0.4282,1512,0.0031,35
1937966565,179,419,0.4272,1490,0.0056,30
1938020566,179,425,0.4212,1505,0.0056,30
1938074561,182,417,0.4365,1490,0.0059,35
1938129566,177,421,0.4204,1500,0.0059,35
1938183566,172,421,0.4086,1500,0.006,35
1938239566,174,418,0.4163,1496,-0.0006,40
1938294446,171,417,0.4101,1493,-0.0003,40
1938348565,167,407,0.4103,1491,-0.0002,45
1938402561,176,418,0.4211,1495,-0.0002,45
1938458585,175,417,0.4197,1494,-0.0002,45
1938512571,176,418,0.4211,1496,-0.0002,50
1938570561,173,416,0.4159,1495,-0.0002,50
1938624565,174,408,0.4265,1495,-0.0002,50
1938678565,176,418,0.4211,1496,-0.0002,45
1938734561,177,407,0.4349,1497,-0.0002,45
1938788561,176,411,0.4282,1481,-0.0002,45
1938845566,176,420,0.419,1498,0.0009,45
1938900561,170,420,0.4048,1500,0.0008,45
1938954561,88,420,0.2095,1496,-0.001,40
1939008561,170,419,0.4057,1500,-0.0012,45
1939063566,176,420,0.419,1501,-0.0013,50
1939118566,171,414,0.413,1498,-0.0014,45
1939174566,175,416,0.4207,1496,-0.0017,45
1939228561,170,411,0.4136,1496,-0.0016,45
1939282566,175,417,0.4197,1498,-0.0017,45
1939336561,176,418,0.4211,1500,-0.0018,50
1939392565,175,419,0.4177,1499,-0.0018,45
1939448566,176,410,0.4293,1501,-0.002,45
1939504566,175,410,0.4268,1484,-0.002,45
1939558560,176,418,0.4211,1501,-0.002,45
1939612565,171,420,0.4071,1503,-0.002,45
1939667566,177,421,0.4204,1503,-0.002,45
1939722562,180,421,0.4276,1504,-0.002,45
1939778566,175,420,0.4167,1505,-0.002,45
1939837565,176,420,0.419,1505,-0.002,50
1939891565,177,421,0.4204,1506,-0.0021,50
1939946565,177,422,0.4194,1508,-0.0021,50
1940000565,177,422,0.4194,1507,-0.002,55
1940056565,180,423,0.4255,1503,-0.0002,55
1940111561,175,418,0.4187,1500,0,55
1940165566,174,404,0.4307,1501,0.0001,55
1940219566,175,408,0.4289,1485,0.0003,50
1940274851,175,419,0.4177,1503,0.0002,50
1940329568,171,420,0.4071,1506,0.0003,50
1940388561,178,421,0.4228,1507,0.0003,45
1940442562,169,419,0.4033,1505,0.0005,50
1940496565,176,420,0.419,1508,0.0005,50
1940553561,172,418,0.4115,1509,0.0006,50
1940607561,176,421,0.4181,1508,0.0007,55
1940663566,172,417,0.4125,1510,0.0007,50
1940718561,177,423,0.4184,1511,0.0007,55
1940772566,183,434,0.4217,1511,0.0007,55
1940826561,178,423,0.4208,1511,0.0007,50
1940880561,177,414,0.4275,1513,0.0007,50
1940992566,179,427,0.4192,1514,-0.0006,55
1941046561,171,421,0.4062,1509,-0.0007,50
1941100566,174,419,0.4153,1508,-0.0007,50
1941154561,170,422,0.4028,1512,-0.0009,50
1941210858,175,421,0.4157,1513,-0.0009,50
1941266566,168,423,0.3972,1514,-0.0013,50
1941323565,177,423,0.4184,1515,-0.0015,50
1941377566,182,428,0.4252,1515,-0.0013,55
1941431561,178,424,0.4198,1516,-0.0015,55
1941487561,175,423,0.4137,1518,-0.0014,50
1941542561,177,424,0.4175,1519,-0.0016,55
1941599566,178,416,0.4279,1519,-0.0017,55
1941653566,178,417,0.4269,1503,-0.0018,50
1941707561,177,425,0.4165,1521,-0.0018,50
1941761566,180,425,0.4235,1522,-0.0018,50
1941816566,179,426,0.4202,1523,-0.0018,50
1941872561,172,427,0.4028,1523,-0.0018,50
1941926566,176,423,0.4161,1519,-0.0018,50
1941981561,170,420,0.4048,1516,-0.0018,45
1942035688,176,421,0.4181,1519,-0.0005,50
1942089563,177,423,0.4184,1520,-0.0005,50
1942144650,177,422,0.4194,1519,-0.0004,50
1942200572,177,423,0.4184,1519,-0.0004,50
1942255572,177,422,0.4194,1519,-0.0003,50
1942310561,177,422,0.4194,1520,-0.0002,55
1942364566,176,425,0.4141,1522,0,55
1942418566,177,426,0.4155,1522,-0.0001,55
1942477561,177,416,0.4255,1506,-0.0001,55
1942531566,177,424,0.4175,1523,0,55
1942587566,168,427,0.3934,1523,0.0002,55
1942642566,179,428,0.4182,1523,0.0002,55
1942696566,174,426,0.4085,1523,0.0004,55
1942751566,178,427,0.4169,1523,0.0005,55
1942807561,179,428,0.4182,1524,0.0005,60
1942862566,176,425,0.4141,1518,0.0005,60
1942916561,175,421,0.4157,1516,0.0005,60
1942970566,177,423,0.4184,1518,0.0005,60
1943024561,182,428,0.4252,1519,0.0005,65
1943081572,176,425,0.4141,1519,0.0005,65
1943135572,178,412,0.432,1520,0.0005,60
1943191563,178,417,0.4269,1504,0.0006,55
1943245566,178,427,0.4169,1522,0.0006,60
1943299566,174,428,0.4065,1522,0.0005,55
1943353566,88,429,0.2051,1525,-0.0013,50
1943409597,180,429,0.4196,1525,-0.0013,50
1943463566,179,429,0.4172,1525,-0.0013,45
1943517566,174,428,0.4065,1527,-0.0014,45
1943574561,179,429,0.4172,1531,-0.0015,45
1943628561,179,430,0.4163,1527,-0.0015,45
1943684566,176,425,0.4141,1522,-0.0017,45
1943739561,176,424,0.4151,1522,-0.0017,45
1943794476,177,424,0.4175,1524,-0.0018,45
1943848566,178,420,0.4238,1526,-0.0018,45
1943902561,180,431,0.4176,1533,-0.0018,45
1943956566,179,428,0.4182,1527,-0.0019,45
1944013530,178,426,0.4178,1525,-0.0019,45
1944067561,179,428,0.4182,1528,-0.0019,45
1944121572,176,428,0.4112,1529,-0.0019,45
1944177564,179,429,0.4172,1530,-0.0019,45
1944231569,174,420,0.4143,1510,-0.0019,45
1944287565,179,430,0.4163,1531,-0.0019,50
1944343561,179,431,0.4153,1532,-0.0019,45
1944398565,180,430,0.4186,1531,-0.0019,50
1944452562,168,429,0.3916,1530,-0.0003,50
1944507565,177,428,0.4136,1527,-0.0004,55
1944561565,183,436,0.4197,1525,-0.0004,55
1944617562,178,427,0.4169,1526,-0.0002,55
1944672565,177,414,0.4275,1527,-0.0001,55
1944727561,177,417,0.4245,1509,-0.0002,55
1944781565,178,426,0.4178,1527,-0.0002,50
1944835565,172,427,0.4028,1527,-0.0001,50
1944891565,177,425,0.4165,1527,-0.0001,50
1944945562,173,427,0.4052,1528,0.0001,50
1944999565,178,427,0.4169,1527,0.0001,50
1945053565,173,428,0.4042,1528,0.0001,50
1945109565,178,429,0.4149,1530,0.0002,50
1945163569,179,431,0.4153,1530,0.0002,50
1945222561,178,429,0.4149,1528,0.0002,50
1945277566,182,434,0.4194,1529,0.0002,50
1945331566,179,429,0.4172,1528,0.0002,45
1945388567,164,421,0.3895,1529,0.0001,50
1945443568,177,419,0.4224,1507,0.0001,45
1945499568,176,425,0.4141,1521,0.0001,45
1945554565,172,424,0.4057,1523,0.0002,45
1945608568,178,428,0.4159,1525,0.0002,45
1945662566,173,427,0.4052,1525,0,45
1945716566,178,428,0.4159,1525,0,45
1945772565,173,424,0.408,1524,-0.0002,40
1945829566,179,427,0.4192,1524,-0.0002,40
1945883566,173,420,0.4119,1519,-0.0001,40
1945937566,168,417,0.4029,1526,-0.0001,40
1945991566,176,427,0.4122,1526,-0.0001,40
1946047956,179,432,0.4144,1529,-0.0001,45
1946103572,178,419,0.4248,1526,-0.0002,45
1946159563,178,420,0.4238,1510,-0.0003,40
1946213566,178,429,0.4149,1528,-0.0003,40
1946267570,174,430,0.4047,1529,-0.0003,40
1946321567,176,428,0.4112,1523,-0.0003,40
1946378559,172,426,0.4038,1522,-0.0003,40
1946434566,176,427,0.4122,1523,-0.0003,40
1946488566,169,428,0.3949,1524,-0.0003,40
1946545566,177,427,0.4145,1524,-0.0003,40
1946600566,184,434,0.424,1524,-0.0002,45
1946654566,179,428,0.4182,1525,-0.0001,40
1946766566,178,428,0.4159,1525,-0.0058,45
1946821567,178,419,0.4248,1525,-0.0056,45
1946875568,179,418,0.4282,1505,-0.0054,50
1946929570,178,430,0.414,1525,-0.0053,50
1946983566,180,430,0.4186,1526,-0.0054,55
1947041417,178,430,0.414,1526,-0.0055,50
1947095574,180,430,0.4186,1527,-0.0056,50
1947152576,179,432,0.4144,1526,-0.0056,50
1947207568,172,424,0.4057,1521,-0.0054,50
1947261566,175,425,0.4118,1518,-0.0054,55
1947317566,181,429,0.4219,1519,-0.0054,55
1947371566,177,427,0.4145,1520,-0.0054,50
1947425571,176,426,0.4131,1520,-0.0054,50
1947479567,177,428,0.4136,1520,-0.0054,50
1947533566,177,418,0.4234,1520,-0.0054,55
1947589567,176,428,0.4112,1519,-0.0053,55
1947645562,178,420,0.4238,1519,-0.0053,55
1947700568,182,428,0.4252,1519,-0.0053,55
1947755568,157,429,0.366,1522,-0.0057,55
1947815531,173,429,0.4033,1521,-0.0001,60
1947869529,178,430,0.414,1520,-0.0001,60
1947926565,178,430,0.414,1520,-0.0002,60
1947981573,179,432,0.4144,1522,-0.0004,60
1948037531,174,426,0.4085,1521,-0.0003,60
1948091566,178,432,0.412,1521,-0.0003,65
1948145566,183,439,0.4169,1516,-0.0003,65
1948201566,176,425,0.4141,1513,-0.0003,65
1948257566,175,413,0.4237,1517,-0.0003,65
1948311566,176,420,0.419,1500,-0.0004,60
1948365566,177,428,0.4136,1516,-0.0004,60
1948421565,173,428,0.4042,1517,-0.0004,60
1948475566,177,428,0.4136,1516,-0.0004,60
1948531566,180,428,0.4206,1516,-0.0004,60
1948587566,178,430,0.414,1519,-0.0004,60
1948641565,179,428,0.4182,1519,-0.0004,60
1948696566,178,429,0.4149,1518,-0.0004,60
1948751566,174,427,0.4075,1521,-0.0005,55
1948806570,177,429,0.4126,1520,-0.0005,55
1948863579,176,433,0.4065,1520,-0.0002,50
1948917576,178,431,0.413,1521,-0.0001,55
1948972573,178,419,0.4248,1520,0,50
1949027566,177,423,0.4184,1504,0.0001,45
1949081567,177,427,0.4145,1513,0.0001,45
1949137565,171,426,0.4014,1512,0.0002,45
1949191566,175,425,0.4118,1513,0.0002,45
1949245529,180,427,0.4215,1513,0.0001,45
1949299566,178,427,0.4169,1514,0.0001,45
1949356566,172,429,0.4009,1515,0.0003,45
1949411566,177,428,0.4136,1513,0.0003,50
1949467566,177,427,0.4145,1514,0.0003,50
1949575566,178,428,0.4159,1515,0.0025,50
1949630566,179,430,0.4163,1517,0.0025,50
1949684566,178,421,0.4228,1516,0.0025,50
1949740370,178,421,0.4228,1499,0.0025,55
1949797362,178,430,0.414,1516,0.0025,55
1949851574,182,431,0.4223,1515,0.0026,55
1949905574,178,430,0.414,1516,0.0026,55
1949959539,172,431,0.3991,1516,0.0025,55
1950014529,177,428,0.4136,1511,0.0025,55
1950070566,169,424,0.3986,1510,0.0022,55
1950127565,175,425,0.4118,1512,0.0021,60
1950182566,176,426,0.4131,1511,0.0021,60
1950236566,177,427,0.4145,1510,0.0019,55
1950292565,179,398,0.4497,1510,0.0014,55
1950348367,177,427,0.4145,1511,0.0015,60
1950402529,177,419,0.4224,1511,0.0015,60
1950458566,177,419,0.4224,1495,0.0013,60
1950512565,178,428,0.4159,1511,0.0013,55
1950566565,178,421,0.4228,1495,0.0012,60
1950621529,178,429,0.4149,1513,-0.001,60
1950677531,171,429,0.3986,1512,-0.0009,55
1950732676,179,430,0.4163,1511,-0.0009,55
1950786572,174,429,0.4056,1513,-0.0009,50
1950841537,179,431,0.4153,1514,-0.001,50
1950897531,181,432,0.419,1513,-0.0009,55
1950953368,177,428,0.4136,1509,-0.001,55
1951007529,178,427,0.4169,1507,-0.001,55
1951063565,177,426,0.4155,1510,-0.0008,50
1951117566,177,418,0.4234,1511,-0.0007,55
1951172566,178,428,0.4159,1512,-0.0005,50
1951228529,177,429,0.4126,1512,-0.0005,50
1951284566,181,426,0.4249,1506,-0.0004,50
1951341529,177,428,0.4136,1512,-0.0003,50
1951395566,181,428,0.4229,1511,0,50
1951449566,179,430,0.4163,1513,0,50
1951503529,174,430,0.4047,1512,0.0002,45
1951559368,178,430,0.414,1513,0.0002,50
1951616000,178,430,0.414,1511,0.0002,50
1951669568,178,429,0.4149,1512,0.0003,55
1951723568,178,431,0.413,1513,0.0003,50
1951777572,178,430,0.414,1513,0.0003,55
1951832577,185,439,0.4214,1512,0.0002,55
1951888566,88,429,0.2051,1508,0.0001,55
1951943566,176,417,0.4221,1505,0.0001,50
1951998567,177,417,0.4245,1490,0.0001,55
1952053845,177,427,0.4145,1508,0.0001,55
1952107529,173,428,0.4042,1510,0.0001,55
1952163368,177,427,0.4145,1509,0,55
1952217566,168,428,0.3925,1509,-0.0003,55
1952271566,176,427,0.4122,1509,-0.0003,60
1952327529,175,427,0.4098,1509,-0.0003,55
1952381566,176,428,0.4112,1510,-0.0005,55
1952437529,178,431,0.413,1512,-0.0005,55
1952493566,178,429,0.4149,1511,-0.0004,60
1952548566,184,436,0.422,1511,-0.0005,60
1952602566,177,429,0.4126,1511,-0.0006,60
1952656566,179,423,0.4232,1513,-0.0006,55
1952711598,177,421,0.4204,1493,-0.0007,50
1952767376,178,430,0.414,1511,-0.0007,50
1952823327,177,428,0.4136,1507,-0.0007,50
1952878566,177,425,0.4165,1506,-0.0007,50
1952932567,178,427,0.4169,1510,-0.0007,50
1952988566,177,428,0.4136,1510,-0.0005,50
1953042566,173,428,0.4042,1510,-0.0006,45
1953098566,177,428,0.4136,1512,-0.0006,50
1953155565,178,428,0.4159,1510,-0.0006,50
1953209566,178,429,0.4149,1511,-0.0005,45
1953263566,179,430,0.4163,1513,-0.0005,50
1953320566,178,428,0.4159,1513,-0.0003,45
1953376368,177,418,0.4234,1512,-0.0002,50
1953430566,177,419,0.4224,1491,0,45
1953484568,175,424,0.4127,1509,0,45
1953538566,170,424,0.4009,1507,0.0002,45
1953594825,176,425,0.4141,1509,0.0002,45
1953648604,179,427,0.4192,1509,0.0002,45
1953705575,175,424,0.4127,1503,0.0002,45
1953759566,166,415,0.4,1500,0.0004,45
1953813568,172,419,0.4105,1502,0.0005,50
1953867566,172,419,0.4105,1503,0.0005,55
1953922568,174,421,0.4133,1504,0.0005,55
1953979368,176,423,0.4161,1505,0.0005,55
1954035566,176,426,0.4131,1509,0.0005,55
1954091565,175,417,0.4197,1507,0.0005,55
1954145566,175,416,0.4207,1491,0.0006,55
1954200566,176,425,0.4141,1509,0.0006,55
1954257561,172,426,0.4038,1511,0.0005,55
1954313566,177,427,0.4145,1510,0.0005,55
1954367561,172,427,0.4028,1510,0.0004,55
1954421567,176,426,0.4131,1512,0.0004,55
1954476572,171,427,0.4005,1511,0.0001,55
1954532073,176,301,0.5847,1259,0.0022,55
1954589374,176,427,0.4122,1509,0.0022,55
1954645561,175,426,0.4108,1507,0.002,55
1954699563,176,428,0.4112,1509,0.0021,55
1954753561,176,426,0.4131,1511,0.0021,55
1954808566,174,417,0.4173,1511,0.0021,60
1954864566,177,417,0.4245,1494,0.0019,60
1954920561,176,426,0.4131,1511,0.0019,55
1954975565,171,426,0.4014,1511,0.0019,55
1955030561,177,427,0.4145,1512,0.0019,55
1955084566,173,406,0.4261,1514,0.0019,55
1955138566,176,428,0.4112,1514,0.0019,55
1955195368,172,424,0.4057,1515,0.0019,50
1955249561,176,428,0.4112,1515,0.0019,55
1955303566,182,434,0.4194,1515,0.0019,55
1955357566,177,427,0.4145,1516,0.0019,55
1955411562,176,426,0.4131,1514,0.0019,50
1955465629,175,426,0.4108,1510,0.002,50
1955521566,174,422,0.4123,1508,0.002,50
1955578570,176,415,0.4241,1493,0.0022,55
1955632571,175,426,0.4108,1511,0,55
1955686572,179,418,0.4282,1496,0.0003,55
1955742566,176,426,0.4131,1512,0.0002,50
1955796566,171,426,0.4014,1511,0.0003,50
1955854561,174,425,0.4094,1511,0.0004,50
1955909566,167,424,0.3939,1510,0.0006,45
1955963566,176,426,0.4131,1512,0.0007,50
1956017561,175,427,0.4098,1512,0.0007,45
1956075612,176,426,0.4131,1513,0.0007,50
1956132095,176,302,0.5828,1261,0,45
1956185566,177,428,0.4136,1513,0.0001,45
1956241565,157,419,0.3747,1514,0.0001,50
1956295560,177,419,0.4224,1497,0.0001,45
1956349566,176,428,0.4112,1510,0.0001,45
1956403561,181,416,0.4351,1491,0.0002,45
1956459561,175,425,0.4118,1509,0.0002,50
1956513566,167,424,0.3939,1508,0,50
1956568778,176,425,0.4141,1508,0,45
1956624566,171,427,0.4005,1509,-0.0001,45
1956680575,176,427,0.4122,1509,-0.0002,45
1956736563,175,425,0.4118,1509,-0.0002,45
1956791566,176,427,0.4122,1511,-0.0004,45
1956847565,176,427,0.4122,1512,-0.0004,45
1956901566,177,427,0.4145,1513,-0.0006,45
1956955561,178,420,0.4238,1513,-0.0007,50
1957010566,177,421,0.4204,1498,-0.001,45
1957066566,177,428,0.4136,1515,-0.001,45
1957120567,177,420,0.4214,1498,-0.0011,45
1957174561,176,429,0.4103,1513,-0.0011,45
1957230561,170,425,0.4,1508,-0.0004,45
1957284561,175,423,0.4137,1505,-0.0004,45
1957340565,170,423,0.4019,1509,-0.0004,45
1957394529,177,427,0.4145,1510,-0.0004,45
1957448566,172,422,0.4076,1511,-0.0004,45
1957503563,175,426,0.4108,1510,-0.0005,50
1957559560,176,426,0.4131,1510,-0.0005,50
1957613566,176,428,0.4112,1512,-0.0004,50
1957671354,175,429,0.4079,1512,-0.0004,45
1957726565,176,430,0.4093,1518,-0.0003,50
1957780566,177,429,0.4126,1513,-0.0003,50
1957836585,177,417,0.4245,1490,-0.0002,50
1957890566,177,429,0.4126,1512,-0.0002,50
1957946561,171,429,0.3986,1513,0,50
1958002565,177,429,0.4126,1513,0.0001,50
1958056566,173,429,0.4033,1513,0.0003,50
1958110561,177,428,0.4136,1514,0.0004,55
1958164566,175,426,0.4108,1509,0.0004,50
1958220561,177,426,0.4155,1507,0.0004,50
1958276565,177,426,0.4155,1508,0.0004,55
1958333561,176,425,0.4141,1509,0.0003,50
1958387563,177,419,0.4224,1510,0.0003,55
1958443565,175,428,0.4089,1513,0.0003,55
1958497573,177,427,0.4145,1510,0.0003,55
1958556563,171,428,0.3995,1510,0.0003,55
1958610529,176,427,0.4122,1510,0.0003,55
1958664565,169,429,0.3939,1513,0.0002,55
1958720565,176,431,0.4084,1512,0.0002,55
1958774566,171,430,0.3977,1512,0.0001,55
1958828565,169,430,0.393,1512,-0.0001,50
1958887564,179,409,0.4377,1468,0.0002,45
1958941566,145,398,0.3643,1514,-0.0006,50
1958996561,180,433,0.4157,1515,-0.0005,50
1959050564,178,431,0.413,1513,-0.0007,45
1959104561,175,416,0.4207,1505,-0.0008,50
1959160566,176,426,0.4131,1508,-0.0009,50
1959214566,176,417,0.4221,1510,-0.001,50
1959268565,178,420,0.4238,1492,-0.0011,50
1959324887,159,426,0.3732,1507,-0.0008,50
1959378566,171,430,0.3977,1513,-0.0007,55
1959432571,176,430,0.4093,1511,-0.0007,55
1959488561,164,427,0.3841,1513,-0.0006,55
1959542566,179,431,0.4153,1514,-0.0006,50
1959596566,173,425,0.4071,1511,-0.0006,50
1959650565,176,430,0.4093,1515,-0.0006,55
1959706561,177,431,0.4107,1515,-0.0006,55
1959762566,177,433,0.4088,1516,-0.0006,50
1959817565,178,433,0.4111,1516,-0.0005,55
1959872565,179,434,0.4124,1516,-0.0004,60
1959926566,171,425,0.4024,1517,-0.0003,60
1959980566,179,434,0.4124,1523,-0.0006,60
1960034564,176,429,0.4103,1514,0,60
1960090564,180,420,0.4286,1498,0.0002,60
1960145006,177,429,0.4126,1511,0.0002,60
1960198566,171,430,0.3977,1514,0.0005,60
1960252561,177,429,0.4126,1509,0.0005,60
1960306566,81,415,0.1952,1483,0.0027,55
1960364725,177,412,0.4296,1513,0.0026,55
1960418565,175,428,0.4089,1512,0.0024,50
1960472566,177,430,0.4116,1509,0.0023,50
1960527572,179,433,0.4134,1513,0.0023,55
1960583572,179,428,0.4182,1515,0.0022,55
1960637566,183,442,0.414,1515,0.0022,55
1960694561,178,434,0.4101,1515,0.0022,50
1960748566,178,433,0.4111,1516,0.0022,50
1960802561,178,424,0.4198,1495,0.0023,55
1960857565,178,433,0.4111,1515,0.0023,55
1960911561,173,431,0.4014,1515,0.0022,50
1960967566,178,431,0.413,1510,0.0022,50
1961022566,172,431,0.3991,1511,0.0022,50
1961076566,178,433,0.4111,1514,0.0022,50
1961130561,172,437,0.3936,1513,0.002,50
1961184566,179,434,0.4124,1514,0.0017,50
1961238561,178,432,0.412,1513,0.0017,50
1961294566,179,432,0.4144,1513,0.0015,50
1961350712,178,432,0.412,1515,0.0015,50
1961405231,175,434,0.4032,1516,-0.0005,50
1961459566,179,431,0.4153,1516,-0.0004,50
1961515691,179,434,0.4124,1513,-0.0004,45
1961571566,178,435,0.4092,1517,-0.0004,45
1961627561,178,423,0.4208,1492,-0.0004,40
1961681566,180,436,0.4128,1517,-0.0004,45
1961735566,174,435,0.4,1517,-0.0004,45
1961789566,177,431,0.4107,1513,-0.0004,45
1961845565,170,430,0.3953,1511,-0.0004,40
1961901566,178,431,0.413,1513,-0.0005,40
1961957562,177,433,0.4088,1514,-0.0005,40
1962012566,161,435,0.3701,1514,-0.0007,40
1962066561,178,417,0.4269,1481,-0.0006,40
1962120561,179,434,0.4124,1514,-0.0004,35
1962176565,176,432,0.4074,1514,-0.0005,35
1962232269,178,435,0.4092,1516,-0.0003,40
1962286572,179,420,0.4262,1516,-0.0001,40
1962340573,179,425,0.4212,1498,-0.0002,35
1962396561,178,435,0.4092,1516,-0.0001,40
1962450563,172,434,0.3963,1515,0,40
1962506566,179,436,0.4106,1517,0,40
1962562566,173,435,0.3977,1511,0.0001,40
1962616566,180,437,0.4119,1516,0.0001,40
1962670566,177,433,0.4088,1511,0.0001,40
1962726561,177,432,0.4097,1509,0.0002,45
1962783561,176,433,0.4065,1510,0.0002,40
1962840314,178,430,0.414,1511,0.0002,40
1962894565,178,420,0.4238,1512,0.0002,45
1962948564,177,433,0.4088,1511,0.0002,45
1963002560,177,428,0.4136,1513,0.0002,45
1963056560,178,422,0.4218,1490,0.0003,50
1963112565,178,435,0.4092,1511,0.0005,50
1963168150,173,434,0.3986,1513,0.0003,50
1963222564,179,436,0.4106,1511,0.0003,50
1963276564,174,437,0.3982,1514,0.0002,50
1963331570,178,436,0.4083,1514,0.0002,50
1963389564,181,437,0.4142,1515,0,50
1963445561,179,436,0.4106,1516,0.0001,50
1963499564,179,437,0.4096,1515,0.0001,50
1963553565,178,432,0.412,1509,0,50
1963607564,183,437,0.4188,1508,-0.0001,55
1963662528,177,432,0.4097,1512,-0.0002,55
1963718560,179,426,0.4202,1513,-0.0003,55
1963772565,178,427,0.4169,1498,-0.0003,50
1963828560,178,434,0.4101,1513,-0.0003,50
1963883565,174,436,0.3991,1513,-0.0003,50
1963937560,177,435,0.4069,1513,-0.0003,50
1963993560,181,435,0.4161,1513,-0.0003,50
1964047562,179,437,0.4096,1515,-0.0003,50
1964103821,171,437,0.3913,1515,-0.0004,45
1964158563,179,438,0.4087,1515,-0.0005,50
1964212571,183,442,0.414,1514,-0.0004,50
1964269562,179,438,0.4087,1514,-0.0003,50
1964327561,179,438,0.4087,1515,-0.0004,50
1964385560,178,429,0.4149,1497,-0.0002,50
1964439566,177,437,0.405,1511,-0.0002,50
1964493564,181,433,0.418,1508,-0.0002,50
1964547564,177,433,0.4088,1511,-0.0001,55
1964605528,171,435,0.3931,1511,0.0001,50
1964659528,178,434,0.4101,1511,0.0001,50
1964715528,169,436,0.3876,1511,0.0004,50
1964771564,178,435,0.4092,1511,0.0004,50
1964826559,179,437,0.4096,1510,0.0005,55
1964881565,181,437,0.4142,1510,0.0005,55
1964938505,181,438,0.4132,1512,0.0005,55
1964992752,179,439,0.4077,1513,0.0005,50
1965046571,180,430,0.4186,1513,0.0005,50
1965102572,180,430,0.4186,1495,0.0005,55
1965157565,180,440,0.4091,1514,0.0005,55
1965213565,174,438,0.3973,1514,0.0005,55
1965271219,178,439,0.4055,1515,0.0005,55
1965326565,175,438,0.3995,1513,0.0004,55
1965383564,177,436,0.406,1509,0.0003,55
1965440558,181,430,0.4209,1492,0.0005,50
1965496564,179,437,0.4096,1512,0.0004,50
1965552565,184,444,0.4144,1512,0.0005,55
1965607560,179,437,0.4096,1512,0.0004,50
1965661565,180,429,0.4196,1511,0.0003,50
1965715560,178,443,0.4018,1519,0.0001,50
1965771717,178,435,0.4092,1510,0.0002,50
1965832560,173,438,0.395,1514,0.0001,50
1965886666,180,439,0.41,1514,0.0001,45
1965940565,174,439,0.3964,1514,0.0002,45
1965994560,180,439,0.41,1514,0.0002,50
1966050564,175,440,0.3977,1514,0.0002,50
1966104559,180,440,0.4091,1515,0.0002,50
1966163565,181,441,0.4104,1515,0.0002,50
1966218560,181,443,0.4086,1516,0.0002,50
1966272560,179,431,0.4153,1511,0.0003,50
1966331574,166,400,0.415,1443,0.0003,45
1966385528,179,435,0.4115,1510,0.0004,45
1966441565,175,438,0.3995,1513,0.0004,45
1966495528,180,439,0.41,1514,0.0004,45
1966549565,171,439,0.3895,1513,0.0001,45
1966603530,180,439,0.41,1513,0.0001,45
1966659573,175,440,0.3977,1513,-0.0001,45
1966713536,180,440,0.4091,1513,-0.0001,45
1966771573,180,442,0.4072,1516,0,45
1966826563,180,443,0.4063,1516,0,45
1966882564,182,443,0.4108,1515,0,45
1966940564,180,442,0.4072,1515,-0.0002,45
1966994565,182,431,0.4223,1515,-0.0003,45
1967050565,181,434,0.4171,1498,-0.0004,40
1967105564,180,443,0.4063,1515,-0.0004,40
1967159565,173,441,0.3923,1511,-0.0004,40
1967214565,180,439,0.41,1508,-0.0004,40
1967270565,176,440,0.4,1512,-0.0004,40
1967328565,181,443,0.4086,1513,-0.0004,40
1967384565,180,441,0.4082,1512,-0.0004,40
1967440694,181,444,0.4077,1513,-0.0004,40
1967494570,181,441,0.4104,1510,-0.0004,40
1967548568,178,441,0.4036,1513,-0.0004,40
1967604175,180,442,0.4072,1513,-0.0004,40
1967660565,182,444,0.4099,1516,-0.0002,45
1967714563,181,443,0.4086,1515,-0.0002,40
1967770565,182,443,0.4108,1514,0,40
1967825565,180,442,0.4072,1514,-0.0001,40
1967883559,178,444,0.4009,1515,0,45
1967943367,181,442,0.4095,1515,0,45
1967997560,181,442,0.4095,1514,0,45
1968051564,178,440,0.4045,1511,0,45
1968105560,175,435,0.4023,1511,0.0002,45
1968159564,180,440,0.4091,1514,0.0002,45
1968213560,181,441,0.4104,1513,0.0002,50
1968269562,180,441,0.4082,1513,0.0002,50
1968326719,182,434,0.4194,1514,0.0001,50
1968380565,180,433,0.4157,1497,0.0001,45
1968443559,180,442,0.4072,1515,0.0001,50
1968497565,176,445,0.3955,1517,0.0001,50
1968553361,183,445,0.4112,1517,0.0001,45
1968609560,177,443,0.3995,1518,0,50
1968663565,182,446,0.4081,1518,0.0001,45
1968717560,187,451,0.4146,1517,0.0001,45
1968773560,183,448,0.4085,1517,0.0001,50
1968827565,181,445,0.4067,1517,0.0001,45
1968890564,183,437,0.4188,1499,0.0002,45
1968945759,180,444,0.4054,1512,0.0002,45
1968999560,183,441,0.415,1510,0,40
1969053565,182,442,0.4118,1514,-0.0001,35
1969107560,178,445,0.4,1514,0.0001,40
1969166513,182,445,0.409,1516,0,40
1969220568,176,446,0.3946,1516,0.0001,40
1969276560,181,445,0.4067,1515,0.0001,40
1969330565,182,447,0.4072,1516,0.0001,45
1969384565,183,445,0.4112,1516,0.0001,45
1969438559,182,448,0.4062,1516,0.0001,45
1969495565,185,448,0.4129,1517,0.0001,45
1969549565,183,438,0.4178,1517,0.0001,50
1969603565,183,447,0.4094,1518,0.0002,50
1969659560,184,437,0.4211,1517,0.0002,50
1969714752,182,437,0.4165,1496,0.0003,45
1969770367,183,449,0.4076,1518,0.0003,45
1969826560,173,447,0.387,1514,0.0001,45
1969883565,180,444,0.4054,1513,0,50
1969937560,173,445,0.3888,1515,-0.0002,45
1969991562,183,445,0.4112,1515,-0.0003,45
1970045562,183,446,0.4103,1517,-0.0002,45
1970102290,182,446,0.4081,1518,-0.0001,50
1970156566,182,447,0.4072,1518,0,45
1970210562,182,446,0.4081,1517,-0.0001,50
1970266560,184,447,0.4116,1517,-0.0002,50
1970320565,184,448,0.4107,1519,-0.0003,45
1970376362,182,441,0.4127,1519,-0.0003,45
1970432564,183,438,0.4178,1500,-0.0004,45
1970487564,184,449,0.4098,1519,-0.0004,45
1970543565,178,449,0.3964,1520,-0.0004,45
1970597565,184,450,0.4089,1521,-0.0004,45
1970652560,177,449,0.3942,1519,-0.0004,45
1970708565,182,446,0.4081,1515,-0.0004,45
1970763560,182,446,0.4081,1514,-0.0004,50
1970817560,183,447,0.4094,1517,-0.0005,50
1970871565,183,448,0.4085,1517,-0.0005,50
1970925560,184,449,0.4098,1516,-0.0003,50
1970981712,189,453,0.4172,1517,-0.0002,55
1971037570,182,452,0.4027,1526,0,55
1971091565,182,444,0.4099,1518,0,60
1971145565,183,440,0.4159,1499,0.0001,60
1971201564,184,441,0.4172,1501,-0.0001,60
1971256565,178,451,0.3947,1519,0.0001,60
1971314567,185,451,0.4102,1521,0.0001,60
1971368564,178,450,0.3956,1520,0.0002,60
1971422564,184,452,0.4071,1520,0.0003,60
1971476564,185,451,0.4102,1520,0.0003,60
1971535560,184,451,0.408,1518,0.0003,60
1971592365,183,449,0.4076,1516,0.0003,55
1971646560,182,448,0.4062,1515,0.0003,55
1971700564,182,436,0.4174,1518,0.0003,55
1971754560,183,448,0.4085,1518,0.0003,50
1971808560,184,438,0.4201,1517,0.0003,50
1971863565,184,437,0.4211,1495,0.0004,50
1971919582,183,451,0.4058,1517,0.0004,55
1971973564,178,449,0.3964,1518,0.0003,50
1972027569,183,449,0.4076,1519,0.0003,50
1972083560,179,450,0.3978,1520,0.0001,50
1972137565,92,451,0.204,1522,-0.0022,45
1972191565,173,447,0.387,1521,-0.0024,45
1972248560,92,451,0.204,1522,-0.0055,40
1972303564,185,453,0.4084,1522,-0.0053,40
1972357559,185,453,0.4084,1522,-0.0055,45
1972413564,184,450,0.4089,1519,-0.0055,45
1972467565,183,448,0.4085,1517,-0.0056,40
1972526565,183,439,0.4169,1519,-0.0057,40
1972581560,183,440,0.4159,1501,-0.0058,40
1972635565,182,449,0.4053,1521,-0.0057,45
1972690560,181,450,0.4022,1521,-0.0057,45
1972744572,183,450,0.4067,1520,-0.0057,45
1972801657,178,450,0.3956,1520,-0.0057,45
1972857568,186,454,0.4097,1524,-0.0057,45
1972914559,186,453,0.4106,1522,-0.0057,45
1972968565,183,452,0.4049,1523,-0.0058,45
1973022565,185,453,0.4084,1524,-0.0058,45
1973076565,184,453,0.4062,1524,-0.0057,45
1973132565,189,462,0.4091,1523,-0.0057,45
1973186565,185,452,0.4093,1523,-0.0056,50
1973240560,185,444,0.4167,1523,-0.0032,50
1973294565,182,441,0.4127,1500,-0.0029,50
1973350560,183,449,0.4076,1516,0.0001,50
1973404565,181,451,0.4013,1520,0.0002,50
1973460565,185,453,0.4084,1522,0.0002,50
1973521560,180,452,0.3982,1521,0.0003,50
1973575560,184,454,0.4053,1521,0.0003,50
1973629562,185,452,0.4093,1519,0.0004,55
1973683562,185,452,0.4093,1521,0.0004,55
1973740728,184,454,0.4053,1522,0.0004,55
1973794565,186,454,0.4097,1523,0.0004,55
1973850572,185,447,0.4139,1522,0.0004,60
1973904565,184,454,0.4053,1524,0.0004,60
1973958560,184,455,0.4044,1525,0.0004,55
1974012560,184,444,0.4144,1504,0.0004,55
1974072565,184,453,0.4062,1524,0.0004,55
1974126565,173,450,0.3844,1519,0.0002,55
1974182565,182,449,0.4053,1518,0.0002,55
1974236565,178,449,0.3964,1519,0.0001,50
1974290560,185,452,0.4093,1521,0.0001,50
1974347564,185,454,0.4075,1523,0,50
1974401577,184,452,0.4071,1522,0,50
1974457560,184,452,0.4071,1522,0,50
1974511565,184,452,0.4071,1522,-0.0001,50
1974565560,186,453,0.4106,1522,-0.0002,50
1974619560,185,454,0.4075,1524,-0.0003,45
1974677273,185,455,0.4066,1525,-0.0003,45
1974731571,185,445,0.4157,1506,-0.0003,40
1974787569,186,456,0.4079,1526,-0.0003,40
1974841564,181,456,0.3969,1527,-0.0003,40
1974895560,185,456,0.4057,1527,-0.0003,40
1974951560,179,455,0.3934,1523,-0.0002,40
1975005564,183,451,0.4058,1520,-0.0002,40
1975059560,177,444,0.3986,1522,-0.0002,40
1975113565,184,452,0.4071,1523,-0.0002,40
1975167565,186,454,0.4097,1524,-0.0002,45
1975223560,185,453,0.4084,1525,-0.0001,40
1975279560,184,453,0.4062,1523,-0.0001,40
1975338564,185,458,0.4039,1531,0,40
1975392565,184,448,0.4107,1524,0,40
1975446565,185,445,0.4157,1507,0.0001,45
1975500560,185,454,0.4075,1525,0.0001,40
1975556560,179,453,0.3951,1521,-0.0001,40
1975610565,186,456,0.4079,1526,-0.0001,40
1975664849,162,452,0.3584,1525,0.0006,40
1975720230,186,456,0.4079,1526,0.0006,40
1975774571,178,456,0.3904,1526,0.0007,40
1975833559,185,418,0.4426,1524,0.0005,40
1975889566,184,453,0.4062,1525,0.0005,40
1975948565,186,456,0.4079,1529,0.0005,40
1976003565,185,446,0.4148,1529,0.0004,45
1976057560,185,448,0.4129,1511,0.0004,40
1976111565,185,456,0.4057,1526,0.0004,40
1976169560,180,456,0.3947,1526,0.0004,40
1976224564,186,457,0.407,1528,0.0004,40
1976280560,181,458,0.3952,1530,0.0003,40
1976335565,187,460,0.4065,1530,0.0003,40
1976389560,178,461,0.3861,1530,0.0002,45
1976447213,191,463,0.4125,1530,0.0002,40
1976503985,187,460,0.4065,1530,0.0002,40
1976557573,187,460,0.4065,1531,0.0001,45
1976611567,192,466,0.412,1532,0.0002,45
1976665568,188,461,0.4078,1532,0.0003,45
1976721564,187,452,0.4137,1528,0.0003,45
1976777565,185,448,0.4129,1506,-0.0004,40
1976834166,188,459,0.4096,1527,-0.0005,40
1976888565,181,459,0.3943,1528,-0.0005,40
1976942565,187,459,0.4074,1529,-0.0002,40
1976999560,166,422,0.3934,1462,-0.0001,40
1977054560,186,459,0.4052,1531,-0.0001,40
1977111565,188,461,0.4078,1530,-0.0001,45
1977165565,187,460,0.4065,1531,-0.0001,40
1977220565,188,461,0.4078,1531,-0.0001,45
1977274565,188,462,0.4069,1533,-0.0001,45
1977328565,193,468,0.4124,1533,0,45
1977384565,186,461,0.4035,1532,0,45
1977441477,188,452,0.4159,1533,0,45
1977496571,186,452,0.4115,1515,0.0002,45
1977550573,188,463,0.406,1534,0.0002,45
1977606564,180,460,0.3913,1530,0,40
1977660565,186,459,0.4052,1527,0,40
1977716565,180,458,0.393,1529,-0.0003,40
1977772565,185,458,0.4039,1530,-0.0003,40
1977826565,187,460,0.4065,1531,-0.0002,45
1977881560,187,460,0.4065,1531,-0.0001,50
1977938565,181,455,0.3978,1531,0,45
1977994565,185,458,0.4039,1530,-0.0001,50
1978048560,186,450,0.4133,1532,-0.0001,50
1978105560,188,451,0.4169,1513,-0.0003,50
1978159565,187,460,0.4065,1534,-0.0003,50
1978213565,187,446,0.4193,1507,-0.0003,50
1978267560,157,455,0.3451,1533,-0.0002,50
1978323565,182,463,0.3931,1536,-0.0002,55
1978380325,188,462,0.4069,1534,-0.0002,55
1978434565,183,462,0.3961,1535,-0.0002,55
1978489571,188,463,0.406,1536,-0.0002,55
1978545564,186,462,0.4026,1532,-0.0003,55
1978602565,184,457,0.4026,1528,-0.0004,60
1978659560,185,454,0.4075,1526,-0.0003,60
1978713560,186,456,0.4079,1529,-0.0002,60
1978767565,186,450,0.4133,1531,-0.0001,65
1978823560,187,450,0.4156,1512,0.0002,65
1978877564,188,460,0.4087,1530,0.0003,65
1978933571,188,460,0.4087,1530,0.0002,60
1978989564,187,459,0.4074,1531,0.0002,60
1979043560,191,461,0.4143,1533,0,60
1979097565,187,462,0.4048,1532,0,60
1979151560,184,463,0.3974,1534,0.0002,55
1979207565,188,463,0.406,1533,0.0002,60
1979261562,189,464,0.4073,1534,0.0002,60
1979317709,188,463,0.406,1535,0.0003,55
1979376935,188,463,0.406,1535,0.0001,55
1979431560,187,463,0.4039,1534,0.0001,55
1979485565,186,452,0.4115,1531,0.0001,55
1979543560,186,449,0.4143,1510,0.0002,55
1979597565,187,459,0.4074,1532,0.0002,55
1979651559,182,461,0.3948,1533,0.0001,55
1979705565,188,461,0.4078,1534,0.0002,50
1979761560,183,463,0.3952,1533,0.0001,50
1979817565,187,461,0.4056,1532,0.0001,50
1979871560,182,457,0.3982,1534,-0.0001,45
1979928560,188,461,0.4078,1535,-0.0002,50
1979983565,189,465,0.4065,1537,-0.0002,45
1980037565,188,463,0.406,1536,-0.0002,50
1980091560,188,465,0.4043,1537,-0.0002,45
1980151025,166,315,0.527,1238,-0.0014,45
1980204698,187,434,0.4309,1536,-0.0017,45
1980258564,184,455,0.4044,1517,-0.0017,45
1980312568,189,464,0.4073,1534,-0.0018,45
1980368562,189,460,0.4109,1530,-0.0018,45
1980424560,184,457,0.4026,1529,-0.0018,45
1980480564,182,460,0.3957,1532,-0.0017,45
1980534564,188,462,0.4069,1533,-0.0017,45
1980588560,182,456,0.3991,1533,-0.0018,40
1980642564,187,461,0.4056,1533,-0.0018,45
1980699560,187,463,0.4039,1533,-0.0018,40
1980755560,188,463,0.406,1534,-0.0017,45
1980809565,189,463,0.4082,1536,-0.0017,45
1980863560,189,466,0.4056,1536,-0.0016,45
1980919564,188,455,0.4132,1536,-0.0016,45
1980973565,189,454,0.4163,1516,-0.0014,45
1981029565,188,455,0.4132,1536,-0.0013,45
1981083560,184,464,0.3966,1537,-0.0014,45
1981137565,188,464,0.4052,1536,-0.0014,45
1981191565,182,463,0.3931,1535,-0.0013,45
1981247240,185,461,0.4013,1531,0.0001,50
1981301571,180,459,0.3922,1530,0.0005,50
1981357568,187,461,0.4056,1533,0.0005,50
1981413564,188,463,0.406,1534,0.0005,50
1981467562,187,462,0.4048,1533,0.0006,45
1981521565,186,462,0.4026,1533,0.0006,45
1981577560,187,463,0.4039,1533,0.0005,50
1981633565,187,454,0.4119,1533,0.0005,50
1981690564,188,453,0.415,1515,0.0005,50
1981744564,188,464,0.4052,1536,0.0005,50
1981799521,188,456,0.4123,1521,0.0006,50
1981853565,187,462,0.4048,1536,0.0006,50
1981909761,179,465,0.3849,1536,0.0004,50
1981965565,188,465,0.4043,1537,0.0004,50
1982019565,183,463,0.3952,1537,0.0002,45
1982073560,188,464,0.4052,1533,0.0001,50
1982127562,187,460,0.4065,1531,0,50
1982181562,187,461,0.4056,1532,0.0001,50
1982239567,187,463,0.4039,1535,0.0002,50
1982297562,186,461,0.4035,1534,0,45
1982352565,188,453,0.415,1533,-0.0001,50
1982406560,187,452,0.4137,1516,-0.0003,45
1982462564,187,463,0.4039,1536,-0.0003,45
1982516558,190,462,0.4113,1535,-0.0004,45
1982572565,188,464,0.4052,1536,-0.0004,45
1982628564,183,464,0.3944,1536,-0.0003,45
1982682565,188,465,0.4043,1536,-0.0003,45
1982736560,183,464,0.3944,1536,-0.0003,40
1982791560,188,465,0.4043,1537,-0.0003,45
1982847565,188,465,0.4043,1540,-0.0003,45
1982901565,187,465,0.4022,1538,-0.0004,45
1982955565,188,465,0.4043,1538,-0.0004,45
1983009565,186,462,0.4026,1532,-0.0003,45
1983063567,192,466,0.412,1532,-0.0002,45
1983117565,187,462,0.4048,1533,-0.0001,45
1983174571,187,455,0.411,1536,0,40
1983229573,188,454,0.4141,1516,0.0001,45
1983284569,187,464,0.403,1536,0,45
1983340564,183,462,0.3961,1535,0.0001,50
1983394564,187,463,0.4039,1536,0.0001,50
1983452560,182,464,0.3922,1537,0.0004,50
1983506564,189,465,0.4065,1537,0.0005,50
1983560560,94,467,0.2013,1540,0.0021,50
1983617560,189,466,0.4056,1537,0.0022,50
1983671559,189,466,0.4056,1539,0.0022,55
1983725564,189,467,0.4047,1539,0.0021,50
1983781564,191,469,0.4072,1540,0.0021,55
1983838560,191,470,0.4064,1542,0.0021,50
1983892565,188,465,0.4043,1537,0.0021,50
1983947560,187,454,0.4119,1515,0.0021,50
1984001565,188,462,0.4069,1534,0.0022,45
1984059054,185,322,0.5745,1250,0.0031,50
1984112564,189,465,0.4065,1536,0.0031,50
1984167565,183,464,0.3944,1536,0.0029,50
1984223559,189,466,0.4056,1537,0.0029,50
1984277560,189,464,0.4073,1535,0.0029,50
1984332565,188,465,0.4043,1537,0.0028,45
1984388565,189,467,0.4047,1539,0.0028,50
1984444560,188,465,0.4043,1539,0.0027,45
1984498565,189,457,0.4136,1540,0.0026,50
1984552565,188,466,0.4034,1540,0.0024,50
1984606560,189,457,0.4136,1540,0.0024,50
1984664560,187,456,0.4101,1521,0.0006,45
1984718565,189,468,0.4038,1542,0.0006,45
1984773565,184,468,0.3932,1540,0.0007,45
1984882564,182,463,0.3931,1537,0.003,45
1984936564,188,464,0.4052,1539,0.003,45
1984992564,191,467,0.409,1538,0.003,50
1985046560,188,466,0.4034,1539,0.003,50
1985100562,189,466,0.4056,1539,0.003,50
1985156317,167,461,0.3623,1531,0.0019,50
1985211573,188,440,0.4273,1540,0.002,50
1985267568,188,468,0.4017,1542,0.0021,50
1985321565,190,459,0.4139,1543,0.0021,45
1985375560,189,465,0.4065,1535,0.0021,45
1985429565,188,469,0.4009,1542,0.0021,45
1985484589,189,457,0.4136,1519,0.0022,45
1985538565,189,468,0.4038,1542,0.0022,45
1985594561,184,469,0.3923,1542,0.0025,45
1985650560,191,469,0.4072,1543,0.0024,45
1985704560,183,467,0.3919,1538,0.0027,45
1985759560,188,465,0.4043,1536,0.0027,45
1985814560,190,466,0.4077,1538,0.0027,50
1985870564,188,466,0.4034,1538,0.0026,50
1985926680,190,468,0.406,1540,0.0004,50
1985980560,188,466,0.4034,1538,0.0004,50
1986034564,189,458,0.4127,1539,0.0003,45
1986088560,189,467,0.4047,1539,0.0003,45
1986144668,190,454,0.4185,1540,0.0004,45
1986200562,190,459,0.4139,1522,0.0004,45
1986255571,190,468,0.406,1541,0.0006,45
1986310562,183,469,0.3902,1541,0.0004,45
1986366565,191,459,0.4161,1523,0.0005,40
1986422565,184,468,0.3932,1537,0.0003,45
1986478565,190,469,0.4051,1541,0.0003,45
1986532565,189,467,0.4047,1539,0.0003,45
1986588565,189,466,0.4056,1537,0.0002,45
1986643559,187,464,0.403,1535,0.0002,45
1986697565,189,466,0.4056,1538,0.0001,50
1986752565,188,460,0.4087,1539,0,50
1986810560,190,458,0.4148,1521,-0.0002,50
1986864565,189,465,0.4065,1539,-0.0002,50
1986918560,189,457,0.4136,1520,-0.0002,50
1986972562,188,467,0.4026,1539,-0.0002,50
1987026562,185,469,0.3945,1543,-0.0002,50
1987082925,190,470,0.4043,1543,-0.0002,50
1987138377,184,470,0.3915,1543,-0.0002,50
1987193571,189,468,0.4038,1542,-0.0002,50
1987247565,190,469,0.4051,1543,-0.0002,55
1987301565,189,468,0.4038,1544,-0.0002,55
1987355565,184,465,0.3957,1542,-0.0003,50
1987412564,187,466,0.4013,1538,-0.0002,55
1987468565,197,477,0.413,1537,-0.0002,55
1987524560,188,464,0.4052,1539,-0.0001,50
1987578565,189,458,0.4127,1540,0,55
1987632560,186,459,0.4052,1528,0,55
1987688565,188,466,0.4034,1539,-0.0001,50
1987742560,184,467,0.394,1539,0.0001,50
1987796565,189,467,0.4047,1539,0.0001,50
1987850565,190,468,0.406,1540,0.0001,50
1987904565,188,467,0.4026,1540,0.0002,50
1987958560,184,468,0.3932,1541,0.0003,45
1988018642,190,467,0.4069,1539,0.0004,45
1988072569,190,469,0.4051,1542,0.0004,45
1988126568,189,469,0.403,1542,0.0003,45
1988181571,191,470,0.4064,1542,0.0003,45
1988235565,190,471,0.4034,1542,0.0003,45
1988291565,187,457,0.4092,1537,0.0003,40
1988347560,187,453,0.4128,1514,0.0003,45
1988401565,188,465,0.4043,1537,0.0003,45
1988455670,190,465,0.4086,1538,0.0004,45
1988509560,187,466,0.4013,1539,0.0004,45
1988565559,180,467,0.3854,1539,0.0002,45
1988621565,190,469,0.4051,1539,0.0002,45
1988675565,184,468,0.3932,1540,0,45
1988731560,190,467,0.4069,1539,0,45
1988785565,188,467,0.4026,1540,0,45
1988840565,188,468,0.4017,1541,-0.0001,45
1988896560,189,468,0.4038,1541,-0.0001,45
1988950565,189,469,0.403,1542,-0.0001,40
1989004565,189,466,0.4056,1542,-0.0001,45
1989059709,189,468,0.4038,1543,-0.0002,45
1989114565,189,457,0.4136,1542,-0.0003,45
1989168658,190,459,0.4139,1521,-0.0003,50
1989224565,171,433,0.3949,1478,-0.0003,50
1989278560,182,458,0.3974,1536,-0.0003,55
1989332565,188,466,0.4034,1538,-0.0003,55
1989387560,190,467,0.4069,1539,-0.0003,55
1989441565,188,466,0.4034,1539,-0.0003,55
1989498560,180,467,0.3854,1540,-0.0003,50
1989554560,189,468,0.4038,1540,-0.0004,50
1989608565,184,462,0.3983,1540,-0.0004,50
1989662565,189,467,0.4047,1539,-0.0002,55
1989718560,188,468,0.4017,1542,-0.0003,50
1989773565,189,468,0.4038,1543,-0.0001,55
1989829560,189,456,0.4145,1541,0,55
1989883560,189,457,0.4136,1521,0.0001,55
1989937565,189,467,0.4047,1540,0.0001,50
1989994194,185,469,0.3945,1543,0.0002,55
1990048571,189,469,0.403,1542,0.0002,55
1990105569,193,467,0.4133,1539,0.0001,55
1990159565,187,465,0.4022,1537,0.0001,55
1990213562,176,460,0.3826,1536,0.0003,50
1990267565,188,466,0.4034,1539,0.0004,50
1990323563,187,467,0.4004,1539,0.0004,45
1990377565,188,466,0.4034,1540,0.0004,50
1990434565,189,468,0.4038,1540,0.0004,50
1990489560,188,467,0.4026,1539,0.0004,50
1990543565,189,457,0.4136,1539,0.0004,50
1990597565,183,429,0.4266,1463,0.0005,50
1990651565,189,468,0.4038,1542,0.0005,50
1990709570,190,470,0.4043,1542,0.0006,55
1990763565,188,468,0.4017,1542,0.0005,55
1990817565,184,470,0.3915,1542,0.0004,50
1990871560,190,470,0.4043,1542,0.0004,50
1990925565,184,470,0.3915,1542,0.0002,50
1990979560,189,469,0.403,1541,0,50
1991035920,188,468,0.4017,1539,0,50
1991089571,187,465,0.4022,1535,-0.0001,55
1991143571,189,466,0.4056,1538,-0.0001,55
1991198568,189,468,0.4038,1540,0,50
1991252565,188,468,0.4017,1540,0,50
1991309367,189,468,0.4038,1539,-0.0001,50
1991366565,189,457,0.4136,1541,-0.0002,55
1991420560,188,457,0.4114,1520,-0.0002,50
1991474565,188,468,0.4017,1541,-0.0002,50
1991529560,192,468,0.4103,1541,-0.0002,50
1991583565,191,471,0.4055,1542,-0.0002,50
1991639560,186,470,0.3957,1542,-0.0003,45
1991695564,190,470,0.4043,1542,-0.0003,45
1991803560,190,469,0.4051,1543,-0.0037,45
1991858565,190,469,0.4051,1542,-0.0036,50
1991914362,190,469,0.4051,1539,-0.0035,50
1991970846,185,463,0.3996,1535,-0.0035,50
1992024573,188,466,0.4034,1540,-0.0034,50
1992078532,187,456,0.4101,1540,-0.0033,55
1992133571,187,464,0.403,1532,-0.0033,50
1992187565,188,465,0.4043,1535,-0.0033,55
1992243565,192,458,0.4192,1524,-0.0035,55
1992297565,187,465,0.4022,1538,-0.0035,55
1992353565,183,467,0.3919,1541,-0.0034,55
1992407565,190,469,0.4051,1542,-0.0034,55
1992462560,171,475,0.36,1543,-0.0031,55
1992520366,189,468,0.4038,1543,-0.0031,55
1992574560,189,470,0.4021,1543,-0.0031,55
1992629565,190,471,0.4034,1544,-0.0031,60
1992683560,191,472,0.4047,1544,-0.0031,60
1992737565,191,471,0.4055,1544,-0.0031,60
1992792565,191,470,0.4064,1535,-0.0031,65
1992848560,186,463,0.4017,1533,0.0002,65
1992907565,186,459,0.4052,1526,0.0002,60
1992962564,191,437,0.4371,1539,0.0005,60
1993017572,189,468,0.4038,1540,0.0005,60
1993072565,182,471,0.3864,1541,0.0003,60
1993129362,188,469,0.4009,1541,0.0003,60
1993185564,185,465,0.3978,1542,0.0001,55
1993239565,190,471,0.4034,1544,0.0001,55
1993294565,194,476,0.4076,1544,0.0001,55
1993350560,192,474,0.4051,1544,0.0003,50
1993404565,197,479,0.4113,1545,0.0002,55
1993460565,191,472,0.4047,1544,0.0001,55
1993516565,191,463,0.4125,1545,0,55
1993570559,191,463,0.4125,1526,-0.0003,55
1993624530,190,470,0.4043,1540,-0.0003,55
1993678565,191,469,0.4072,1539,-0.0003,55
1993734332,188,469,0.4009,1542,-0.0003,55
1993788565,184,470,0.3915,1543,-0.0003,50
1993845567,190,471,0.4034,1544,-0.0003,50
1993899583,182,470,0.3872,1542,-0.0004,50
1993953571,189,470,0.4021,1544,-0.0004,50
1994009532,190,471,0.4034,1542,-0.0004,50
1994065565,189,470,0.4021,1545,-0.0007,50
1994120565,190,471,0.4034,1545,-0.0007,50
1994174530,190,471,0.4034,1545,-0.0005,50
1994228560,191,462,0.4134,1545,-0.0003,55
1994282565,190,472,0.4025,1545,-0.0003,55
1994340362,189,463,0.4082,1545,-0.0003,50
1994394565,194,472,0.411,1546,-0.0004,55
1994448565,191,472,0.4047,1546,-0.0004,55
1994504564,180,469,0.3838,1540,-0.0001,55
1994558565,188,468,0.4017,1539,-0.0001,55
1994612565,184,466,0.3948,1540,0.0001,50
1994668700,189,468,0.4038,1541,0.0001,55
1994722560,189,469,0.403,1540,0.0001,50
1994776417,189,469,0.403,1541,0.0001,50
1994832567,183,463,0.3952,1541,0.0001,50
1994886573,190,469,0.4051,1541,0.0001,50
1994942364,189,470,0.4021,1543,0.0001,50
1994997560,191,471,0.4055,1543,0.0002,50
1995052565,190,459,0.4139,1544,0.0003,50
1995106565,190,461,0.4121,1524,0.0003,50
1995161565,191,473,0.4038,1545,0.0003,45
1995215565,185,472,0.3919,1545,0.0002,45
1995271565,189,472,0.4004,1544,0.0002,45
1995329565,186,473,0.3932,1544,-0.0001,45
1995383560,189,471,0.4013,1541,-0.0001,45
1995437565,184,462,0.3983,1538,0.0001,45
1995493563,190,467,0.4069,1540,0.0001,45
1995549362,189,470,0.4021,1542,0.0001,45
1995603565,190,470,0.4043,1542,-0.0001,45
1995657560,195,475,0.4105,1541,-0.0001,50
1995711565,189,469,0.403,1540,-0.0002,50
1995765562,190,460,0.413,1541,-0.0002,50
1995822396,190,459,0.4139,1521,-0.0003,50
1995878565,190,469,0.4051,1543,-0.0003,50
1995933568,184,471,0.3907,1543,-0.0003,50
1995990565,191,471,0.4055,1543,-0.0003,50
1996044561,180,471,0.3822,1545,-0.0003,50
1996098565,190,471,0.4034,1544,-0.0003,50
1996154367,182,472,0.3856,1545,-0.0005,50
1996209560,190,471,0.4034,1542,-0.0005,55
1996263565,193,474,0.4072,1540,-0.0005,55
1996317565,188,468,0.4017,1540,-0.0004,50
1996371565,188,469,0.4009,1541,-0.0004,50
1996427564,188,468,0.4017,1542,-0.0003,50
1996484565,191,459,0.4161,1542,-0.0001,55
1996540564,189,460,0.4109,1525,-0.0003,50
1996594565,181,466,0.3884,1542,0,55
1996648572,190,471,0.4034,1544,-0.0001,55
1996703565,190,472,0.4025,1545,0,50
1996759367,180,472,0.3814,1548,0.0002,50
1996814584,189,471,0.4013,1545,0.0002,50
1996868573,185,473,0.3911,1545,0.0003,45
1996922567,190,472,0.4025,1546,0.0004,50
1996978292,191,472,0.4047,1546,0.0004,50
1997033562,190,473,0.4017,1547,0.0004,50
1997090565,191,473,0.4038,1546,0.0004,50
1997144566,189,472,0.4004,1542,0.0004,50
1997198561,94,458,0.2052,1540,-0.0003,50
1997252565,191,473,0.4038,1549,-0.0002,45
1997308565,191,470,0.4064,1542,-0.0002,50
1997364570,191,473,0.4038,1544,-0.0003,45
1997418560,189,470,0.4021,1542,-0.0003,45
1997474564,181,471,0.3843,1542,-0.0004,45
1997528565,189,471,0.4013,1544,-0.0004,45
1997582560,185,472,0.3919,1544,-0.0008,40
1997636560,191,477,0.4004,1554,-0.0006,40
1997692562,192,479,0.4008,1544,-0.0008,45
1997748297,191,473,0.4038,1545,-0.0008,45
1997802568,188,471,0.3992,1546,-0.0008,45
1997858565,190,475,0.4,1545,-0.0009,50
1997914565,191,475,0.4021,1546,-0.0009,50
1997970367,190,470,0.4043,1541,-0.001,50
1998024565,189,473,0.3996,1542,-0.001,50
1998080560,192,467,0.4111,1537,-0.001,50
1998134564,200,464,0.431,1542,-0.001,50
1998188560,185,471,0.3928,1543,-0.001,55
1998242564,191,472,0.4047,1545,-0.001,55
1998300559,185,472,0.3919,1543,-0.0003,55
1998354565,190,471,0.4034,1543,-0.0003,55
1998410560,191,473,0.4038,1543,-0.0003,60
1998464560,190,472,0.4025,1545,-0.0004,55
1998518565,186,470,0.3957,1547,-0.0004,55
1998574362,190,473,0.4017,1547,-0.0002,55
1998628560,196,476,0.4118,1541,-0.0001,60
1998682565,190,472,0.4025,1545,0.0001,60
1998736562,190,463,0.4104,1547,-0.0001,55
1998791839,192,466,0.412,1527,-0.0002,55
1998845827,191,475,0.4021,1547,-0.0002,55
1998902571,185,474,0.3903,1544,-0.0001,55
1998956565,189,471,0.4013,1540,-0.0001,55
1999010565,181,471,0.3843,1543,0,50
1999064565,190,471,0.4034,1544,0,50
1999119560,185,473,0.3911,1544,0,50
1999175367,191,472,0.4047,1544,0.0001,50
1999229565,191,474,0.403,1545,0.0001,45
1999284565,192,472,0.4068,1544,0.0001,45
1999339560,191,474,0.403,1546,0.0001,45
1999393560,192,474,0.4051,1546,0.0001,45
1999447565,197,483,0.4079,1546,0.0002,45
1999505560,190,476,0.3992,1549,0.0001,50
1999559560,191,474,0.403,1547,0.0001,50
1999613565,191,465,0.4108,1528,0.0003,50
1999667560,191,476,0.4013,1547,0.0003,50
1999721565,187,476,0.3929,1547,0,50
1999777363,190,474,0.4008,1545,0,50
1999833568,184,471,0.3907,1542,0.0003,50
1999887573,191,472,0.4047,1544,0.0004,50
1999943567,181,473,0.3827,1545,0.0006,55
1999997565,190,474,0.4008,1546,0.0005,55
2000052565,191,474,0.403,1545,0.0005,55
2000109564,191,473,0.4038,1546,0.0003,55
2000163565,196,479,0.4092,1546,0.0003,60
2000217565,190,473,0.4017,1547,0.0003,60
2000272564,191,466,0.4099,1549,0.0003,60
2000329565,193,466,0.4142,1530,0.0003,60
2000386361,192,475,0.4042,1549,0.0003,60
2000446565,187,477,0.392,1550,0.0002,60
2000500565,192,477,0.4025,1550,0.0002,60
2000554560,187,476,0.3929,1549,0.0001,60
2000608560,191,476,0.4013,1551,0.0002,60
2000662565,192,475,0.4042,1548,0.0002,60
2000719868,190,473,0.4017,1544,0.0001,55
2000773573,189,471,0.4013,1544,0.0001,55
2000828571,190,473,0.4017,1547,0.0002,55
2000884560,191,471,0.4055,1547,0.0003,60
2000938565,190,473,0.4017,1548,0.0001,60
2000994367,190,466,0.4077,1547,0.0001,60
2001050636,194,474,0.4093,1547,-0.0002,60
2001105565,190,474,0.4008,1549,-0.0002,60
2001159565,185,474,0.3903,1548,-0.0001,55
2001215564,191,475,0.4021,1550,-0.0001,55
2001269565,186,476,0.3908,1550,0,55
2001325565,192,475,0.4042,1550,0,55
2001381565,192,476,0.4034,1551,0,50
2001435565,190,476,0.3992,1551,0,50
2001489565,192,477,0.4025,1552,0,50
2001543560,193,478,0.4038,1552,0,50
2001599367,198,483,0.4099,1549,0,55
2001655825,190,478,0.3975,1554,0.0001,55
2001709561,189,466,0.4056,1546,0.0001,50
2001763568,190,465,0.4086,1529,0.0001,55
2001817565,191,473,0.4038,1546,0.0002,55
2001873560,187,476,0.3929,1548,0.0001,55
2001929565,190,475,0.4,1549,0,55
2001983565,186,476,0.3908,1549,-0.0002,50
2002040565,192,474,0.4051,1549,-0.0002,50
2002095560,192,476,0.4034,1550,-0.0002,45
2002149565,193,477,0.4046,1552,-0.0001,45
2002208367,188,473,0.3975,1551,-0.0001,45
2002262560,195,482,0.4046,1559,-0.0002,45
2002318559,199,479,0.4154,1568,-0.0003,50
2002372565,196,492,0.3984,1566,-0.0003,50
2002426565,195,485,0.4021,1559,-0.0003,55
2002480560,194,473,0.4101,1536,-0.0003,55
2002536560,192,476,0.4034,1545,-0.0003,50
2002590565,186,476,0.3908,1549,-0.0004,50
2002646273,194,479,0.405,1555,-0.0003,50
2002700564,188,481,0.3909,1555,-0.0004,50
2002754570,193,480,0.4021,1555,-0.0004,50
2002811375,181,475,0.3811,1556,-0.0006,45
2002865560,194,481,0.4033,1555,-0.0006,50
2002919565,199,486,0.4095,1556,-0.0005,50
2002975566,193,481,0.4012,1557,-0.0005,45
2003029564,195,483,0.4037,1558,-0.0004,50
2003083565,195,483,0.4037,1558,-0.0002,55
2003139560,195,474,0.4114,1559,-0.0003,55
2003193565,195,474,0.4114,1539,-0.0004,55
2003248560,194,482,0.4025,1558,-0.0004,55
2003302565,198,474,0.4177,1543,-0.0006,55
2003358560,195,483,0.4037,1559,-0.0006,55
2003414367,188,481,0.3909,1555,-0.0004,55
2003468560,193,478,0.4038,1552,-0.0004,50
2003522560,188,479,0.3925,1555,-0.0004,50
2003576562,193,478,0.4038,1555,-0.0004,50
2003630562,193,479,0.4029,1555,-0.0004,50
2003685893,194,481,0.4033,1555,-0.0004,55
2003741571,195,482,0.4046,1557,-0.0004,55
2003797562,195,481,0.4054,1556,-0.0003,55
2003852565,189,473,0.3996,1558,-0.0003,55
2003906560,193,478,0.4038,1558,-0.0002,55
2003961565,194,469,0.4136,1559,-0.0001,55
2004018367,195,473,0.4123,1539,-0.0001,55
2004072565,195,485,0.4021,1560,-0.0001,55
2004128564,190,485,0.3918,1559,-0.0002,50
2004182565,194,485,0.4,1560,-0.0003,50
2004237565,190,484,0.3926,1560,0,50
2004293559,195,484,0.4029,1560,0.0001,50
2004349564,194,482,0.4025,1556,0.0001,50
2004404564,192,481,0.3992,1554,0.0003,50
2004458561,195,482,0.4046,1557,0.0003,50
2004512564,195,482,0.4046,1557,0.0002,50
2004566560,200,487,0.4107,1557,0.0001,55
2004623599,194,483,0.4017,1558,0.0001,55
2004677562,193,472,0.4089,1558,0.0001,55
2004732571,194,475,0.4084,1540,0.0001,50
2004786564,194,483,0.4017,1560,0.0001,50
2004840596,197,485,0.4062,1563,0.0001,45
2004894671,196,485,0.4041,1561,0.0001,45
2004952560,189,484,0.3905,1562,0,45
2005006564,196,486,0.4033,1561,0,45
2005060564,190,485,0.3918,1563,-0.0001,45
2005116560,197,485,0.4062,1562,-0.0002,45
2005170564,195,483,0.4037,1560,-0.0002,45
2005226362,193,481,0.4012,1557,-0.0001,40
2005391565,194,472,0.411,1558,-0.0003,40
2005445565,194,480,0.4042,1554,-0.0004,40
2005499560,198,485,0.4082,1560,-0.0004,40
2005556276,194,482,0.4025,1559,-0.0004,40
2005612599,194,482,0.4025,1560,-0.0004,40
2005666575,186,483,0.3851,1561,-0.0003,40
2005720567,194,483,0.4017,1562,-0.0003,40
2005775571,190,486,0.3909,1562,-0.0002,40
2005831367,194,485,0.4,1562,-0.0002,45
2005885565,196,485,0.4041,1563,-0.0002,45
2005942560,196,487,0.4025,1565,-0.0002,45
2005997560,196,485,0.4041,1563,-0.0002,45
2006051565,195,485,0.4021,1563,-0.0002,45
2006107564,198,488,0.4057,1558,-0.0002,45
2006164560,192,471,0.4076,1536,0,45
2006220560,192,479,0.4008,1557,-0.0001,50
2006274565,190,483,0.3934,1559,-0.0002,50
2006328565,194,482,0.4025,1559,-0.0002,50
2006382530,188,481,0.3909,1555,0.0083,50
2006438367,194,477,0.4067,1560,-0.0003,50
2006494816,187,482,0.388,1559,0,50
2006548573,192,483,0.3975,1560,0,50
2006607565,195,484,0.4029,1560,0.0001,50
2006661565,194,483,0.4017,1561,0.0001,50
2006715530,195,486,0.4012,1561,0.0001,45
2006772530,193,481,0.4012,1558,0,50
2006827560,192,471,0.4076,1557,0,50
2006881565,194,470,0.4128,1539,-0.0001,50
2006937560,192,480,0.4,1557,-0.0001,50
2006991564,185,478,0.387,1553,-0.0001,50
2007048362,188,473,0.3975,1549,-0.0001,50
2007107729,187,475,0.3937,1553,-0.0001,50
2007161560,191,475,0.4021,1554,-0.0001,50
2007215562,192,478,0.4017,1556,-0.0001,45
2007269565,193,479,0.4029,1558,-0.0002,45
2007325213,191,479,0.3987,1558,-0.0002,45
2007381573,191,479,0.3987,1557,-0.0001,50
2007435571,190,474,0.4008,1558,-0.0002,50
2007491559,190,479,0.3967,1558,-0.0001,50
2007545565,191,470,0.4064,1560,-0.0001,50
2007600565,96,471,0.2038,1540,0.0023,50
2007658361,192,482,0.3983,1562,0.0023,50
2007712564,188,482,0.39,1561,0.0024,50
2007766565,192,482,0.3983,1562,0.0024,55
2007823530,187,483,0.3872,1560,0.0025,50
2007878564,190,476,0.3992,1553,0.0025,50
2007932530,189,475,0.3979,1553,0.0026,45
2007990560,190,476,0.3992,1556,0.0026,50
2008044564,190,478,0.3975,1555,0.0026,45
2008099560,191,477,0.4004,1555,0.0026,45
2008153565,189,466,0.4056,1553,0.0026,50
2008210801,189,466,0.4056,1537,0.0027,50
2008266375,190,475,0.4,1558,0.0027,55
2008322571,193,479,0.4029,1559,0.0027,55
2008376565,190,478,0.3975,1561,0.0026,55
2008430565,186,480,0.3875,1561,0.0025,50
2008484565,192,481,0.3992,1564,0.0025,50
2008540559,186,481,0.3867,1561,0.0023,50
2008597627,194,485,0.4,1567,0.0024,50
2008654559,192,485,0.3959,1559,0.0025,50
2008708565,191,481,0.3971,1550,0.0001,55
2008762560,191,476,0.4013,1541,0,55
2008817564,195,477,0.4088,1550,-0.0002,55
2008874361,209,483,0.4327,1578,-0.0004,60
2008928565,211,495,0.4263,1566,-0.0007,55
2008982560,214,512,0.418,1594,-0.0008,55
2009036721,216,502,0.4303,1565,-0.0009,55
2009090565,216,517,0.4178,1591,-0.001,55
2009145563,214,521,0.4107,1600,-0.001,50
2009203573,217,518,0.4189,1594,-0.001,50
2009257573,203,508,0.3996,1581,-0.001,50
2009312570,203,498,0.4076,1567,-0.001,50
2009366564,199,489,0.407,1555,-0.0009,45
2009420564,192,476,0.4034,1541,-0.0009,45
2009476366,181,461,0.3926,1531,-0.001,45
2009533560,180,459,0.3922,1524,-0.0009,45
2009587564,182,449,0.4053,1518,-0.0009,45
2009646564,178,441,0.4036,1488,-0.0006,40
2009700564,158,448,0.3527,1505,-0.0013,40
2009754564,176,424,0.4151,1482,-0.0016,35
2009810565,175,443,0.395,1495,-0.0016,35
2009864564,163,437,0.373,1496,-0.0012,30
2009918560,173,437,0.3959,1490,-0.0011,30
2009972565,167,436,0.383,1490,-0.0007,30
2010026560,169,433,0.3903,1483,-0.0005,35
2010080560,167,428,0.3902,1479,-0.0003,30
2010139711,164,426,0.385,1473,-0.0001,30
2010193607,162,420,0.3857,1469,-0.0001,35
2010247565,160,417,0.3837,1467,-0.0001,30
2010302571,166,426,0.3897,1460,-0.0001,35
2010356565,156,408,0.3824,1451,-0.0001,30
2010413560,152,394,0.3858,1444,-0.0002,35
2010469564,154,392,0.3929,1426,-0.0003,40
2010523560,154,405,0.3802,1448,-0.0004,40
2010577565,150,407,0.3686,1449,-0.0006,40
2010633660,154,408,0.3775,1448,-0.0008,40
2010687563,149,407,0.3661,1445,-0.0012,40
2010743565,166,436,0.3807,1480,-0.0015,40
2010799470,164,442,0.371,1479,-0.0012,40
2010853530,167,436,0.383,1482,-0.0008,45
2010907565,164,432,0.3796,1479,-0.0006,40
2010961563,165,434,0.3802,1477,-0.0007,45
2011017565,166,433,0.3834,1475,-0.0005,45
